P03502_P05161	0.2222222222222222	0.6206896551724138	6,7,8,9,10,11,15,16,17,19,20,21,22,23,29,30,31,32,33,35,36,37,38,39,40,41,46,49,83,84,87,88	2,3,4,5,6,7,8,9,10,11,12,13,14,15,16,17,18,19,20,21,22,23,24,25,26,27,28,30,31,32,33,34,35,36,37,38,39,40,41,42,43,44,45,46,47,48,49,50,53,54,55,56,58,59,60,61,62,63,64,65,66,67,68,69,70,71,72,73,74,75,76,78,79,91,95,96,98,99,100,101,102,103,105,106,107,108,109,110,111,113,114,116,117,118,119,120,121,122,123,124,125,126,127,128,129,130,131,132,133,134,135,136,137,138,139,140,141,142,143,144,145,146,147,148,149,150,151,152,153,154
P08581_P0DQD2	0.12994350282485875	0.27380952380952384	40,41,42,43,44,45,46,48,49,51,52,55,56,57,58,59,60,62,63,70,74,110,111,124,125,126,182,184,187,188,189,190,191,194,204,205,222,223,225,226,227,228,229,230,231,233,234,235,237,238,239,240,241,242,244,245,246,247,248,250,253,257,259,261,264,265,317,320,321,323,324,325,326,327,328,330,331,373,416,419,423,427,428,429,430,431,432,433,441,444,445,446,447,448,458,459,460,461,462,463,464,465,468,509,510,511,512,513,514,568,570,571,574,643,644,645,646,647,648,649,651,652,653,655,656,664,665,667,668,669,737	35,36,37,38,39,40,42,43,44,45,46,47,52,88,91,92,103,169,194,210,213,218,234,235,237,269,270,271,273,284,289,292,295,296,297,298,299,300,301,302,305,307,309,311,313,319
P06492_P53999	0.4492753623188406	0.6595744680851063	474,478,480,481,482,484	62,63,64,65,66,67,68,69,70,71,72,73,74,75,76,77,78,79,80,81,82,83,84,85,86,87,88,89,90,91,92,94,95,96,97,99,100,101,102,103,104,105,106,107,108,109,110,111,112,113,114,115,116,117,118,119,120,121,122,123,124,125,126
G8UZ99_Q9UBQ0	0.06060606060606061	0.32	5,7,8,39,42,43,46,50,53,54,57,61,64,87,89,93,160,165,184,188	9,11,12,13,41,42,43,45,46,47,49,50,51,52,53,54,55,56,57,58,59,60,61,62,63,64,65,66,67,68,69,70,71,72,75,78,79,80,81,82,83,84,85,86,87,88,89,90,91,92,93,94,95,96,97,98,99,100,101,102,103,104,105,106,109,110,114,117,118,119,121,122,135,136,138,139,140,141,142,143,144,145,146,147,149,150,151,152,153,154,155,156,157,158,159,160,161,162,163,164,165,166,167,168,169,172,174,175,176,177,178,179
P03406_P06241	0.23703703703703705	1.0	68,69,70,71,72,73,74,75,76,77,78,79,80,81,82,84,85,86,87,88,89,90,91,92,93,94,95,96,97,99,100,101,102,103,104,105,107,108,111,112,113,114,115,116,117,118,119,120,121,122,123,124,125,126,127,128,129,130,131,132,133,134,135,136,137,138,139,140,141,142,143,144,145,146,147,177,178,179,180,181,182,183,184,185,186,187,188,189,190,191,192,193,194,195,196,197,198,199,200,201,202,203	89,90,91,92,93,94,95,96,97,98,99,100,102,103,104,111,114,115,116,117,118,119,120,122,131,132,133,134,135,136,137,139,140
A6QG59_P01024	0.2087912087912088	0.475	104,105,106,107,108,109,110,111,112,113,114,115,116,117,118,119,120,121,122,123,124,125,126,129,137,138,139,140,141,142,143,144,145,146,147,148,149,150,151,152,153,154,155,156,157,158,159,160,161,162,163	1006,1007,1008,1010,1011,1012,1013,1014,1015,1016,1017,1018,1052,1054,1055,1056,1058,1059,1085,1087,1089,1090,1092,1093,1097,1116,1117,1120,1122,1124,1125,1126,1128,1129,1183,1184,1219,1227,1265,1266
P08174_Q8JKE8	0.10614525139664804	0.3877551020408163	169,170,172,173,174,175,176,177,178,179,180,181,182,183,184,185,186,187,188,189,190,191,192,193,194,196,202,204,205,208,211,212,220,223,238,239,241,242,243,244,245,246,247,256,257,258,259,260,261,262,263,264,265,266,267,268,269,275,279	98,99,101,102,103,105,106,109,110,162,165,166,167,168,169,171,184,185,186,187,188,189,196,197,245,251,252,253,254,255,256,257,258,259,261,262,271,272,273,274,276,277,283,320,321,323,324,325,327,328,329,332,343,347,348,349,351,352,355,356,358,362,366,373,374,383,384,422,425,429,432,433,436,437,467,489,490,491,499,505,506,557,560,632,635,666,680,711,712,713,714,715,716,717,725,728,736,739,740,748,750,751,752,753,754,763,764,765,766,767,768,769,770,776,778,816,818,819,822,823
A0A140GKJ0_Q03518	0.16556291390728478	0.49019607843137253	2,3,4,5,6,7,8,9,10,11,12,13,14,15,16,17,18,19,20,21,22,23,24,25,26,27,28,29,30,31,40,41,44,47,48,49,50,51,52,53,54	263,264,265,267,269,270,273,305,308,309,312,318,324,328,329,331,335,343,346,347,349,350,354,416,417,419,421,422,423,424,425,427,428,430,431,437,439,442,449,453,456,467,472,487,518,519,521,522,523,524,525,526,528,529,531,572,581,588,596,597,598,599,600,601,613,614,645,646,647,648,649,650,652,653,656,657,660,661,681,683,684,697,702,703,704,705,706,707,714,718,729,730,731,732,733,734,737,738,739,741,745,760,761,762,766,769,773,796,798,799
B9V0E2_Q6PIL8	0.03759398496240601	0.5555555555555556	523,526,527,528,530	23,24,25,26,27,28,29,30,31,32,33,46,47,49,51,52,53,54,55,56,57,58,59,60,61,62,63,64,65,66,67,68,69,70,72,74,75,76,77,78,79,81,82,83,84,85,86,87,88,89,90,91,92,93,94,96,97,98,99,101,102,103,105,106,107,108,109,110,111,112,114,116,118,119,120,121,129,135,136,137,138,139,140,141,142,143,144,145,152,154,156,157,158,159,160,161,162,163,164,166,169,194,195,196,197,198,199,201,202,213,214,215,216,218,219,220,221,222,223,224,225,226,227,228,229,230,231,232
O10647_P13236	0.2708333333333333	0.6610169491525424	38,39,41,42,44,92,93,94,95,96,98,99,100,101,102,103,104,109,128,130,131,132,133,134,145,146,147,148,149,150,151,153,156,158,160,161,162,164,165,184,186,187,188,191,192,193,194,195,196,197,198,199,200,201,203,206,207,208,209,210,211,212,213,214,215,216,217,218,219,220,221,225,227,228,229,230,231,232	23,24,25,26,27,28,29,30,31,32,33,34,35,36,37,38,39,40,41,42,43,44,45,46,47,48,49,50,51,52,53,54,55,56,57,58,59,60,61,62,63,64,65,66,69,71,72,73,74,75,76,77,78,79,80,81,82,83,84,85,86,87,88,89,90,91
D0ZVG2_Q16512	0.31666666666666665	0.5135135135135135	166,169,189,192,199,212,227,230,233,234,302,322,324,342,345,358,365,370,374,380,389	130,133,134,136,137,138,139,140,141,142,143,144,145,146,147,148,149,150,151,158,159,161,162,163,165,166,167,168,169,170,173,180,181,182,183,184,185,187,188
P01903_P03437	0.189873417721519	0.8823529411764706	25,26,27,28,29,30,31,32,33,34,35,36,37,38,39,40,41,42,43,44,45,46,47,48,49,50,51,52,53,54,55,56,57,60,67,68,69,70,71,72,74,75,76,77,78,79,81,82,84,85,86,88,89,90,91,92,93,94,95,96,97,99,100,101,102,103,104,105,107,108,109,112,115,116,117,118,119,120,121,122,123,124,127,130,131,132,133,134,135,136,137,138,139,140,141,142,143,145,146,147,148,149,150,151,152,153,155,157,158,159,160,161,162,163,164,165,166,167,168,169,170,171,172,173,174,176,177,178,179,180,181,182,183,184,185,188,191,192,194,195,196,197,198,199,200,201,202,203,204	321,322,323,324,325,330,331,332,333
P12506_P27487	0.0319634703196347	0.3333333333333333	1,2,3,4,5	47,52,53,66,67,69,70,78,82,88,90,91,94,97,101,104,116,117,127,130,131,134,135,138,139,140,141,142,145,146,152,153,155,156,158,159,161,162,163,165,166,167,168,169,170,171,172,173,174,175,176,179,182,183,186,187,190,191,192,194,195,206,207,209,210,213,227,228,229,230,231,233,234,235,236,238,239,240,241,242,243,244,245,246,247,248,249,250,252,254,255,256,257,258,260,268,284,285,304,309,312,313,314,316,318,321,325,329,356,401,413,416,428,470,474,475,476,478,479,491,492,493,515,522,524,530,531,562,577,578,579,580,581,582,583,584,585,587,591,593,594,595,596,597,598,599,600,601,602,603,606,610,611,612,613,614,615,616,617,618,639,640,657,658,659,660,661,662,663,664,665,668,669,672,680,682,683,694,695,698,699,701,703,712,713,716,717,720,723,724,725,727,728,729,730,731,732,733,734,735,737,745,747,748,749,750,751,752,753,754,755,756,757,760
P24941_P89883	0.21676300578034682	0.8620689655172413	1,2,3,4,5,6,7,8,11,12,13,14,15,16,17,18,19,20,21,22,23,24,25,26,27,32,33,34,35,36,37,38,39,40,41,42,43,44,45,48,49,50,51,52,53,54,55,56,57,59,60,64,66,67,68,69,70,71,72,73,75,76,84,88,91,95,96,97,98,99,100,101,102,104,105,106,108,109,112,116,118,119,120,121,122,123,124,125,126,127,128,129,130,131,133,134,136,137,144,145,146,147,148,149,150,151,152,153,154,155,156,157,158,159,160,161,162,163,164,165,166,167,168,170,171,172,173,174,175,177,178,179,182,183,186,187,194,197,198,199,200,201,202,203,204,205,206,207,208,209,210,211,212,213,214,215,216,217,218,219,220,221,222,223,224,225,226,233,235,242,250,254,259,260,262,264,265,267,268,269,270,271,272,273,274,275,277,280,282,283,284,285,286,287,288,289,290,291,292,293,294,295,296	4,5,6,7,8,9,10,11,12,13,14,15,16,17,20,21,22,24,25,26,27,28,29,30,31,32,33,34,35,36,37,38,39,40,41,42,43,44,45,46,47,48,49,50,51,53,54,69,70,71,73,74,75,76,77,78,79,80,81,82,84,85,86,87,88,89,90,91,92,98,99,100,101,102,103,104,105,106,107,108,109,110,111,113,114,117,121,126,127,129,130,132,133,134,136,137,138,140,141,142,144,145,148,170,171,172,173,175,176,179,181,182,183,184,185,186,187,188,189,190,191,192,193,198,200,204,205,207,209,210,222,225,232,233,234,236,238,239,240,241,242,243,246
Q5ZXN6_Q9H0U4	0.1981981981981982	0.4631578947368421	8,10,11,12,14,15,16,17,18,19,20,22,29,30,31,33,34,37,40,58,101,102,103,104,105,106,108,109,110,111,112,115,116,118,119,120,121,124,125,142,150,181,200,203,204,205,208,210,236,238,239,243,246,247,248,249,250,251,252,253,254,255,256,257,258,259,260,261,263,265,266,269,270,273,276,277,279,280,284,287,291,298,307,311,327,350,354,358,389,400,404,406,408,555,556,559,563,564,659,660,663,667,670,671,700,725,726,729,730	2,3,4,5,6,7,8,9,10,11,12,13,15,16,17,18,19,20,21,23,24,25,26,27,28,29,30,31,32,33,34,35,36,37,38,39,40,41,42,43,44,45,46,47,48,50,51,54,55,57,58,59,60,61,62,63,64,65,66,74,75,76,77,78,79,80,91,92,93,95,96,97,98,99,100,101,102,103,104,105,106,107,108,112,124,125,127,128,129,130,131,142,143,144,145,146,147,148,155,156,157,158,159,160,161,162,163,164,167,168,169,171,172
P69905_Q6G8J7	0.1015625	0.41935483870967744	1,2,3,10,14,16,17,18,19,20,23,24,26,27,28,29,30,31,32,33,34,35,36,37,38,39,40,41,42,43,44,45,46,47,48,49,50,66,71,72,73,74,75,76,77,78,79,80,81,83,84,85,86,87,88,89,90,91,92,93,94,95,96,97,98,99,100,102,103,104,106,107,108,109,110,111,112,113,114,115,116,117,118,119,120,121,122,123,124,125,126,127,128,129,130,131,132,133,134,135,136,137,138,139,140	124,125,126,127,128,147,150,154,155,157,158,159,160,161,162,170,174,180,181,183,185,186,187
P04229_Q03909	0.14444444444444443	0.896551724137931	30,31,32,33,34,35,36,37,38,39,40,41,42,43,44,45,46,47,48,49,50,51,53,54,55,56,57,58,59,60,61,62,63,64,66,67,68,71,72,73,74,75,76,77,78,79,80,81,83,84,85,88,89,92,93,94,95,96,97,98,99,100,105,106,108,109,110,111,112,113,114,115,116,117,118,119,120,121,122,125,126,128,129,130,131,132,133,134,135,136,137,138,139,140,141,142,143,144,145,146,147,148,149,150,151,152,153,154,155,156,157,158,159,160,161,162,164,165,166,167,169,170,171,172,173,174,175,176,177,178,179,180,181,182,183,184,185,186,187,188,189,190,191,192,193,194,195,196,197,198,199,200,201,202,203,204,205,206,207,208,209,210,211,212,213,214,215,216,217,218	326,327,328,329,330,332,335,336,337,338
P52948_Q8B0H7	0.03816793893129771	0.5		48,49,50,51,52,53,54,55,56,57,58,59,60,61,62,64,65,68,72,73,74,75,76,77,78,79,80,81,82,84,85,87,88,89,90,91,92,93,94,95,96,97,98,99,100,101,102,105,109,116,117,118,119,127,128,129,130,131,132,133,135,137,138,139,141,142,143,144,145,146,147,148,149,150,151,152,153,154,155,156,157,158,159,160,161,162,163,164,165,166,167,168,169,170,171,173,174,175,176,177,178,179,180,181,182,183,189,191,192,193,194,195,196,197,198,199,201,202,203,205,206,207,208,214,219,220,221,222,223,224,226
P19508_Q9Y3Z3	0.18421052631578946	0.4666666666666667	14,15,16,17,18,19,20,21,22,23,24,25,26,27,28,29,30,31,32,33,34,35,36,37,38,39,40,41,42,43,44,45,46,47,48,49,50,51,52,53,54,55,56,57,58,59,60,61,62,63,64,65,66,67,68,69,70,71,72,73,74,75,76,77,78,79,80,81,82,83,84,85,86,87,89	620
P01892_Q90VU7	0.1484375	0.59375		8,9,10,12,13,14,15,16,17,18,19,20,21,22,23,24,25,63,64,65,66,67,68,69,70,71,72,73,74,75,76,77,78,79,80,81,82,84,85,86,87,88,89,90,91,92,93,94,95,96,97,99,100,101,102,103,104,105,107,108,111,112,113,114,115,116,117,118,119,120,121,122,123,124,125,126,127,128,129,130,131,132,133,134,135,136,137,138,139,140,141,142,143,144,145,146,147,148,174,175,176,177,178,179,180,181,182,183,184,185,186,187,188,189,190,191,192,193,194,195,196,197,198,199,200,201,202,203
O15118_P87666	0.02888086642599278	0.21621621621621623	88,90,92,95,115,116,118,119,121,122,123,125,126,127,128,146,147,149,151,153,156,188,190,191,192,193,194,195,196,197,198,199,200,201,202,203,205,206,207,208,209,210,211,212,213,214,376,379,380,381,383,384,385,386,388,389,393,396,397,398,400,401,402,403,418,419,422,427,428,429,430,432,433,436,443,446,447,449,486,487,488,526,529,533,538,541,543,546,549,550,593,598,602,605,606,621,627,680,682,683,686,687,690,691,694,697,698,722,723,725,726,727,729,734,735,738,739,741,742,745,746,749,750,752,753,754,756,757,761,762,859,860,861,870,874,875,878,881,882,885,886,888,910,911,914,915,916,918,919,920,921,922,923,927,929,930,931,932,933,936,938,939,940,941,943,944,946,1001,1040,1050,1051,1052,1054,1055,1056,1058,1066,1075,1076,1078,1079,1099,1102,1105,1109,1195,1198,1199,1201,1202,1203,1205,1206,1210,1214	40,43,44,46,47,48,50,52,53,54,55,56,59,60,61,62,63,64,65,66,67,68,69,70,71,72,76,83,84,85,86,87,88,89,90,91,92,93,94,95,96,97,98,99,102,103,121,122,123,125,126,129,131,133,150,151,152,153,154,155,156,157,158,159,161,162,163,164,165,166,167,168,169,170,171,177,179,180,182,183,185,186
P50750_P69697	0.06074766355140187	0.9285714285714286	7,8,9,10,11,12,14,15,18,19,20,21,22,23,24,25,30,31,32,33,34,36,37,38,39,40,41,42,43,44,46,47,48,49,50,52,53,54,55,56,57,58,59,60,63,64,66,67,70,74,81,82,83,85,86,107,112,116,119,120,122,123,124,125,126,127,128,129,130,134,137,138,140,141,142,143,144,145,146,147,148,149,150,151,152,153,155,156,158,159,162,163,164,165,166,167,168,169,171,172,173,174,175,177,178,180,181,182,183,184,185,186,187,188,192,194,198,199,200,201,202,203,204,205,212,220,222,224,225,226,227,228,229,230,233,234,235,236,238,239,242,243,252,258,286,293,296,297,298,299,300,301,302,303,304,305,306,307,309,310,311,312,313,314,315,317	1,2,3,4,5,6,7,8,9,10,11,12,13,14,15,16,17,18,19,20,21,22,23,24,25,26,27,28,29,30,31,32,33,34,35,36,37,38,39,40,41,42,43,44,45,46,47,48
P30460_Q9YRL8	0.13157894736842105	0.8064516129032258	24,25,26,27,28,29,30,31,32,33,34,35,36,37,38,39,40,41,42,43,44,45,46,47,48,49,50,51,52,53,54,55,56,57,58,59,60,62,67,68,71,72,73,74,75,82,83,84,85,86,87,89,90,93,94,95,96,97,98,99,100,101,102,104,105,107,108,109,110,111,112,114,115,116,117,118,119,120,121,122,126,129,131,134,135,136,137,138,139,140,141,142,143,144,145,146,147,151,152,153,154,155,156,157,159,160,166,167,168,169,170,182,186,190,194,214,215,216,217,218,219,220,221,222,223,224,225,226,227,228,229,230,231,232,233,234,235,236,237,238,239,240,241,242,246,250,251,252,253,254,255,256,257,258,259,260,261,262,263,264,265,266,267,279,280,281,282,283,284,285,286,287,288,289,290,291,292,294,295,296,297	50,51,52,53,54,55,56,57,58
I0E093_P52799	0.22274881516587677	0.5340909090909091	215,216,217,218,219,220,221,222,224,225,232,233,234,235,236,237,238,239,240,241,242,243,244,246,247,248,249,250,251,252,259,260,261,262,277,279,280,281,282,283,284,285,286,287,289,295,319,320,324,336,345,346,348,349,350,351,352,353,354,355,356,357,358,359,360,361,362,363,364,365,366,367,388,435,443,444,446,447,449,450,451,452,453,454,455,456,457,458,461,463,464,466,467,468,469,470,472,473,474,477,484,487,488,489,490,491,492,493,494,495,496,497,498,504,507,508,509,510,511,513,514,517,521,538,539,540,541,542,543,544,545,546,549,551,552,553,554,555,556,557,558,559,560,561,563,568,577,593,594,596,597,598,601,605	30,31,33,34,35,37,38,39,40,41,42,43,44,45,46,47,49,50,52,62,63,65,70,71,72,73,74,75,76,77,78,79,105,106,107,108,109,110,111,112,113,114,115,116,117,118,119,120,121,122,123,124,125,126,127,131,132
O43521_Q6VZT9	0.275	0.9705882352941176	143,144,145,146,147,148,149,150,151,152,153,154,155,156,157,158,159,160,161,162,163	5,6,7,8,9,10,11,12,13,14,15,16,17,18,19,20,21,22,23,24,26,27,28,30,33,35,37,38,40,41,42,44,45,46,47,48,49,50,51,52,53,54,55,56,57,58,59,60,61,62,64,68,71,73,74,75,76,77,78,79,80,81,82,83,84,85,86,87,88,89,90,91,94,95,98,99,101,102,103,105,106,108,109,110,112,113,114,115,116,117,118,119,120,121,123,124,126,130,137
P04501_Q14126	0.11052631578947368	0.38181818181818183	128,129,130,131,132,133,134,135,136,137,139,140,158,160,161,162,163,164,165,166,167,168,169,170,171,172,173,177,178,180,181,182,183,184,185,186,187,188,190,195,201,203,214,216,217,218,219,220,221,222,223,224,225,226,227,228,229,230,231,232,233,234,235,236,237,238,239,240,241,244,245,246,247,248,249,250,251,252,253,255,256,257,259,263,283,289,303,305,306,307,308,309,310,311,312,313,314,315,316,317	150,151,152,153,154,155,156,157,158,159,160,161,162,163,164,165,166,168,169,170,171,172,174,176,188,191,192,194,195,197,198,206,211,230,234,241,242,244,245,246,247,248,249,268,269,272,274,275,277,278,279,280,281,282,283,284,285,286,288,289,291,316,319,320,321,322,323,324,325,327,328,329,330,332,336,337,338,340,341,342,343,344,345,363,364,365,366,367,368,369
P01555_P62330	0.16818181818181818	0.8222222222222222	28,32,34,35,38,41,42,44,45,46,47,48,49,50,51,52,53,54,55,56,57,58,59,60,63,72,73,81,83,84,87,88,89,91,92,93,94,95,96,97,98,99,100,101,111,112,115,116,117,118,119,120,121,122,123,124,125,126,128,130,133,134,137,138,140,142,144,145,146,147,148,149,151,152,155,158,160,162,163,164,165,166,167,170,179,181,183,184,191	11,12,13,14,15,16,17,18,20,21,22,23,25,26,27,29,30,31,32,33,34,35,36,37,38,39,40,41,42,43,44,45,46,47,48,49,50,51,52,53,54,57,61,62,63,64,65,66,67,68,69,70,71,72,73,74,75,76,77,78,79,80,92,94,95,96,97,99,101,102,105,106,108,109,110,111,112,113,115,116,117,119,121,123,124,125,126,127,128,129,130,131,132,133,134,135,136,137,138,139,140,141,142,143,144,145,146,147,148,149,150,151,152,153,154,155,156,157,159,161,162,163,164,165,166,167,168,169,170,171,172
O60684_P31345	0.21518987341772153	0.6071428571428571	79,82,84,86,88,89,91,92,93,96,104,105,106,107,111,113,114,115,119,123,124,126,127,130,131,132,133,134,135,138,139,142,143,146,147,148,149,150,151,152,153,154,155,156,157,158,159,160,161,162,163,164,165,166,169,171,173,174,175,176,177,178,180,181,184,185,188,191,192,193,194,195,196,197,198,199,200,201,202,216,219,220,222,223,224,225,226,227,228,230,231,232,233,234,235,238,239,240,250,251,252,254,258,261,262,266,269,270,273,274,276,277,278,279,280,281,282,283,284,285,286,287,291,296,297,300,304,306,307,308,311,312,314,315,318,319,320,321,322,323,324,325,326,327,328,329,330,349,350,352,353,354,356,357,358,359,360,361,362,363,364,365,366,367,368,369,370,371,372,373,374,375,376,377,378,379,380,383,384,387,388,391,392,395,396,399,402,403,406,407,408,409,410,411,412,413,414,415,431,432,434,435,438,442,445,449,462,468,475,476,479,480,482,483,484,490,494,497,498,499,500,501,502,503	717,718,719,720,722,723,724,725,726,727,734,736,754
P01730_Q993A8	0.10077519379844961	0.23636363636363636	51,52,53,67,68,82,83,86,87,88,90,91,93,94,95,96,97,99,101,102,103,104,106,107,109,111,130,131,133,134	27,28,29,30,31,32,33,34,35,36,37,38,39,40,41,42,43,46,47,49,50,51,52,53,54,55,56,57,58,148,149,150,151,152,153,186,187,188,189,190,191,192,193,194,195,196,202,203,207,209,210,211,212,213,214,215,217,218,219,220,221,272,292,293,294,295,311,312,315,316,318,319,337,369,370,372,373,374,375,376,377,378,379,380,381,382,384,406,410,411,413,418,419,420,421,422,424,426,432
P03129_P28749	0.10526315789473684	0.6666666666666666	20,21,22,23,24,25,26	390,391,392,393,394,395,397,398,399,400,401,452,460,461,464,465,467,468,469,471,480,481,482,483,530,531,533,544,548,550,551,552,553,554,555,557,558,559,560,561,562,563,565,567,569,570,571,574,839,942
P01903_Q8NKX2	0.020905923344947737	0.6666666666666666	27,28,29,30,31,32,33,34,35,36,37,38,39,40,41,42,43,44,45,46,47,48,49,50,51,52,53,54,55,56,57,60,67,68,69,70,71,72,74,75,76,77,78,79,81,82,84,85,86,88,89,90,91,92,93,94,95,96,97,99,100,101,102,103,104,105,107,108,109,112,115,116,117,118,119,120,121,122,123,124,127,130,131,132,133,134,135,136,137,138,139,140,141,142,143,145,146,147,148,149,150,151,152,155,157,158,159,160,161,162,163,164,165,166,167,168,169,170,171,172,173,174,176,177,178,179,180,181,182,183,184,185,188,191,192,194,195,196,197,198,199,200,201,202,203,204	30,31,32,33,34,35,36,37,38,39,40,41,42,43,44,45,46,47,48,49,50,51,52,53,54,55,56,57,58,59,60,61,62,63,64,65,66,67,68,69,70,71,73,75,76,83,87,88,101,102,103,104,105,106,107,108,110,111,112,113,127,128,129,133,137,139,140,141,142,143,144,145,146,147,148,149,151,152,153,155,156,157,158,159,160,161,162,163,164,165,166,167,168,169,170,171,172,173,174,175,176,178,179,180,183,193,194,195,196,197,198,199,200,202,203,204,207,209,210,211,213,214,215,216,217,218,219,220,221,222,223,224,225,226,227,228,229,230,231,232,233
Q1HVJ0_Q9UER7	0.056074766355140186	0.2222222222222222	412,413,414,415,416,417,418,419,420,421,424,425,426,427,428,429,430,431,432,433,434,436,443,466,470,471,498,499,501,502,512,552,556,569,572,573	186,187,188,189,190,191,193,194,197,201,202,204,205,207,208,209,211,221,235,255,259,262,263,264,265,268,269,272,273,274,275,276,277,279,280,281,282,283,284,285,286,287,288,289,309,310,311,314,317,321,322,324,325,326,327,328,329,331,332,333,334,335,337,343,364,368,370,371,375,377,378
O14763_Q6RJQ3	0.25609756097560976	0.6774193548387096	104,105,106,107,108,109,110,111,112,113,114,116,117,119,120,123,124,125,126,127,129,155,156,172	31,32,33,34,35,36,38,39,40,41,42,43,44,45,46,47,48,49,50,51,52,53,54,55,56,57,58,59,60,61,62,63,64,65,67,68,69,70,71,72,73,74,75,79,81,84,86,87,89,90,91,93,94,95,97,98,100,101,102,103,104,105,106,107,108,109,110,111,112,113,114,115,116,117,118,119,120,121,122,123,124,125,131,141,143,145,146,147,148,149,150,151,152,153,154,155,156,157,158,159,161,162,163,165,175,176,178,179,180,181,182,183,185,187,189,190,191,192,193,194,195,196,197,207,208,209,210,211,212,213,214,232,234,235,238,239,240,241,242,243
P35961_Q5EBM2	0.025	0.3076923076923077	83,85,86,87,88,89,90,91,92,93,94,95,96,97,98,99,102,103,105,106,107,108,109,110,113,114,201,202,205,206,241,243,244,245,246,247,248,249,253,255,256,257,259,260,264,268,271,272,324,325,326,332,347,354,357,358,359,360,361,362,363,364,365,366,367,368,387,413,414,415,416,417,418,419,420,421,422,423,424,425,426,428,430,452,453,454,455,456,457,458,459,460,461,462,463,465,466,476,478	31,46,55,56,57,59,60,62,63,64,65,66,67,78,79,83,84,85,87,89,91,93,94,96,98,105,112,115,117,118,119,129,131,132,133,150,151,166,167,169,170,171,172,173,174,175,176,177,178,191,192,193,194,195,197,204,206,207,208,209,211
P04637_Q0TR53	0.030612244897959183	0.2		41,43,44,45,46,47,48,50,52,53,55,84,107,108,156,159,160,161,162,163,164,172,174,175,176,181,183,185,187,188,189,190,191,192,193,194,195,196,200,203,204,226,230,238,239,242,259,260,263,264,267,270,271,273,281,284,285,294,295,296,298,334,336,339,340,344,346,348,350,420,421,422,423,424,425,427,428,429,430,431,432,446,447,448,489,565,568,569,570,571,572,574,575,582,611,612,614,616
Q14116_Q9DHU8	0.17567567567567569	0.8666666666666667	36,37,38,39,40,41,43,44,45,47,48,49,50,51,52,53,54,55,56,57,58,59,60,61,62,63,64,65,66,67,68,69,81,83,85,86,87,88,89,90,91,92,93,94,95,96,100,107,108,109,110,112,113,114,115,116,117,118,119,120,121,122,123,124,125,127,128,131,132,133,134,135,136,137,138,139,140,141,142,143,144,145,146,147,148,149,150,151,152,153,154,155,156,158,159,160,163,164,165,166,167,168,169,170,171,172,173,174,175,176,177,178,179,180,181,182,183,184,185,186,187,188,189	23,24,25,26,27,28,29,30,31,32,33,34,35,36,37,38,39,40,41,42,43,44,45,46,47,48,49,50,51,52,53,54,55,56,57,58,59,60,61,62,63,64,65,66,67,68,69,70,77,78,83,84,85,86,87,88,89,90,91,92,93,94,95,96,97,98,99,100,101,104,105,106,107,108,109,110,111,112,113,114,115,116,117,118,119,120,121,122,123,124,125,126,127,128,129,130,131,132,133
O60563_P69697	0.45	0.6506024096385542	12,26,30,31,32,33,34,35,36,37,38,39,41,42,43,44,45,46,47,48,49,50,51,52,53,54,55,56,57,64,65,66,67,68,69,70,72,74,76,77,95,96,97,98,99,101,105,111,112,114,121,125,128,134,135,137,138,139,141,142,143,144,145,146,164,175,221,223,232,233,240,255	1,2,3,4,5,6,7,8,9,10,11,12,13,14,15,16,17,18,19,20,21,22,23,24,25,26,27,28,29,30,31,32,33,34,35,36,37,38,39,40,41,42,43,44,45,46,47,48
P69697_Q9UHB7	0.21428571428571427	0.75	1,2,3,4,5,6,7,8,9,10,11,12,13,14,15,16,17,18,19,20,21,22,23,24,25,26,27,28,29,30,31,32,33,34,35,36,37,38,39,40,41,42,43,44,45,46,47,48	51,54,55,58,61,62,64,65
P02768_Q51911	0.0	0.0	30,32,33,34,35,37,39,40,41,42,52,53,54,55,56,57,58,59,138,161,168,171,172,173,174,175,176,178,179,180,183,220,221,225,229,237,241,243,244,245,246,247,248,311,313,321,359,360,371,436,437,439,440,441,442,443,444,445,446,447,448,451,453,508,516,520,550,553,554,555,556,557,558,559,560,563,566,570,573,574,577	
P01903_P0A0L2	0.10504201680672269	0.8333333333333334	28,29,30,31,32,33,34,35,36,37,38,39,40,41,42,43,44,45,46,47,48,49,50,51,52,53,54,55,56,57,60,67,68,69,70,71,72,74,75,76,77,78,79,81,82,84,85,86,88,89,90,91,92,93,94,95,96,97,99,100,101,102,103,104,105,107,108,109,112,115,116,117,118,119,120,121,122,123,124,127,130,131,132,133,134,135,136,137,138,139,140,141,142,143,145,146,147,148,149,150,151,152,153,155,157,158,159,160,161,162,163,164,165,166,167,168,169,170,171,172,173,174,176,177,178,179,180,181,182,183,184,185,188,191,192,194,195,196,197,198,199,200,201,202,203,204	50,51,52,53,54,55,67,68,69,70,71,72,73,80,86,87,91,93,94,95,97,98,99,114,115,116,117,118,120,121,131,136,137,153,155,156,157,158,160,161,163,171,172,173,174,175,176,177,178,179,180,181,183,184,185,186,187,188,189,190,192,193,194,196,197,201,204,217,218,219,220,221,222,223,224,225,226,227,228,229,230,231,232,233,234,235,236,237,238,239,252,254
I0AXC3_Q8TCD0	0.028225806451612902	0.5	31,32,33,34,35,36,37,39,40,41,42,43,44,45,46,47,48,49,50,51,52,53,54,55,56,57,58,59,63,66,67,70,71,72,73,77,79,90,94,97,98,102,104,105,108,109,110,111,113,114,115,116,118,119,120,124,134,135,137,138,139,142,164,165,166,167,168,170,171,174,175,176,178,216,217,218,220,221,222,223,224,225,226,229,230,231,233,234,235,236,237,238,239,240,241,244,247,248,249,251,253,254,255,256,257,258,259,263,264,265,266,267,269,270,271,272,273,274,275,276,277,278,279,306,308,309,310,315,316,317,318,319,320,321,322,323,324,325,326,327,330,331,332,333,334,335,336,337,338,339	22,23,24,25,26,27,30,35,41,43,46,56,61,62,64,65,66,68,69,72,76,78,81,83,84,85,86,87,89,90,91,94,95,96,101,103,105,109,110,112,114,119,121,122,123,124,125,126,131,132,139,140,141,142,143,144,145,147,148,155,157,159,160,161,162,163,164,165,166,167,169,172,197,198,199,200,201,202,204,216,217,218,219,221,222,223,224,225,226,227,228,229,230,231,232,233,234,235
P03437_P13760	0.1377245508982036	0.7419354838709677	321,322,323,324,325,330,331,332,333	31,32,33,34,35,36,37,38,39,40,41,42,43,44,45,46,47,48,49,50,51,53,54,55,56,57,58,59,60,61,62,63,64,65,66,67,68,71,72,74,75,76,77,78,80,81,83,84,85,87,88,89,92,93,96,97,106,108,109,110,111,112,113,114,115,116,117,118,119,120,121,122,123,124,125,126,127,128,129,130,131,132,141,142,143,144,145,146,147,148,149,150,151,152,153,154,155,156,157,158,159,160,161,162,163,164,165,166,167,169,170,171,172,173,174,175,176,177,178,179,180,181,182,183,184,185,186,187,188,189,190,191,192,193,194,195,196,197,198,199,200,201,202,203,204,205,206,207,209,210,211,212,213,214,215,216,217,218
P12978_Q15326	0.3333333333333333	0.047619047619047616		538,542,585
P03366_P03989	0.0893854748603352	0.5	264	25,26,27,28,29,30,31,32,33,34,35,36,37,38,39,40,41,42,43,44,45,46,47,48,49,50,52,53,54,55,56,57,58,59,60,62,63,64,66,67,68,70,71,72,73,74,75,76,78,81,82,83,85,86,95,96,98,99,100,101,102,103,105,106,107,108,109,110,111,112,113,114,115,116,117,118,119,120,121,122,125,129,131,132,133,134,135,136,137,138,139,140,141,142,143,144,145,146,149,152,153,156,166,168,169,170,173,182,190,192,194,214,215,216,217,218,219,220,221,222,223,224,225,226,227,228,229,230,231,232,233,234,235,236,237,238,239,240,241,242,246,250,251,252,253,254,255,256,257,258,259,260,261,262,263,264,265,266,267,276,279,280,281,282,283,284,285,286,287,288,289,290,291,292,294,295,296,297
P61077_Q6RCR3	0.03669724770642202	0.3076923076923077	2,3,4,5,9,12,14,16,17,18,19,20,21,22,23,24,25,26,27,28,29,30,31,32,33,34,35,36,37,38,39,40,41,42,43,44,45,46,47,48,49,50,51,52,54,56,57,58,59,60,61,62,63,64,65,66,67,68,69,70,71,72,73,74,75,76,77,78,79,80,81,82,83,85,86,87,88,89,90,91,92,93,94,95,96,97,100,103,104,107,108,110,111,112,113,114,115,116,117,118,120,121,122,124,125,126,129,130,131,132,133,134,135,136,137,138,139,140,141,142,143,144,145,146	6,9,10,13,14,16,17,18,19,20,21,22,55,84,87,88,91,92,95,98,99,102,105,106,108,109,110,111,112,113,116,117,119,120,121,122,123,125,126,127,129,130,132,133,155,158,162,163,164,166,167,168,169,170,199,201,203,204,215,224,225,229,236,247,250,251,254,255,258,261,262,264,265,266,311,326,329,383,438,439,440,441,442,443,444,508,511,515,516,517,518,519,520,522
P13987_Q9LCB8	0.13793103448275862	0.5217391304347826	25,26,28,29,32,44,45,46,47,48,49,51,52,53,54,55,56,57,58,59,60,61,62,64,65,66,67,68,69,70,71,72,73,74,75,76,77,78,79,80,81,82,83,84,85,86,88,89,90,91,92,93,94,95,96	68,72,119,125,126,127,130,133,136,137,139,140,141,142,143,144,145,146,170,171,172,173,177,180,181,187,190,191,195,201,204,205,206,207,208,210,211,213,214,215,217,218,219,221,222,225,226,233,237,241,257,261,262,264,265,267,268,270,271,287,288,289,290,293,299,304,306,307,308,310,317,320,324,360,363,364,367,368,388,390,391,392,394,395,396,398,406,407,408,409,410,411,412,414,415,417,420,432,446,449,450,451,452,453,454,499,502,503,506,513,514,515,517,518,519,520,521,522,523
Q49DS8_Q6P5S8	0.008888888888888889	1.0	1,2,4,6,8,9,10,12,13,14,15,16,17,19,23,25,38,40,56,64,67,68,70,74,75,79,81,82,85,86,89,90,91,92,93,94,95,97,98,99,100,101,102,103,104,105,106,107,108,109,110,112,114,115,116,125,126,127,129,131,132,133,134,135,136,137,138,139,140,142,143,144,145,146,147,148,149,150,151,158,159,160,161,162,163,164,165,166,168,169,170,172,178,180,181,182,183,184,186,187,188,189,190,191,192,193,194,195,196,197,198,199,200,201,202,203	22,24,25,26,27,29,30,31,33,34,43,48,50,51,54,55,56,57,58,60,61,62,63,64,65,66,67,68,69,70,72,74,75,76,77,79,81,82,83,86,91,92,93,94,95,98,101,102,103,105,106,108,109,110,111,115,118,119,120,129,135,136,137,138,139,140,141,142,143,144,145,152,154,156,157,158,159,160,161,162,163,164,166,169,195,196,197,198,199,201,213,214,215,216,218,219,220,221,222,223,224,225,226,227,228,229,230,231,232
P0C210_P46934	0.6666666666666666	0.3157894736842105		855,856,858,859,860,863,864,865,867
P0CG47_P0DTD1	0.3888888888888889	0.42	153,154,155,156,157,158,159,160,162,163,166,167,174,185,186,187,188,189,190,191,192,193,194,195,196,197,198,199,200,201,202,203,204,205,206,207,208,209,210,211,212,213,214,215,217,218,219,220,221,222,223,224,225,226	
P60953_Q06277	0.1968503937007874	0.33783783783783783	0,1,2,3,4,6,7,8,10,11,12,13,14,15,16,18,19,20,21,22,23,24,25,26,27,28,29,30,31,32,33,34,35,36,37,38,39,40,41,42,43,44,45,46,47,48,49,50,53,54,55,56,57,58,59,60,61,62,63,64,65,66,67,68,69,70,71,72,73,77,78,81,84,85,86,89,90,91,93,94,95,96,98,99,100,101,102,103,112,114,115,116,118,119,120,122,125,146,148,149,150,151,152,153,154,155,156,157,159,160,161,162,164,165,166,167,168,169,170,171,172,173,174,175,176,177,190	
P00747_P00779	0.3855421686746988	0.43537414965986393	585,588,589,590,591,592,593,594,596,598,600,601,602,603,604,605,606,621,622,623,624,625,628,629,632,662,681,684,699,703,710,713,714,716,733,737,753,754,756,757,758,778,779,780,781,782,783,784,785,786,787,788,789,790,797,801,805,807	27,28,29,30,32,33,34,35,36,37,38,39,42,50,52,53,54,56,57,58,59,60,61,62,63,64,65,108,109,110,111,112,113,116,117,120,121,122,123,124,126,128,137,138,139,140,141,142,143,145,146,147,150,151,155,167,169,217,223,225,227,229,242,243,244,245,248,251,252,253,255,256,259,260,262,263,292,299,300,302,324,325,337,338,339,349,351,352,354,355,359,360,362,363,364,365,366,367,368,369,370,371,372,373,388,389,393,397
K4LC41_P05161	0.19230769230769232	0.38461538461538464		3,4,5,6,7,8,9,10,11,12,13,14,15,16,17,18,19,20,21,22,23,24,25,26,27,28,30,31,32,33,34,35,36,37,38,39,40,41,42,43,44,45,46,47,48,49,50,53,54,55,56,58,59,60,61,62,63,64,65,66,67,68,69,70,71,72,73,74,75,76,78,79,91,95,96,98,99,100,101,102,103,105,106,107,108,109,110,111,113,114,116,117,118,119,120,121,122,123,124,125,126,127,128,129,130,131,132,133,134,135,136,137,138,139,140,141,142,143,144,145,146,147,148,149,150,151,152,153,154,155
P04578_P18465	0.08522727272727272	0.5172413793103449		25,26,27,28,29,30,31,32,33,34,35,36,37,38,39,40,41,42,43,44,45,46,47,48,49,50,51,52,53,54,55,56,57,58,59,60,62,63,64,66,67,68,70,71,72,74,75,78,81,82,83,85,86,88,95,96,97,98,99,100,102,103,106,107,115,116,117,118,119,120,121,122,128,129,130,131,132,133,134,135,136,137,138,139,140,141,142,143,144,145,146,153,156,166,168,169,170,174,182,184,185,186,188,189,190,192,193,194,214,215,216,217,218,219,220,221,222,223,224,225,226,227,228,229,230,231,232,233,234,235,236,237,238,239,240,241,242,245,246,250,251,252,253,254,255,256,257,258,259,260,261,262,263,264,265,266,267,276,279,280,281,282,283,284,285,286,287,288,289,290,291,292,294,295,296,297
P69332_P78423	0.24778761061946902	0.4666666666666667	14,15,16,17,18,19,20,21,23,24,25,26,27,28,30,31,32,33,34,35,36,37,38,39,40,41,44,48,59,64,84,86,87,88,90,91,92,95,115,120,123,126,127,128,129,130,133,134,136,137,138,153,176,177,178,179,180,181,183,184,187,190,191,192,196,200,205,207,208,209,212,228,229,236,239,240,254,255,257,269,270,272,273,275,276,277,279,280,300	49,57,59,60,62,63,65,66,67,68,69,70,71,72,73,74,75,76,77,80,83,85,87,88
P63208_Q5ZTL7	0.2708333333333333	0.9420289855072463	3,4,6,7,8,9,10,11,12,13,14,15,16,17,18,19,21,22,23,24,25,26,27,28,29,30,31,32,33,34,35,36,42,44,45,46,47,48,49,50,53,54,56,57,58,59,60,61,63,85,86,87,88,89,90,91,92,93,94,95,96,97,98,99,100,101,102,103,104,105,106,107,108,109,110,112,115,116,117,118,119,120,121,122,123,124,125,126,127,128,129,130,131,132,133,134,135,136,137,138,139,140,141,142,143,144,145,146,147,148,149,151,152,153,154,155,156,157,158,159	1,2,3,4,5,6,7,8,9,10,11,12,13,14,15,16,17,18,19,20,21,22,23,24,25,26,27,28,29,30,31,32,33,34,35,36,37,38,39,40,41,42,43,44,45,46,47,48,49,50,51,52,53,54,55,56,57,59,63,64,67,68,70,71,73,74,75,77,78,79,80,82,84,85,86,87,88,89,90,91,92,93,94,95,96,97,98,99,100,101,102,104,106,111,112,113,114,115,116,117,118,119,120,121,122,123,124,125,126,127,128,129,130,131,133,143,150,152,154,156
P05534_Q9WPV9	0.13259668508287292	0.8275862068965517	25,26,27,28,29,30,31,32,33,34,35,36,37,38,39,40,41,42,43,44,45,46,47,48,49,50,51,52,53,54,55,56,57,58,59,60,62,66,67,68,70,71,75,82,83,85,86,87,89,90,91,93,94,95,96,98,99,100,102,103,105,106,107,108,115,116,117,118,119,120,121,122,123,125,126,131,134,135,136,137,138,139,140,141,142,143,144,145,146,156,160,166,168,169,170,182,186,193,194,196,197,198,213,214,215,216,217,218,219,220,221,222,223,224,225,226,227,228,229,230,231,232,233,234,235,236,237,238,239,240,241,242,246,250,251,252,253,254,255,256,257,258,259,260,261,262,263,264,265,266,267,271,279,280,281,282,283,284,285,286,287,288,289,290,291,292,293,294,295,296,297	125,126,127,128,129,130,131,132,133,134
B7TQM6_V9VHH0	0.1073170731707317	0.7096774193548387	2,3,4,5,6,7,8,9,10,11,12,13,14,15,16,17,18,19,20,21,22,23,24,25,26,28,43,45,61,63,78,80,81,82,83,85,86,89,102,104,106,109,112,114,129,133,137,138,139,144,145,147,158,159,160,161,162,163,164,165,166,168,169,170,172,173,174,175,176,177,178,179,180	8,9,11,12,13,14,15,16,17,18,19,20,21,22,23,24,25,26,27,29,30,33,36,38,39,40,41,42,43,44,45,46,47,48,49,50,58,59,60,61,62,63,64,65,66,67,68,69,74,78,82,84,85,86,88,89,90,92,93,94,95,96,97,98,99,100,101,102,103,104,105,106,107,108,109,110,111,112,113,114,122,125,127,129,130,131,132,133,134,135,136,143,144,145,146,147,148,151,152,153,154,155,164,165,166,167,168,169,180,182,184,185,186,190,191,194,197,198,200,201,202,203,204,205,212,214,218,220,222,224,225,226
P04608_P50750	0.05454545454545454	0.8571428571428571	1,2,3,4,5,6,7,8,9,10,11,12,13,14,15,16,17,18,19,20,21,22,23,24,25,26,27,28,29,30,31,32,33,34,35,36,37,38,39,40,41,42,43,44,45,46,47,48	7,8,9,10,11,12,14,15,18,19,20,21,22,23,24,25,26,27,28,29,30,31,32,33,34,36,37,38,39,40,41,42,43,44,46,47,48,49,50,52,53,54,55,56,57,58,59,60,63,64,66,67,70,74,81,82,83,85,86,91,95,107,112,116,119,120,122,123,124,125,126,127,128,129,130,134,137,138,140,141,142,143,144,145,146,147,148,149,150,151,152,153,155,156,158,159,162,163,164,165,166,167,168,169,171,172,173,174,175,177,178,180,181,182,183,184,185,186,187,188,192,194,198,199,200,201,202,203,204,205,212,220,222,224,225,226,227,228,229,230,233,234,235,236,238,239,242,243,252,258,286,293,296,297,298,299,300,301,302,303,304,305,306,307,309,310,311,312,313,314,315,317
P10147_Q2F862	0.17557251908396945	0.6216216216216216	30,31,32,33,34,35,36,37,38,39,40,41,42,48,49,50,51,52,53,54,55,56,57,58,59,60,61,62,63,64,65,69,70,71,72,73,74,75,76,77,78,79,80,81,82,83,84,85,86	36,37,38,39,40,41,42,43,44,45,49,53,54,55,56,57,58,60,61,62,63,65,67,68,69,83,99,100,101,102,103,104,105,106,107,108,109,110,111,112,113,114,115,116,117,118,119,120,121,122,123,124,125,126,128,132,135,136,148,151,165,166,221,222,223,224,225,226,227,228,233,235,237,239,245,249,250,251,252,253,254,256
P03204_P30685	0.0782122905027933	0.56	105	25,26,27,28,29,30,31,32,33,34,35,36,37,38,39,40,41,42,43,44,45,46,47,48,49,50,51,52,53,54,55,56,57,58,59,60,62,67,71,72,74,75,82,83,84,85,86,87,88,89,90,93,95,96,98,99,100,102,103,104,105,106,107,108,109,110,111,112,115,116,117,118,119,120,121,122,123,125,129,131,132,133,134,135,136,137,138,139,140,141,142,143,144,145,146,156,166,168,169,170,174,182,184,185,186,188,189,190,192,193,194,211,214,215,216,217,218,219,220,221,222,223,224,225,226,227,228,229,230,231,232,233,234,235,236,237,238,240,241,242,246,250,251,252,253,254,255,256,257,258,259,260,261,262,263,264,265,266,267,276,279,280,281,282,283,284,285,286,287,288,289,290,291,292,294,295,296,297
P18465_Q70A61	0.10989010989010989	0.8	25,26,27,28,29,30,31,32,33,34,35,36,37,38,39,40,41,42,43,44,45,46,47,48,49,50,51,52,53,54,55,56,57,58,59,60,62,63,64,66,67,68,70,71,72,74,75,78,81,82,83,85,86,88,95,96,97,98,99,100,102,103,106,107,115,116,117,118,119,120,121,122,128,129,130,131,132,133,134,135,136,138,140,141,142,143,144,145,146,153,156,166,168,169,170,174,182,184,185,186,188,189,190,192,193,194,214,215,216,217,218,219,220,221,222,223,224,225,226,227,228,229,230,231,232,233,234,235,236,237,238,239,240,241,242,245,246,250,251,252,253,254,255,256,257,258,259,260,261,262,263,264,265,266,267,276,279,280,281,282,283,284,285,286,287,288,289,290,291,292,294,295,296,297	47,48,49,50,51,52,53,54
A0A2R4LVT4_P52630	0.07246376811594203	0.06172839506172839	2634,2848,3116,3120,3124,3129,3132,3135,3136,3137,3388,3389,3390	144,145,147,148,151,152,155,158,159,162,164,165,166,168,169,172,173,175,176,198,199,202,205,256,260,313,315,322,323,324,325,344,364,366,367,368,369,370,371,372,373,374,375,420,421,425,426,436,438,444,458,460,465,482,484,488
P01903_P12495	0.20496894409937888	0.9705882352941176	27,28,29,30,31,32,33,34,35,36,37,38,39,40,41,42,43,44,45,46,47,48,49,50,51,52,53,54,55,56,57,60,67,68,69,70,71,72,74,75,76,77,78,79,81,82,84,85,86,88,89,90,91,92,93,94,95,96,97,99,100,101,102,103,104,105,107,108,109,112,115,116,117,118,119,120,121,122,123,124,127,130,131,132,133,134,135,136,137,138,139,140,141,142,143,145,146,147,148,149,150,151,152,153,155,157,158,159,160,161,162,163,164,165,166,167,168,169,170,171,172,173,174,176,177,178,179,180,181,182,183,184,185,188,191,192,194,195,196,197,198,199,200,201,202,203,204	166,167,168,169,170,171,172,173,174,175,176,177,179,180
P03303_Q9H3P7	0.4166666666666667	0.2542372881355932		371,373,374,375,376,378,379,382,398,401,402,434,482,491,495,497,500,506,507,508,510,511,513,514,515,516,517,518,519,520,522,523,524,525,526,527
Q07812_Q9DHU6	0.20863309352517986	0.7631578947368421	60,62,63,64,65,66,67,68,69,70,73,74	4,5,6,7,8,9,10,11,12,13,14,15,16,17,18,19,20,21,22,23,24,25,26,27,28,29,30,31,32,33,34,37,38,40,41,42,43,44,45,46,47,48,49,50,51,52,53,54,55,56,57,58,59,62,63,64,65,66,67,68,69,70,71,72,73,74,75,76,77,78,79,80,81,82,83,84,85,86,87,88,89,90,91,92,93,94,96,97,98,99,101,102,105,106,107,109,110,111,112,113,114,115,116,117,118,119,120,121,122,123,124,125,126,127,129,130,131,132,133,134,135,136,137,138,139,140,141
D3HJY4_P14784	0.0196078431372549	0.18181818181818182	11,12,13,14,15,16,17,18,19,20,21,22,23,24,25,27,28,29,30,31,34,41,42,43,44,45,46,47,48,49,50,51,52,53,54,55,57,58,59,61,67,68,69,70,71,72,73,74,75,76,78,79,100,104,107,108,110,111,112,113,114,115,117,119,121,122,123,124,125,126,127,128,129,130,131,132,133,134,135,136,137,138,139,140,141,142,143,144,145,146,147,148,149,150,151,152,153,155,158,161,162,165	
Q6N030_Q8Q7Z9	0.022388059701492536	1.0	22,28,44,47,55,56,57,58,59,60,61,63,64,65,66,67,69,71,78,85,88,89,91,94,96,98,104,105,112,121,130,131,132,150,165,166,168,169,170,171,172,173,174,175,176,177,190,191,192,193,194,196,203,205,206,207,208,210	70,71,72,73,74,75,76,77,78,79,80,81,82,83,84,85,86,87,88,89,90,91,92,93,94,95,109,111,113,114,115,116,117,118,119,120,121,122,123,124,125,126,127,128,129,130,131,133,134,135,136,137,138,139,140,141,142,143,144,145,146,147,148,149,151,152,153,154,155,156,157,158,159,160,161,162
P02788_Q54972	0.08333333333333333	0.09523809523809523	64,71,77,78,79,80,81,82,83,84,86,87,88,90,91,98,99,100,153,155,156,159,160,169,170,203,204,205,206,207,208,210,211,218,233,234,264,267,268,269,270,271,274,286,331,332,333,334,335,336,337,338,339,342,343	208,211,214,215,218,222,225,256,259,262,263,266,269,270,273,274,277
M4STU1_P62987	0.323943661971831	0.4423076923076923		0,1,2,3,4,5,6,7,8,9,10,11,12,13,14,15,17,18,19,20,22,23,25,26,28,29,30,31,32,33,34,35,36,37,38,39,40,41,42,43,44,45,46,47,48,49,50,51,52,53,54,55,56,57,58,59,60,61,62,63,64,65,66,67,68,69,70,71,72,73,74
P0DKX7_P62158	0.3228346456692913	0.5857142857142857	14,23,62,64,67,68,79,80,83,85,87,105,107,121,123,131,133,143,146,178,180,181,182,183,184,191,194,195,196,197,200,201,205,217,220,222,223,233,234,236,237,238,241,242,245,259,260,261,262,263,265,266,268,269,270,271,305,313,320,322,323,324,325,326,344,347,351,354	79,80,83,84,85,86,87,88,89,90,91,92,94,95,99,100,104,105,106,107,108,109,110,111,112,113,114,115,116,117,119,120,121,122,123,124,125,126,127,128,129,130,131,132,133,134,135,136,137,138,139,140,141,142,143,144,145,146,147
P18010_P18206	0.2642857142857143	0.4157303370786517		3,4,5,6,7,8,9,10,11,12,13,14,15,16,17,18,19,20,21,22,24,25,26,27,28,30,31,32,34,35,36,37,38,39,40,42,43,46,47,50,51,52,53,54,55,56,58,59,60,61,62,63,64,65,66,69,70,71,72,77,78,79,80,81,84,85,86,87,88,89,92,93,95,96,97,98,99,101,102,104,105,106,107,108,109,110,111,112,113,114,120,121,122,123,125,126,127,143,146,149,150,153,154,155,159,163,167,169,170,173,174,176,177,180,181,201,208,211,229,231,232,233,234,235,236,237,239,240,242,243,244,245,246,247,248,249,250,251,252,257
P19551_Q6P5S8	0.00975609756097561	0.2857142857142857	82,83,85,86,87,88,90,91,92,94,95,96,98,99,103,106,107,108,111,112,113,114,115,116,203,204,207,208,241,242,243,244,245,246,247,248,249,250,251,255,257,258,259,260,261,262,264,265,266,269,270,274,327,332,335,346,347,348,349,350,373,424,425,428,429,431,432,433,434,435,436,437,439,461,463,465,466,467,468,469,470,471,472,473,474,476,477,479,480,481,482,483,484,485,487,488	22,24,25,26,27,29,30,31,33,34,43,48,50,51,54,55,56,57,58,60,61,62,63,64,65,66,67,68,69,70,72,74,75,76,77,79,81,82,83,86,91,92,93,94,95,98,101,102,103,105,106,108,109,110,111,115,118,119,120,129,135,136,137,138,139,140,141,142,143,144,145,152,154,156,157,158,159,160,161,162,163,164,166,169,195,196,197,198,199,201,213,214,215,216,218,219,220,221,222,223,224,225,226,227,228,229,230,231,232
O00629_P0C1C6	0.19742489270386265	0.6388888888888888	84,87,88,91,92,95,96,98,99,101,102,103,104,105,106,123,124,125,126,128,129,131,132,133,135,136,137,138,139,140,141,142,143,144,145,146,147,148,149,150,151,154,159,163,166,167,168,169,170,171,174,175,178,179,181,182,183,184,185,186,187,188,189,190,191,192,193,206,212,213,214,215,216,217,218,221,224,225,228,229,230,232,240,247,248,249,251,256,258,259,260,263,265,266,267,268,269,270,271,273,274,275,276,277,278,279,280,281,283,284,290,291,292,293,294,295,296,297,298,301,305,308,309,310,311,312,313,314,315,316,317,318,319,320,321,322,340,343,344,347,348,349,350,351,352,353,354,355,356,357,358,359,360,361,362,363,364,365,366,367,368,370,371,374,381,385,386,389,391,392,393,394,395,396,397,398,399,400,401,402,403,404,405,408,422,423,424,425,426,427,428,429,430,431,432,434,435,436,437,438,439,440,442,444,446,448,449,451,452,453,454,455,458,459,462,463,465,466,469,470,472,473,475,477,478,479,480,481,482,483,484,485,486	
A8CDU0_P04229	0.15934065934065933	1.0	58,59,61,62,63,64,65,66,67,68,69,70	30,31,32,33,34,35,36,37,38,39,40,41,42,43,44,45,46,47,48,49,50,51,53,54,55,56,57,58,59,60,61,62,63,64,66,67,68,71,72,73,74,75,76,77,78,79,80,81,83,84,85,88,89,92,93,94,95,96,97,98,99,100,105,106,108,109,110,111,112,113,114,115,116,117,118,119,120,121,122,125,126,128,129,130,131,132,133,134,135,136,137,138,139,140,141,142,143,144,145,146,147,148,149,150,151,152,153,154,155,156,157,158,159,160,161,162,164,165,166,167,169,170,171,172,173,174,175,176,177,178,179,180,181,182,183,184,185,186,187,188,189,190,191,192,193,194,195,196,197,198,199,200,201,202,203,204,205,206,207,208,209,210,211,212,213,214,215,216,217,218
P0CG48_Q6RCR1	0.2097902097902098	0.32967032967032966	609,610,611,613,614,615,616,641,643,644,645,646,647,648,649,650,651,652,653,654,655,656,657,658,659,661,675,676,677,678,679,680,681,682,683	225,241,244,247,248,273,277,279,280,281,282,284,305,308,309,310,311,312,313,314,315,316,317,318,319,322,323,326,328,329,333,342,343,345,346,350,368,369,378,380,381,382,383,384,385,386,387,388,389,400,407,408,410,416,420,437,441,443,448,451,454,465,466,470,471,473,512,516,517,519,597,598,600,604,607,608,610,622,631,632,634,649,711,715,768,775,779,785,786,787,788,789,790,791,796,853,854,856,857,859,860,863,896,897,900,911,996,1014
B7TQM6_X5DSL3	0.1073170731707317	0.7096774193548387	2,3,4,5,6,7,8,9,10,11,12,13,14,15,16,17,18,19,20,21,22,23,24,25,26,28,43,45,61,63,78,80,81,82,83,85,86,89,102,104,106,109,112,114,129,133,137,138,139,144,145,147,158,159,160,161,162,163,164,165,166,168,169,170,172,173,174,175,176,177,178,179,180	8,9,11,12,13,14,15,16,17,18,19,20,21,22,23,24,25,26,27,29,30,33,36,38,39,40,41,42,43,44,45,46,47,48,49,50,58,59,60,61,62,63,64,65,66,67,68,69,74,78,82,84,85,86,88,89,90,92,93,94,95,96,97,98,99,100,101,102,103,104,105,106,107,108,109,110,111,112,113,114,122,125,127,129,130,131,132,133,134,135,136,143,144,145,146,147,148,151,152,153,154,155,164,165,166,167,168,169,180,182,184,185,186,190,191,194,197,198,200,201,202,203,204,205,212,214,218,220,222,224,225,226
P36711_P78310	0.2028985507246377	0.7	407,408,410,430,432,434,435,436,437,438,439,440,441,442,443,445,446,447,449,450,451,452,454,455,456,457,458,459,460,461,462,468,470,471,474,480,485,486,487,488,489,490,491,492,493,494,495,496,497,499,502,503,510,511,512,513,514,515,516,517,518,524,526,527,528,530,531,532,534,535,536,538,539,540,553,575,576,577,578,579,580,581,582,583,584,585,586	22,23,25,26,27,49,51,53,55,57,58,65,67,68,69,71,72,73,74,75,76,77,78,79,80,81,82,83,86,87,89,90,92,93,95,96,97,98,99,100,101,103,104,107,108,110,111,114,122,124,125
P01730_Q75760	0.171875	0.3548387096774194	51,52,53,67,68,82,83,86,87,88,90,91,93,94,95,96,97,99,101,102,103,104,106,107,109,111,130,131,133,134	89,90,91,92,93,94,95,96,97,98,99,100,101,102,103,105,106,107,108,109,110,111,113,114,199,202,203,204,205,206,207,244,245,248,256,257,260,261,263,264,265,267,269,271,273,300,301,304,307,309,311,312,330,333,337,338,341,345,348,351,355,389,412,417,418,419,420,421,422,423,424,425,426,427,428,429,430,432,434,450,452,453,454,455,456,457,458,459,461,462,463,464,465,466,467,468,469,470
P01024_P68799	0.21739130434782608	0.4878048780487805	1006,1007,1008,1010,1011,1012,1013,1014,1015,1016,1017,1018,1052,1054,1055,1056,1058,1059,1085,1087,1089,1090,1092,1093,1097,1116,1117,1120,1122,1124,1125,1126,1128,1129,1183,1184,1219,1227,1265,1266	104,105,106,107,108,109,110,111,112,113,114,115,116,117,118,119,120,121,122,123,124,125,126,129,137,138,139,140,141,142,143,144,145,146,147,148,149,150,151,152,153,154,155,156,157,158,159,160,161,162,163,164
P00742_P23827	0.18072289156626506	0.6976744186046512	243,244,246,247,248,250,257,259,260,261,263,264,268,275,276,278,279,282,283,286,287,312,313,339,341,342,343,344,345,346,347,395,410,411,412,413,414,415,416,417,418,419,427,428,437,438,439,440,441,442,444,445,447,448,449,460,463	23,24,25,26,27,28,29,30,31,32,33,34,36,37,38,39,40,41,42,43,44,45,46,47,48,49,55,56,58,60,70,71,72,73,74,75,76,77,78,79,80,81,82,83,84,85,86,87,88,89,90,91,92,95,96,97,98,99,100,101,102,104,105,106,107,108,114,115,117,118,119,120,121,122,123,124,125,126,127,128,129,130,131,132,133,134,135,136,137,139,142,143,145,146,147,148,149,150,151,152,153,154,155,156,157,158,159,160,161
Q6P5S8_Q8Q7Z9	0.02702702702702703	1.0	22,24,25,26,27,29,30,31,33,34,43,48,50,51,54,55,56,57,58,60,61,62,63,64,65,66,67,68,69,70,72,74,75,76,77,79,81,82,83,86,91,92,93,94,95,98,101,102,103,105,106,108,109,110,111,115,118,119,120,129,135,136,137,138,139,140,141,142,143,144,145,152,154,156,157,158,159,160,161,162,163,164,166,169,195,196,197,198,199,201,213,214,215,216,218,219,220,221,222,223,224,225,226,227,228,229,230,231,232	70,71,72,73,74,75,76,77,78,79,80,81,82,83,84,85,86,87,88,89,90,91,92,93,94,95,109,111,113,114,115,116,117,118,119,120,121,122,123,124,125,126,127,128,129,130,131,133,134,135,136,137,138,139,140,141,142,143,144,145,146,147,148,149,151,152,153,154,155,156,157,158,159,160,161,162
P04637_Q9WYW0	0.23636363636363636	0.7027027027027027		26,27,29,30,31,32,33,34,35,36,37,38,39,40,41,42,43,44,45,46,47,48,49,50,51,53,54,57,60,61,62,64,65,68,71,75,76,80,84,87,88,97,98,99,100,101,102,103,104,105,106,107,108,109,110,115,118,121,122,124,125,158,159,160,161,162,163,164,165,166,167,168,170,171,172,174,175,176,179,190,191,192,193,194,195,196,197,198,199,200,201,202,204,216,218,219,222,226,227,228,229,230,231,233,234,236,237,238,240,241
P05893_Q8WUM4	0.0673076923076923	0.20588235294117646	494,497,498	60,65,78,81,82,83,85,104,146,147,150,160,161,163,164,167,168,170,171,172,180,181,184,188,195,198,199,200,204,207,208,209,210,211,214,215,218,222,239,241,242,243,245,246,248,249,250,254,256,257,258,261,262,265,266,269,273,289,290,316,338,341,345,346,363,364,367,369,370,371,372,385,386,401,421,433,435,443,445,447,451,454,455,467,468,475,551,555,558,562,593,625,628,632,662,664,665,669,675,676,697
O52623_P60953	0.3157894736842105	0.9176470588235294	83,84,85,86,87,88,89,90,92,93,94,96,101,102,103,104,105,106,107,108,109,110,111,112,113,114,115,116,117,118,126,128,129,130,132,134,135,136,139,141,142,143,145,153,157,159,160,161,162,163,164,165,166,167,168,169,170,171,172,173,174,175,176,177,178,179,180,181,182,183,184,185,186,187,188,189,190,191,192,193,194,195,196,197,198,199,200,201,202,203,204,205,207,208,209,210,211,212,213,214,215,216,217,218,219,220,221,222,223,224,225,226,227,228,229,230,231,232,233,234,235	0,1,2,3,4,6,7,8,10,11,12,13,14,15,16,18,19,20,21,22,23,24,25,26,27,28,29,30,31,32,33,34,35,36,37,38,39,40,41,42,43,44,45,46,47,48,49,50,53,54,55,56,57,58,59,60,61,62,63,64,65,66,67,68,69,70,71,72,73,77,78,81,84,85,86,89,90,91,93,94,95,96,98,99,100,101,102,103,112,114,115,116,118,119,120,122,125,146,148,149,150,151,152,153,154,155,156,157,159,160,161,162,164,165,166,167,168,169,170,171,172,173,174,175,176,177
P62937_Q72497	0.16981132075471697	0.9183673469387755	0,1,2,3,4,5,6,7,8,9,10,11,12,13,14,15,16,17,18,19,20,21,22,23,24,25,26,27,28,29,30,31,32,33,34,35,36,37,38,39,40,41,42,43,45,46,48,50,51,52,53,54,55,56,57,58,59,60,61,62,63,64,65,66,67,68,69,70,71,72,73,74,75,76,77,78,79,80,81,82,83,84,85,86,87,88,89,90,91,92,94,96,97,98,99,100,101,102,103,104,105,106,107,108,109,110,111,112,113,114,115,116,117,118,119,120,121,122,123,124,125,126,127,128,129,130,131,132,133,134,135,136,137,138,139,140,141,142,143,144,145,147,148,155,156,157,159	132,133,134,135,136,137,138,139,140,141,142,143,144,145,146,147,148,149,152,154,155,156,157,158,159,160,161,162,163,164,165,166,167,168,169,170,171,172,173,174,175,176,178,179,180,181,182,183,184,185,186,187,188,189,190,191,193,194,197,198,199,200,201,202,203,204,205,206,207,210,211,212,213,214,215,216,217,218,219,220,221,222,223,224,225,226,227,228,229,230,231,234,237,238,241,242,243,244,245,246,247,248,249,250,251,252,253,254,264,267,270,271,272,273,274,275,276,277
O43521_P0C6Z1	0.24647887323943662	0.8536585365853658	140,141,142,143,144,145,146,147,148,149,150,151,152,153,154,155,156,157,158,159,160,161	5,6,9,13,14,15,16,17,18,19,25,26,27,28,29,30,31,32,33,34,35,36,37,38,47,48,49,50,51,52,53,54,55,56,57,58,59,60,61,62,63,64,65,66,67,68,69,70,71,72,73,74,75,76,77,79,80,82,83,84,86,87,88,89,90,91,92,94,99,103,105,106,109,110,111,112,113,114,116,117,118,119,120,121,122,123,124,125,126,127,128,129,130,131,132,133,134,135,136,137,138,139,140,141,142,143,144,145,146,147,148,149,150,151,152,153,154,155,156,157
P30460_Q9YRL3	0.13157894736842105	0.8064516129032258	24,25,26,27,28,29,30,31,32,33,34,35,36,37,38,39,40,41,42,43,44,45,46,47,48,49,50,51,52,53,54,55,56,57,58,59,60,62,67,68,71,72,73,74,75,82,83,84,85,86,87,89,90,93,94,95,96,97,98,99,100,101,102,104,105,107,108,109,110,111,112,114,115,116,117,118,119,120,121,122,126,129,131,134,135,136,137,138,139,140,141,142,143,144,145,146,147,151,152,153,154,155,156,157,159,160,166,167,168,169,170,182,186,190,194,214,215,216,217,218,219,220,221,222,223,224,225,226,227,228,229,230,231,232,233,234,235,236,237,238,239,240,241,242,246,250,251,252,253,254,255,256,257,258,259,260,261,262,263,264,265,266,267,279,280,281,282,283,284,285,286,287,288,289,290,291,292,294,295,296,297	50,51,52,53,54,55,56,57,58
P13500_Q2F862	0.22377622377622378	0.6274509803921569	31,32,33,34,35,36,37,38,39,40,41,42,43,44,45,46,47,48,49,50,51,52,53,54,55,56,57,58,59,60,61,62,63,64,65,66,67,68,69,70,71,72,73,74,75,76,77,78,79,80,81,82,83,84,85,86,87,88,89,90,91	36,37,38,39,40,41,42,43,44,45,49,53,54,55,56,57,58,60,61,62,63,65,67,68,69,83,99,100,101,102,103,104,105,106,107,108,109,110,111,112,113,114,115,116,117,118,119,120,121,122,123,124,125,126,128,132,135,136,148,151,165,166,221,222,223,224,225,226,227,228,233,235,237,239,245,249,250,251,252,253,254,256
P08160_Q14790	0.11926605504587157	0.5306122448979592	2,3,4,5,6,7,8,9,10,11,12,13,14,16,17,19,20,23,31,32,59,62,63,65,66,67,69,70,71,72,73,74,75,76,77,78,79,80,81,83,84,85,94,95,96,97,98,99,100,101,103,105,169,170,171,172,173,176,178,181,182,183,184,185,186,187,188,189,190,191,192,193,194,195,196,198,199,200,203,204,207,208,209,210,211,212,213,214,215,216,217,226,227,230,231,242,247,253,257,259,266,268,269,270,288,289,290,291,292,293,294,295,296,297	225,227,232,234,259,260,261,264,265,269,273,275,276,277,278,316,317,332,333,336,337,338,339,340,341,342,350,351,352,353,354,355,356,357,358,359,360,361,362,363,364,365,366,367,368,369,370,371,390,391,392,393,394,395,396,397,398,399,400,401,402,404,405,408,409,410,411,412,413,414,415,416,417,418,419,420,421,422,424,425,431,432,439,443,444,446,461,462,463,464,465,466,467,468,469,470,471,472,473,474,475,476,477,478
P01892_P12901	0.1276595744680851	0.8888888888888888	24,25,26,27,28,29,30,31,32,33,34,35,36,37,38,39,40,41,42,43,44,45,46,47,48,49,50,51,52,53,54,55,56,57,58,59,60,62,66,67,68,70,71,75,82,83,86,88,89,90,93,94,95,96,97,98,99,100,101,102,103,104,105,106,107,108,109,110,111,112,115,116,117,118,119,120,121,122,123,127,129,130,131,132,133,134,136,137,138,139,140,141,142,143,144,145,146,156,162,166,167,169,170,178,179,182,186,190,193,194,211,214,215,216,217,218,219,220,221,222,223,224,225,227,228,229,230,231,232,233,234,235,236,237,239,240,241,242,243,246,250,251,252,253,254,255,256,257,258,259,260,261,262,263,264,265,266,267,271,279,280,281,282,283,284,285,286,287,288,289,290,291,292,293,294,295,296,297	17,18,19,20,21,22,23,24,25,26
P46934_Q05128	0.8235294117647058	0.7777777777777778	855,856,858,859,860,863,864,865,867	7,8,9,10,11,12,13,14
A0A0C5HAL9_Q9UHB7	0.07547169811320754	0.6666666666666666	1,2,3,4,5,6,7,8,9,10,11,12,13,14,15,16,17,18,19,20,21,22,23,24,25,26,27,28,29,30,31,32,33,34,35,36,37,38,39,40,41,42,43,44,45,46,47	51,54,55,58,61,62
P15529_Q772X2	0.14285714285714285	0.574468085106383	40,44,45,46,49,52,53,54,57,58,60,61,62,64,65,67,68,69,70,71,72,73,74,75,76,77,78,81,85,100,101,102,103,104,105,106,107,108,109,110,111,112,113,114,115,116,117,118,119,120,121,123,124,126,127,128,130,131,132,133,134,135,139,171,174,176,177,178,179,180,181,182,183,184,185,187,188,200,202,204,206,207,208,210,211,212,215,237,238,239,241,242,243,244,245,246,247,248,256,257,258,259,260,275	128,129,131,132,143,146,147,154,162,163,164,165,166,167,168,169,170,171,172,173,174,175,181,182,184,187,205,206,207,208,209,217,218,221,222,225,232,233,234,235,236,237,238,239,240,241,242,243,244,248,249,250,251,252,253,254,255,256,257,258,259,260,261,263,265,275,278,279,281,293,308,309,310,311,312,313,314,315,316,317,318,319,320,321,322
P68871_Q2FG07	0.2	0.4461538461538462	1,2,3,4,5,6,12,13,14,15,16,17,18,19,22,23,26,29,30,31,32,33,34,35,36,37,38,39,40,41,43,44,45,47,48,49,50,51,52,53,54,55,58,59,61,62,65,66,69,70,71,77,78,80,81,82,83,84,85,88,89,90,91,92,93,94,95,96,97,98,99,100,101,102,103,104,105,107,108,111,112,115,116,117,118,119,120,121,122,123,124,125,126,127,128,129,130,131,132,133,134,135,136,137,138,139,140,141,142,143,144,145,146	364,365,366,367,368,369,370,371,372,420,422,457,551,554,569,570,571,572,573,592,593,621,628,631,633,635,639,642,644,645,646,648
Q16531_Q80IU5	0.09606986899563319	0.55	2,3,4,5,6,7,9,10,11,12,46,47,48,49,50,51,52,53,54,55,57,64,65,66,67,100,102,103,104,105,106,107,108,109,110,111,112,113,114,115,116,117,118,119,120,121,122,128,132,133,134,135,136,137,138,139,140,151,154,155,156,157,159,160,161,162,164,187,206,211,212,213,214,215,216,217,218,225,252,253,276,306,326,327,334,337,338,341,342,345,355,357,358,359,388,389,391,392,393,394,395,396,397,398,401,428,429,446,447,448,449,450,454,457,458,461,462,464,513,516,517,520,521,659,662,663,664,686,687,692,703,704,705,706,707,708,709,710,811,846,856,858,860,864,870,874,888,890,892,905,926,927,930,934,946,948,949,952,953,954,956,957,958,960,964,969,971,973,974,998,1002,1029,1030,1033,1035,1036,1037,1046,1047,1064,1066,1067,1068,1069,1071,1072,1073,1074,1075,1076,1077,1078,1079,1083,1085,1086,1087,1088,1089,1093,1094,1096,1097,1098,1122,1127,1130,1131,1133,1134,1135,1136,1137,1138,1139	87,88,89,90,91,92,93,94,95,96,97,98,99,100
P03204_P30481	0.09826589595375723	0.53125		25,26,27,28,29,30,31,32,33,34,35,36,37,38,39,40,41,42,43,44,45,46,47,48,49,50,51,52,53,54,55,56,57,58,59,60,62,67,68,71,74,75,78,81,82,83,84,85,86,87,88,89,93,95,96,97,98,99,100,102,103,105,106,107,108,115,116,117,118,119,120,121,122,123,128,129,131,132,134,135,136,137,138,139,140,141,142,143,144,145,146,149,152,153,156,166,168,169,170,173,174,177,182,192,193,194,196,197,214,215,216,217,218,219,220,221,222,223,224,225,226,227,228,229,230,231,232,233,234,235,236,237,238,240,241,242,246,250,251,252,253,254,255,256,257,258,259,260,261,262,263,264,265,266,267,279,280,281,282,283,284,285,286,287,288,289,290,291,292,294,295,296,297
A4GWM6_P12830	0.31645569620253167	0.3787878787878788	37,39,43,44,45,46,47,49,149,150,169,192,209,210,278,366,368,386,448,452	155,156,157,158,159,160,167,170,171,173,174,175,176,177,178,179,181,186,188,189,192,193,194,195,196,197,198,200,201,202,203,204,205,207,208,209,212,221,223,224,227,228,230,231,232,234,241,242,243,244,245,246,247,248,249,250,251,252,253
P01892_P12499	0.09444444444444444	0.6296296296296297	24,25,26,27,28,29,30,31,32,33,34,35,36,37,38,39,40,41,42,43,44,45,46,47,48,49,50,51,52,53,54,55,56,57,58,59,60,62,66,67,68,70,71,75,82,83,86,88,89,90,93,94,95,96,97,98,99,100,101,102,103,104,105,106,107,108,109,110,111,112,115,116,117,118,119,120,121,122,123,127,129,130,131,132,133,134,136,137,138,139,140,141,142,143,144,145,146,156,162,166,167,169,170,178,179,182,186,190,193,194,211,214,215,216,217,218,219,220,221,222,223,224,225,227,228,229,230,231,232,233,234,235,236,237,239,240,241,242,243,246,250,251,252,253,254,255,256,257,258,259,260,261,262,263,264,265,266,267,271,279,280,281,282,283,284,285,286,287,288,289,290,291,292,293,294,295,296,297	902,904
P03167_Q16531	0.09606986899563319	0.55	85,86,87,88,89,90,91,92,93,94,95,96,97,98	2,3,4,5,6,7,9,10,11,12,46,47,48,49,50,51,52,53,54,55,57,64,65,66,67,100,102,103,104,105,106,107,108,109,110,111,112,113,114,115,116,117,118,119,120,121,122,128,132,133,134,135,136,137,138,139,140,151,154,155,156,157,159,160,161,162,164,187,206,211,212,213,214,215,216,217,218,225,252,253,276,306,326,327,334,337,338,341,342,345,355,357,358,359,388,389,391,392,393,394,395,396,397,398,401,428,429,446,447,448,449,450,454,457,458,461,462,464,513,516,517,520,521,659,662,663,664,686,687,692,703,704,705,706,707,708,709,710,811,846,856,858,860,864,870,874,888,890,892,905,926,927,930,934,946,948,949,952,953,954,956,957,958,960,964,969,971,973,974,998,1002,1029,1030,1033,1035,1036,1037,1046,1047,1064,1066,1067,1068,1069,1071,1072,1073,1074,1075,1076,1077,1078,1079,1083,1085,1086,1087,1088,1089,1093,1094,1096,1097,1098,1122,1127,1130,1131,1133,1134,1135,1136,1137,1138,1139
P10845_Q496J9	0.10256410256410256	0.06666666666666667	892,893,900,905,908,910,912,913,914,916,918,919,926,947,951,952,995,999,1013,1027,1029,1033,1074,1085,1086,1087,1106,1185,1191,1192,1209,1216,1248,1251,1252,1254,1265,1266	491
P02787_Q09057	0.056074766355140186	0.05714285714285714	79,80,81,82,83,84,85,86,87,89,90,92,93,101,102,103,112,113,114,147,203,263,264,265,267,282,326,327,330,331,333,335,407,408,409,410,411,412,413,414,415,416,418,419,420,459,540	57,58,59,60,61,62,64,65,68,69,70,71,158,184,188,191,192,205,206,207,208,209,210,218,221,231,234,296,307,338,339,346,348,349,350,353,419,428,430,546,548,549,566,567,568,569,570,571,577,615,616,618,620,622,623,624,625,626,627,672
P30481_Q3KSS8	0.06936416184971098	0.41379310344827586	25,26,27,28,29,30,31,32,33,34,35,36,37,38,39,40,41,42,43,44,45,46,47,48,49,50,51,52,53,54,55,56,57,58,59,60,62,67,68,71,74,75,78,81,82,83,84,85,86,87,88,89,93,95,96,97,98,99,100,102,103,105,106,107,108,115,116,117,118,119,120,121,122,123,128,129,131,132,134,135,136,137,138,139,140,141,142,143,144,145,146,149,152,153,156,166,168,169,170,173,174,177,182,192,193,194,196,197,214,215,216,217,218,219,220,221,222,223,224,225,226,227,228,229,230,231,232,233,234,235,236,237,238,240,241,242,246,250,251,252,253,254,255,256,257,258,259,260,261,262,263,264,265,266,267,279,280,281,282,283,284,285,286,287,288,289,290,291,292,294,295,296,297	
Q6JKR9_Q96MU8	0.02197802197802198	0.09523809523809523	78,79,80,98,99,100,101,103,105,106,131,160,165,166,167,168,169,170,171,184,185,186,187,196,197,198,233,235,236,238,239,240,241,242,243,245,246,247,249,250,251,253,255,266,267,268,269,270,271,272,276,278,293,310,313,314,315,316,317,318,319,320,321,322,323,336,340,341,348,349,351,355,357,358,359,360,371,375,428,429,431,432,481,482,483,497,510,518,526,527,530,534,545,646,682,697,711,751,752,753,754,755,756,757,759,763,764,765,766,767,768,770,773,814,816,818,819,821,822,823,824,825,826,827,833	31,40,44,45,61,62,63,64,65,66,67,68,70,155,161,162,164,166,167,173,174,175,176,177,179,183,184,195,200,202,203,204,206,217,225,228,229,230,237,253,256,260,261,266,268,270,271,273,274,277,281,284,286,306,313,316,317
P01857_P38507	0.13043478260869565	0.21428571428571427	123,137,183,184,187,210,211,230,231,232,233,234,235,236,237,239,246,250,252,253,254,255,256,257,258,259,263,278,286,287,288,289,291,312,314,315,316,317,318,319,320,321,322,323,324,325	
P30685_Q9YYU8	0.12698412698412698	0.8571428571428571	25,26,27,28,29,30,31,32,33,34,35,36,37,38,39,40,41,42,43,44,45,46,47,48,49,50,51,52,53,54,55,56,57,58,59,60,62,67,71,72,74,75,82,83,84,85,86,87,88,89,90,93,95,96,98,99,100,102,103,104,105,106,107,108,109,110,111,112,115,116,117,118,119,120,121,122,123,125,129,131,132,133,134,135,136,137,138,139,140,141,142,143,144,145,146,156,166,168,169,170,174,182,184,185,186,188,189,190,192,193,194,211,214,215,216,217,218,219,220,221,222,223,224,225,226,227,228,229,230,231,232,233,234,235,236,237,238,240,241,242,246,250,251,252,253,254,255,256,257,258,259,260,261,262,263,264,265,266,267,276,279,280,281,282,283,284,285,286,287,288,289,290,291,292,294,295,296,297	70,71,72,73,74,75,76,77,78,79,80
A0A0D6HC73_P11215	0.05673758865248227	0.20512820512820512	72,74,75,76,77,79,80,81,82,86,90,91,93,94,95,97,98,100,130,138,157,158,159,160,169,170,171,172,173,174,175,176,177,191,194,195,197,198,199,200,201,202,205,213,214,216,217,220,225,226,233,234,237,240,241,244,248,249,251,252,253,255,258,259,260,261,262,263,264,265,266,267,268,269,270,271,272,273,274,276,296,300,302,303,304,305,307,310,311,313,329	160,161,162,163,164,165,166,167,168,169,171,176,186,190,191,193,194,195,196,198,199,200,201,202,203,204,219,220,221,223,231,235,236,237,240,261,276,277,280,281,282,284,285,286,287,288,289,290,291,313
P13747_Q0QI92	0.07272727272727272	0.41379310344827586	22,23,24,25,26,27,28,29,30,31,32,33,34,35,36,37,38,39,40,41,42,43,44,45,46,47,48,49,50,51,52,53,54,55,56,57,59,64,65,66,67,68,71,72,75,78,79,80,81,82,83,84,85,88,89,91,92,93,94,95,96,97,99,100,101,102,103,104,105,109,112,113,114,115,116,117,118,119,120,128,129,130,131,132,133,134,135,136,137,138,139,140,141,142,143,144,151,152,153,154,156,157,161,179,183,187,191,208,209,212,213,216,217,218,219,220,221,222,223,224,225,226,227,228,229,230,231,232,233,234,238,247,248,249,250,251,252,253,254,255,256,257,258,259,260,261,262,263,264,268,276,277,280,283,284,285,286,287,288,289,290,291,292,293,294	
P13051_Q936H5	0.34911242603550297	0.9365079365079365	93,109,110,114,120,121,123,127,134,135,136,138,152,153,154,155,156,157,158,159,160,162,169,170,171,172,173,174,175,176,177,179,183,218,220,221,222,223,226,230,240,254,255,256,259,273,274,275,276,277,278,279,280,281,282,283,284,285,286,287,288,290,291,294,298	2,3,4,5,6,7,8,9,10,11,12,13,14,15,16,20,21,22,23,24,25,26,27,28,29,30,31,32,33,34,35,36,37,38,39,40,41,42,43,44,45,46,47,48,49,50,51,52,53,54,55,56,57,58,59,60,61,62,63,64,65,66,67,68,69,70,71,72,73,74,75,76,77,78,79,80,81,82,83,84,85,86,87,88,89,90,91,92,93,94,95,96,97,98,99,100,101,102,103,104,105,106,107,108
Q8WUM4_Q9WC62	0.009900990099009901	0.043478260869565216	60,65,78,81,82,83,85,104,146,147,150,160,161,163,164,167,168,170,171,172,180,181,184,188,195,198,199,200,204,207,208,209,210,211,214,215,218,222,239,241,242,243,245,246,248,249,250,254,256,257,258,261,262,265,266,269,273,289,290,316,338,341,345,346,363,364,367,369,370,371,372,385,386,401,421,433,435,443,445,447,451,454,455,467,468,475,551,555,558,562,593,625,628,632,662,664,665,669,675,676,697	
P13746_R4X2K3	0.12432432432432433	0.8214285714285714	25,26,27,28,29,30,31,32,33,34,35,36,37,38,39,40,41,42,43,44,45,46,47,48,49,50,51,52,53,54,55,56,57,58,59,60,62,66,67,68,70,71,74,75,78,82,83,84,85,86,87,88,89,90,93,94,95,96,97,98,99,100,101,104,105,107,108,112,115,116,117,118,119,120,121,122,130,131,132,133,134,136,137,138,139,140,141,142,143,144,145,146,153,154,156,166,167,168,169,170,182,186,190,194,197,213,214,215,216,217,218,219,220,221,222,223,224,225,226,227,228,229,230,231,232,233,234,235,236,237,238,239,240,241,242,246,250,251,252,253,254,255,256,257,258,259,260,261,262,263,264,265,266,267,271,279,280,281,282,283,284,285,286,287,288,289,290,291,292,293,294,295,296,297	187,188,189,190,191,192,193,194,195,196,197
Q0TR53_Q15750	0.030612244897959183	0.21428571428571427	41,43,44,45,46,47,48,50,52,53,55,84,107,108,156,159,160,161,162,163,164,172,174,175,176,181,183,185,187,188,189,190,191,192,193,194,195,196,200,203,204,226,230,238,239,242,259,260,263,264,267,270,271,273,281,284,285,294,295,296,298,334,336,339,340,344,346,348,350,420,421,422,423,424,425,427,428,429,430,431,432,446,447,448,489,565,568,569,570,571,572,574,575,582,611,612,614,616	
Q6N030_Q993A8	0.03821656050955414	0.375	22,28,44,47,55,56,57,58,59,60,61,63,64,65,66,67,69,71,78,85,88,89,91,94,96,98,104,105,112,121,130,131,132,150,165,166,168,169,170,171,172,173,174,175,176,177,190,191,192,193,194,196,203,205,206,207,208,210	27,28,29,30,31,32,33,34,35,36,37,38,39,40,41,42,43,46,47,49,50,51,52,53,54,55,56,57,58,148,149,150,151,152,153,186,187,188,189,190,191,192,193,194,195,196,202,203,207,209,210,211,212,213,214,215,217,218,219,220,221,272,292,293,294,295,311,312,315,316,318,319,337,369,370,372,373,374,375,376,377,378,379,380,381,382,384,406,410,411,413,418,419,420,421,422,424,426,432
P0DTC2_Q9BYF1	0.036312849162011177	0.3291139240506329	25,27,28,29,30,31,32,33,35,36,37,38,39,40,41,42,43,45,46,57,58,60,61,62,63,64,65,76,77,78,79,80,81,82,83,84,86,87,90,91,95,96,97,98,99,100,101,102,103,104,105,106,107,108,109,110,121,128,143,151,163,166,167,168,169,170,171,172,173,174,175,176,177,178,179,180,181,182,184,185,186,187,188,189,190,191,192,193,194,195,196,199,201,202,203,205,206,213,215,216,217,218,219,220,221,222,223,224,225,226,227,228,229,230,232,233,234,235,236,237,238,240,241,242,243,245,247,257,264,268,270,271,272,274,278,303,305,306,308,309,310,311,312,313,314,316,317,318,319,320,321,322,323,324,325,326,327,328,329,330,331,341,364,368,372,373,375,376,377,378,379,380,381,382,383,384,385,386,387,388,389,391,395,398,399,400,401,402,403,404,405,406,407,408,409,410,411,413,435,436,437,438,439,440,452,456,460,463,464,494,495,498,504,507,508,545,548,556,557,558,559,560,561,562,563,564,565,566,567,568,576,577,579,581,585,586,587,588,621,624,632,642,659,694,705,706,709,710,712,713,714,715,716,717,718,719,720,721,722,723,724,725,726,727,728,729,730,731,764,767,768,769,771,772,774,775,778,779,781,783,784,785,786,787,788,789,791,792,793,796,799,819,820,822,823,827,853,854,857,858,860,861,862,863,864,865,866,867,868,869,871,872,876,877,884,885,886,887,890,893,894,895,896,897,898,899,900,901,903,904,905,908,911,912,913,914,915,916,917,918,919,920,921,922,924,926,930,932,933,934,935,936,937,940,941,943,944,945,946,947,948,949,950,951,952,953,954,956,957,958,959,960,961,962,963,964,965,966,968,969,972,975,976,977,978,979,980,981,982,983,984,987,989,990,992,993,994,995,996,997,999,1000,1001,1002,1003,1004,1005,1006,1007,1008,1009,1010,1011,1012,1013,1014,1015,1016,1017,1018,1037,1039,1040,1041,1044,1046,1047,1049,1050,1051,1052,1053,1054,1055,1056,1057,1063,1065,1066,1068,1106,1107,1108,1109,1110,1111,1112,1113,1114,1115,1116,1117,1118,1119,1120,1121,1123,1124,1125,1126,1127,1128,1140,1143,1144	31,32,33,34,36,37,38,39,40,41,43,44,49,52,53,54,55,56,57,58,59,60,61,68,75,77,78,80,81,82,83,84,85,93,94,95,107,119,162,165,167,176,195,196,197,198,199,200,201,202,203,204,205,206,207,214,218,222,234,268,270,272,273,276,278,280,281,282,283,284,285,296,297,298,299,301,304,305,313,326,327,344,346,347,348,349,350,352,366,368,369,370,371,372,373,374,375,376,377,378,379,380,381,382,383,384,385,386,387,389,392,396,397,399,400,401,407,437,441,477,491,492,493,494,495,496,500,503,504,507,508,509,510,511,512,513,514,515,517,558,561,562,563,565,571,572,602,609,632,633,634,635,636,637,638,639,640,641,642,643,644,645,646,647,648,649,650,651,652,653,654,655,656,657,659,660,661,662,663,664,673,674,675,676,677,678,679,680,681,682,683,685,686,687,688,689,690,691,692,693,694,695,696,697,700,701,703,704,705,707,708,709,710,711,714,715,716,717,718,719,720,721,722,723,724,725,726,727,728,729,730,731,732,733,740,741,742,745,748,749,750,752,753,756,757,758,759,760,761,762,764
P15144_Q1HVL3	0.036544850498338874	0.3548387096774194	69,70,72,73,74,77,80,81,82,84,85,87,88,89,90,91,92,93,94,95,96,97,99,100,102,103,105,106,109,110,175,180,181,182,184,185,187,188,189,192,193,194,195,196,197,198,199,200,201,202,203,204,205,206,207,208,209,210,211,212,213,214,215,220,223,231,232,235,238,239,242,243,245,247,248,249,263,281,298,302,304,305,308,311,312,313,314,315,317,318,319,320,321,322,323,324,326,337,338,339,340,341,342,343,344,345,346,347,348,349,350,351,353,354,355,356,361,362,369,370,371,374,378,379,380,383,384,385,387,388,389,393,394,402,403,407,415,418,419,420,422,423,426,429,430,431,432,433,434,436,437,438,440,441,443,444,445,448,450,451,452,453,454,455,464,468,469,470,471,472,473,474,475,476,477,480,484,485,489,492,506,513,517,541,542,543,544,545,546,547,548,554,555,558,561,562,563,564,565,618,638,653,655,656,657,659,660,661,662,663,665,669,671,672,673,674,675,676,677,703,706,708,709,710,712,732,733,739,740,747,749,750,752,753,754,756,757,758,761,788,789,792,842,843,846,848,850,854,862,863,864,865,866,867,868,869,870,872,873,874,876,877,880,883,884,887,895,896,897,899,900,906,907,908,912,929,933,934,936,937,947,949	316,319,330,332,337,338,345,346,347,350,353,354,355,404,407,408,411,412,415
P15529_P35774	0.13513513513513514	0.6451612903225806	40,44,45,46,49,52,53,54,57,58,60,61,62,64,65,67,68,69,70,71,72,73,74,75,76,77,78,81,85,100,101,102,103,104,105,106,107,108,109,110,111,112,113,114,115,116,117,118,119,120,121,123,124,126,127,128,130,131,132,133,134,135,139	128,129,131,132,143,146,147,154,162,163,164,165,166,167,168,169,170,171,172,173,174,175,181,182,184,187,205,206,207,208,209,217,218,221,222,225,232,233,234,235,236,237,238,239,240,241,242,243,244,248,249,250,251,252,253,254,255,256,257,258,259,260,261,263,265,275,278,279,281,293,308,309,310,311,312,313,314,315,316,317,318,319,320,321,322
P01042_Q8KRB4	0.09090909090909091	0.5		16,20,23,24,28,35,43,46,47,48,49,50,51,52,53,54,55,56,57,59,60,61,64,96,97,98,100,118,119,120,124,125,127,128,129,130,131,132,135,136,138,139,140,143,154,173,177,229,275,302,304,305,307,309,310,311,313,314,322,326,329,330,332,333,334,336,337,350,351,390,391,394,397,398,399,400,401,402,403,406,409,410,414,418,429,430,452,455,460,470,477,478,479,480,481,493,497,509,517,519,521,522,524,525,526,527,528,529,530,531,533,534,542,546,547,549,550,551,553,554,555
G9HS63_Q8N5F4	0.0896551724137931	0.7222222222222222	173,174,176,177,178,179	23,24,25,26,27,28,29,30,31,32,37,45,47,49,50,51,52,53,54,55,56,57,58,59,61,62,63,64,65,66,68,71,72,73,74,75,76,77,78,79,80,81,82,83,84,85,86,88,89,91,93,94,95,96,97,98,99,100,102,103,104,105,106,107,109,110,111,112,113,114,116,117,118,119,126,134,135,136,137,138,139,140,141,143,144,148,149,151,152,153,154,155,156,157,158,159,160,161,162,163,164,168,174,175,179,192,193,194,195,196,197,198,199,200,201,202,203,204,205,206,207,208,209,212,214,216,217,218,219,221,222,223,224,225,226,227,228,229,230
D1MPH2_Q6IPQ0	0.009009009009009009	0.6666666666666666	90,91,93,94,113,115,116,117,118,119,120,121,122,123,124,126,127,128,129,130,131,132,133,134,135,136,137,138,139,140,141,142,143,144,145,161,162,173,181,203,208,212,215,216,218,219,221,225,226,227,228,229,230,231,232,233,234,235,236,237,238,239,240,246,247,249,251,252,253,254,255,256,257,258,259,260,261,262,263,264,265,266,267,268,269,270,271,272,273,274,275,276,277,278,280,281,282,283	23,24,25,29,31,32,34,35,41,51,53,54,55,56,57,58,59,60,61,62,64,65,66,67,68,69,70,74,75,76,77,78,81,82,83,86,89,90,92,94,96,97,98,99,100,101,102,103,104,105,106,107,108,110,111,112,113,114,118,119,120,121,126,129,137,138,139,140,141,142,143,144,146,147,151,152,154,155,156,157,158,159,160,161,162,163,164,165,166,167,171,177,178,182,196,197,198,199,200,201,202,203,204,205,206,207,208,209,210,211,212,215,219,221,222,224,225,226,227,228,229,230,231,232
C5MK56_P03206	0.0903954802259887	0.5517241379310345	25,26,27,28,29,30,31,32,33,34,35,36,37,38,39,40,41,42,43,44,45,46,47,48,49,50,51,52,53,54,55,56,57,58,59,60,62,67,71,72,74,75,82,83,84,85,86,87,88,89,90,93,95,96,98,99,100,102,103,104,105,106,107,108,109,110,111,112,115,116,117,118,119,120,121,122,123,125,129,131,132,133,134,135,136,137,138,139,140,141,142,143,144,145,146,156,166,168,169,170,182,183,186,190,192,193,194,211,214,215,216,217,218,219,220,221,222,223,224,225,226,227,228,229,230,231,232,233,234,235,236,237,238,239,240,241,242,246,250,251,252,253,254,255,256,257,258,259,260,261,262,263,264,265,266,267,276,279,280,281,282,283,284,285,286,287,288,289,290,291,292,294,295,296,297	52,63
P10845_P60880	0.3771186440677966	0.712	2,3,4,5,6,7,8,9,10,11,12,13,14,15,16,17,18,19,20,21,22,23,24,25,27,28,31,32,35,42,43,44,46,47,68,69,70,71,72,73,76,95,96,98,102,105,108,109,110,111,112,113,114,115,116,117,118,121,122,123,125,126,127,128,143,144,160,161,162,164,165,167,169,171,172,176,177,179,184,191,192,193,195,196,197,199,200,201,211,212,214,215,218,222,223,225,226,229,230,232,233,234,236,237,238,239,240,241,242,243,244,245,246,249,250,251,252,253,254,256,257,260,261,265,268,271,272,273,274,275,276,277,278,280,281,282,284,285,286,288,289,292,310,311,312,313,314,315,316,317,318,319,320,321,322,323,330,342,343,344,347,348,352,355,356,362,363,364,365,369,373,383,385,386,387,388,389,391,392,393,400,401,403,404,405,406,407	145,148,149,150,151,152,155,156,158,159,160,161,162,163,164,165,166,167,169,170,171,173,174,175,176,177,178,179,180,181,182,183,184,185,187,188,190,191,192,193,194,195,196,197,198,199,200,201,202
P01903_Q52T95	0.007518796992481203	0.6666666666666666	28,29,30,31,32,33,34,35,36,37,38,39,40,41,42,43,44,45,46,47,48,49,50,51,52,53,54,55,56,57,60,67,68,69,70,71,72,74,75,76,77,78,79,81,82,84,85,86,88,89,90,91,92,93,94,95,96,97,99,100,101,102,103,104,105,107,108,109,112,115,116,117,118,119,120,121,122,123,124,127,130,131,132,133,134,135,136,137,138,139,140,141,142,143,145,146,147,148,149,150,151,152,153,155,157,158,159,160,161,162,163,164,165,166,167,168,169,170,171,172,173,174,176,177,178,179,180,181,182,183,184,185,188,191,192,194,195,196,197,198,199,200,201,202,203,204	3,5,6,7,8,9,10,11,12,13,14,15,16,17,18,19,20,21,23,24,25,28,32,33,35,36,37,38,39,40,41,42,43,44,46,47,50,67,68,78,83,86,87,88,89,92,93,94,95,96,97,99,100,103,107,109,122,123,124,125,126,127,128,129,130,131,132,133,134,135,136,138,139,146,148,149,150,151,152,153,155,156,157,175,176,177,178,179,180,181,182,184,185,186,187,188,189,190,191,192,193,194,195,196,197,198,199,201,203,204,205,206,207,208,209,210,211,212,213,214
P13688_Q8GDI6	0.15671641791044777	0.4117647058823529	34,35,36,37,38,39,40,41,42,43,44,45,48,49,55,64,67,71,72,74,75,76,77,78,79,80,81,82,83,85,86,87,88,89,90,92,93,94,96,97,98,99,100,101,102,103,104,105,106,107,109,110,114,115,118,119,120,121,122,123,124,125,126,127,128,129,130,131,132,136,137,140	79,83,86,91,92,93,94,95,96,97,98,99,100,101,103,104,107,108,111,129,141,142,144,145,169,173,174,181,182,184,185,188,234,235,236,237,238,243,245,247,249,250,253,254,256,257,290,293,297,299,300,301,303,305,307,308,309,363,392,424,426,430
P03300_Q9H3P7	0.3611111111111111	0.22033898305084745		371,373,374,375,376,378,379,382,398,401,402,434,482,491,495,497,500,506,507,508,510,511,513,514,515,516,517,518,519,520,522,523,524,525,526,527
P61077_Q99PZ6	0.1038961038961039	0.6857142857142857	2,3,4,5,9,12,14,16,17,18,19,20,21,22,23,24,25,26,27,28,29,30,31,32,33,34,35,36,37,38,39,40,41,42,43,44,45,46,47,48,49,50,51,52,54,56,57,58,59,60,61,62,63,64,65,66,67,68,69,70,71,72,73,74,75,76,77,78,79,80,81,82,83,85,86,87,88,89,90,91,92,93,94,95,96,97,100,103,104,107,108,110,111,112,113,114,115,116,117,118,120,121,122,124,125,126,129,130,131,132,133,134,135,136,137,138,139,140,141,142,143,144,145,146	25,26,27,28,29,30,31,32,33,34,35,36,37,38,39,41,42,57,59,60,61,62,63,64,65,66,67,69,70,73,74,75,76,77,78,79,81,82,83,84,85,86,87,89,90,94,96,97,98,99,100,101,114,117,118,121,122,125,135,136,137,138,139,140,141,142,143,145,146,148,149,150,152,153,156,157,158,161,164,165,168,169,171,172,173,174,175,176,177,178,179,180,181,182,183,184,185,186,187,188,189,190,191,192,193,194,195
A0A2A4GXB5_P05164	0.15017064846416384	0.7096774193548387	27,28,29,30,31,32,33,34,35,36,37,38,39,40,41,42,43,44,45,46,47,48,49,50,51,52,53,54,55,56,57,58,65,66,67,68,69,70,71,72,73,74,75,76,77,78,79,80,81,82,83,84,85,86,87,88,89,90,91,92,93,94,95,96	182,183,185,186,187,191,192,194,195,196,197,198,199,201,202,206,209,210,211,212,213,214,215,216,217,218,219,221,227,232,233,234,235,236,237,239,240,241,243,244,245,246,247,249,251,254,263,264,266,267,268,269,270,289,291,292,315,316,317,318,319,320,322,323,324,326,327,328,329,330,331,332,333,334,335,336,337,338,339,340,341,342,343,344,345,346,347,348,349,350,351,353,354,355,357,358,373,403,404,406,407,408,409,410,411,412,414,415,416,417,418,419,420,434,435,436,437,438,439,440,441,442,443,444,446,447,449,450,452,453,454,455,457,458,459,472,473,474,475,477,478,479,481,486,488,489,490,491,492,493,497,498,499,503,505,506,507,509,510,514,534,535,538,539,542,549,550,553,554,555,556,557,558,559,561,562,568,570,571,572,573,574,575,576,577,578,579,580,581,582,583,584,585,587,588,589,591,601,603,604,605,615,620,621,623,624,625,627,628,631,633,649,650,651,652,653,654,655,676,678,687,688,690,691,707,708,718,722,726
Q9BXH1_Q9DHU6	0.2222222222222222	0.6382978723404256	132,136,137,139,140,141,143	3,4,5,6,7,8,9,10,11,12,13,14,15,16,17,18,19,20,21,22,23,24,25,26,27,28,29,30,31,32,33,34,37,38,40,41,42,43,44,45,46,47,48,49,50,51,52,53,54,55,56,57,58,59,62,63,64,65,66,67,68,69,70,71,72,73,74,75,76,77,78,79,80,81,82,83,84,85,86,87,88,89,90,91,92,93,94,96,97,98,99,101,102,105,106,107,109,110,111,112,113,114,115,116,117,118,119,120,121,122,123,124,125,126,127,129,130,131,132,133,134,135,136,137,138,139,140,141
P68036_Q3YTH2	0.12735849056603774	0.75	2,3,4,5,6,7,8,9,10,11,12,13,14,21,22,24,25,26,27,28,29,30,31,32,33,34,35,36,37,38,39,40,41,42,43,44,45,46,50,51,53,55,56,57,58,59,60,61,62,63,64,65,66,67,69,70,72,73,74,77,81,82,83,84,85,86,87,88,89,90,91,92,93,94,95,96,97,98,99,100,102,103,106,107,108,109,110,111,112,113,114,115,116,117,118,119,120,121,122,123,128,132,135,142,143,145,146,150	25,26,27,28,29,30,31,32,33,34,35,36,37,38,39,41,42,57,59,60,61,62,63,64,65,66,67,69,70,73,74,75,76,77,78,79,81,82,83,84,85,86,87,89,90,94,96,97,98,99,100,101,114,117,118,121,122,125,135,136,137,138,139,140,141,142,143,145,146,148,149,150,152,153,156,157,158,161,164,165,168,169,171,172,173,174,175,176,177,178,179,180,181,182,183,184,185,186,187,188,189,190,191,192
O14646_Q38SQ2	0.23529411764705882	0.23529411764705882	285,286,294,320,321,322,323,324,328,330,331,332,372,373,375,384	226
A0A129J378_Q9GZQ8	0.06015037593984962	0.7272727272727273	11,12,13,14,15,16,17,18,19,20,21,22,24,25,26,27,28	4,5,6,7,8,9,10,11,12,13,14,15,16,17,18,19,20,21,22,23,24,25,26,27,28,29,30,31,32,33,34,35,36,37,38,39,40,41,42,43,44,45,46,47,48,49,50,51,52,53,54,55,56,57,58,59,60,61,62,63,64,65,66,67,68,69,70,71,72,73,74,75,76,77,78,79,80,81,82,83,84,85,86,87,88,89,90,91,92,93,94,95,96,97,98,99,100,101,102,103,104,105,106,107,108,109,110,111,112,113,114,115,116,117,118,119
P03407_P08631	0.2523364485981308	0.8709677419354839	66,67,68,69,70,71,72,73,74,75,76,77,78,79,80,81,82,83,84,85,86,88,89,90,91,92,93,94,95,96,97,98,99,100,101,102,103,104,105,106,107,108,109,110,111,112,114,115,116,117,118,119,120,121,122,123,124,125,126,127,128,129,130,131,132,133,134,135,136,137,138,139,140,141,142,143,144,145,146,147,148,149,150,152,164,165,166,167,168,169,170,171,172,173,174,175,176,177,178,179,180,182,183,185,186,187,188,189,190,191,192,193,194,195,196,197,198,199,200,201,202,203,204,205,206,207,208	85,86,87,88,89,90,91,92,93,94,95,96,98,99,107,108,110,111,112,113,114,115,117,123,124,125,126,127,128,129,130,131,132,133,134,135,136,138,139,141,142,143,144,145,146,147,148,149,150,151,152,154,155,156,158,159,162,163,167,169,170,171,172,173,174,175,176,177,179,180,186,195,196,197,198,200,202,207,208,209,210,211,212,215,225,231,232
Q5ZUV9_Q9GZQ8	0.04436860068259386	0.65	24,25,26,27,28,43,48,49,50,53,56,59,60,66,67,68,69,70,71,72,73,74,75,76,77,78,79,81,82,83,85,86,93,94,99,101,111,115,118,119,122,123,124,125,126,141,144,145,154,158,159,160,161,162,163,164,168,171,175,178,179,180,181,182,183,192,193,195,196,197,198,199,200,201,202,203,206,207,208,209,210,211,212,213,214,215,216,228,229,231,232,233,234,235,236,237,238,239,240,241,242,243,244,246,247,248,250,251,254,255,256,257,271,272,273,274,275,276,277,278,279,280,281,282,283,284,285,286,287,288,289,290,291,292,295,297,307,311,315,318,319,320,321,322,323,324,326,327,335,338,352,353,354,355,356,357,358,359,362,366,367,368,369,370,371,374,375,390,391,392,394,396,400,401,403,406,407,427	4,5,6,7,8,9,10,11,12,13,14,15,16,17,18,19,20,21,22,23,24,25,26,27,28,29,30,31,32,33,34,35,36,37,38,39,40,41,42,43,44,45,46,47,48,49,50,51,52,53,54,55,56,57,58,59,60,61,62,63,64,65,66,67,68,69,70,71,72,73,74,75,76,77,78,79,80,81,82,83,84,85,86,87,88,89,90,91,92,93,94,95,96,97,98,99,100,101,102,103,104,105,106,107,108,109,110,111,112,113,114,115,116,117,118
O00629_P0C1C7	0.1888412017167382	0.6376811594202898	84,87,88,91,92,95,96,98,99,101,102,103,104,105,106,123,124,125,126,128,129,131,132,133,135,136,137,138,139,140,141,142,143,144,145,146,147,148,149,150,151,154,159,163,166,167,168,169,170,171,174,175,178,179,181,182,183,184,185,186,187,188,189,190,191,192,193,206,212,213,214,215,216,217,218,221,224,225,228,229,230,232,240,247,248,249,251,256,258,259,260,263,265,266,267,268,269,270,271,273,274,275,276,277,278,279,280,281,283,284,290,291,292,293,294,295,296,297,298,301,305,308,309,310,311,312,313,314,315,316,317,318,319,320,321,322,340,343,344,347,348,349,350,351,352,353,354,355,356,357,358,359,360,361,362,363,364,365,366,367,368,370,371,374,381,385,386,389,391,392,393,394,395,396,397,398,399,400,401,402,403,404,405,408,422,423,424,425,426,427,428,429,430,431,432,434,435,436,437,438,439,440,442,444,446,448,449,451,452,453,454,455,458,459,462,463,465,466,469,470,472,473,475,477,478,479,480,481,482,483,484,485,486	
P01892_Q03463	0.09550561797752809	0.5666666666666667	24,25,26,27,28,29,30,31,32,33,34,35,36,37,38,39,40,41,42,43,44,45,46,47,48,49,50,51,52,53,54,55,56,57,58,59,60,62,66,67,68,70,71,75,82,83,86,88,89,90,93,94,95,96,97,98,99,100,101,102,103,104,105,106,107,108,109,110,111,112,115,116,117,118,119,120,121,122,123,127,129,130,131,132,133,134,136,137,138,139,140,141,142,143,144,145,146,156,162,166,167,169,170,178,179,182,186,190,193,194,211,214,215,216,217,218,219,220,221,222,223,224,225,227,228,229,230,231,232,233,234,235,236,237,239,240,241,242,243,246,250,251,252,253,254,255,256,257,258,259,260,261,262,263,264,265,266,267,271,279,280,281,282,283,284,285,286,287,288,289,290,291,292,293,294,295,296,297	
P0C1C7_P31947	0.1079136690647482	0.7894736842105263		3,4,5,6,7,8,9,10,11,12,13,14,15,16,17,18,19,20,21,22,24,25,26,29,47,48,49,51,52,53,54,55,56,57,58,59,60,61,62,63,64,65,66,83,84,90,115,116,117,118,119,120,121,123,124,125,126,127,128,129,130,132,141,142,143,144,146,147,148,150,151,152,154,155,156,157,158,159,160,161,162,163,164,165,166,167,168,169,170,172,173,174,175,176,177,178,179,180,181,182,183,184,185,186,187,194,197,198,199,201,202,203,204,205,206,207,208,209,210,211,212,213,214,215,216,217,218,219,220,221,222,223,224,225,226,227,228,229,230
P78423_Q7TDW8	0.1348314606741573	0.5217391304347826	49,57,59,60,62,63,65,66,67,68,69,70,71,72,73,74,75,76,77,80,83,85,87,88	208,211,212,213,214,215,216,217,218,219,220,221,222,223,224,225,226,227,228,229,230,231,232,233,234,236,272,274,275,278,279,280,281,282,283,284,285,286,287,288,289,290,291,292,293,294,295,296,297,299,300,301,302,303,304,305,306,307,308,309,310,311,312,313,314
P0ABE7_P50052	0.03007518796992481	0.4444444444444444	29,30,31,32,33,34,35,36,37,38,39,40,42,43,44,45,46,47,48,49,50,51,52,53,54,55,56,57,58,59,60,88,89,90,91,92,93,94,95,96,97,98,99,100,101,102,103,104,105,106,107,108,109,111,112,113,114	51,54,58,62,87,90,91,92,93,96,97,98,99,101,102,103,105,106,110,114,115,117,119,120,121,122,123,124,126,127,128,132,133,135,136,137,139,140,141,142,143,144,145,146,147,148,149,150,151,152,153,154,178,179,180,181,184,185,186,187,188,189,190,191,198,276,278,282,295,296,299,300,303,307,310,319
P13051_P14739	0.31654676258992803	0.9361702127659575	93,109,110,114,120,121,123,127,134,135,136,138,152,153,154,155,156,157,158,159,160,162,169,170,171,172,173,174,175,176,177,179,183,218,220,221,222,223,226,230,240,254,255,256,259,273,274,275,276,277,278,279,280,281,282,283,284,285,286,287,288,290,291,294,298	2,3,4,5,6,7,8,9,10,11,12,13,14,15,16,17,18,19,20,21,22,23,24,25,26,27,28,29,30,31,32,33,34,35,36,37,38,39,40,41,42,43,44,45,46,47,48,49,50,51,52,53,54,55,56,57,58,59,60,61,62,63,64,65,66,67,68,69,70,71,72,73,74,75
O14646_T2F8K6	0.1875	0.17647058823529413	285,286,294,320,321,322,323,324,328,330,331,332,372,373,375,384	
P01857_P19909	0.1836734693877551	0.3103448275862069	123,137,183,184,187,210,211,230,231,232,233,234,235,236,237,239,246,250,252,253,254,255,256,257,258,259,263,278,286,287,288,289,291,312,314,315,316,317,318,319,320,321,322,323,324,325	403,413,415
P62330_Q7DB50	0.12840466926070038	0.8461538461538461	13,14,15,16,17,18,20,21,22,23,25,26,27,29,30,31,32,33,34,35,36,37,38,39,40,41,42,43,44,45,46,47,48,49,50,51,52,53,54,57,61,62,63,64,65,66,67,68,69,70,71,72,73,74,75,76,77,78,79,80,92,94,95,96,97,99,101,102,105,106,108,109,110,111,112,113,115,116,117,119,121,123,124,125,126,127,128,129,130,131,132,133,134,135,136,137,138,139,140,141,142,143,144,145,146,147,148,149,150,151,152,153,154,155,156,157,159,161,162,163,164,165,166,167,168,169,170,171,172	62,70,73,74,75,76,77,78,79,80,81,82,83,84,85,86,87,88,89,90,91,93,94,95,96,97,98,99,100,101,102,105,106,109,110,112,113,114,115,116,117,118,119,129,137,138,139,140,141,142,143,144,145,146,147,148,149,150,151,152,153,154,155,156,157,184,185,190,191,192,193,195,196,197,198,202,206,207,213,214,216,217,218,219,239,242,244,253,261,276,291,292,294,295,296,297,298,299,300,303,305,324,325,331,332,333,334,335,336,337,338,339,340,341,342,343,344,345,346,347,348,352,353,376,383,386,387,390
Q96HN0_Q9YIV0	0.20454545454545456	0.72	160,161,162,163,164,165,166,167,168,169,170,171,172,173,174,175,176,177,178,179	10,11,14,17,18,31,32,33,35,36,38,39,43,46,47,48,50,51,52,53,54,55,56,57,58,59,60,61,62,66,69,70,73,74,75,76,77,78,79,82,83,85,86,88,89,90,91,92,93,94,95,98,99,114,115,117,120,123,124,129,130,133,153,154,160,161,166,177
P08174_Q9QP24	0.023255813953488372	0.7272727272727273	51,54,55,58,62,68,69,108,109,110,111,112,113,114,115,116,117,118,119,120,121,122,123,124,125,126,127,129,130,132,133,134,135,136,137,138,169,170,172,173,174,175,176,177,178,179,180,181,182,183,184,185,186,187,188,189,190,191,192,193,194,196,202,204,205,208,211,212,220,223,238,239,241,242,243,244,245,246,247,256,257,258,259,260,261,262,263,264,265,266,267,268,269,275,279	10,11,12,13,14,15,16,17,18,26,27,28,29,30,31,32,33,34,35,36,37,38,39,40,41,42,43,44,45,46,47,48,49,50,51,52,53,54,55,56,57,58,59,60,61,62,63,64,65,66,67,68,69,70,71,72,73,74,75,76,77,78,79,80,81,82,83,84,85,86,87,88,89,90,92,93,97,98,99,100,101,102,103,104,105,106,107,108,109,110,111,112,113,114,115,116,117,118,119,120,121,122,123,124,125,126,127,128,129,130,131,132,133,134,135,136,137,138,139,140,141,142,143,144,145,146,147,148,149,150,151,152,153,154,155,156,157,158,159,160,161,162,163,164,165,166,167,168,169,170,171,172,173,174,175,176,177,178,179,180,181,182,183,184,185,186,187,188,189,190,191,192,193,194,195,196,197,198,199,200,201,202,203,204,205,206,207,208,209,210,211,212,214,215,217,219,221,222,223,224,225,226,228,229,230,231,232,233,234,235,236,237,238,239,240,241,242,243,244,245,246,247,248,249,250,251,252,253,254,255,256,257,258,262,264,265,266,267,270,274,277,278,279,280,281,282,283,284,285
P08411_Q9UN86	0.15714285714285714	0.5238095238095238		2,4,5,6,7,8,9,10,12,13,16,17,18,19,20,21,23,24,26,27,28,30,31,32,33,34,35,36,38,39,40,41,42,55,77,78,79,80,81,82,84,85,86,87,89,90,91,92,93,94,95,96,97,98,108,109,110,112,116,120,122,123,124,126,127,128,129,130,131,132
P01730_Q1PHM6	0.1111111111111111	0.2765957446808511	51,52,53,67,68,82,83,86,87,88,90,91,93,94,95,96,97,99,101,102,103,104,106,107,109,111,130,131,133,134	89,90,91,92,93,94,95,96,97,98,99,100,101,102,103,104,105,106,107,108,109,110,111,112,113,114,115,116,119,198,201,202,204,205,206,207,208,228,235,241,243,244,248,249,256,259,260,262,263,264,265,266,268,270,271,272,274,275,279,280,282,346,358,362,363,367,419,422,425,426,430,433,467,468,469,470,471,472,480,481,483,485,487,489,490,491,492
P02679_Q2G015	0.20588235294117646	0.34146341463414637	425,426	230,234,235,238,240,241,242,243,245,249,251,252,255,259,260,261,262,263,284,285,286,287,288,292,293,296,297,303,307,308,309,311,315,316,318,320,321,322,323,325,327,329,335,337,338,356,379,380,382,383,384,385,386,393,394,397,398,401,447,454,461,463,465,471,520,522
P04229_P04664	0.16393442622950818	1.0	30,31,32,33,34,35,36,37,38,39,40,41,42,43,44,45,46,47,48,49,50,51,53,54,55,56,57,58,59,60,61,62,63,64,66,67,68,71,72,73,74,75,76,77,78,79,80,81,83,84,85,88,89,92,93,94,95,96,97,98,99,100,105,106,108,109,110,111,112,113,114,115,116,117,118,119,120,121,122,125,126,128,129,130,131,132,133,134,135,136,137,138,139,140,141,142,143,144,145,146,147,148,149,150,151,152,153,154,155,156,157,158,159,160,161,162,164,165,166,167,169,170,171,172,173,174,175,176,177,178,179,180,181,182,183,184,185,186,187,188,189,190,191,192,193,194,195,196,197,198,199,200,201,202,203,204,205,206,207,208,209,210,211,212,213,214,215,216,217,218	305,306,307,308,309,310,311,312,313,314,315,316,317
P30460_Q3KST2	0.1092896174863388	0.6060606060606061	24,25,26,27,28,29,30,31,32,33,34,35,36,37,38,39,40,41,42,43,44,45,46,47,48,49,50,51,52,53,54,55,56,57,58,59,60,62,67,68,71,72,73,74,75,82,83,84,85,86,87,89,90,93,94,95,96,97,98,99,100,101,102,104,105,107,108,109,110,111,112,114,115,116,117,118,119,120,121,122,126,129,131,134,135,136,137,138,139,140,141,142,143,144,145,146,147,151,152,153,154,155,156,157,159,160,166,167,168,169,170,182,186,190,194,214,215,216,217,218,219,220,221,222,223,224,225,226,227,228,229,230,231,232,233,234,235,236,237,238,239,240,241,242,246,250,251,252,253,254,255,256,257,258,259,260,261,262,263,264,265,266,267,279,280,281,282,283,284,285,286,287,288,289,290,291,292,294,295,296,297	324,332
P0DP24_Q5ZTK6	0.20440251572327045	0.6132075471698113	3,4,5,6,7,8,9,10,11,12,13,14,15,16,17,18,19,20,21,22,23,24,27,31,32,35,36,37,38,39,40,41,42,43,44,47,48,50,51,52,54,55,56,58,59,63,64,65,66,67,68,69,70,71,72,73,74,75,76,77,78,79,80,83,84,85,86,87,88,89,90,91,92,94,95,99,100,104,105,106,107,108,109,110,111,112,113,114,115,116,117,119,120,121,122,123,124,125,126,127,128,129,130,131,132,133,134,135,136,137,138,139,140,141,142,143,144,145,146,147	117,118,119,120,121,122,123,124,125,126,127,128,129,130,131,132,133,134,135,136,137,138,139,140,141,142,143,144,145,146,162,166,170,171,175,200,201,202,203,204,205,206,207,208,209,210,211,212,213,214,217,221,226,228,231,233,235,236,238,240,241,242,243,244,245,257,258,259,260,261,262,263,264,265,266,267,268,276,279,280,281,282,284,299,311,339,340,343,344,345,347,348,349,351,386,401,402,404,407,459,478,479,481,482,483,485,506,530,531,535,541,543,544,546,547,560,561,562,570,571,572,574,575,591,616,618,619,620,622,623,634,642,645,647,650,653,654,655,656,657,659,665,666,673,674,675,676,677,678,679,680,683,685,693,698,700,701,704,707,709,731,732,733,734,735,736,737,738,740,741,742,743,744,745,748,756,757,758,759,760,761,765,766,768,769,776,783,784,785,824,825,827,828,829,841,842,843,844
P05534_Q9YYU3	0.16201117318435754	0.7435897435897436	25,26,27,28,29,30,31,32,33,34,35,36,37,38,39,40,41,42,43,44,45,46,47,48,49,50,51,52,53,54,55,56,57,58,59,60,62,66,67,68,70,71,75,82,83,85,86,87,89,90,91,93,94,95,96,98,99,100,102,103,105,106,107,108,115,116,117,118,119,120,121,122,123,125,126,131,134,135,136,137,138,139,140,141,142,143,144,145,146,156,160,166,168,169,170,182,186,193,194,196,197,198,213,214,215,216,217,218,219,220,221,222,223,224,225,226,227,228,229,230,231,232,233,234,235,236,237,238,239,240,241,242,246,250,251,252,253,254,255,256,257,258,259,260,261,262,263,264,265,266,267,271,279,280,281,282,283,284,285,286,287,288,289,290,291,292,293,294,295,296,297	142,143,144,145,146,147,149,151
P01024_Q931M7	0.15602836879432624	0.4731182795698925	28,31,32,33,34,35,36,38,39,40,43,44,121,124,128,129,130,132,145,146,147,148,149,153,170,172,192,195,196,199,202,203,206,217,222,224,225,226,228,229,243,269,272,274,276,277,280,281,285,288,330,331,332,333,334,335,336,337,338,339,344,346,352,365,367,368,369,370,372,374,377,378,379,381,382,384,385,441,444,445,448,465,469,507,509,510,511,513,514,526,528,529,551,558,559,562,587,588,589,591,595,760,761,763,768,770,772,801,802,803,804,833,835,836,837,840,842,843,847,849,850,851,853,854,893,896,897,898,900,901,902,916,917,918,919,936,1006,1007,1008,1009,1010,1011,1012,1013,1014,1015,1016,1017,1018,1052,1054,1055,1056,1058,1059,1085,1087,1089,1090,1092,1093,1097,1116,1117,1120,1122,1124,1125,1126,1128,1129,1183,1184,1219,1227,1265,1266,1402,1408,1409,1410,1420,1424,1427,1464,1468,1469,1470,1471,1472,1556,1557,1558,1560,1626,1630,1656,1657,1658,1659,1660,1661	34,35,36,37,38,39,40,41,42,43,44,45,47,48,49,50,51,52,53,54,55,56,57,58,59,60,61,62,63,64,65,66,67,68,69,70,71,72,73,74,75,76,77,78,79,80,81,82,83,84,85,86,87,88,89,90,91,92,93,94,95,96,97,98,99,100,101,102,103,104,105,106,107,108,109,110,111,112,114,115
P01730_Q0ED31	0.1111111111111111	0.28	51,52,53,67,68,82,83,86,87,88,90,91,93,94,95,96,97,99,101,102,103,104,106,107,109,111,130,131,133,134	74,75,76,78,79,80,81,82,83,85,86,87,88,89,90,91,92,93,94,95,96,97,98,102,103,105,106,107,109,110,113,114,119,203,204,207,208,209,210,211,212,218,220,221,234,250,261,262,265,266,268,269,270,272,274,276,291,300,302,330,356,359,360,361,362,363,364,366,367,420,421,424,425,427,428,429,430,431,432,457,458,459,460,461,462,463,464,465,469,470,471,472,473,475,476,477
B7UI21_Q13158	0.10416666666666667	0.39215686274509803	27,28,29,30,31,32,33,34,35,36,37,38,39,40,41,43,44,45,46,47,48,49,52,55,56,65,67,68,69,71,72,73,74,75,76,77,78,79,80,81,82,83,84,85,86,92,93,94,95,96,97,98,99,100,102,103,106,113,115,116,117,118,119,120,121,122,123,124,125,126,130,134,157,158,159,162,179,183,185,186,187,188,192,194,195,196,198,199,218,220,222,223,224,225,226,227,228,229,230,231,232,233,234,235,236,237,238,239,240,241,243,244,245,259,260,261,262,263,264,266,267,268,270,277,278,279,280,281,282,283,284,285,286,288,289,290,291,292,293,294,296,311,312,313,314,315,316,317,318,319,320,321,322,323,328	101,102,104,105,107,108,109,110,111,112,113,114,115,116,117,128,131,132,136,139,140,147,160,164,165,167,168,169,170,171,172,173,174,175,176,178,179
B7UM99_P16333	0.3611111111111111	0.48148148148148145		281,285,287,288,289,290,292,293,295,296,307,308,309,310,311,312,313,314,315,316,317,327,328,329,330,338,341,342,343,344,345,355,359,360,361,362
Q15843_Q63KH5	0.25257731958762886	0.875	0,1,2,3,4,5,6,7,8,9,10,11,12,13,14,15,16,17,18,19,20,21,22,23,24,25,26,27,28,29,30,31,32,33,34,35,36,37,38,39,40,41,42,43,44,45,46,47,48,49,50,51,52,53,54,55,56,57,58,59,60,61,62,63,64,65,66,67,68,69,70,71,72	88,91,92,94,95,98,102,105,106,107,108,109,110,111,112,114,116,117,118,119,120,121,122,125,126,127,128,129,130,131,132,135,136,137,138,139,140,141,142,145,146,147,148,149,150,151,152,153,154,156,157,158,160,164,168,169,170,171,172,175,176,178,179,180,186,204,205,206,207,208,209,210,211,212,213,214,215,216,217,224,225,227,228,229,230,231,232,233,242,243,244,245,246,247,249,250,254,257,258,259,260,263,264,266,267,268,270,271,272,273,274,275,276,278,279,280,283,284,286,287,318
O43521_O57173	0.2867132867132867	1.0	142,143,144,145,146,147,148,149,150,151,152,153,154,155,156,157,158,159,160,161,162,163	50,51,52,53,54,55,56,57,58,59,60,61,62,63,64,65,66,67,68,69,70,71,72,73,74,75,76,77,78,79,80,81,82,84,88,92,93,94,95,96,97,98,99,100,101,102,103,104,105,106,107,108,109,110,111,112,113,114,115,116,117,118,119,120,121,122,123,125,126,127,128,129,130,131,134,135,136,137,138,139,140,141,142,143,144,145,146,147,149,150,151,152,153,154,155,156,157,158,159,160,163,165,166,167,168,169,170,171,172,173,174,175,176,177,178,179,180,181,182,183,184
P03366_P43629	0.06201550387596899	0.6666666666666666	244,245,248	26,27,28,29,30,31,32,33,34,35,36,37,39,40,53,54,57,58,64,65,66,69,70,71,72,73,74,75,76,77,78,79,80,81,82,83,86,95,97,98,99,100,101,102,103,105,107,111,121,122,123,124,125,126,127,128,129,130,131,134,138,144,148,149,151,152,153,155,156,159,178,179,180,181,182,183,184,185,186,193,195,198,199,200,201,202,203,204,205,206,210,211,219,220,222,223,224,226,227,228,229,246,248,249,275,276,278,279,280,281,282,283,286,296,297,298,299,300,301,302,303,305,306,307,308,309
P13198_Q13114	0.2112676056338028	0.6818181818181818		401,404,405,408,409,412,413,435,436,437,438,439,440,441,442,443,444,445,456,458,459,460,461,462,463,464,465,466,468,469,470,473,480,481,484,500,504,505,506,507,508,509,510,511,512,513,514,515,516,517,518,519,520,529,530,531,532,533,534,535,536,538,539,547,554,556,557,558,560,561,562
P63000_Q51451	0.18681318681318682	0.5964912280701754	1,2,3,4,6,7,8,10,11,12,13,14,15,16,18,19,20,21,22,23,24,25,26,27,28,29,30,31,32,33,34,35,36,37,38,39,40,41,42,43,44,45,46,47,54,55,56,57,58,59,60,61,62,63,64,65,66,67,68,69,70,71,72,73,81,83,84,85,86,87,88,89,90,91,93,94,95,96,97,98,99,101,102,103,105,116,117,118,119,121,122,125,138,139,140,141,142,143,144,145,146,147,148,149,150,151,152,153,154,155,156,157,158,159,160,161,162,163,164,165,166,167,168,169,170,171,172,173,174,175	102,103,106,132,133,134,136,137,139,140,141,145,149,159,160,161,162,164,165,166,168,169,170,171,172,173,178,180,181,182,183,184,195,198,199,200,201,202,203,204,205,208,209,210,212,213,216,219,220,223,226,227
P63000_Q05608	0.18181818181818182	0.6451612903225806	0,1,2,3,4,6,7,8,10,11,12,13,14,15,16,18,19,20,21,22,23,24,25,26,27,28,29,30,31,32,33,34,35,36,37,38,39,40,41,42,43,44,45,46,47,54,55,56,57,58,59,60,61,62,63,64,65,66,67,68,69,70,71,72,73,81,83,84,85,86,87,88,89,90,91,93,94,95,96,97,98,99,101,102,103,105,116,117,118,119,121,122,125,138,139,140,141,142,143,144,145,146,147,148,149,150,151,152,153,154,155,156,157,158,159,160,161,162,163,164,165,166,167,168,169,170,171,172,173,174,175,176,177,178	493,496,500,501,502,504,505,507,508,510,587,588,589,590,591,592,593,594,595,596,598,600,602,603,604,605,606,607,610,611,620,621,624,625,627,628,629,630,631,634,637,640,641,642,645,656,659,660,661,662,663,664,667,669,670,671,672,673,674,675,678,682,683,690,705,706,709,710,712,713,714,716,717,718,719,720,721,722,723,724,725,726,727,728,729,730
P0DOX7_P17763	0.03731343283582089	0.29411764705882354	2,3,4,5,6,7,8,9,10,11,12,13,14,15,16,17,18,19,20,21,23,26,27,28,31,32,33,34,35,36,37,38,39,40,41,42,43,44,45,48,51,53,55,56,57,58,59,60,61,63,64,65,66,67,68,69,70,71,72,73,74,75,76,77,78,79,80,81,82,83,84,85,86,87,88,92,97,98,99,100,101,102,113,114,115,116,117,118,119,120,121,122,123,126,130,132,134,135,136,137,138,139,140,141,142,144,147,172,173,174,175,176,177,179,180,191,192,193,194,196,197,198,199,200,201,202,203,204,205,206,207,208,209,210	
P05362_Q7T7N6	0.046153846153846156	0.23076923076923078	30,31,38,53,56,57,60,61,62,63,65,84,85,86,87,88,89,90,92,93,94,95,96,99,109,110,120,123,124,175,176,179,238,239,241,242,243,246,248,250,251,257,258,309,314,396,417,419,420,421,422,423,425,436,438,439,440,442,443,444,448,449,451,457,464	79,80,98,100,101,103,105,106,139,165,166,168,171,183,184,185,186,187,188,197,210,213,260,261,263,264,265,266,267,279,280,281,282,283,284,291,292,331,332,383,384,385,386,393,408,436,438,441,445,446,459,460,475,476,497,498,499,500,501,502,508,509,540,544,548
P01889_P12478	0.12886597938144329	0.8620689655172413	24,25,26,27,28,29,30,31,32,33,34,35,36,37,38,39,40,41,42,43,44,45,46,47,48,49,50,51,52,53,54,55,56,57,58,59,60,62,67,68,71,72,73,74,75,76,78,82,83,85,86,88,89,90,93,94,95,96,97,98,99,100,102,103,104,105,107,108,109,110,111,112,114,115,116,117,118,119,120,121,122,123,125,126,129,131,134,135,136,137,138,139,140,141,142,143,144,145,146,147,151,152,153,154,155,156,157,160,166,167,168,169,170,174,179,182,190,194,214,215,216,217,218,219,220,221,222,223,224,225,226,227,228,229,230,231,232,233,234,235,236,237,238,239,240,241,242,246,250,251,252,253,254,255,256,257,258,259,260,261,262,263,264,265,266,267,276,279,280,281,282,283,284,285,286,287,288,289,290,291,292,294,295,296,297	77,78,79,80,81,82,83,84,85
P01903_P0A0L3	0.08778625954198473	0.8518518518518519	28,29,30,31,32,33,34,35,36,37,38,39,40,41,42,43,44,45,46,47,48,49,50,51,52,53,54,55,56,57,60,67,68,69,70,71,72,74,75,76,77,78,79,81,82,84,85,86,88,89,90,91,92,93,94,95,96,97,99,100,101,102,103,104,105,107,108,109,112,115,116,117,118,119,120,121,122,123,124,127,130,131,132,133,134,135,136,137,138,139,140,141,142,143,145,146,147,148,149,150,151,152,153,155,157,158,159,160,161,162,163,164,165,166,167,168,169,170,171,172,173,174,176,177,178,179,180,181,182,183,184,185,188,191,192,194,195,196,197,198,199,200,201,202,203,204	40,41,42,43,44,45,46,47,48,49,50,51,52,53,54,55,56,57,58,59,60,61,62,63,65,66,67,68,70,74,76,77,78,79,80,82,83,84,87,93,95,113,114,115,116,117,118,120,121,122,137,138,155,158,160,161,162,163,166,169,170,171,172,174,178,179,180,181,182,183,184,185,186,187,188,189,190,191,192,194,195,196,197,198,199,200,201,202,203,204,206,207,222,223,224,226,227,230,234,235,236,237,238,239,241,242,247,248,252,254,255,256,257,258,259,261
P03172_Q15223	0.27350427350427353	0.7032967032967034	47,48,49,50,51,52,53,54,55,56,57,58,59,60,61,62,63,64,65,66,67,68,69,70,71,72,73,74,75,76,77,78,82,83,85,86,87,88,91,92,94,96,98,99,100,102,103,104,106,107,139,140,141,144,154,156,157,158,159,160,161,162,163,164,165,166,167,168,169,170,171,172,174,175,178,180,181,182,183,184,185,186,187,188,189,190,191,193,195,196,197,198,199,200,202,203,204,206,207,208,220,232,234,236,237,238,239,240,241,242,243,244,245,246,247,248,249,250,251,252,253,254,255,257,258,260,261,262,265,266,269,272	38,39,41,42,45,62,63,65,66,67,75,76,80,81,82,83,84,85,86,87,88,89,90,91,92,93,94,95,99,100,105,109,112,113,114,116,117,121,124,125,126,127,128,129,130,131,132,133,134,136,148,149,191,193,195,196,197,198,199,200,209,210,211,213,214,230,231,232,233,234,235,236,244,247,253,254,256,257,258,277,278,280,281,283,284,285,286,287,288,289,300,304,307,318,319,320,321,322,323,324,327,333
P0CG48_Q99PZ6	0.20422535211267606	0.725	609,610,611,613,614,615,616,641,643,644,645,646,647,648,649,650,651,652,653,654,655,656,657,658,659,661,675,676,677,678,679,680,681,682,683	25,26,27,28,29,30,31,32,33,34,35,36,37,38,39,41,42,57,59,60,61,62,63,64,65,66,67,69,70,73,74,75,76,77,78,79,81,82,83,84,85,86,87,89,90,94,96,97,98,99,100,101,114,117,118,121,122,125,135,136,137,138,139,140,141,142,143,145,146,148,149,150,152,153,156,157,158,161,164,165,168,169,171,172,173,174,175,176,177,178,179,180,181,182,183,184,185,186,187,188,189,190,191,192,193,194,195
P0CG48_Q66431	0.6	0.5217391304347826	609,610,611,613,614,615,616,641,643,644,645,646,647,648,649,650,651,652,653,654,655,656,657,658,659,661,675,676,677,678,679,680,681,682	93,95,98,99,147,148
O89343_P52799	0.16666666666666666	0.43661971830985913	216,217,220,221,222,223,224,225,226,227,228,230,231,232,233,234,240,241,243,245,246,247,251,253,255,257,258,259,260,261,262,263,264,265,266,267,269,270,309,329,332,333,334,336,337,338,339,340,341,342,343,344,345,346,347,348,349,350,351,352,353,355,357,359,360,362,363,364,374,429,430,437,440,444,445,447,448,449,451,452,453,455,456,457,459,460,463,464,465,467,470,471,473,474,475,477,478,479,481,483,484,485,486,487,489,507,515,524,526,527,528,529,530,531,532,533,534,535,536,539,543,546,580,584,586,587,588,590,591,592,594,595	30,31,33,34,35,37,38,39,40,41,42,43,44,45,46,47,49,50,52,62,63,72,73,74,75,76,77,78,79,105,106,107,108,109,110,111,112,113,114,115,116,117,118,119,120,121,122,123,124,125,126,127,131,132
D4QGA2_Q14108	0.05084745762711865	0.4838709677419355	78,79,80,81,82,83,84,86,87,88,91,95,98,99,100,101,102,103,104,105,106,107,108,109,110,113,114,117,118,121,123,124,125,130,131,132,147,148,149,150,151,152,153,154,155,156,157,158,159,160,162,163,164,165,166,167,168,169,170,171,172,174,184,185,186,187,196,197,198,199,200,201,202,207,209,213,214,215,216,217,227,229,230,231,232,233,234,235,236,237,238,239,240,241,242,243,244,245,246,247,248,249,250,251,252,253,254,255,256,264,265,266,267,268,269,270,271,273,274,275,276,277,278,287,289,290,291,292,293,306,309,310,312,313,314,315,316,317,318,319,320,321,322	52,53,54,55,56,57,58,59,60,62,65,69,71,72,73,75,76,77,78,91,92,93,94,95,96,97,98,99,100,101,103,111,112,113,114,115,116,117,118,119,120,121,122,123,124,125,126,127,128,129,130,131,133,134,135,145,147,148,151,152,155,156,158,159,162,163,165,166,170,177,188,189,190,191,193,197,218,221,245,246,247,248,249,250,251,252,253,254,255,256,258,265,266,269,274,276,277,278,280,281,282,283,286,287,290,292,293,294,295,296,297,338,339,340,341,342,343,345,346,347,348,353,354,355,356,357,358,359,360,361,362,363,364,365,366,367,368,369,370,371,374,377,382,383,387,391,392,394,405,409,423,427
A9PKC6_Q16630	0.06666666666666667	0.38095238095238093	32,33,34,35,36,37,38,39,40,41,42,43,44,45,46,47,48,49,50,51,52,53,54,55,56,57,58,59,60,61,62,63,64,65,66,67,68,69,70,71,72,73,74,75,76,77,78,79,80,81,82,83,84,85,86,87,88,89,90,91,93,94,97,98,99,100,101,102,103,104,105,106,107,108,110,111,112,113,114,115,116,117,128,129,131,134,135,136,137,138,139,140,141,142,143,144,145,146,147,148,149,150,151,152,153,154,155,163,164,166,167,169,170,171,172,173,174,175,176,177	
P04003_W0T1Y4	0.20588235294117646	0.2413793103448276	54,55,56,57,58,59,60,61,85,86,88,118,119,120,122,124,125,126,127,128,129,130,131,132,133,134,135,136,137,144	61,64,65,68
P62820_Q5ZSQ3	0.2795031055900621	0.5056179775280899	2,3,4,5,6,7,8,9,10,11,12,14,16,18,19,20,21,22,23,24,26,27,28,29,30,31,32,33,34,35,36,37,38,39,40,41,42,43,44,45,46,47,48,49,50,51,53,54,57,58,60,61,62,63,64,65,66,67,68,69,70,71,72,73,74,75,76,77,78,79,80,81,82,83,94,95,96,98,99,100,102,103,104,106,107,108,109,110,111,115,131,132,134,135,143,144,145,146,147,148,149,150,151,152,155,158,159,161,162,163,164,165,166,168,169,170,172,174,175	219,220,249,258,260,261,263,264,278,279,280,283,287,288,290,291,292,295,299,302,303,327,328,331,332,334,338,341,345,349,352,374,409,470,471,472,473,474,475,476,477,485
P0A6A8_Q9HD34	0.18354430379746836	1.0	2,3,4,5,6,7,8,9,10,11,12,13,14,15,16,17,18,19,20,21,22,23,24,25,26,27,28,29,30,31,32,33,34,35,36,37,38,39,40,41,42,43,44,45,46,47,48,49,50,51,52,53,54,55,56,57,58,59,60,61,62,63,64,65,66,67,68,69,70,71,72,73,74,75,76	1,2,3,4,5,6,7,8,9,11,12,13,14,15,16,17,18,19,20,21,22,23,24,25,26,27,28,29,30,31,32,33,34,35,36,37,38,39,40,41,42,43,44,45,46,47,48,49,50,51,52,53,54,55,56,57,58,59,60,61,62,63,64,65,66,67,68,69,70,71,72,73,74,75,76,77,78,79,80,81,82,83,84
P61586_Q8KNY0	0.23756906077348067	0.7678571428571429	2,3,4,5,6,7,8,9,10,11,12,13,14,16,17,18,20,21,22,25,26,27,28,29,30,31,32,33,34,35,36,37,38,39,40,41,42,44,45,46,48,49,50,53,54,56,57,58,59,60,61,62,63,64,65,66,67,68,69,70,71,72,73,74,75,98,101,104,105,106,107,108,121,132,133,137,149,150,151,152,153,155,156,157,159,161,162,163,164,165,166,167,168,170,171,172,174,175,176,177,178	44,46,48,51,53,56,57,60,70,77,81,83,84,85,87,88,91,92,93,94,95,96,97,101,107,111,112,115,116,118,119,120,121,122,125,126,129,130,132,133,136,137,145,146,147,148,149,150,151,152,153,154,155,156,170,172,174,175,176,177,178,179,180,182,183,189,190,192,193,194,196,197,199,200,203,209,210,212,213,214
Q16611_Q85295	0.2413793103448276	0.9459459459459459	67,69,70,71,72,73,75,76,77,79,80,81,82,83,84,85,86,87,88,89,91	3,4,5,6,7,8,9,10,11,12,13,14,15,16,17,18,19,20,21,22,23,24,25,26,27,28,29,30,31,32,33,34,35,36,37,38,39,40,41,42,43,44,45,46,47,48,49,50,51,52,53,54,55,56,57,58,59,60,61,62,63,64,65,66,67,68,69,70,71,72,73,74,75,76,77,78,79,80,81,82,83,84,85,86,88,89,90,91,92,93,94,95,96,97,98,99,100,101,102,103,104,105,106,107,108,109,110,111,112,113,114,115,116,117,118,119,120,121,122,123,124,125,126,127
P12493_P49790	0.13013698630136986	0.5277777777777778	132,133,134,135,136,137,138,139,140,141,142,143,144,145,146,147,148,149,152,154,155,156,157,158,159,160,161,162,163,164,165,166,167,168,169,170,171,172,173,174,175,176,178,179,180,181,182,183,184,185,186,187,188,189,190,191,193,194,197,198,199,200,201,202,203,204,205,206,207,208,210,211,212,213,214,215,216,217,218,219,220,221,222,223,224,225,226,227,228,229,230,231,234,237,238,241,242,243,244,245,246,247,248,249,250,251,252,253,254,264,267,270,271,272,273,274,275,276,277,278,279,281,282,283,285,293,294,295,297,298,299,300,301,303,304,307,315,338,341,342,343,344,345,347,348,350	
A0A376KDN7_P00748	0.08783783783783784	0.23214285714285715	42,68,69,72,75,80,86,87,89,90,91,115,116,119,120,123,124,126,127,131,133,134,135,136,137,138,139,140,141,142,143,144,145,173,174,175,176,177,178,179,180,181,182,183,184,185,186,187,188,189,190,191,192,194,195,196,201,202,204,205,206,235,237,239,252,255,275,283,308,324,332,341,342,345,346,347,348,349,350,351,352,353,354,355,356,357,358,359,360,361,362,364,365,366,369,373	372,373,376,379,380,381,383,384,385,393,394,395,396,411,412,415,416,452,453,454,455,457,458,485,486,504,506,508,514,554,555,556,557,558,559,560,561,562,584,585,586,587,588,589,590,591,592,593,594,595,596,607
P01903_P04664	0.2125	1.0	27,28,29,30,31,32,33,34,35,36,37,38,39,40,41,42,43,44,45,46,47,48,49,50,51,52,53,54,55,56,57,60,67,68,69,70,71,72,74,75,76,77,78,79,81,82,84,85,86,88,89,90,91,92,93,94,95,96,97,99,100,101,102,103,104,105,107,108,109,112,115,116,117,118,119,120,121,122,123,124,127,130,131,132,133,134,135,136,137,138,139,140,141,142,143,145,146,147,148,149,150,151,152,153,155,157,158,159,160,161,162,163,164,165,166,167,168,169,170,171,172,173,174,176,177,178,179,180,181,182,183,184,185,188,191,192,194,195,196,197,198,199,200,201,202,203,204	305,306,307,308,309,310,311,312,313,314,315,316,317
P18465_Q70XD7	0.11538461538461539	0.65625	25,26,27,28,29,30,31,32,33,34,35,36,37,38,39,40,41,42,43,44,45,46,47,48,49,50,51,52,53,54,55,56,57,58,59,60,62,63,64,66,67,68,70,71,72,74,75,78,81,82,83,85,86,88,95,96,97,98,99,100,102,103,106,107,115,116,117,118,119,120,121,122,128,129,130,131,132,133,134,135,136,137,138,139,140,141,142,143,144,145,146,153,156,166,168,169,170,174,182,184,185,186,188,189,190,192,193,194,214,215,216,217,218,219,220,221,222,223,224,225,226,227,228,229,230,231,232,233,234,235,236,237,238,239,240,241,242,245,246,250,251,252,253,254,255,256,257,258,259,260,261,262,263,264,265,266,267,276,279,280,281,282,283,284,285,286,287,288,289,290,291,292,294,295,296,297	161,163,166,167,168,171
P03300_P15151	0.14068441064638784	0.37755102040816324	77,78,79,80,100,101,103,105,106,109,162,165,168,171,183,184,185,186,187,197,210,259,260,261,262,263,264,265,267,269,270,280,281,282,283,284,291,292,307,331,332,345,353,354,368,374,375,376,377,379,380,382,383,384,385,386,389,390,392,393,437,442,446,476,477,498,499,500,501,502,503,509,516,517,518,520,529,656,658,705,736,737,748,751,753,763,772,773,774,775,776,777,779,783,786,787,788,815,838,840,842,843,844,845,846,847,848,849,850,851,857	28,29,30,31,32,33,34,35,36,37,38,39,40,41,42,47,48,49,50,51,52,53,54,55,56,57,58,59,60,61,62,63,64,65,66,67,68,69,70,71,72,73,74,75,76,77,78,79,80,81,82,83,84,85,89,90,93,94,97,98,101,102,103,108,110,123,125,126,127,128,129,130,131,132,133,134,135,137,139,141,143,144,145,149,150,151,152,156,160,164,175,178,179,201,202,204,205,206,207,208,209,210,211,212,213,232,233,240,241,248,249,250,251,252,253,254,255,256,257,258,268,270,271,274,275,276,277,278,279,280,281,282,283,284,285,286,287,288,290,292,293,294,295,297,299,316,317,320,321,323,324,327
Q9H2E6_V5T923	0.02564102564102564	0.11764705882352941	22,24,25,26,27,28,29,30,31,32,33,34,35,36,37,38,39,40,41,43,53,54,55,58,59,61,62,65,68,72,76,131,132,133,134,135,136,137,138,139,140,141,142,144,145,151,152,153,154,157,158,159,160,161,162,163,165,166,178,180,182,189,190,197,198,200,202,203,204,206,207,208,211,215,218,219,220,237,240,241,242,243,244,245,246,247,248,249,250,251,252,255,265,266,285,287,288,289,290,291,292,294,295,296,298,299,300,301,302,303,305,307,314,317,318,319,321,349,351,352,353,383,392,394,395,396,398,399,405,407,408,409,410,411,412,413,414,415,416,418,430,431,452,458,459,464	1470,1473,1497,1505,1507,1530,1594,1610,1611,1612
P08581_P25147	0.23863636363636365	0.3181818181818182	41,42,43,44,45,46,48,49,51,52,55,56,57,58,59,60,62,63,70,74,110,111,124,125,126,182,184,187,188,189,190,191,194,204,222,223,225,226,227,228,229,230,231,233,234,235,237,238,239,240,241,242,244,245,246,247,248,250,253,257,259,261,264,265,317,320,321,323,324,325,326,327,328,330,331,373,416,419,423,427,428,429,430,431,432,433,441,444,445,446,447,448,458,459,460,461,462,463,464,465,468,509,510,511,512,513,514,568,570,571,574,643,644,645,646,647,648,649,651,652,653,655,656,664,665,667,668,669,737	35,36,37,38,39,40,42,43,44,45,46,47,52,88,91,92,95,103,169,194,210,213,218,234,235,237,269,270,271,273,284,289,292,295,296,297,298,299,300,301,302,305,307,309,311,313,319
O41925_P47992	0.15666666666666668	0.94	41,42,43,44,45,46,47,48,49,50,51,52,62,65,66,68,69,70,82,83,84,85,86,88,89,90,91,92,95,98,99,100,101,102,103,104,105,106,107,108,109,110,111,112,113,114,115,116,117,118,119,120,121,122,123,124,125,126,127,128,129,131,133,146,147,148,150,152,153,154,155,156,157,158,159,160,161,162,163,164,165,166,167,168,169,170,171,172,173,174,175,176,177,178,179,180,181,182,183,184,185,186,187,188,189,190,193,197,198,199,200,201,209,210,211,212,213,214,215,216,217,218,219,220,221,237,242,246,247,248,249,250,251,252,254,255,256,258,259,261,262,263,264,265,266,267,269,270,273,288,289,290,291,292,293,294,295,296,297,298,299,300,301,303,304,306,307,308,309,310,311,312,313,314,315,316,317,318,320,323,324,325,326,327,328,329,330,331,332,333,348,349,351,352,353,354,355,356,357,358,359,363,364,365,368,371,372,373,374,375,376,377,378,379,380,381,382,383,384,385,386,387,388,389,390,391,392,393,394,395,396,397,398,399,400,401,402,403,404,405	27,28,29,30,31,32,33,34,35,36,37,38,39,40,41,42,43,44,45,46,47,48,49,50,51,52,53,54,55,56,57,58,59,60,61,62,63,64,65,66,67,68,69,70,71,72,74,75,76,77,78,79,80,81,82,83,84,85,86,87
P10844_P21579	0.09210526315789473	0.42424242424242425	451,452,453,454,455,462,474,480,481,482,484,485,486,487,488,489,499,500,530,537,541,545,549,550,576,600,635,638,639,642,643,656,657,660,661,665,668,670,671,677,688,691,692,712,713,714,715,716,719,720,724,727,731,734,735,740,752,755,759,761,763,767,768,769,770,771,772,773,774,781,830,834,835,837,842,851,852,855,868,876,877,880,887,909,914,916,917,918,921,922,925,930,936,1016,1020,1028,1031,1032,1034,1040,1041,1042,1043,1044,1046,1072,1073,1074,1076,1077,1079,1080,1081,1082,1083,1084,1085,1086,1087,1088,1090,1132,1133,1134,1135,1136,1137,1139,1140,1144,1147,1165,1167,1171,1175,1177,1178,1180,1182,1193,1203,1204,1242,1243	39,43,46,47,49,50,51,52
P06210_P15151	0.15789473684210525	0.39285714285714285	80,83,100,101,103,105,106,118,121,165,166,168,171,184,185,186,187,188,196,197,255,258,259,260,261,262,263,264,266,268,291,303,305,306,352,354,356,373,374,375,376,377,378,379,380,382,383,384,385,388,391,392,433,436,441,445,446,464,475,476,497,498,499,500,501,502,508,515,528,532,556,732,733,735,736,747,771,772,773,774,775,776,782,784,785,786,787,837,838,839,841,842,844,845,846,847,848,849,850,852,856	29,30,31,32,33,34,35,36,37,38,39,40,41,42,47,48,49,50,51,52,53,54,55,56,57,58,59,60,61,62,63,64,65,66,67,68,69,70,71,72,73,74,75,76,77,78,79,80,81,82,83,84,85,89,90,93,94,97,98,101,102,103,108,110,123,125,126,127,128,129,130,131,132,133,134,135,137,139,141,143,144,145,149,150,151,152,156,160,164,175,178,179,201,202,204,205,206,207,208,209,210,211,212,213,232,233,240,241
O00499_Q8JUX6	0.23529411764705882	0.16	530,536,537,549,550,551,552,580,582,583,584,585,586,587,588,590,591	
P00747_P17811	0.048484848484848485	0.4		24,25,26,27,28,29,30,31,32,33,34,35,36,37,38,39,40,41,42,43,45,46,47,48,49,50,51,52,53,54,57,61,63,64,65,66,67,68,69,71,75,78,79,81,83,86,87,88,89,90,91,92,93,94,95,96,97,98,100,101,102,104,105,106,107,108,109,110,113,114,117,127,130,131,150,154,155,156,157,158,159,160,161,163,166,167,168,169,170,171,172,173,174,175,177,178,179,180,183,187,190,191,192,193,194,195,196,197,198,199,201,202,203,204,207,208,210,212,213,214,215,217,218,220,222,226,227,228,230,234,235,238,242,249,251,252,253,256,257,260,261,263,264,265,267,268,269,271,272,296,297,298,299,300,301,302,303,304,305,306,307,308,309,310,311
Q06124_Q9RF15	0.16216216216216217	0.3870967741935484	3,4,5,6,7,8,9,10,11,12,13,14,15,16,17,18,20,21,22,23,24,28,31,32,33,34,35,36,37,38,40,41,45,52,53,54,65,66,79,80,86,87,90,99,110,111,112,113,115,116,117,119,120,122,123,136,137,138,139,140,141,142,143,144,145,146,147,168,182,186,196,203,205,215	
P80098_Q2F862	0.22535211267605634	0.6530612244897959	31,32,33,34,35,36,37,38,39,40,41,42,43,44,45,46,47,48,49,50,51,52,53,54,55,56,57,58,59,60,61,62,63,64,65,66,67,68,69,70,71,72,73,74,75,76,77,78,79,80,81,82,83,84,85,86,87,88,89,90	36,37,38,39,40,41,42,43,44,45,49,53,54,55,56,57,58,60,61,62,63,65,67,68,69,83,99,100,101,102,103,104,105,106,107,108,109,110,111,112,113,114,115,116,117,118,119,120,121,122,123,124,125,126,128,132,135,136,148,151,165,166,221,222,223,224,225,226,227,228,233,235,237,239,245,249,250,251,252,253,254,256
P0CG48_P19811	0.4117647058823529	0.45161290322580644	609,610,611,613,614,615,616,641,643,644,645,646,647,648,649,650,651,652,653,654,655,656,657,658,659,661,675,676,677,678,679,680,681,682	
A8CDU0_P01903	0.18867924528301888	1.0	58,59,61,62,63,64,65,66,67,68,69,70	27,28,29,30,31,32,33,34,35,36,37,38,39,40,41,42,43,44,45,46,47,48,49,50,51,52,53,54,55,56,57,60,67,68,69,70,71,72,74,75,76,77,78,79,81,82,84,85,86,88,89,90,91,92,93,94,95,96,97,99,100,101,102,103,104,105,107,108,109,112,115,116,117,118,119,120,121,122,123,124,127,130,131,132,133,134,135,136,137,138,139,140,141,142,143,145,146,147,148,149,150,151,152,153,155,157,158,159,160,161,162,163,164,165,166,167,168,169,170,171,172,173,174,176,177,178,179,180,181,182,183,184,185,188,191,192,194,195,196,197,198,199,200,201,202,203,204
P01903_Q03909	0.19745222929936307	0.9117647058823529	27,28,29,30,31,32,33,34,35,36,37,38,39,40,41,42,43,44,45,46,47,48,49,50,51,52,53,54,55,56,57,60,67,68,69,70,71,72,74,75,76,77,78,79,81,82,84,85,86,88,89,90,91,92,93,94,95,96,97,99,100,101,102,103,104,105,107,108,109,112,115,116,117,118,119,120,121,122,123,124,127,130,131,132,133,134,135,136,137,138,139,140,141,142,143,145,146,147,148,149,150,151,152,153,155,157,158,159,160,161,162,163,164,165,166,167,168,169,170,171,172,173,174,176,177,178,179,180,181,182,183,184,185,188,191,192,194,195,196,197,198,199,200,201,202,203,204	326,327,328,329,330,332,335,336,337,338
P62979_Q5ZTL4	0.20689655172413793	0.56	0,1,2,3,4,5,6,7,8,9,10,11,12,13,14,15,18,22,28,29,30,31,32,33,34,35,36,37,38,39,40,41,42,43,44,45,46,47,48,49,50,51,52,53,55,57,58,60,61,62,63,64,65,66,67,68,69,70,71,72	10,11,12,13,14,15,16,17,18,19,20,21,22,23,26,27,30,31,33,34,35,37,38,39,41,42,43,44,46,47,48,49,50,51,52,53,54,55,56,57,60,94,98,120,125,126,132,136,137,139,140,143,147,150,151,153,154,155,156,157,158,159,160,205,206,209,210,211,212,213,214,215,226,238,240,242,243,244,245,246,247,248,257,259,260,261,262,263,264,265,266,267,268,269,270,271,272,273,274,275,276,277,278,279,281,282,283,285,316,317,318,319,320,322,323,324,327,328,329,330,331,332,333,334,335,336,337,338,339,340,341,342,343,344,345,346,347,348,349,350,351,352,379
O60885_Q8UN00	0.5	0.02702702702702703	637,639	
A7UPX0_S6B2B6	0.03524229074889868	0.47058823529411764	19,20,21,22,23,24,25,26,27,28,29,30,31,32,33,34,35,36,37,38,44,48,82,83,84,85,86,107,108,109,110,111,112,113,114,115,116,118,119,120,121,122,123,124,125,126,127,128,129,130,131,132,133,135,136,153,165,173,195,204,207,208,211,213,217,218,219,220,221,222,223,224,225,226,227,228,229,231,232,239,241,243,244,245,246,247,248,249,250,251,252,253,254,255,256,257,258,260,262,263,266,267,268,274,276,277,279,280,281,304,305,306,307,308,309,310,311,312,313,314,315,316,317,318,319,320,321,328,331,332,333,334,335,336,337,338	21,23,24,41,42,43,44,45,46,52,54,56,57,58,59,61,65,66,67,68,69,70,73,75,78,79,80,82,83,86,88,90,92,94,96,97,98,99,100,104,105,106,110,113,115,116,124,128,129,131,132,134,135,137,151,152,153,154,155,168,169,170,171,172,173,174,175,176,177,178,179,180,181,192,194,195,196,197,198,199,200,201,206,207,208,209,210,211,212,214,216
P03126_Q96QZ7	0.4444444444444444	0.43243243243243246	147,148,149,150,152	458,475,479,480,481,482,483,484,485,486,494,498,500,501,504,515,519,520,524,526,527,528,529,530,531,532,535,536,538,539,543
C5MK56_Q1HVF7	0.07428571428571429	0.4642857142857143	25,26,27,28,29,30,31,32,33,34,35,36,37,38,39,40,41,42,43,44,45,46,47,48,49,50,51,52,53,54,55,56,57,58,59,60,62,67,71,72,74,75,82,83,84,85,86,87,88,89,90,93,95,96,98,99,100,102,103,104,105,106,107,108,109,110,111,112,115,116,117,118,119,120,121,122,123,125,129,131,132,133,134,135,136,137,138,139,140,141,142,143,144,145,146,156,166,168,169,170,182,183,186,190,192,193,194,211,214,215,216,217,218,219,220,221,222,223,224,225,226,227,228,229,230,231,232,233,234,235,236,237,238,239,240,241,242,246,250,251,252,253,254,255,256,257,258,259,260,261,262,263,264,265,266,267,276,279,280,281,282,283,284,285,286,287,288,289,290,291,292,294,295,296,297	
P02751_P14738	0.3333333333333333	0.018633540372670808	113,120,129,194,195,197,198,199,200	
Q31610_T2D0U8	0.13636363636363635	0.9310344827586207	25,26,27,28,29,30,31,32,33,34,35,36,37,38,39,40,41,42,43,44,45,46,47,48,49,50,51,52,53,54,55,56,57,58,59,60,62,67,68,71,72,73,74,75,76,78,82,83,85,86,88,89,90,93,94,95,96,97,98,99,100,102,103,104,105,107,108,109,110,111,112,114,115,116,117,118,119,120,121,122,123,126,129,131,134,135,136,137,138,139,140,141,142,143,144,145,146,147,150,151,153,154,155,156,157,160,164,165,166,167,168,169,170,171,174,175,178,179,182,186,190,194,214,215,216,217,218,219,220,221,222,223,224,225,226,227,228,229,230,231,232,233,234,235,236,237,238,239,240,241,242,246,250,251,252,253,254,255,256,257,258,259,260,261,262,263,264,265,266,267,271,279,280,281,282,283,284,285,286,287,288,289,290,291,292,294,295,296,297	33,34,35,36,37,38,39,40,41
P13645_Q7A382	0.14285714285714285	0.30303030303030304		230,231,233,234,235,236,237,238,239,240,242,243,244,245,247,251,267,269,270,279,280,281,294,297,298,299,300,301,302,303,304,306,307,308,310,311,322,323,324,325,326,327,330,339,343,350,351,354,356,357,358,362,365,373,376,400,402,403,404,405,406,408,433,445,487,489,491,492,521,529
B0BXR4_P18206	0.2446043165467626	0.425		3,4,5,6,7,8,9,10,11,12,13,14,15,16,17,18,19,20,21,22,24,25,26,27,28,30,31,32,34,35,36,37,38,39,40,42,43,46,47,50,51,52,53,54,55,56,58,59,60,61,62,63,64,65,66,69,70,71,72,77,78,79,80,81,84,85,86,87,88,89,92,93,95,96,97,98,99,101,102,104,105,106,107,108,109,110,111,112,113,114,120,121,122,123,125,126,127,143,146,149,150,153,154,155,159,163,167,169,170,173,174,176,177,180,181,201,208,211,229,231,232,233,234,235,236,237,239,240,242,243,244,245,246,247,248,249,250,251,252
P03524_P29074	0.47368421052631576	0.3333333333333333	512	527,528,529,531,532,535,539,542,545,554,557,558,561,578,579,582,585,586
Q56061_Q8IWE5	0.06870229007633588	0.24324324324324326	25,26,37,38,50,51,54,57,80,82,83,84,98,99,100,101,102,104,118,127,128,129,130,131,132,133,134,135,136,137,140,141,143,147,150,151,153,154,157,172,173,176,177,178,179,180,181,183,185,186,187,189,190,192,196,204,208,209,210,212,214,215,216,217,218,219,220,221,222,224,234,238,240,241,242,246,247,248,251,252,254,258,259,260,262,263,264,265,266,271,279,280,281,282,283,284,285,286,287,288,289,290,291,292,293,294,295,296,297,298,299,300,301,302,303,304,305,306,307,308,309,310,311,312,313,315,316	863,865,866,869
Q31610_Q70A36	0.13705583756345177	0.9642857142857143	25,26,27,28,29,30,31,32,33,34,35,36,37,38,39,40,41,42,43,44,45,46,47,48,49,50,51,52,53,54,55,56,57,58,59,60,62,67,68,71,72,73,74,75,76,78,82,83,85,86,88,89,90,93,94,95,96,97,98,99,100,102,103,104,105,107,108,109,110,111,112,114,115,116,117,118,119,120,121,122,123,126,129,131,134,135,136,137,138,139,140,141,142,143,144,145,146,147,150,151,153,154,155,156,157,160,164,165,166,167,168,169,170,171,174,175,178,182,186,190,194,214,215,216,217,218,219,220,221,222,223,224,225,226,227,228,229,230,231,232,233,234,235,236,237,238,239,240,241,242,246,250,251,252,253,254,255,256,257,258,259,260,261,262,263,264,265,266,267,271,279,280,281,282,283,284,285,286,287,288,289,290,291,292,294,295,296,297	66,67,68,69,70,71,72,73,74
Q99IB8_Q9H8S9	0.20155038759689922	0.6046511627906976		40,41,42,43,44,45,46,47,48,49,50,51,52,53,54,55,56,58,59,61,62,63,64,65,66,67,68,69,70,71,72,73,74,75,76,77,80,84,85,86,87,88,89,90,91,92,93,94,95,96,97,98,105,113,116,120,121,122,123,124,126,127,128,129,130,131,132,133,134,135,136,137,138,139,140,141,142,145,146,153,156,158,160,161,162,163,164,165,166,167,168,169,170,171,172,173,174,175,176,177,178,179,180,181,182,183,184,185,186,187,188,189,190,191,192,193,195,198,199,200,202,203,204,205,206,207,208,209,210
Q72497_Q99816	0.11666666666666667	0.2916666666666667		15,16,17,18,19,20,21,22,23,25,26,29,30,31,32,33,34,35,36,37,38,39,40,41,48,49,50,51,52,53,54,55,56,57,58,59,60,61,62,63,64,65,66,67,74,81,101,102,105,106,109,112,130,132,133,134,136,137,140,141
P08603_Q19KF7	0.4125	0.2773109243697479	335,336,337,338,339,340,341,342,343,344,346,359,360,368,397,401,403,405	80,86,87,98,99,101,102,104,105,106,107,109,111,113,114,115,116,117,118,119,121,122,123,124,125,126,137,155,160,164,167,178,180,182,187,190,205,209,212,230,232,234,235,236,238,239,251,252,254,255,257,258,266,267,269,270,271,272,273,274,275,276
P06731_Q57254	0.14925373134328357	0.8823529411764706	34,38,39,40,41,42,43,44,45,48,49,51,52,53,55,56,57,58,59,60,61,62,63,64,67,70,71,73,75,77,78,79,80,81,82,83,84,85,86,88,89,90,91,92,93,94,95,96,97,98,99,100,101,102,103,104,105,106,107,109,110,111,112,113,114,115,116,118,119,120,122,124,125,126,129,130,131,132,133,134,135,136,137,138,140,141,142,143	37,38,39,40,41,42,43,44,45,46,47,48,49,50,51,52,54,55,56,57,58,59,60,61,62,63,64,65,66,67,68,69,70,71,72,73,74,75,76,79,81,83,84,85,86,87,88,89,90,91,92,93,94,95,96,97,98,99,100,101,102,104,105,106,107,108,109,110,111,112,113,114,115,116,117,118,119,120,121,122,123,124,125,127,128,131,132,134,135,136,137,138,139,140,141,142,143,144,145,146,147,148,149,150,151,152,153,154,155,156,157,158,159
P02671_Q7A382	0.14492753623188406	0.30303030303030304		230,231,233,234,235,236,237,238,239,240,242,243,244,245,247,251,267,269,270,279,280,281,294,297,298,299,300,301,302,303,304,306,307,308,310,311,322,323,324,325,326,327,330,339,343,350,351,354,356,357,358,362,365,373,376,400,402,403,404,405,406,408,433,445,487,489,491,492,521
P23827_P48740	0.376	0.8867924528301887	24,25,26,27,28,29,30,31,32,33,34,36,37,38,39,40,41,42,43,44,45,46,47,48,49,55,56,58,60,70,71,72,73,74,75,76,77,78,79,80,81,82,83,84,85,86,87,88,89,90,91,92,95,96,97,98,99,100,101,102,103,104,105,106,107,114,115,117,118,119,120,121,122,123,124,125,126,127,128,129,130,131,132,133,134,135,136,137,139,142,143,145,146,147,148,149,150,151,152,153,154,155,156,157,158,159,160,161	637,638,639,641,643,644,645,659,666,667,668,671,674,677,678,688,689
P78310_Q64823	0.06299212598425197	0.21052631578947367	22,23,25,26,27,49,51,53,55,57,58,65,67,68,69,71,72,73,74,75,76,77,78,79,80,81,82,83,86,87,89,90,92,93,95,96,97,98,99,100,101,103,104,107,108,110,111,114,122,124,125	183,184,185,186,188,189,190,208,210,211,212,213,214,215,235,237,258,260,261,265,266,268,269,272,273,275,276,277,279,280,281,283,284,285,286,287,288,289,290,291,292,293,294,299,300,301,303,304,305,307,311,312,313,314,315,316,317,318,319,326,329,349,350,352,353,354,355,356,357,358,359,360,361,362,363,364
P12504_Q15370	0.058333333333333334	0.5	139,140,141,142,143,144,145,146,147,148,149,150,152,153,158,159,160,161,162,163,164,165,166,168,169,172,173	0,1,2,3,4,5,6,7,8,9,10,11,12,13,14,15,16,17,18,19,20,21,22,23,24,25,26,27,28,29,30,31,32,33,34,35,36,37,38,39,40,41,42,43,44,45,46,47,48,49,54,58,59,60,61,62,63,64,65,66,67,68,69,70,71,72,73,74,75,76,77,78,79,81,82,83,84,85,86,87,88,89,90,91,92,93,94,95,96,97,98,99,101
Q68T42_Q9H3P7	0.4166666666666667	0.24193548387096775		371,373,374,375,376,378,379,382,398,401,402,434,482,491,495,497,500,506,507,508,510,511,513,514,515,516,517,518,519,520,522,523,524,525,526,527
Q66479_Q9H3P7	0.3888888888888889	0.23333333333333334		371,373,374,375,376,378,379,382,398,401,402,434,482,491,495,497,500,506,507,508,510,511,513,514,515,516,517,518,519,520,522,523,524,525,526,527
P04229_P0A0M0	0.06711409395973154	0.8333333333333334	30,31,32,33,34,35,36,37,38,39,40,41,42,43,44,45,46,47,48,49,50,51,53,54,55,56,57,58,59,60,61,62,63,64,66,67,68,71,72,73,74,75,76,77,78,79,80,81,83,84,85,88,89,92,93,94,95,96,97,98,99,100,105,106,108,109,110,111,112,113,114,115,116,117,118,119,120,121,122,125,126,128,129,130,131,132,133,134,135,136,137,138,139,140,141,142,143,144,145,146,147,148,149,150,151,152,153,154,155,156,157,158,159,160,161,162,164,165,166,167,169,170,171,172,173,174,175,176,177,178,179,180,181,182,183,184,185,186,187,188,189,190,191,192,193,194,195,196,197,198,199,200,201,202,203,204,205,206,207,208,209,210,211,212,213,214,215,216,217,218	34,35,36,37,38,39,40,41,42,43,44,45,46,47,48,49,50,51,53,54,56,57,58,77,80,95,97,99,100,101,102,103,104,105,106,122,126,129,130,131,132,133,134,136,138,139,140,141,142,143,144,145,146,147,148,150,152,153,154,155,157,158,159,160,161,162,163,164,165,166,167,168,169,170,171,172,173,174,175,176,177,178,179,181,184,186,188,195,197,198,199,200,201,202,203,204,205,206,207,208,209,210,211,212,213,214,215,216,217,218,219,220,222,223,224,225,226,227,228,229,230,231,232,233,234,235,236,237
P35968_P52584	0.13385826771653545	0.5151515151515151	131,132,134,136,163,164,168,169,190,191,192,193,194,195,196,198,208,209,212,213,215,216,217,219,220,221,223,224,231,234,235,236,237,240,287,288,309,310,327,328	23,24,25,26,27,28,29,30,31,32,33,34,35,36,37,38,39,40,41,42,43,44,45,46,47,48,49,50,51,52,53,54,55,56,57,58,59,60,61,62,63,64,65,66,67,68,69,70,71,72,73,74,75,76,77,78,79,80,81,82,83,84,85,87,88,89,90,91,92,93,100,101,102,103,104,105,106,107,108,109,110,111,112,113,114,115,116
P05164_Q2G0X2	0.1760797342192691	0.7681159420289855	182,183,185,186,187,191,192,194,195,196,197,198,199,201,202,206,209,210,211,212,213,214,215,216,217,218,219,221,227,232,233,234,235,236,237,239,240,241,243,244,245,246,247,249,251,254,263,264,266,267,268,269,270,271,274,275,289,291,292,315,316,317,318,319,320,322,323,324,326,327,328,329,330,331,332,333,334,335,336,337,338,339,340,341,342,343,344,345,346,347,348,349,350,351,353,354,355,357,358,373,403,404,406,407,408,409,410,411,412,414,415,416,417,418,419,420,434,435,436,437,438,439,440,441,442,443,444,446,447,449,450,452,453,454,455,457,458,459,472,473,474,475,477,478,479,481,486,488,489,490,491,492,493,497,498,499,503,505,506,507,509,510,514,534,535,538,539,542,549,550,553,554,555,556,557,558,559,561,562,568,570,571,572,573,574,575,576,577,578,579,580,581,582,583,584,585,587,588,589,591,601,603,604,605,615,620,621,623,624,625,627,628,631,633,649,650,651,652,653,654,655,676,678,687,688,690,691,707,708,718,722,726	29,30,31,32,33,34,35,36,37,38,39,40,41,42,43,44,45,46,47,48,49,50,51,52,53,54,55,56,57,58,59,60,61,62,64,65,66,67,68,69,70,71,72,73,74,75,76,77,78,79,80,81,82,83,84,85,86,87,88,89,90,91,92,93,94,95,96,97,98
P30996_P63027	0.24870466321243523	0.6575342465753424	4,5,6,7,8,9,10,11,12,13,20,21,22,23,24,25,32,33,34,36,37,39,40,41,43,44,45,46,47,48,50,51,58,59,64,67,71,72,73,74,75,76,86,96,107,108,109,110,112,115,116,117,124,170,171,178,179,180,181,182,183,185,186,187,188,189,197,198,200,216,218,219,222,223,225,226,227,229,230,232,233,236,237,239,240,241,243,251,255,258,259,261,262,263,264,265,266,268,269,272,273,277,281,282,284,285,286,289,293,309,310,311,312,314,315,316,317,318,319,320,321,322,323,325,340,343,344,346,347,348,350,351,352,354,368,370,371,373,374,379,380,381,382,383,384,385,386,387,388,389,390,391,392,393,394,395,396,398,401,405,407,409,410,411,412	29,30,31,32,33,34,35,36,37,38,39,40,41,42,43,44,45,46,47,48,49,50,51,52,53,54,55,56
P13645_Q6GDH2	0.16	0.21052631578947367		230,233,234,235,236,237,238,239,251,267,269,270,271,272,279,280,294,297,298,299,300,301,302,303,304,306,311,321,322,323,324,325,326,327,328,330,339,356,358,365,373,376,402,403,404,405,406,408,433,492
P18464_P24740	0.0898876404494382	0.6153846153846154	25,26,27,28,29,30,31,32,33,34,35,36,37,38,39,40,41,42,43,44,45,46,47,48,49,50,51,52,53,54,55,56,57,58,59,60,62,67,68,71,72,74,75,82,83,84,85,86,87,88,89,90,91,92,93,94,95,96,97,98,99,100,102,103,106,107,108,110,111,114,115,116,117,118,119,120,121,122,125,129,130,131,132,133,134,135,136,137,138,139,140,141,142,143,144,145,146,152,156,166,168,169,170,182,186,187,190,191,192,194,211,214,215,216,217,218,219,220,221,222,223,224,225,226,227,228,229,230,231,232,233,234,235,236,237,238,239,240,241,242,246,250,251,252,253,254,255,256,257,258,259,260,261,262,263,264,265,266,267,279,280,281,282,283,284,285,286,287,288,289,290,291,292,294,295,296,297	1168
P84243_Q1HVJ0	0.03816793893129771	0.3333333333333333	39,40,41,42,43,45,46,47,48,49,50,51,52,53,54,55,56,57,58,59,60,61,62,63,64,65,66,67,68,69,70,71,72,73,74,75,76,77,78,79,80,81,82,83,84,85,86,87,88,89,90,91,92,93,94,95,96,97,98,99,100,101,102,103,104,105,106,107,108,109,110,111,112,113,114,115,116,117,118,119,120,121,122,123,124,125,126,127,128,129,130,131,132,133,134	412,413,414,415,416,417,418,419,420,421,424,425,426,427,428,429,430,431,432,433,434,436,443,466,470,471,498,499,501,502,512,552,556,569,572,573
P03204_P03989	0.062146892655367235	0.39285714285714285		25,26,27,28,29,30,31,32,33,34,35,36,37,38,39,40,41,42,43,44,45,46,47,48,49,50,52,53,54,55,56,57,58,59,60,62,63,64,66,67,68,70,71,72,73,74,75,76,78,81,82,83,85,86,95,96,98,99,100,101,102,103,105,106,107,108,109,110,111,112,113,114,115,116,117,118,119,120,121,122,125,129,131,132,133,134,135,136,137,138,140,141,142,143,144,145,146,149,152,153,156,166,168,169,170,173,182,190,192,194,214,215,216,217,218,219,220,221,222,223,224,225,226,227,228,229,230,231,232,233,234,235,236,237,238,239,240,241,242,246,250,251,252,253,254,255,256,257,258,259,260,261,262,263,264,265,266,267,276,279,280,281,282,283,284,285,286,287,288,289,290,291,292,294,295,296,297
D0ZRB2_P10599	0.22857142857142856	0.6233766233766234	149,152,199,204,206,207,210,211,217,218,225,238,239,240,242,243,244,245,246,249,251,252,255,258,259,269,270,286,290,330,343,354,364,365,385,392,393,396,399,400,401,409,418,422,423,429,483,495,498,501,520,523,546,548,550,551,552,553,554,555,556,557,560,578,579,582,583,584,585,586,587,588,589,590,593,595,599,600,601,602,603,605,606,631,632,633,634,635,636,637,696,699,700,703,704,707,708,729,730,731,732,733,734,735,736,737,738,739,740,741,742,743,744,745,746,749,750,751,752,753,754,755,756,758,759,762	3,4,5,6,7,8,10,11,12,13,14,15,18,19,29,30,31,32,33,34,35,36,37,38,39,40,42,43,44,45,46,47,48,49,50,51,52,53,55,57,58,59,60,61,62,63,64,65,66,67,68,69,70,71,72,73,74,75,76,77,78,79,80,81,83,84,85,86,87,88,89,90,91,92,93,94,95,96,97,99,100,102,103,104
Q45894_Q496J9	0.03571428571428571	0.0625	882,886,901,902,904,905,908,909,910,912,913,914,916,945,949,952,991,995,997,998,999,1000,1022,1024,1025,1027,1029,1031,1033,1070,1074,1085,1086,1087,1106,1107,1110,1111,1115,1154,1155,1157,1158,1159,1191,1192,1209,1216,1217,1219,1220,1248,1251,1265,1266	491
P26664_Q8IUC6	0.0	0.0	1059,1110	
P03135_Q8IZA0	0.05825242718446602	0.16666666666666666	227,269,270,271,272,274,289,293,294,295,297,313,314,315,318,334,335,340,341,342,343,344,345,346,347,348,351,354,355,357,358,363,364,365,366,367,369,396,397,403,404,408,420,423,605,606,608,609,628,631,632,672,674,676,692,693,696,703,707,709,710,711,712,713,714,715,716,717,718,719,721,722,723,724,725,726,727,728,729,730,731,732	404,405,406,408,410,411,413,414,415,416,417,419,420,421,423,479,482,483,485,486,487
P01892_P03485	0.1657754010695187	0.9393939393939394	24,25,26,27,28,29,30,31,32,33,34,35,36,37,38,39,40,41,42,43,44,45,46,47,48,49,50,51,52,53,54,55,56,57,58,59,60,62,66,67,68,70,71,75,82,83,86,88,89,90,93,94,95,96,97,98,99,100,101,102,103,104,105,106,107,108,109,110,111,112,115,116,117,118,119,120,121,122,123,127,129,130,131,132,133,134,136,137,138,139,140,141,142,143,144,145,146,156,162,166,167,169,170,178,179,182,186,190,193,194,211,214,215,216,217,218,219,220,221,222,223,224,225,227,228,229,230,231,232,233,234,235,236,237,239,240,241,242,243,246,250,251,252,253,254,255,256,257,258,259,260,261,262,263,264,265,266,267,271,279,280,281,282,283,284,285,286,287,288,289,290,291,292,293,294,295,296,297	57,58,59,60,61,62,63,64,65
P04610_Q92831	0.2698412698412698	0.7727272727272727	45,46,47,48	743,745,746,747,748,749,751,754,755,756,757,758,759,760,761,762,763,764,765,766,767,768,770,774,777,779,780,781,784,785,787,788,791,792,793,795,796,798,799,800,801,802,803,804,805,806,807,808,818,820,821,822,823,824,825,826,827,828,829
H6QM92_P24928	0.016042780748663103	0.08108108108108109	20,23,24,49,50,71,72,73,74,75,76,77,78,79,81,87,93,94,95,96,97,98,101,103,104,105,106,107,108,109,110,111,112,127,129,130,131,132,137,138,139,140,141,142,143,144,145,146,147,148,149,150,151,152,153,154,156,157,158,159,160,161,162,163,167,175,177,178,210,211,212,213,214,215,216,217,218,219,220,221,222,223,224,225,226,227,228,229,231,235,241,244,245,248,249,251,252,253,255,256,257,259,260,262,263,333,337,340,341,344,362,400,416,418,419,420,421,422,425,431,432,434,435,436,437,438,439,440,454,458,468,469,472,503,504,505,506,507,508,510,511,514,518,519,558,569,570,571,573,574,576,577,579,583,584,585,586,587,605,606,613,648,649,650,651,652,653,655,656,657,660,667,670,673,675,676,677,678,680,681,682,685,686,687,689,693,700	
E5LC01_O60885	0.0	0.0		637,639
P01889_Q6SW59	0.11052631578947368	0.65625	24,25,26,27,28,29,30,31,32,33,34,35,36,37,38,39,40,41,42,43,44,45,46,47,48,49,50,51,52,53,54,55,56,57,58,59,60,62,67,68,71,72,73,74,75,76,78,82,83,85,86,88,89,90,93,94,95,96,97,98,99,100,102,103,104,105,107,108,109,110,111,112,114,115,116,117,118,119,120,121,122,123,125,126,129,131,134,135,136,137,138,139,140,141,142,143,144,145,146,147,151,152,153,154,155,156,157,160,166,167,168,169,170,174,179,182,190,194,214,215,216,217,218,219,220,221,222,223,224,225,226,227,228,229,230,231,232,233,234,235,236,237,238,239,240,241,242,246,250,251,252,253,254,255,256,257,258,259,260,261,262,263,264,265,266,267,276,279,280,281,282,283,284,285,286,287,288,289,290,291,292,294,295,296,297	264,265,266,267,268
P63104_Q93SQ3	0.15827338129496402	0.6470588235294118	4,5,6,7,8,9,10,11,12,13,14,15,16,17,18,19,20,21,22,24,25,26,28,29,37,38,39,40,41,42,43,44,45,46,47,48,49,50,51,52,53,54,55,56,57,58,59,60,61,62,63,64,65,81,85,89,92,116,117,118,119,120,121,122,123,124,125,126,127,128,129,130,140,141,142,144,145,146,148,149,152,153,154,156,157,158,159,160,161,162,163,164,165,166,172,173,175,176,177,178,179,180,181,182,183,184,195,196,199,200,201,202,203,204,205,206,207,208,209,210,211,212,213,214,215,216,217,218,219,220,221,222,223,224,225,226,227,228,229	
B9V0E2_Q8TCD0	0.019230769230769232	0.4	523,526,527,528,530	24,25,26,27,30,35,41,43,46,47,56,61,62,64,65,66,68,69,72,73,76,78,81,83,84,85,86,87,89,90,91,93,94,95,96,101,103,105,109,110,112,114,119,121,122,123,124,125,126,131,132,139,140,141,142,143,144,145,147,148,155,157,159,160,161,162,163,164,165,166,167,169,172,197,198,199,200,201,202,204,216,217,218,219,221,222,223,224,225,226,227,228,229,230,231,232,233,234,235
P13746_R4P6M5	0.12021857923497267	0.7333333333333333	25,26,27,28,29,30,31,32,33,34,35,36,37,38,39,40,41,42,43,44,45,46,47,48,49,50,51,52,53,54,55,56,57,58,59,60,62,66,67,68,70,71,74,75,78,82,83,84,85,86,87,88,89,90,93,94,95,96,97,98,99,100,101,104,105,107,108,112,115,116,117,118,119,120,121,122,130,131,132,133,134,136,137,138,139,140,141,142,143,144,145,146,153,154,156,166,167,168,169,170,182,186,190,194,197,213,214,215,216,217,218,219,220,221,222,223,224,225,226,227,228,229,230,231,232,233,234,235,236,237,238,239,240,241,242,246,250,251,252,253,254,255,256,257,258,259,260,261,262,263,264,265,266,267,271,279,280,281,282,283,284,285,286,287,288,289,290,291,292,293,294,295,296,297	187,188,190,191,193,194,195,196,197
P05534_Q9Q5D4	0.13259668508287292	0.8275862068965517	25,26,27,28,29,30,31,32,33,34,35,36,37,38,39,40,41,42,43,44,45,46,47,48,49,50,51,52,53,54,55,56,57,58,59,60,62,66,67,68,70,71,75,82,83,85,86,87,89,90,91,93,94,95,96,98,99,100,102,103,105,106,107,108,115,116,117,118,119,120,121,122,123,125,126,131,134,135,136,137,138,139,140,141,142,143,144,145,146,156,160,166,168,169,170,182,186,193,194,196,197,198,213,214,215,216,217,218,219,220,221,222,223,224,225,226,227,228,229,230,231,232,233,234,235,236,237,238,239,240,241,242,246,250,251,252,253,254,255,256,257,258,259,260,261,262,263,264,265,266,267,271,279,280,281,282,283,284,285,286,287,288,289,290,291,292,293,294,295,296,297	125,126,127,128,129,130,131,132,133,134
Q08FX8_Q16611	0.22857142857142856	0.9411764705882353	2,3,4,5,6,7,8,9,10,11,12,13,14,15,16,17,18,19,20,21,22,23,25,26,27,28,29,30,31,32,33,35,37,38,39,40,41,42,43,44,45,46,47,48,49,50,51,52,53,54,55,56,57,58,59,60,61,62,63,64,65,66,68,69,70,71,72,73,74,75,76,77,78,79,81,82,83,84,85,86,87,88,89,90,91,92,93,94,95,96,97,100,103,104,106,107,108,109,111,112,113,114,115,116,118,119,120,121,122,123,124,126,127,128,129,130,131,133,134,135,136	69,70,71,72,73,75,76,77,79,80,81,82,83,84,85,86,87,88,89
P05161_Q6TQR6	0.21875	0.35	79,91,95,96,98,99,100,101,102,103,105,106,107,108,109,110,111,113,114,116,117,118,119,120,121,122,123,124,125,126,127,128,129,130,131,132,133,134,135,136,137,138,139,140,141,142,143,144,145,146,147,148,149,150,151,152,153,154,155	95,98,102,118,126
F5HF68_Q93009	0.26666666666666666	0.631578947368421		64,65,76,101,103,104,105,127,128,129,130,131,132,134,137,138,140,145,148,149,151,152,153,154,155,156,157,158,159,160,161,162,163,164,165,166,167,168,182,183,184,185,186,193,204
B2YGA4_P13987	0.13425925925925927	0.4027777777777778	59,67,68,70,71,72,93,104,105,106,107,108,110,111,112,113,114,115,116,117,118,119,120,121,123,124,125,126,127,128,129,130,131,132,133,134,138,159,160,162,164,171,172,174,175,177,178,179,181,182,183,185,186,191,200,201,202,203,204,205,206,208,209,213,221,224,228,239,240,241,242,243,244,247,248,285,286,287,288,289,290,291,293,294,312,314,315,324,325,334,335,336,338,339,341,342,343,345,346,348,349,350,351,352,353,355,356,357,359,360,361,381,383,384,385,387,388,389,391,393,394,395,398,399,402,403,404,406,407,408,426,435,436,437,439,441,451,452,455,456,457,458,459,460,461,462,463,466,484,488,489,493,500,501,502,503,504,505,506,507,508	25,26,28,29,32,44,45,46,47,48,49,51,52,53,54,55,56,57,58,59,60,61,62,64,65,66,67,68,69,70,71,72,73,74,75,76,77,78,79,80,81,82,83,84,85,86,88,89,90,91,92,93,94,95,96
O50835_P02751	0.6666666666666666	0.07142857142857142		113,120,129
C6UYL8_Q9UQB8	0.06521739130434782	0.2608695652173913		3,4,5,6,7,8,9,10,11,12,13,14,15,16,17,18,19,20,21,22,23,24,25,26,27,28,29,30,31,32,33,34,35,36,37,38,39,41,44,46,47,48,49,51,52,53,55,56,57,58,59,60,61,62,63,64,65,69,70,71,73,74,75,76,77,78,81,82,83,84,85,86,89,92,93,96,97,100,101,104,108,110,113,114,182,183,186,189,190,191,193,194
Q6P0Q8_Q8JJY9	0.46153846153846156	0.5625	1111,1112,1113,1114,1115,1116,1118,1119,1120,1121,1122,1123,1124,1125,1126,1127,1128,1130,1133,1134,1135,1137,1138,1151,1152,1153,1154,1155,1166,1167,1168,1169,1170,1171,1172,1173,1176,1177	512
P03205_P04229	0.07905138339920949	0.7407407407407407	85,86,87,88,89,100,103,104,105,106,107,108,109,110,111,112,113,114,115,116,118,119,124,125,128,129,130,132,133,135,136,137,138,139,140,141,142,143,144,145,146,147,148,149,150,151,152,153,154,158,166,173,176,177,179,180,181,182,183,184,185,186,187,188,189,190,191,192,193,194,195,196,197,198,199,200,201,202,203,204,205,206,208,209	31,32,33,34,35,36,37,38,39,40,41,42,43,44,45,46,47,48,49,50,51,53,54,55,56,57,58,59,60,61,62,63,64,66,67,68,71,72,73,74,75,76,77,78,79,80,81,83,84,85,88,89,92,93,94,95,96,97,98,99,100,105,106,108,109,110,111,112,113,114,115,116,117,118,119,120,121,122,125,126,128,129,130,131,132,133,134,135,136,137,138,139,140,141,142,143,144,145,146,147,148,149,150,151,152,153,154,155,156,157,158,159,160,161,162,164,165,166,167,169,170,171,172,173,174,175,176,177,178,179,180,181,182,183,184,185,186,187,188,189,190,191,192,193,194,195,196,197,198,199,200,201,202,203,204,205,206,207,208,209,210,211,212,213,214,215,216,217,218
P05889_P62937	0.13836477987421383	1.0	217,218,219,220,221,222,223,224,225,226,227,228	0,1,2,3,4,5,6,7,8,9,10,11,12,13,14,15,16,17,18,19,20,21,22,23,24,25,26,27,28,29,30,31,32,33,34,35,36,37,38,39,40,41,42,43,45,46,48,50,51,52,53,54,55,56,57,58,59,60,61,62,63,64,65,66,67,68,69,70,71,72,73,74,75,76,77,78,79,80,81,82,83,84,85,86,87,88,89,90,91,92,94,96,97,98,99,100,101,102,103,104,105,106,107,108,109,110,111,112,113,114,115,116,117,118,119,120,121,122,123,124,125,126,127,128,129,130,131,132,133,134,135,136,137,138,139,140,141,142,143,144,145,147,148,155,156,157,159
P02679_P14738	0.36363636363636365	0.16666666666666666	423,425,426	252,253,254,255,256,257,259,277,281,282,283,284,286,305,343,344,364,366,469
Q8BES6_Q9H3P7	0.4722222222222222	0.2982456140350877		371,373,374,375,376,378,379,382,398,401,402,434,482,491,495,497,500,506,507,508,510,511,513,514,515,516,517,518,519,520,522,523,524,525,526,527
P08393_Q93009	0.07272727272727272	0.1		608,612,614,615,616,618,619,620,621,622,623,624,633,634,636,637,725,727,734,748,756,759,760,761,763,764,767,768,815,816,818,819,834,835,837,838,839,840,842,853,856,860,861,864,867,877,887,891,895,896,1016,1022,1049,1075,1081
P17763_S6B291	0.0410958904109589	0.23076923076923078		29,30,31,32,33,43,44,45,46,47,50,52,53,54,55,56,57,61,62,63,64,65,75,77,78,79,80,81,82,83,101,102,103,104,105,106,107,108,110,112,114,115,117,122,123,125,126,127,143,144,145,160,161,163,164,165,166,167,168,169,170,171,186,187,188,189,191,198,199,200,201,202,203
P04862_P42224	0.19047619047619047	0.7804878048780488	108,109,110,111,112,113,114,115,116,117,118,119,120,121,122,123,124,125,126,127,128,129,130,131,132,133,134,135,136,137,138,139,140,141,142,143,144,145,146,147,148,149,150,151,153,154,155,156,157,158,159,160,161,162,163,164,165,166,167,168,169,170,171,173,176,177,180,181,182,183,184,185,186,187,188,189,190,191,192,193,194,195,196,197,198,199,200,201,202,203,204,205,206,207,208,209,210,211,212,213	2,3,4,5,6,7,8,9,10,11,12,13,14,15,16,17,18,19,20,21,22,23,24,25,26,27,28,30,31,32,35,36,38,39,49,50,51,53,54,55,57,58,59,60,61,62,63,65,66,67,69,70,73,74,75,76,77,78,79,80,90,93,94,97,98,101,104,105
P01730_Q70145	0.14285714285714285	0.2602739726027397	51,52,53,67,68,82,83,86,87,88,90,91,93,94,95,96,97,99,101,102,103,104,106,107,109,111,130,131,133,134,238,239,330,358,376	62,65,68,86,87,88,89,90,91,92,93,94,95,96,100,101,103,104,105,106,107,108,184,206,207,208,245,246,249,250,251,262,264,265,266,267,268,269,270,271,272,273,274,284,286,301,302,304,305,306,307,308,309,310,311,312,313,314,315,316,317,318,319,320,321,322,323,324,326,331,334,346,349,352,353,356,360,363,364,390,411,413,414,419,420,421,424,427,429,430,431,461,462,469,470,472,473,475
P0CG47_Q6RCR0	0.19047619047619047	0.375	153,154,155,156,157,158,159,160,162,163,166,167,174,185,186,187,188,189,190,191,192,193,194,195,196,197,198,199,200,201,202,203,204,205,206,207,208,209,210,211,212,213,214,215,217,218,219,220,221,222,223,224,225,226	7,8,9,10,11,12,13,14,15,16,17,18,19,20,21,23,24,25,26,27,28,36,37,38,50,64,69,81,142,143,144,145,146,147,148,149,150,151,152,153,155,156,157,159,160,165,171,172,173,255,281,285,287,288,289,306,317,318,319,322,326,327,329,331,332,334,336,337,341,351,354,355,365,378,409,417,419,420,421,425,428,429,430,435,436,446,450,451,452,453,454,457,479,490,523,604,607,611,612,613,614,615,617,639,641,656,658,676,691,692,725,733,774,776,777,778,779,780,782,783,784,785,789,836,839,840,842,843,845,870,907,920,1072,1073,1105
A0A0E8IWL6_P68871	0.23448275862068965	0.4927536231884058	364,365,366,367,368,369,370,371,372,420,422,457,551,554,569,570,571,572,573,592,593,621,628,631,633,635,639,642,644,645,646,648	1,2,3,4,5,6,12,13,14,15,16,17,18,19,22,23,26,29,30,31,32,33,34,35,36,37,38,39,40,41,43,44,45,47,48,49,50,51,52,53,54,55,58,59,61,62,65,66,69,70,71,77,78,80,81,82,83,84,85,88,89,90,91,92,93,94,95,96,97,98,99,100,101,102,103,104,105,107,108,111,112,115,116,117,118,119,120,121,122,123,124,125,126,127,128,129,130,131,132,133,134,135,136,137,138,139,140,141,142,143,144,145,146
P14078_Q99816	0.10606060606060606	0.3181818181818182		15,16,17,18,19,20,21,22,23,25,26,29,30,31,32,33,34,35,36,37,38,39,40,41,42,43,44,45,46,47,48,49,50,51,52,53,54,55,56,57,58,59,60,61,62,63,64,65,66,67,74,81,101,102,105,106,109,112,130,132,133,134,136,137,140,141
Q70AA1_Q9MYI6	0.14507772020725387	0.9032258064516129	50,51,52,53,54,55,56,57,58,59,60	25,26,27,28,29,30,31,32,33,34,35,36,37,38,39,40,41,42,43,44,45,46,47,48,49,50,51,52,53,54,55,56,57,58,59,60,62,63,64,66,67,68,70,71,72,74,75,78,81,82,83,85,86,88,95,96,97,98,99,100,102,103,105,106,107,115,116,117,118,119,120,121,122,128,129,130,131,132,133,134,135,136,137,138,139,140,141,142,143,144,145,146,149,152,156,166,167,168,169,170,174,177,178,179,182,183,184,185,186,189,190,192,193,194,214,215,216,217,218,219,220,221,222,223,224,225,226,227,228,229,230,231,232,233,234,235,236,237,238,239,240,241,242,245,246,250,251,252,253,254,255,256,257,258,259,260,261,262,263,264,265,266,267,276,279,280,281,282,283,284,285,286,287,288,289,290,291,292,294,295,296,297
O60486_Q8JL80	0.1032258064516129	0.32	39,42,69,104,111,146,247,248,250,260,261,272,273,274,275,291,372,375,379,380,381,426,580,669,695,764,776,777,778,780,781,782,844,845,848,849	23,24,25,26,28,29,30,31,32,33,36,44,85,98,100,102,103,104,105,106,107,110,111,113,114,115,116,117,118,120,121,122,123,125,126,130,131,132,133,149,185,186,197,198,199,200,201,202,203,204,205,206,221,222,223,224,225,226,243,244,245,246,247,248,249,282,294,297,298,301,302,303,304,305,306,307,308,309,310,311,312,313,314,315,317,318,321,342,349,350,352,353,360,367,368,369,370,371,372,373,374,375,376,377,378,379,380,381,382,383,384,385,386,387,388,389,390,391,393
P01892_P0C213	0.11956521739130435	0.7857142857142857	24,25,26,27,28,29,30,31,32,33,34,35,36,37,38,39,40,41,42,43,44,45,46,47,48,49,50,51,52,53,54,55,56,57,58,59,60,62,66,67,68,70,71,75,82,83,86,88,89,90,93,94,95,96,97,98,99,100,101,102,103,104,105,106,107,108,109,110,111,112,115,116,117,118,119,120,121,122,123,127,129,130,131,132,133,134,136,137,138,139,140,141,142,143,144,145,146,156,162,166,167,169,170,178,179,182,186,190,193,194,211,214,215,216,217,218,219,220,221,222,223,224,225,227,228,229,230,231,232,233,234,235,236,237,239,240,241,242,243,246,250,251,252,253,254,255,256,257,258,259,260,261,262,263,264,265,266,267,271,279,280,281,282,283,284,285,286,287,288,289,290,291,292,293,294,295,296,297	12,13,14,15,16,17
P13423_P58335	0.11618257261410789	0.49122807017543857	50,61,62,87,88,92,93,118,121,122,124,125,126,127,217,218,220,234,254,260,261,263,264,265,266,267,268,269,270,271,272,273,274,275,277,280,281,282,283,289,291,293,295,372,374,384,387,388,389,391,392,393,394,395,399,401,402,403,404,406,414,415,416,417,418,419,420,421,422,423,428,431,432,435,438,439,454,455,456,457,458,459,460,461,462,463,464,479,480,481,482,483,484,490,492,493,496,498,509,510,513,518,520,521,523,524,525,526,527,528,529,530,531,532,559,561,570,574,578,579,580,582,590,602,603,605,606,607,608,609,610,614,615,626,628,636,637,640,641,644,645,648,655,656,661,663,664,665,666,667,670,671,672,673,674,675,678,679,680,682,683,686,687,688,691,701,703,704,706,707,709,712,713,714,715,716,717,718,719,720,722	39,40,42,58,59,60,61,62,63,64,66,67,70,71,72,76,78,83,84,108,109,110,111,112,113,114,116,118,123,124,125,127,128,131,149,150,151,152,153,154,155,156,157,159,160,161,163,180,184,187,190,192,193,194,196,197,198,199,202,206
K9N5Q8_P27487	0.0423728813559322	0.19607843137254902	399,400,401,402,403,426,429,447,451,452,453,454,455,456,457,462,464,465,466,468,539,552	47,52,53,66,67,69,70,78,82,88,90,91,94,97,101,104,116,117,127,130,131,134,135,138,139,140,141,142,145,146,152,153,155,156,158,159,161,162,163,165,166,167,168,169,170,171,172,173,174,175,176,179,182,183,186,187,190,191,192,194,195,206,207,209,210,213,227,228,229,230,231,233,234,235,236,238,239,240,241,242,243,244,245,246,247,248,249,250,252,254,255,256,257,258,260,268,284,285,304,309,312,313,314,316,318,321,325,329,356,401,413,416,428,470,474,475,476,478,479,491,492,493,515,522,524,530,531,562,577,578,579,580,581,582,583,584,585,587,591,593,594,595,596,597,598,599,600,601,602,603,606,610,611,612,613,614,615,616,617,618,639,640,657,658,659,660,661,662,663,664,665,668,669,672,680,682,683,694,695,698,699,701,703,712,713,716,717,720,723,724,725,727,728,729,730,731,732,733,734,735,737,745,747,748,749,750,751,752,753,754,755,756,757,760
O41925_P13500	0.1848184818481848	0.9491525423728814	41,42,43,44,45,46,47,48,49,50,51,52,62,65,66,68,69,70,82,83,84,85,86,88,89,90,91,92,95,98,99,100,101,102,103,104,105,106,107,108,109,110,111,112,113,114,115,116,117,118,119,120,121,122,123,124,125,126,127,128,129,131,133,146,147,148,150,152,153,154,155,156,157,158,159,160,161,162,163,164,165,166,167,168,169,170,171,172,173,174,175,176,177,178,179,180,181,182,183,184,185,186,187,188,189,190,193,197,198,199,200,201,209,210,211,212,213,214,215,216,217,218,219,220,221,237,242,246,247,248,249,250,251,252,254,255,256,258,259,261,262,263,264,265,266,267,269,270,273,288,289,290,291,292,293,294,295,296,297,298,299,300,301,303,304,306,307,308,309,310,311,312,313,314,315,316,317,318,320,323,324,325,326,327,328,329,330,331,332,333,348,349,351,352,353,354,355,356,357,358,359,363,364,365,368,371,372,373,374,375,376,377,378,379,380,381,382,383,384,385,386,387,388,389,390,391,392,393,394,395,396,397,398,399,400,401,402,403,404,405	30,31,32,33,34,35,36,37,38,39,40,41,42,43,44,45,46,47,48,49,50,51,52,53,54,55,56,57,58,59,60,61,62,63,64,65,66,67,68,69,70,71,72,73,74,75,76,77,78,79,80,81,82,83,84,85,87,88,89,90,91,92,93
P00747_P15240	0.3026315789473684	0.6571428571428571	585,588,589,590,591,592,593,594,596,598,600,601,602,603,604,605,606,621,622,623,624,625,628,629,632,662,681,684,699,703,710,713,714,716,733,737,753,754,756,757,758,778,779,780,781,782,783,784,785,786,787,788,789,790,797,801,805,807	41,42,43,44,45,46,47,48,49,50,51,52,53,54,56,58,59,61,63,64,65,66,67,68,70,71,72,73,74,76,77,81,84,85,87,88,89,90,91,92,93,95,96,97,99,100,101,102,103,104,105,106,107,110,113,114,115,116,117,118,119,120,121,122,125,130,132,134,135,136,137,138,139,140,141,142,143,144,145,146,147,148,149,150,151,152,153,154,155,156,157,158,159,160
A0A024R962_O50665	0.17293233082706766	0.3898305084745763	397,401,403	26,32,33,34,35,36,37,40,43,49,56,60,62,63,64,65,66,67,68,69,70,79,80,82,83,84,86,87,90,91,93,94,95,96,97,98,99,100,101,103,104,105,108,111,112,114,115,116,120,124,128,129,131,132,133,134,135,136,137,138,139,140,141,142,143,144,145,146,147,148,149,150,151,152,153,154,155,156,157,158,159,160,161,163,167,168,176,177,178,179,180,182,185,189,191,192,193,194,195,196,197,198,199,200,202,203,205,206,207,208,209,210,211,212,213,216,217,221,222,223,224,225,226,227,228,229,230,231,232,233
D1MPH2_S6B2A6	0.020512820512820513	0.2222222222222222	90,91,93,94,113,115,116,117,118,119,120,121,122,123,124,126,127,128,129,130,131,132,133,134,135,136,137,138,139,140,141,142,143,144,145,161,162,173,181,203,208,212,215,216,218,219,221,225,226,227,228,229,230,231,232,233,234,235,236,237,238,239,240,246,247,249,251,252,253,254,255,256,257,258,259,260,261,262,263,264,265,266,267,268,269,270,271,272,273,274,275,276,277,278,280,281,282,283	19,20,21,22,23,24,28,31,32,43,46,47,50,54,55,56,57,58,59,60,61,62,63,65,66,67,69,71,76,78,79,80,82,83,85,89,91,96,98,99,100,104,105,107,108,109,111,112,113,115,116,117,123,128,129,130,131,132,133,134,135,136,137,138,167,168,169,170,171,172,173,174,175,176,177,178,179,180,191,193,194,195,196,197,198,199,200,201,205,206,207,208,209,210,211,213,215
P01903_P04591	0.22929936305732485	0.75	25,26,27,28,29,30,31,32,33,34,35,36,37,38,39,40,41,42,43,44,45,46,47,48,49,50,51,52,53,54,55,56,57,60,67,68,69,70,71,72,74,75,76,77,78,79,81,82,84,85,86,88,89,90,91,92,93,94,95,96,97,99,100,101,102,103,104,105,107,108,109,112,115,116,117,118,119,120,121,122,123,124,127,130,131,132,133,134,135,136,137,138,139,140,141,142,143,145,146,147,148,149,150,151,152,153,155,157,158,159,160,161,162,163,164,165,166,167,168,169,170,171,172,173,174,176,177,178,179,180,181,182,183,184,185,188,191,192,194,195,196,197,198,199,200,201,202,203,204	297,298,299,300,301,303,304,307
P06492_Q00403	0.21296296296296297	0.5476190476190477	474,478,480,481,482,484	111,113,114,115,117,118,119,120,121,122,123,124,125,126,127,128,129,131,135,136,141,142,143,145,168,169,170,171,172,173,174,175,176,177,184,187,188,191,192,194,195,196,198,199,202,203,204,205,206,207,208,209,212,213,216,222,239,240,241,242,243,244,245,246,247,248,249,250,251,252,258,262,268,269,270,271,272,273,274,275,276,277,278,279,280,281,282,285,286,288,289,290,292,293,294,298,303,305,311,312,313,314
P04591_P62937	0.0979020979020979	0.9655172413793104	132,133,134,135,136,137,138,139,140,141,142,143,144,145,146,147,148,149,152,154,156,157,158,159,160,161,162,163,164,165,166,167,168,169,170,171,172,173,174,175,176,178,179,180,181,182,183,184,185,186,187,188,189,190,191,193,194,197,198,199,200,201,202,203,204,207,208,210,211,213,214,215,217,218,219,220,221,222,223,224,225,226,227,228,229,230,231,234,236,237,238,241,242,243,244,245,246,247,248,249,250,251,252,253,264,267,270,271,272,273,274,275,276,277,278,279,281,282,283,285,293,294,295,297,298,299,300,301,303,304,307,315,341,342,343,344,345,346,347,348	1,2,3,4,5,6,7,8,9,10,11,12,13,14,15,16,17,18,19,20,21,22,23,24,25,26,27,28,29,30,31,32,33,34,35,36,37,38,39,40,41,42,43,45,46,48,50,51,52,53,54,55,56,57,58,59,60,61,62,63,64,65,66,67,68,69,70,71,72,73,74,75,76,77,78,79,80,81,82,83,84,85,86,87,88,89,90,91,92,94,96,97,98,99,100,101,102,103,104,105,106,107,108,109,110,111,112,113,114,115,116,117,118,119,120,121,122,123,124,125,126,127,128,129,130,131,132,133,134,135,136,137,138,139,140,141,142,143,144,145,147,148,155,156,157,159
P03180_Q13651	0.1830065359477124	0.717948717948718	27,28,29,30,31,32,33,34,35,36,37,38,39,40,41,42,43,44,45,46,47,48,49,50,51,52,54,55,56,57,58,59,60,62,64,65,66,67,68,69,70,71,73,75,76,77,78,79,80,81,82,83,84,85,86,87,88,89,90,91,93,94,96,97,98,100,101,104,105,108,109,112,114,115,116,117,118,119,120,121,123,127,128,131,132,133,134,135,136,137,138,139,140,141,142,143,144,145,146,147,148,149,150,151,152,153,154,155,156,157,158,159,160,161,162,163,164,165,166,167	63,85,87,88,89,90,91,93,96,110,114,115,116,117,156,157,159,160,161,162,163,164,165,166,167,168,171,208,210,211,213,214,217
P04229_Q52T95	0.05862068965517241	0.7083333333333334	30,31,32,33,34,35,36,37,38,39,40,41,42,43,44,45,46,47,48,49,50,51,53,54,55,56,57,58,59,60,61,62,63,64,66,67,68,71,72,73,74,75,76,77,78,79,80,81,83,84,85,88,89,92,93,94,95,96,97,98,99,100,105,106,108,109,110,111,112,113,114,115,116,117,118,119,120,121,122,125,126,128,129,130,131,132,133,134,135,136,137,138,139,140,141,142,143,144,145,146,147,148,149,150,151,152,153,154,155,156,157,158,159,160,161,162,164,165,166,167,169,170,171,172,173,174,175,176,177,178,179,180,181,182,183,184,185,186,187,188,189,190,191,192,193,194,195,196,197,198,199,200,201,202,203,204,205,206,207,208,209,210,211,212,213,214,215,216,217,218	3,5,6,7,8,9,10,11,12,13,14,15,16,17,18,19,20,21,23,24,25,28,32,33,35,36,37,38,39,40,41,42,43,44,46,47,50,67,68,78,83,86,87,88,89,92,93,94,95,96,97,99,100,103,107,109,122,123,124,125,126,127,128,129,130,131,132,133,134,135,136,138,139,146,148,149,150,151,152,153,155,156,157,175,176,177,178,179,180,181,182,184,185,186,187,188,189,190,191,192,193,194,195,196,197,198,199,201,203,204,205,206,207,208,209,210,211,212,213,214
P01892_P04591	0.09944751381215469	0.72	24,25,26,27,28,29,30,31,32,33,34,35,36,37,38,39,40,41,42,43,44,45,46,47,48,49,50,51,52,53,54,55,56,57,58,59,60,62,66,67,68,70,71,75,82,83,86,88,89,90,93,94,95,96,97,98,99,100,101,102,103,104,105,106,107,108,109,110,111,112,115,116,117,118,119,120,121,122,123,127,129,130,131,132,133,134,136,137,138,139,140,141,142,143,144,145,146,156,162,166,167,169,170,178,179,182,186,190,193,194,211,214,215,216,217,218,219,220,221,222,223,224,225,227,228,229,230,231,232,233,234,235,236,237,239,240,241,242,243,246,250,251,252,253,254,255,256,257,258,259,260,261,262,263,264,265,266,267,271,279,280,281,282,283,284,285,286,287,288,289,290,291,292,293,294,295,296,297	77,78,79
A0A0E8IWL6_P00738	0.023529411764705882	0.2222222222222222	364,365,366,367,368,369,370,371,372,420,422,457,551,554,569,570,571,572,573,592,593,621,628,631,633,635,639,642,644,645,646,648	147,148,149,150,166,169,170,171,172,173,174,175,184,193,194,195,223,238,239,241,242,243,244,245,246,259,260,261,262,263,264,265,267,279,283,289,290,293,294,297,345,346,347,348,349,350,351,352,353,354,368,369,397
P0C6H2_Q5MAG5	0.12834224598930483	0.8888888888888888	46,47,48,49,50,51,52,53,54	24,25,26,27,28,29,30,31,32,33,34,35,36,37,38,39,40,41,42,43,44,45,46,47,48,49,50,51,52,53,54,55,56,57,58,59,60,62,63,66,67,68,70,71,75,82,83,86,88,89,90,93,94,95,96,97,98,99,100,101,102,103,104,105,106,107,108,109,110,111,112,115,116,117,118,119,120,121,122,123,127,129,130,131,132,134,136,137,138,139,140,141,142,143,144,145,146,156,162,166,167,169,170,178,179,182,186,190,193,194,211,214,215,216,217,218,219,220,221,222,223,224,225,227,228,229,230,231,232,233,234,235,236,237,239,240,241,242,243,246,250,251,252,253,254,255,256,257,258,259,260,261,262,263,264,265,266,267,271,279,280,281,282,283,284,285,286,287,288,289,290,291,292,293,294,295,296,297
P03230_Q12933	0.19480519480519481	0.625		337,341,342,344,345,348,349,350,352,353,355,356,371,372,373,374,375,376,378,379,380,381,382,383,384,385,388,392,398,400,402,404,405,406,408,409,412,420,423,425,439,440,442,443,444,445,446,447,448,449,450,451,452,454,455,456,457,462,463,464,465,466,467,468,469,470,477,483,485,486,489,490,492,494,496,497,498
P89884_Q14457	0.2727272727272727	0.66	8,9,13,16,18,19,20,22,24,25,26,27,28,29,30,31,32,33,34,35,36,37,39,40,41,42,43,44,45,46,47,48,49,50,51,52,53,54,55,56,57,58,59,60,61,62,63,64,66,67,68,69,70,71,72,73,74,75,76,77,78,79,80,81,82,83,84,85,86,87,88,89,90,91,92,93,94,95,96,99,100,103,104,105,106,107,108,109,110,111,112,113,114,115,116,117,118,119,120,121,122,123,124,125,126,127,128,129,130,131,132,133,134,135	118,121,122,124,125,126,128
P01730_P20872	0.12837837837837837	0.4418604651162791	51,52,53,67,68,82,83,86,87,88,90,91,93,94,95,96,97,99,101,102,103,104,106,107,109,111	58,59,60,61,62,63,64,67,68,71,72,73,74,75,76,77,78,79,80,81,82,83,84,85,86,87,88,89,90,91,92,93,94,95,96,97,214,216,218,219,251,252,253,255,256,257,258,259,260,261,262,263,264,265,267,268,270,271,272,274,276,277,278,280,281,282,283,285,288,289,290,291,292,324,325,327,328,364,365,366,367,368,369,370,371,372,373,378,382,384,408,410,412,414,422,429,430,447,450,451,452,453,454,455,457,458,459,460,465,468,469,470,471,472,473,474,475,476,477,479,480,481
D3HJY4_P31689	0.0196078431372549	0.4	11,12,13,14,15,16,17,18,19,20,21,22,23,24,25,27,28,29,30,31,34,41,42,43,44,45,46,47,48,49,50,51,52,53,54,55,57,58,59,61,67,68,69,70,71,72,73,74,75,76,78,79,100,104,107,108,110,111,112,113,114,115,117,119,121,122,123,124,125,126,127,128,129,130,131,132,133,134,135,136,137,138,139,140,141,142,143,144,145,146,147,148,149,150,151,152,153,155,158,161,162,165	
P03211_Q93009	0.27906976744186046	0.6		64,65,76,101,103,104,127,128,129,130,131,132,134,137,138,140,145,148,149,151,152,153,154,155,156,157,158,159,160,161,162,163,164,165,166,167,168,182,183,184,185,186,193
Q15223_Q69091	0.17592592592592593	0.7916666666666666	38,39,41,42,45,62,63,65,66,67,75,76,80,81,82,83,84,85,86,87,88,89,90,91,92,93,94,95,99,100,105,109,112,113,114,116,117,121,124,125,126,127,128,129,130,131,132,133,134,136,148,149,191,193,195,196,197,198,199,200,209,210,211,213,214,230,231,232,233,234,235,236,244,247,253,254,256,257,258,277,278,280,281,283,284,285,286,287,288,289,300,304,307,318,319,320,321,322,323,324,327,333	48,49,50,51,52,56,57,58,59,60,61,62,63,64,65,66,67,68,69,70,71,72,73,74,75,76,77,78,79,82,83,91,94,95,96,98,102,103,105,106,107,109,110,111,112,113,114,115,116,117,118,154,158,160,161,162,163,164,165,166,168,169,170,171,172,173,174,178,180,182,183,185,187,188,189,190,191,193,195,196,197,198,199,200,201,202,203,204,206,207,208,220,232,236,239,240,241,242,243,244,245,246,247,248,249,250,251,253,254,258,261,262,265,266
P03951_P23827	0.27586206896551724	0.6436781609195402	388,392,393,394,395,396,397,398,399,400,401,411,412,413,414,415,416,430,431,432,433,434,435,436,437,438,439,440,441,442,444,445,446,447,448,452,453,455,456,459,460,461,463,464,465,467,468,471,492,493,494,495,496,497,498,499,500,501,502,503,514,518,521,522,524,525,532,567,568,569,570,571,572,573,574,575,586,594,595,596,597,598,599,600,601,602,603,604,605,616,618,620,621,624	23,24,25,26,27,28,29,30,31,32,33,34,36,37,38,39,40,41,42,43,44,45,46,47,48,49,55,56,58,60,70,71,72,73,74,75,76,77,78,79,80,81,82,83,84,85,86,87,88,89,90,91,92,95,96,97,98,99,100,101,102,104,105,106,107,108,114,115,117,118,119,120,121,122,123,124,125,126,127,128,129,130,131,132,133,134,135,136,137,139,142,143,145,146,147,148,149,150,151,152,153,154,155,156,157,158,159,160,161
P68036_Q6RCR4	0.1829787234042553	0.6615384615384615	2,3,4,5,6,7,8,9,10,11,12,13,14,21,22,24,25,26,27,28,29,30,31,32,33,34,35,36,37,38,39,40,41,42,43,44,45,46,50,51,53,55,56,57,58,59,60,61,62,63,64,65,66,67,69,70,72,73,74,77,81,82,83,84,86,87,88,89,90,91,92,93,94,95,96,97,98,99,100,102,103,106,107,108,109,110,111,112,113,114,115,116,117,118,119,120,121,122,123,128,132,135,142,143,145,146,150	14,15,16,17,18,19,20,22,23,24,26,70,71,72,75,77,78,79,80,82,83,86,89,90,92,93,94,95,97,100,101,103,104,105,107,108,109,111,112,113,114,115,116,117,118,119,121,122,124,125,128,129,135,139,141,142,143,146,147,149,150,151,154,156,157,158,159,160,162,163,164,165,166,167,168,169,170,171,172,173,174,175,176,177,178,180,181,191,198,203,247,251,255,258,259,262,265,270,273,291,292,296,297,298,299,300,307,308,309,310,313,314,317,318,321,325,329,330,351,352,375,403,405,442,443,444,448,459
P52630_Q32ZE1	0.0625	0.125	24,25,26,27,28,29,31,32,33,37,89,92,93,94,96,97,98,99,100,105,106,107,108,109,110,111,144,145,147,148,151,152,155,158,159,162,164,165,166,168,169,172,173,175,176,198,199,202,205,256,260,313,315,322,323,324,325,344,364,366,367,368,370,371,372,373,374,375,420,421,425,426,436,438,444,458,460,465,482,484,488,509,571,597,599,600,601,602,603,604,625,628,629,630,632,633,636,637,638,639,640,641,642,643,644,645,646,647,648,649,659,661,662,663,664,666	2848,3116,3120,3124,3129,3132,3135,3136,3137,3388,3389,3390
Q76RF1_Q9Y6K9	0.18018018018018017	0.5714285714285714	1,2,3,4,5,6,7,8,9,11,23,26,27,28,29,30,31,42,44,45,46,47,48,49,50,52,53,61,64,69,70,72,73,74,77,78,79,80,81,82,86,87,88,89,90,91,92,93,94,95,96,97,98,99,101,102,103,104,105,106,107,108,109,110,111,112,113,129,131,134,135,136,137,138,139,140,141,142,144,145,146,147,148,149,150,151,152,153,154,155,156,157,158,159,160,161,162,163,164,165,167,168,169,170,172	201,229,233,236,237,240
P00734_Q846V4	0.1619718309859155	0.24468085106382978	358,359,360,362,363,365,372,375,376,388,389,390,405,406,408,409,412,413,416,435,437,451,452,458,460,475,476,477,478,479,480,481,482,483,484,485,486,492,496,503,510,528,532,540,558,559,560,561,562,563,564,565,566,567,580,581,582,588,589,590,591,592,593,594,595,596,619	24,27,34,36,37,38,39,41,43,44,45,46,47,64,65,66,67,68,69,70,71,72,75,80,83,102,103,104,106,107,109,110,111,112,113,114,115,116,117,124,131,138,141,142,145,146,148,149,152,159,168,171,172,174,175,176,177,179,202,203,204,206,207,209,217,218,220,221,222,223,224,225,226,227,228
Q99816_Q9IF21	0.15492957746478872	0.4782608695652174	15,16,17,18,19,20,21,22,23,25,26,29,30,31,32,33,34,35,36,37,38,39,40,41,42,43,44,45,46,47,48,49,50,51,52,53,54,55,56,57,58,59,60,61,62,63,64,65,66,67,74,81,101,102,105,106,109,112,130,132,133,134,136,137,140,141	30,31,32,33,34
P19508_Q9Y4B6	0.2818181818181818	0.3563218390804598	14,15,16,17,18,19,20,21,22,23,24,25,26,27,28,29,30,31,32,33,34,35,36,37,38,39,40,41,42,43,44,45,46,47,48,49,50,51,52,53,54,55,56,57,58,59,60,61,62,63,64,65,66,67,68,69,70,71,72,73,74,75,76,77,78,79,80,81,82,83,84,85,86,87,89	1079,1080,1122,1169,1186,1243,1244,1246,1260,1261,1263,1264,1265,1266,1267,1268,1269,1270,1271,1273,1274,1277,1279,1329,1332,1333,1334,1336,1337,1338,1339,1340,1341,1342,1343
A0A0D6HCK9_P11215	0.09230769230769231	0.6666666666666666	47,48,51,67,76,84,86,87,88,89,90,91,92,93,94,95,96,97,98,99,100,101,102,103,105,107,108,112,130,132,133,134,135,137,140,145,146,147,148,149,174,176,177,178,181,182,185,196,231,232,235,236,238,239,240,241,242,243,244,245,246,247,251,254,255,256,257,258,259,260,262,287,288,289,290,291,292,293,298,299	160,161,162,163,164,165,166,167,168,169,171,176,186,190,191,193,194,195,196,198,199,200,201,202,203,204,219,220,221,223,231,235,236,237,240,261,276,277,280,281,282,284,285,286,287,288,289,290,291,313
P05534_Q9YXL6	0.09770114942528736	0.6071428571428571	25,26,27,28,29,30,31,32,33,34,35,36,37,38,39,40,41,42,43,44,45,46,47,48,49,50,51,52,53,54,55,56,57,58,59,60,62,66,67,68,70,71,75,82,83,85,86,87,89,90,91,93,94,95,96,98,99,100,102,103,105,106,107,108,115,116,117,118,119,120,121,122,123,125,126,131,134,135,136,137,138,139,140,141,142,143,144,145,146,156,160,166,168,169,170,182,186,193,194,196,197,198,213,214,215,216,217,218,219,220,221,222,223,224,225,226,227,228,229,230,231,232,233,234,235,236,237,238,239,240,241,242,246,250,251,252,253,254,255,256,257,258,259,260,261,262,263,264,265,266,267,271,279,280,281,282,283,284,285,286,287,288,289,290,291,292,293,294,295,296,297	502,503,504
P36649_Q00987	0.07344632768361582	0.5909090909090909	30,31,33,34,36,37,38,58,62,66,100,101,102,103,104,105,106,107,109,110,111,115,117,118,119,120,121,123,124,138,142,144,145,146,147,148,149,150,151,152,153,155,167,169,170,172,175,192,193,194,195,196,197,198,199,200,201,202,204,206,207,208,209,210,219,220,229,241,245,251,252,254,255,258,259,261,262,263,273,275,276,277,278,279,280,281,410,414,415,417,418,419,420,421,425,428,430,431,438,439,441,442,443,444,445,446,447,448,450,451,452,454,468,484,485,488,500,501,502,503,504,505,506,507,508,509,510,511,512,513,514,515	40,43,44,45,46,47,48,49,50,51,52,53,54,55,56,57,58,59,60,61,62,63,64,66,68,69,70,71,72,73,74,75,76,77,80,83,84,85,87,88,90,92,93,99,103
P11207_Q16531	0.13043478260869565	0.3235294117647059	9,10,11,12,13,14,15,16,17,18,19,20,21,22,23,24,25,26,27,30,182,183,184,185,186,187,188,190,191,192,194,195,196,197,198,199,201,202	2,3,4,5,6,7,9,10,11,12,46,47,48,49,50,51,52,53,54,55,57,64,65,66,67,100,102,103,104,105,106,107,108,109,110,111,112,113,114,115,116,117,118,119,120,121,122,128,132,133,134,135,136,137,138,139,140,151,154,155,156,157,159,160,161,162,164,187,206,211,212,213,214,215,216,217,218,225,252,253,276,306,326,327,334,337,338,341,342,345,355,357,358,359,388,389,391,392,393,394,395,396,397,398,401,428,429,446,447,448,449,450,454,457,458,461,462,464,513,516,517,520,521,659,662,663,664,686,687,692,703,704,705,706,707,708,709,710,811,846,856,858,860,864,870,874,888,890,892,905,926,927,930,934,946,948,949,952,953,954,956,957,958,960,964,969,971,973,974,998,1002,1029,1030,1033,1035,1036,1037,1046,1047,1064,1066,1067,1068,1069,1071,1072,1073,1074,1075,1076,1077,1078,1079,1083,1085,1086,1087,1088,1089,1093,1094,1096,1097,1098,1122,1127,1130,1131,1133,1134,1135,1136,1137,1138,1139
P04626_P38507	0.06918238993710692	0.3548387096774194	29,30,31,32,33,34,35,36,37,38,39,40,41,42,43,44,45,46,47,49,50,53,56,60,63,64,65,66,67,68,69,70,71,72,73,74,75,77,78,80,82,87,89,91,92,96,97,99,100,102,104,105,107,108,116,146,148,149,151,152,153,154,155,156,159,162,191,192,231,232,233,235,257,266,269,270,271,272,273,274,275,276,277,278,279,281,282,285,287,288,289,290,292,306,307,308,309,310,311,312,313,314,315,316,317,344,346,347,348,350,351,352,353,375,376,377,378,382,383,384,386,387,390,391,394,408,414,417,418,419,420,421,422,424,425,431,433,434,435,437,447,451,455,485,486,522,524,525,545,549,550,551,553,557,574,576,578,589,592	
O43521_Q08FX8	0.24113475177304963	1.0	145,146,147,148,149,150,151,152,153,154,155,156,157,158,159,160,161,162	2,3,4,5,6,7,8,9,10,11,12,13,14,15,16,17,18,19,20,21,22,23,25,26,27,28,29,30,31,32,33,35,37,38,39,40,41,42,43,44,45,46,47,48,49,50,51,52,53,54,55,56,57,58,59,60,61,62,63,64,65,66,67,68,69,70,71,72,73,74,75,76,77,78,79,81,82,83,84,85,86,87,88,89,90,91,92,93,94,95,96,97,100,103,104,106,107,108,109,111,112,113,114,115,116,118,119,120,121,122,123,124,126,127,128,129,130,131,133,134,135,136,137
P16757_Q29980	0.16145833333333334	0.5740740740740741	36,37,38,39,40,41,42,43,44,45,46,47,48,49,50,51,52,53,54,55,56,57,58,60,61,62,63,64,65,66,67,68,69,70,71,72,73,74,75,76,77,78,79,80,81,82,83,84,85,86,87,88,89,90,91,92,93,94,95,96,97,98,99,100,101,102,103,104,105,106,107,108,109,110,111,112,113,114,115,116,117,118,119,120,121,122,123,124,125,126,127,128,129,130,131,132,133,134,135,136,137,138,139,140,141,142,143,144,146,147,148,149,150,151,152,153,154,155,156,157,158,159,160,161,162	23,24,25,26,27,28,29,30,31,32,33,34,35,36,37,38,39,40,41,42,43,44,45,47,49,52,53,56,57,60,63,68,81,84,85,86,87,88,95,96,98,99,101,102,103,105,109,110,111,112,113,114,115,116,127,130,131,132,133,134,138,156,158,159,162,193,194
O95639_P03495	0.2558139534883721	0.825	68,69,70,72,87,91,92,94,96,97,98,100,101,103,107,108,110,111,112	84,85,86,87,88,89,90,91,92,93,94,95,96,97,98,99,100,101,102,103,104,105,106,107,108,109,110,111,115,116,117,118,119,120,121,122,123,124,125,126,127,128,130,131,132,133,134,135,136,137,138,139,140,141,142,143,144,145,146,147,148,149,150,151,152,153,154,155,156,157,158,159,160,161,162,163,164,165,166,167,168,169,170,171,174,175,177,178,179,180,181,182,183,184,185,186,187,188,189,190,191,192,193,194,195,196,198,199,200,202
P35962_Q8WUM4	0.009900990099009901	0.041666666666666664		60,65,78,81,82,83,85,104,146,147,150,160,161,163,164,167,168,170,171,172,180,181,184,188,195,198,199,200,204,207,208,209,210,211,214,215,218,222,239,241,242,243,245,246,248,249,250,254,256,257,258,261,262,265,266,269,273,289,290,316,338,341,345,346,363,364,367,369,370,371,372,385,386,401,421,433,435,443,445,447,451,454,455,467,468,475,551,555,558,562,593,625,628,632,662,664,665,669,675,676,697
P40189_Q98823	0.096045197740113	0.6296296296296297	26,29,30,32,33,39,56,76,77,78,81,82,83,84,87,90,107,111,112,113,114,115,116,118,119,120,123,124,125,126,128,129,131,132,133,134,135,136,145,163,182,184,185,186,188,189,190,191,192,194,196,209,210,211,212,213,214,215,216,217,218,219,220,221,243,256,257,260,268,271,272,280,283,291,312,314,318,319,321	29,33,34,35,36,37,38,39,40,43,54,58,60,61,62,63,64,65,66,67,68,69,70,71,72,81,82,83,84,85,86,87,100,101,102,103,104,107,108,111,112,113,114,115,116,117,119,125,126,127,129,130,131,132,133,134,135,136,137,138,139,142,146,147,152,153,154,156,157,159,161,163,164,165,166,167,168,169,170,171,173,174,177,180,181,182,183,184,185,186,187,188,189,190,191,192,193,194
P30460_X2G898	0.09392265193370165	0.53125	24,25,26,27,28,29,30,31,32,33,34,35,36,37,38,39,40,41,42,43,44,45,46,47,48,49,50,51,52,53,54,55,56,57,58,59,60,62,67,68,71,72,73,74,75,82,83,84,85,86,87,89,90,93,94,95,96,97,98,99,100,101,102,104,105,107,108,109,110,111,112,114,115,116,117,118,119,120,121,122,126,129,131,134,135,136,137,138,139,140,141,142,143,144,145,146,147,151,152,153,154,155,156,157,159,160,166,167,168,169,170,182,186,190,194,214,215,216,217,218,219,220,221,222,223,224,225,226,227,228,229,230,231,232,233,234,235,236,237,238,239,240,241,242,246,250,251,252,253,254,255,256,257,258,259,260,261,262,263,264,265,266,267,279,280,281,282,283,284,285,286,287,288,289,290,291,292,294,295,296,297	
G9EPL4_P62820	0.1794871794871795	0.5283018867924528	332,333,334,336,337,338,339,340,341,342,343,347,348,350,354,357,363,369,407,413,414,415,416,417,418,419,421,466,470,471,474,482,486,508,511,514,560,561,563,574,582	6,7,8,9,10,11,12,14,16,18,19,20,21,22,23,24,26,27,28,29,30,31,32,33,34,35,36,37,38,39,40,41,42,43,44,45,46,47,48,49,50,51,53,54,57,58,60,61,62,63,64,65,66,67,68,69,70,71,72,73,74,75,76,77,78,79,80,81,82,83,94,95,96,98,99,100,102,103,104,106,107,108,109,110,111,115,131,132,134,135,143,144,145,146,147,148,149,150,151,152,155,158,159,161,162,163,164,165,166,168,169,170,172,174,175
P02751_Q53971	0.6666666666666666	0.03773584905660377	113,120,129	
A0A1U9IRU2_Q9H6X2	0.08280254777070063	0.22413793103448276	206,209,220,224,227,255,274,275,276,277,286,287,316,342,344,346,347,349,350,351,352,353,354,355,356,357,358,359,360,361,362,370,371,373,374,375,382,397,421,422,425,466,468,469,470,471,472,473,474,477,478,479,480,482,483,486,533,554,555,557,558,559,570,571,590,593,594,595,596,597,604,610,624,660,707,790,807,808,812,824,856,867,914,917,919	58,59,60,62,63,64,66,67,70,71,72,73,74,75,76,77,78,79,80,81,83,87,91,93,94,98,101,102,105,107,108,109,110,111,112,113,116,118,120,128,131,132,134,135,136,138,139,153,155,156,157,158,159,160,161,162,163,165,166,169,182,186,189,196,199,200,201,202,204,214,216,217
P01889_Q70A36	0.12886597938144329	0.8333333333333334	24,25,26,27,28,29,30,31,32,33,34,35,36,37,38,39,40,41,42,43,44,45,46,47,48,49,50,51,52,53,54,55,56,57,58,59,60,62,67,68,71,72,73,74,75,76,78,82,83,85,86,88,89,90,93,94,95,96,97,98,99,100,102,103,104,105,107,108,109,110,111,112,114,115,116,117,118,119,120,121,122,123,125,126,129,131,134,135,136,137,138,139,140,141,142,143,144,145,146,147,151,152,153,154,155,156,157,160,166,167,168,169,170,174,179,182,190,194,214,215,216,217,218,219,220,221,222,223,224,225,226,227,228,229,230,231,232,233,234,235,236,237,238,239,240,241,242,246,250,251,252,253,254,255,256,257,258,259,260,261,262,263,264,265,266,267,276,279,280,281,282,283,284,285,286,287,288,289,290,291,292,294,295,296,297	66,67,68,69,70,71,72,73,74
P78406_Q8B0H7	0.09691629955947137	0.4888888888888889	55,61,68,69,73,75,77,78,79,80,81,82,83,84,85,86,87,97,105,106,112,113,114,115,116,117,118,120,121,122,123,124,125,126,128,129,130,134,148,155,158,159,165,166,167,169,170,171,173,176,177,188,189,215,235,236,238,241,242,243,269,270,271,272,273,274,276,277,278,280,281,282,283,284,285,286,288,291,292,295,296,298,299,301,302,335,336,337,338,339,340,341,342,343,344,355	48,49,50,51,52,53,54,55,56,57,58,59,60,61,62,64,65,68,72,73,74,75,76,77,78,79,80,81,82,84,85,87,88,89,90,91,92,93,94,95,96,97,98,99,100,101,102,105,109,116,117,118,119,127,128,129,130,131,132,133,135,137,138,139,141,142,143,144,145,146,147,148,149,150,151,152,153,154,155,156,157,158,159,160,161,162,163,164,165,166,167,168,169,170,171,173,174,175,176,177,178,179,180,181,182,183,189,191,192,193,194,195,196,197,198,199,201,202,203,205,206,207,208,214,219,220,221,222,223,224,226
P01892_Q9Q0U7	0.0989010989010989	0.72	24,25,26,27,28,29,30,31,32,33,34,35,36,37,38,39,40,41,42,43,44,45,46,47,48,49,50,51,52,53,54,55,56,57,58,59,60,62,66,67,68,70,71,75,82,83,86,88,89,90,93,94,95,96,97,98,99,100,101,102,103,104,105,106,107,108,109,110,111,112,115,116,117,118,119,120,121,122,123,127,129,130,131,132,133,134,136,137,138,139,140,141,142,143,144,145,146,156,162,166,167,169,170,178,179,182,186,190,193,194,211,214,215,216,217,218,219,220,221,222,223,224,225,227,228,229,230,231,232,233,234,235,236,237,239,240,241,242,243,246,250,251,252,253,254,255,256,257,258,259,260,261,262,263,264,265,266,267,271,279,280,281,282,283,284,285,286,287,288,289,290,291,292,293,294,295,296,297	233,234,238,240
Q30154_Q8NKX2	0.059027777777777776	0.6071428571428571	31,32,33,34,35,36,37,38,39,40,41,42,43,44,45,46,47,48,49,50,51,53,54,56,57,58,59,60,61,62,63,64,65,66,67,68,69,70,71,72,73,74,75,76,77,78,79,80,81,83,84,85,88,89,92,93,95,96,106,108,109,110,111,112,113,114,115,116,117,118,119,120,121,122,126,128,130,131,132,140,141,142,143,144,145,146,147,148,149,150,151,152,153,154,155,156,157,158,159,160,161,162,164,165,170,175,176,177,178,179,180,181,182,183,184,185,186,187,188,189,190,191,192,193,194,197,198,199,200,201,202,203,204,205,206,207,208,209,210,211,212,213,214,215,216,217,218	30,31,32,33,34,35,36,37,38,39,40,41,42,43,44,45,46,47,48,49,50,51,52,53,54,55,56,57,58,59,60,61,62,63,64,65,66,67,68,69,70,71,73,75,76,83,87,88,101,102,103,104,105,106,107,108,110,111,112,113,127,128,129,133,137,139,140,141,142,143,144,145,146,147,148,149,151,152,153,155,156,157,158,159,160,161,162,163,164,165,166,167,168,169,170,171,172,173,174,175,176,178,179,180,183,193,194,195,196,197,198,199,200,202,203,204,207,209,210,211,213,214,215,216,217,218,219,220,221,222,223,224,225,226,227,228,229,230,231,232,233
P01730_P35961	0.18705035971223022	0.41935483870967744	51,52,53,67,68,82,83,86,87,88,90,91,93,94,95,96,97,99,101,102,103,104,106,107,109,111,130,131,133,134	85,86,87,88,89,90,91,92,93,94,95,96,97,98,99,102,103,105,106,107,108,109,110,113,114,201,202,205,206,241,243,244,245,246,247,248,249,253,255,256,257,259,260,264,268,271,272,299,300,308,311,315,317,318,319,320,321,322,324,325,326,332,347,354,357,358,359,360,361,362,363,364,365,366,367,368,387,413,414,415,416,417,418,419,420,421,422,423,424,425,426,428,430,452,453,454,455,456,457,458,459,460,461,462,463,465,466,476,478
P16778_Q07812	0.06666666666666667	0.5	137,138,140,141,143	15,16,17,18,19,20,21,22,23,24,25,26,27,28,29,31,32,33,36,60,62,63,64,65,66,67,68,69,70,73,74,75,76,77,78,79,80,81,82,83,85,88,89,90,91,92,93,94,96,97,98,99,100,101,103,104,105,106,107,108,109,110,111,112,114,115,118,119,122,126,127,128,129,130,131,133,134,137,138,140,141,142,144,145,146,150,154,157,161,162,163,164,165,166,167,168,169,170,186,187
M4NKV9_Q14332	0.06557377049180328	0.12121212121212122	1449,1462,1474,1584,1602,1606,1610,1611,1614,1618	34,35,36,37,38,39,40,41,42,43,44,45,47,48,49,50,51,52,53,54,55,56,57,58,59,60,61,62,63,65,66,70,71,72,73,74,75,76,77,97,98,99,100,101,102,103,104,105,106,107,110
Q2UW42_S6B291	0.1038961038961039	0.2857142857142857	80,82,83,84,97	29,30,31,32,33,43,44,45,54,55,56,57,61,62,63,64,65,69,78,79,80,81,82,83,98,100,101,102,103,104,105,106,107,108,109,110,112,113,114,118,120,122,123,124,125,126,127,143,144,145,160,161,163,164,165,166,167,168,169,170,171,186,187,188,189,191,198,199,200,201,202,203
B0B999_P0CG47	0.3269230769230769	0.7611940298507462	87,94,95,97,98,101,102,105,106,108,109,149,151,152,169,171,172,173,174,175,176,177,178,179,180,182,183,186,188,190,191,192,193,194,195,196,197,198,199,200,201,202,203,204,205,206,219,220,221,222,223,224,225,226,227,228,229,230,231,232,234,235,236,238,242,245,246,258,259,260,262,263,264,265,266,267,300,301,303,304,308,310,311,312,314,315,317,319,320,321,322,323,324,325,326,327,328,329,330,331,332,333	153,154,155,156,157,158,159,160,162,163,166,167,174,185,186,187,188,189,190,191,192,193,194,195,196,197,198,199,200,201,202,203,204,205,206,207,208,209,210,211,212,213,214,215,217,218,219,220,221,222,223,224,225,226
Q15843_Q7N439	0.2616822429906542	0.9491525423728814	0,1,2,3,4,5,6,7,8,9,10,11,12,13,14,15,16,17,18,19,20,21,22,23,24,25,26,27,28,29,30,31,32,33,34,35,36,37,38,39,40,41,42,43,44,45,46,47,48,49,50,51,52,53,54,55,56,57,58,59,60,61,62,63,64,65,66,67,68,69,70,71,72,73	61,62,63,64,65,66,67,68,78,79,80,81,82,83,84,85,86,87,89,90,91,92,93,94,95,96,97,98,99,100,101,102,105,108,109,110,111,112,113,114,115,117,118,119,120,121,124,125,126,128,129,130,131,132,133,134,135,136,137,138,139,140,141,142,143,144,145,146,147,148,149,152,174,179,180,181,182,183,184,185,186,187,188,189,190,191,199,201,203,204,205,206,207,208,209,210,212,213,214,216,220,224,234,242,261,262,263,264,265,266,267,268,269,270,271,274,276,278,279,281,283,284,285,286,287,288,289,290,291,292,293,294,295,297,298,300,301,302,303,304
P26554_Q12959	0.5384615384615384	0.7241379310344828	141,142,143,145	326,327,328,329,330,331,332,333,334,336,337,338,339,340,341,342,343,344,345,347,348,350,351,352,353,376,379,380,383,384,387,388,390,391,395
P0C6H2_Q861F6	0.125	0.8846153846153846	46,47,48,49,50,51,52,53,54	2,3,4,5,6,7,8,9,10,11,12,13,14,15,16,17,18,19,20,21,22,23,24,25,26,27,28,29,30,31,32,33,34,35,36,38,39,42,43,44,46,47,51,58,59,62,64,65,66,69,70,71,72,73,74,75,76,77,78,79,80,81,82,83,84,85,86,87,88,91,92,93,94,95,96,97,98,99,106,107,108,109,110,112,113,114,115,116,117,118,119,120,121,122,132,138,142,143,145,146,154,155,158,162,166,169,170,173,187,190,191,192,193,194,195,196,197,198,199,200,201,203,204,205,206,207,208,209,210,211,212,213,215,216,217,218,222,226,227,228,229,230,231,232,233,234,235,236,237,238,239,240,241,242,243,247,255,256,257,258,259,260,261,262,263,264,265,266,267,268,269,270,271,272,273
P0CG47_Q6TQR6	0.3220338983050847	0.4634146341463415	153,154,155,156,157,158,159,160,162,163,166,167,174,185,186,187,188,189,190,191,192,193,194,195,196,197,198,199,200,201,202,203,204,205,206,207,208,209,210,211,212,213,214,215,217,218,219,220,221,222,223,224,225,226	95,98,102,118,126
O00629_P31345	0.21138211382113822	0.6341463414634146	84,87,88,91,92,95,96,98,99,101,102,103,104,105,106,123,124,125,126,128,129,131,132,133,135,136,137,138,139,140,141,142,143,144,145,146,147,148,149,150,151,154,159,163,166,167,168,169,170,171,174,175,178,179,181,182,183,184,185,186,187,188,189,190,191,192,193,206,212,213,214,215,216,217,218,221,224,225,228,229,230,232,240,247,248,249,251,256,258,259,260,263,265,266,267,268,269,270,271,273,274,275,276,277,278,279,280,281,283,284,290,291,292,293,294,295,296,297,298,301,305,308,309,310,311,312,313,314,315,316,317,318,319,320,321,322,340,343,344,347,348,349,350,351,352,353,354,355,356,357,358,359,360,361,362,363,364,365,366,367,368,370,371,374,381,385,386,389,391,392,393,394,395,396,397,398,399,400,401,402,403,404,405,408,422,423,424,425,426,427,428,429,430,431,432,434,435,436,437,438,439,440,442,444,446,448,449,451,452,453,454,455,458,459,462,463,465,466,469,470,472,473,475,477,478,479,480,481,482,483,484,485,486	717,718,719,720,722,723,724,725,726,727,734,736,754
A0A0C5HAL9_O60563	0.4117647058823529	0.6712328767123288	1,2,3,4,5,6,7,8,9,10,11,12,13,14,15,16,17,18,19,20,21,22,23,24,25,26,27,28,29,30,31,32,33,34,35,36,37,38,39,40,41,42,43,44,45,46,47	12,26,30,31,32,33,34,35,36,37,38,39,41,42,43,44,45,46,47,48,49,50,51,52,53,54,55,56,57,64,65,66,67,68,69,70,72,74,76,77,95,96,97,98,99,101,105,111,112,114,121,125,128,134,135,137,138,139,141,142,143,144,145,146,164,175,221,223,232,233,240,255
P69905_Q2FG07	0.21739130434782608	0.39473684210526316	1,2,3,10,14,16,17,18,19,20,23,24,26,27,28,29,30,31,32,33,34,35,36,37,38,39,40,41,42,43,44,45,46,47,48,49,50,66,71,72,73,74,75,76,77,78,79,80,81,83,84,85,86,87,88,89,90,91,92,93,94,95,96,97,98,99,100,102,103,104,106,107,108,109,110,111,112,113,114,115,116,117,118,119,120,121,122,123,124,125,126,127,128,129,130,131,132,133,134,135,136,137,138,139,140,141	364,365,366,367,368,369,370,371,372,420,422,457,551,554,569,570,571,572,573,592,593,621,628,631,633,635,639,642,644,645,646,648
P60953_Q9R8E4	0.24015748031496062	0.9682539682539683	1,2,3,4,6,7,8,10,11,12,13,14,15,16,18,19,20,21,22,23,24,25,30,31,32,33,34,35,36,37,38,39,40,41,42,43,44,45,46,47,48,49,50,53,54,55,56,57,58,59,60,61,62,63,64,65,66,67,68,69,70,71,72,73,77,78,81,84,85,86,89,90,91,93,94,95,96,98,99,100,101,102,103,112,114,115,116,118,119,120,122,125,146,148,149,150,151,152,153,154,155,156,157,159,160,161,162,164,165,166,167,168,169,170,171,172,173,174,175,176,177	46,47,48,49,50,53,54,55,56,57,58,59,60,61,62,63,64,65,66,67,69,70,71,72,73,74,76,77,78,79,80,81,82,83,84,85,86,87,88,89,90,91,92,93,94,95,96,97,98,106,108,109,110,111,112,113,114,115,116,117,118,119,120,121,122,123,124,125,126,127,128,129,130,131,132,133,134,135,136,137,138,139,140,141,143,144,150,151,152,153,154,155,156,157,158,159,161,162,163,164,165,166,167,168,169,170,171,172,173,174,175,176,177,178,179,180,181,182,183,184,185,186,187,188,189,190,191,192,193,194,195,196,197
P05534_Q9YYU8	0.14444444444444443	0.7428571428571429	25,26,27,28,29,30,31,32,33,34,35,36,37,38,39,40,41,42,43,44,45,46,47,48,49,50,51,52,53,54,55,56,57,58,59,60,62,66,67,68,70,71,75,82,83,85,86,87,89,90,91,93,94,95,96,98,99,100,102,103,105,106,107,108,115,116,117,118,119,120,121,122,123,125,126,131,134,135,136,137,138,139,140,141,142,143,144,145,146,156,160,166,168,169,170,182,186,193,194,196,197,198,213,214,215,216,217,218,219,220,221,222,223,224,225,226,227,228,229,230,231,232,233,234,235,236,237,238,239,240,241,242,246,250,251,252,253,254,255,256,257,258,259,260,261,262,263,264,265,266,267,271,279,280,281,282,283,284,285,286,287,288,289,290,291,292,293,294,295,296,297	133,134,135,136,137,138,139,140,142
P08362_P15529	0.1506849315068493	0.5892857142857143	189,190,192,193,194,195,196,197,198,202,205,206,207,208,209,210,211,212,213,214,216,217,218,219,220,221,222,223,224,225,226,227,231,248,251,252,258,260,261,262,263,264,265,268,269,270,271,274,275,276,277,308,309,326,327,328,329,331,332,333,335,336,337,338,341,342,344,345,346,347,348,349,350,351,352,353,354,364,370,395,398,405,409,418,419,421,444,445,446,447,448,452,456,458,459,460,461,462,463,464,466,467,468,469,470,471,472,473,474,475,476,480,506,508,509,516,517,518,519,520,521,522,523,524,525,528,531,532,533,534,535,536,537,539,540,542,543,544,546,547,548,549,550,551,552,553,554,555,556,558,559,560,561,562,563,564	40,44,45,46,49,52,53,54,57,58,60,61,62,64,65,67,68,69,70,71,72,73,74,75,76,77,78,81,85,100,101,102,103,104,105,106,107,108,109,110,111,112,113,114,115,116,117,118,119,120,121,123,124,126,127,128,130,131,132,133,134,135,139
O91464_Q9H3P7	0.4722222222222222	0.2698412698412698		371,373,374,375,376,378,379,382,398,401,402,434,482,491,495,497,500,506,507,508,510,511,513,514,515,516,517,518,519,520,522,523,524,525,526,527
P05362_V9VEF3	0.09923664122137404	0.21311475409836064	30,31,38,53,56,57,60,61,62,63,65,84,85,86,87,88,89,90,92,93,94,95,96,99,109,110	77,78,79,80,82,98,100,101,102,103,105,106,165,168,184,185,186,187,188,197,198,207,210,259,260,261,262,263,264,265,266,268,269,279,280,281,282,283,291,330,331,352,356,367,373,374,375,376,377,378,379,380,381,382,383,384,385,388,391,392,393,404,444,445,474,475,497,498,499,514,535,689,693,700,710,751,754,756,765,775,776,777,778,779,780,782,784,788,789,790,791,792,793,795,845,846,848,849,850,851,852,853,854,856,860
P04439_Q9YYU8	0.13829787234042554	0.8666666666666667	25,26,27,28,29,30,31,32,33,34,35,36,37,38,39,40,41,42,43,44,45,46,47,48,49,50,51,52,53,54,55,56,57,58,59,60,62,66,67,68,69,70,71,74,75,78,82,83,84,85,86,87,88,89,90,93,94,95,96,97,98,99,100,101,103,104,105,107,108,112,115,116,117,118,119,120,121,122,125,129,130,131,132,133,134,136,137,138,139,140,141,142,143,144,145,146,153,154,156,166,167,168,169,170,171,182,186,190,194,213,214,215,216,217,218,219,220,221,222,223,224,225,226,227,228,229,230,231,232,233,234,235,236,237,238,239,240,241,242,246,250,251,252,253,254,255,256,257,258,259,260,261,262,263,264,265,266,267,271,279,280,281,282,283,284,285,286,287,288,289,290,291,292,293,294,295,296,297	72,73,74,75,76,77,78,79,80,81
P06463_Q9HD26	0.5238095238095238	0.36666666666666664		297,298,299,300,301,302,307,310,311,314,315,325,341,344,345,348,349,352,355,364,368
O36972_P63098	0.11538461538461539	0.6	217,227,228,229,230,231	6,7,8,9,10,11,12,13,15,19,21,22,23,24,25,26,27,28,29,30,31,32,39,40,41,42,43,44,45,46,47,48,49,50,51,52,53,54,55,56,57,58,59,60,61,62,63,64,70,71,72,73,74,75,76,78,79,80,81,82,89,90,91,92,93,94,95,96,97,98,99,100,101,102,103,105,106,107,108,110,111,112,113,114,115,116,117,118,119,120,121,122,123,125,127,128,129,130,131,132,133,134,135,136,137,138,139,140,141,146,147,148,149,150,151,152,153,154,155,156,157,158,159,160
P62837_Q5X159	0.1004566210045662	0.7586206896551724	2,4,5,6,8,12,13,14,15,16,17,18,19,20,21,22,23,24,25,26,27,28,29,30,31,32,33,34,35,36,37,38,39,40,41,42,43,44,45,46,47,48,49,50,51,52,54,56,57,58,59,60,61,62,63,64,65,66,67,68,69,70,71,72,73,74,75,76,77,78,79,80,81,82,83,85,86,87,88,89,90,91,92,93,94,95,96,97,100,103,104,107,108,110,111,112,113,114,115,116,117,118,120,121,122,124,125,129,130,131,132,133,134,135,136,137,138,139,140,141,142,143,144,145,146	31,33,35,37,38,39,40,42,43,44,45,46,47,48,49,50,51,52,53,54,55,56,57,59,60,61,62,63,65,67,70,71,72,74,80,81,82,83,84,85,86,87,88,89,90,91,93,94,95,96,97,98,99,102,118,121,122,123,125,126,127,128,129,130,132,133,135,136,139,140,141,142,143,144,145,146,147,148,149,150,151,152,153,157,158,159,175,176,177,178,180,181,182,184
K9N7C7_P0CG47	0.2641509433962264	0.34146341463414637		154,155,156,157,158,159,160,162,163,166,167,174,185,186,187,188,189,190,191,192,193,194,195,196,197,198,199,200,201,202,203,204,205,206,207,208,209,210,211,212,213,214,215,217,218,219,220,221,222,223,224,225,226
P01730_Q8Q7Z9	0.1320754716981132	0.4666666666666667	51,52,53,67,68,82,83,86,87,88,90,91,93,94,95,96,97,99,101,102,103,104,106,107,109,111,130,131,133,134	70,71,72,73,74,75,76,77,78,79,80,81,82,83,84,85,86,87,88,89,90,91,92,93,94,95,109,111,113,114,115,116,117,118,119,120,121,122,123,124,125,126,127,128,129,130,131,133,134,135,136,137,138,139,140,141,142,143,144,145,146,147,148,149,151,152,153,154,155,156,157,158,159,160,161,162
P03989_P13285	0.0898876404494382	0.5	25,26,27,28,29,30,31,32,33,34,35,36,37,38,39,40,41,42,43,44,45,46,47,48,49,50,52,53,54,55,56,57,58,59,60,62,63,64,66,67,68,70,71,72,73,74,75,76,78,81,82,83,85,86,95,96,98,99,100,101,102,103,105,106,107,108,109,110,111,112,113,114,115,116,117,118,119,120,121,122,125,129,131,132,133,134,135,136,137,138,139,140,141,142,143,144,145,146,149,152,153,156,166,168,169,170,173,182,190,192,194,214,215,216,217,218,219,220,221,222,223,224,225,226,227,228,229,230,231,232,233,234,235,236,237,238,239,240,241,242,246,250,251,252,253,254,255,256,257,258,259,260,261,262,263,264,265,266,267,276,279,280,281,282,283,284,285,286,287,288,289,290,291,292,294,295,296,297	
P12493_Q16630	0.09027777777777778	0.3939393939393939	132,133,134,135,136,137,138,139,140,141,142,143,144,146,147,148,149,152,154,155,156,157,158,159,160,161,162,163,164,165,166,167,168,169,170,171,172,173,174,175,178,179,180,181,182,183,184,185,186,187,188,189,190,191,193,194,197,198,199,200,201,202,203,204,205,206,207,208,210,211,212,213,214,215,216,217,218,219,220,221,222,223,224,225,226,227,228,229,230,231,234,237,238,241,242,243,244,245,246,247,248,249,250,251,252,253,254,264,267,270,271,272,273,274,275,276,277,278,279,281,282,283,285,293,294,295,297,298,299,300,301,303,304,307,338,341,342,343,344,345,347,348,350,351	
P61586_Q9AJW7	0.3346938775510204	0.7387387387387387	2,3,4,5,6,7,8,9,10,11,12,13,14,16,17,18,20,21,22,24,25,26,27,28,29,30,31,32,33,34,35,36,37,38,39,40,41,42,44,45,46,48,49,50,53,54,56,57,58,59,60,61,62,63,64,65,66,67,68,69,70,71,72,73,74,75,98,101,104,105,106,107,108,121,132,133,137,149,150,151,152,153,155,156,157,159,161,162,163,164,165,166,167,168,170,171,172,174,175,176,177,178,179	7,8,9,10,11,12,13,14,15,16,17,18,19,20,21,22,23,24,27,33,36,37,40,41,42,43,44,46,47,48,49,50,51,52,53,54,55,56,57,58,61,64,65,68,69,72,73,75,76,77,78,79,80,81,82,83,84,85,86,87,88,89,91,94,98,103,104,105,106,107,108,109,110,111,112,113,114,115,116,117,118,119,120,121,123,124,125,126,127,128,129,130,131,132,133,134,135,136,137,138,139,141,143,146,150,151,152,153,154,155,156,157,158,159,160,161,162,163,164,165,166,167,168,169,170,171,172,173,174,175,176,177,178,179,180,181,182,183,184,185,186,187
P17150_Q13651	0.2631578947368421	0.7692307692307693	37,38,40,41,42,43,44,45,46,47,48,49,50,51,52,53,54,55,56,57,58,59,60,61,62,63,64,65,66,67,68,69,70,71,72,73,74,75,76,77,78,79,81,82,83,84,85,86,87,88,89,90,91,92,93,94,95,96,97,98,99,100,101,102,103,104,105,106,107,108,109,110,112,113,116,117,118,119,120,121,122,123,124,125,126,127,128,129,130,136,137,138,139,140,141,142,143,144,145,146,147,149,150,151,152,153,154,155,156,157,158,159,160,161,162,163,164,165,166	63,85,87,88,89,90,91,93,96,110,114,115,116,117,156,157,159,160,161,162,163,164,165,166,167,168,171,208,210,211,213,214,217
P69732_Q8WUM4	0.019801980198019802	0.1		60,65,78,81,82,83,85,104,146,147,150,160,161,163,164,167,168,170,171,172,180,181,184,188,195,198,199,200,204,207,208,209,210,211,214,215,218,222,239,241,242,243,245,246,248,249,250,254,256,257,258,261,262,265,266,269,273,289,290,316,338,341,345,346,363,364,367,369,370,371,372,385,386,401,421,433,435,443,445,447,451,454,455,467,468,475,551,555,558,562,593,625,628,632,662,664,665,669,675,676,697
Q2UW42_Q6GMX6	0.09090909090909091	0.2727272727272727	80,82,83,84,97	21,24,25,28,47,51,54,57,61,62,63,64,65,68,69,70,73,75,77,80,82,84,88,92,93,111,112,113,115,116,118,122,123,124,125,126,142,143,144,145,159,162,163,164,165,166,167,168,169,185,186,187,188,190,197,198,199,200,201,202,204
Q05059_Q92956	0.16167664670658682	0.6	40,41,42,48,49,50,51,52,53,55,56,57,58,59,60,61,62,63,64,65,66,67,68,69,70,71,72,73,74,75,76,77,78,79,82,83,91,94,95,96,98,102,103,105,106,107,109,110,111,112,113,114,115,116,117,118,154,158,159,160,161,162,163,164,165,166,168,169,170,171,172,173,174,178,180,181,182,183,185,186,187,188,189,190,191,193,195,196,197,198,199,200,201,202,203,204,206,207,208,220,236,239,240,241,242,243,244,245,246,247,248,249,250,251,253,254,258,261,262,265,266,272	51,54,55,57,58,60,61,68,69,70,71,72,73,75,76,77,78,79,80,81,82,83,85,86,87,88,89,90,91,92,93,94,95,96,97,98,99,100,101,102,112,125,128,129,133
P01892_Q6SW59	0.12021857923497267	0.7586206896551724	24,25,26,27,28,29,30,31,32,33,34,35,36,37,38,39,40,41,42,43,44,45,46,47,48,49,50,51,52,53,54,55,56,57,58,59,60,62,66,67,68,70,71,75,82,83,86,88,89,90,93,94,95,96,97,98,99,100,101,102,103,104,105,106,107,108,109,110,111,112,115,116,117,118,119,120,121,122,123,127,129,130,131,132,133,134,136,137,138,139,140,141,142,143,144,145,146,156,162,166,167,169,170,178,179,182,186,190,193,194,211,214,215,216,217,218,219,220,221,222,223,224,225,227,228,229,230,231,232,233,234,235,236,237,239,240,241,242,243,246,250,251,252,253,254,255,256,257,258,259,260,261,262,263,264,265,266,267,271,279,280,281,282,283,284,285,286,287,288,289,290,291,292,293,294,295,296,297	494,495,496,497,498
P63000_P74873	0.11282051282051282	0.4489795918367347	0,1,2,3,4,6,7,8,10,11,12,13,14,15,16,18,19,20,21,22,23,24,25,26,27,28,29,30,31,32,33,34,35,36,37,38,39,40,41,42,43,44,45,46,47,54,55,56,57,58,59,60,61,62,63,64,65,66,67,68,69,70,71,72,73,81,83,84,85,86,87,88,89,90,91,93,94,95,96,97,98,99,101,102,103,105,116,117,118,119,121,122,125,138,139,140,141,142,143,144,145,146,147,148,149,150,151,152,153,154,155,156,157,158,159,160,161,162,163,164,165,166,167,168,169,170,171,172,173,174,175,176,177,178	182,183,184,185,186,188,189,197,204,208,211,213,214,220,245,246,275,289,309,321,323,326,328,329,330,347,348,349,350,441,480,481,482,483,484,485,486,504,507,508,511,512,515,518,519,521,522,523,525,526,527,528,529,530,532,533,534,535,536,537,538
P03255_P06400	0.14754098360655737	0.20930232558139536	46	381,382,383,384,385,386,387,388,389,400,453,454,457,466,467,472,528,529,530,531,532,533,534,536,548,555,556,558,569,572,655,658,691,693,694,695,697,698,699,721,722,723,724,727,728,729,730,731,732,734,735,736,738,740,742,746,747,748,752,755
A0A509GV61_F5H747	0.3054545454545455	0.8936170212765957	13,14,15,16,17,18,19,20,21,22,23,24,25,26,27,28,29,30,31,32,33,34,35,36,37,38,39,40,41,42,43,44,45,46,47,48,49,50,51,52,53,54,55,56,57,58,59,60,61,64,65,66,68,74,75,76,80,88,89,90,91,92,93,94,95,96,97,98,99,100,101,102,103,104,105,106,107,108,109,110,111,112,113,114,115,116,117,118,119,120,121,122,123,124,125,126,127,128,129,130,131,133,135,137,138,140,141,142,143,144,145,146,147,148,149,150,151,153,154,155,157,158,160,161,162,163,164,165,166,167,168,169,170,171,172,173,174,175,176,177,178,184,185,187,188,189,190,191,192,194,195,196	1,2,3,4,5,6,7,8,9,10,11,12,13,14,15,18,22,28,29,30,31,32,33,34,35,36,37,38,39,40,41,42,43,44,45,46,47,48,49,50,51,52,53,54,55,56,57,58,59,60,61,62,63,64,65,66,67,68,69,70,71,72,73,77,78,79,80,81,82,83,84,85,86,87,88,89,90,91,93,94,98,104,105,108,109,110,111,112,113,114,115,116,117,118,119,120,121,122,123,124,125,126,127,128,129,130,131,132,133,134,135,136,137,138,139,140,141,142,143,144,145,146,147
P61088_Q8VSD5	0.1511627906976744	0.9069767441860465	1,2,3,4,5,6,7,8,9,10,11,12,13,14,15,16,17,18,19,20,21,22,23,25,26,27,28,29,30,31,32,33,34,35,36,37,38,39,40,41,42,43,44,45,46,47,48,49,50,52,53,54,55,56,57,58,59,60,61,62,63,64,66,67,68,69,70,71,72,73,74,75,76,77,78,79,80,81,82,83,84,85,86,87,88,89,91,92,93,94,95,96,97,98,99,101,102,105,106,107,108,109,110,111,112,113,114,115,116,117,118,119,120,128,134,136,137,138,139,140,141,142,143,144,145,146,147,148,149,150,151	20,22,23,24,25,26,27,30,38,40,41,42,43,44,45,47,48,49,50,51,52,54,55,78,79,80,81,82,83,84,85,86,87,88,89,90,91,92,93,94,95,96,97,98,99,100,101,102,104,106,107,110,111,113,114,116,117,118,119,120,121,122,123,124,125,126,127,136,137,140,141,142,143,144,145,146,147,148,149,150,151,152,153,154,155,156,157,159,160,161,162,163,164,165,166,167,168,169,170,171,172,173,174,175,176,177,178,179,180,181,182,183,184,185,186,187,188,189,190,191,192,193,194,195,196,198,199
P52799_Q9IH62	0.13846153846153847	0.4426229508196721	30,31,33,34,35,37,38,39,40,41,42,43,44,45,46,47,49,50,52,62,63,65,69,70,71,72,73,74,75,76,77,78,79,105,106,107,108,109,110,111,112,113,114,115,116,117,118,119,120,121,122,123,124,125,126,127,131,132	204,205,206,216,217,220,221,222,223,224,225,226,227,228,230,231,232,233,234,235,246,247,253,255,256,257,259,260,261,262,263,264,265,266,267,268,269,270,303,308,309,317,341,343,344,345,346,347,348,349,350,351,352,355,374,405,428,433,434,437,440,441,442,443,444,445,446,447,448,449,450,451,452,453,454,455,456,457,458,459,460,462,463,464,465,466,467,468,469,470,471,472,473,474,475,477,478,479,481,486,487,489,507,511,513,515,517,518,524,526,527,528,529,530,531,532,533,535,536,539,540,543,544,546,547,580,584,586,587,588,589,590,591,592,593,594,595
P07948_P22575	0.53125	0.5151515151515151	70,71,72,73,74,75,76,77,78,79,80,84,95,96,97,98,99,100,102,104,108,109,110,111,112,113,114,115,116,119,120	181
P08174_Q6W9E5	0.14689265536723164	0.4262295081967213	51,54,55,58,62,68,69,108,109,110,111,112,113,114,115,116,117,118,119,120,121,122,123,124,125,126,127,129,130,132,133,134,135,136,137,138,169,170,172,173,174,175,176,177,178,179,180,181,182,183,184,185,186,187,188,189,190,191,192,193,194,196,202,204,205,208,211,212,220,223,238,239,241,242,243,244,245,246,247,256,257,258,259,260,261,262,263,264,265,266,267,268,269,275,279	98,99,100,101,102,103,105,106,109,110,164,165,166,167,168,184,185,186,187,188,196,197,244,245,247,248,249,251,252,253,254,255,256,257,259,261,269,271,272,273,274,275,276,277,281,282,283,284,285,321,323,324,325,326,327,328,329,334,342,346,347,348,363,365,366,367,369,370,371,372,374,428,431,432,435,436,465,466,467,490,504,505
P03437_P04229	0.16201117318435754	0.8787878787878788	321,322,323,324,325,330,331,332,333	30,31,32,33,34,35,36,37,38,39,40,41,42,43,44,45,46,47,48,49,50,51,53,54,55,56,57,58,59,60,61,62,63,64,66,67,68,71,72,73,74,75,76,77,78,79,80,81,83,84,85,88,89,92,93,94,95,96,97,98,99,100,105,106,108,109,110,111,112,113,114,115,116,117,118,119,120,121,122,125,126,128,129,130,131,132,133,134,135,136,137,138,139,140,141,142,143,144,145,146,147,148,149,150,151,152,153,154,155,156,157,158,159,160,161,162,164,165,166,167,169,170,171,172,173,174,175,176,177,178,179,180,181,182,183,184,185,186,187,188,189,190,191,192,193,194,195,196,197,198,199,200,201,202,203,204,205,206,207,208,209,210,211,212,213,214,215,216,217,218
B6DRA0_Q16630	0.05333333333333334	0.36363636363636365	132,133,134,135,139,140,141,142,143,144,145,146,147,148,149,150,152,154,155,156,157,158,159,160,161,163,164,165,166,167,168,169,170,171,172,173,174,175,176,178,179,180,181,182,183,184,186,187,188,189,190,191,193,194,197,198,199,200,201,202,203,204,205,207,208,210,211,212,213,214,215,216,217,218,219,220,221,222,223,224,225,226,227,228,229,230,231,234,235,236,237,238,241,242,243,244,245,246,247,248,249,250,251,252,253,254,255,263,264,267,270,271,272,273,274,275,276,277,278,279,280,281,282,283,285,286,293,294,295,297,298,299,300,301,303,304,311,315,338,341,342,343,344,345,346,347,348,350,351,352	
P06437_Q9UKJ1	0.1323529411764706	0.47368421052631576		31,32,33,34,35,36,37,38,39,40,41,44,49,51,52,53,54,55,56,57,58,59,60,74,75,76,78,84,89,91,92,93,95,96,100,108,109,110,112,113,114,116,117,119,120,121,122,123,124,125,126,127,128,129,130,131,132,133,135,136,137,138,139,140,141,142,144,145
Q00534_Q01043	0.2692307692307692	0.9032258064516129	8,9,10,11,12,13,14,15,16,17,18,19,20,21,22,23,24,25,26,27,28,30,31,32,33,34,37,38,45,50,51,52,53,54,55,56,57,58,59,61,62,63,64,65,66,68,69,70,77,79,80,81,82,83,85,86,87,88,89,90,92,93,94,95,97,98,100,101,102,107,119,122,123,126,127,130,133,134,136,137,138,139,140,141,142,143,144,145,146,147,148,149,151,160,161,162,163,164,165,166,167,168,169,170,171,172,173,174,175,176,177,179,181,183,184,185,186,187,188,189,190,191,192,193,194,195,196,197,198,199,202,203,207,210,214,216,217,219,220,221,222,223,224,225,226,227,228,229,230,231,232,233,234,236,271,275,277,278,282,283,284,285,286,287,288,289,290,291,294,295,296,297,298,299,302	7,8,9,10,11,12,13,14,15,16,17,18,19,20,21,22,23,24,25,26,27,28,29,30,31,32,33,34,35,36,37,39,40,41,42,43,44,45,47,48,49,50,51,52,53,54,55,56,57,58,59,60,61,62,63,65,78,79,80,81,82,84,85,105,106,107,108,109,110,111,112,113,114,115,116,120,126,127,128,129,130,132,133,134,136,137,138,140,143,144,145,147,148,153,154,157,169,170,171,173,174,177,188,190,191,192,193,194,195,196,197,198,199,200,201,202,203,204,207,214,229,238,239,240,241,242,243,244,245,246,247,248,249,250,251,252,253
P0CG48_Q5ZSK8	0.3949579831932773	0.47959183673469385	609,610,611,613,614,615,616,641,643,644,645,646,647,648,649,650,651,652,653,654,655,656,657,658,659,661,675,676,677,678,679,680,681,682,683	18,22,24,25,26,28,29,31,32,34,35,39,67,68,69,70,71,72,73,74,75,76,77,78,79,80,81,85,87,88,89,90,91,92,120,130,133,137,149,153,156,176,180,183,184,185,186,190,197,200,213,214,215,216,217,232,233,234,235,237,238,239,241,248,251,252,255,256,257,258,259,260,261,265,266,267,268,272,273,275,276,277,278,280
P61964_Q9YP60	0.061068702290076333	0.5714285714285714	52,53,54,55,56,57,58,59,61,64,65,67,71,74,78,79,82,83,84,85,86,87,88,89,90,91,92,94,95,96,97,98,99,100,101,102,105,106,107,108,109,110,111,113,114,117,118,120,122,123,127,128,129,130,132,139,141,142,146,148,149,153,155,156,158,159,160,162,163,165,166,169,170,171,178,179,180,181,182,183,190,191,195,197,201,203,204,205,206,221,222,223,224,225,226,229,233,234,238,240,241,252,256,257,258,259,262,265,278,285,286,287,294,297,299,300,301,302,303,304,306,309,310,311,312,313,314,315,317,320,321	
P62820_Q7DB50	0.24793388429752067	0.6185567010309279	5,6,7,8,9,10,11,12,14,16,18,19,20,21,22,23,24,26,27,28,29,30,31,32,33,34,35,36,37,38,39,40,41,42,43,44,45,46,47,48,49,50,51,53,54,57,58,60,61,62,63,64,65,66,67,68,69,70,71,72,73,74,75,76,77,78,79,80,81,82,83,94,95,96,98,99,100,102,103,104,106,107,108,109,110,111,115,131,132,134,135,143,144,145,146,147,148,149,150,151,152,155,158,159,161,162,163,164,165,166,168,169,170,172,174,175	62,70,73,74,75,76,77,78,79,80,81,82,83,84,85,86,87,88,89,90,91,93,94,95,96,97,98,99,100,101,102,105,106,109,110,112,115,116,117,118,119,129,137,138,139,140,141,142,143,144,145,146,147,148,149,150,151,152,153,154,155,156,157,184,185,190,191,192,193,195,196,197,198,202,206,207,213,214,216,217,218,219,239,242,244,253,261,276,291,292,294,295,296,297,298,299,300,303,305,324,325,331,332,333,334,335,336,337,338,339,340,341,342,343,344,345,346,347,348,352,353,376,383,386,387,390
H6A3H4_P13688	0.1693548387096774	0.39622641509433965	75,79,81,82,83,84,85,87,88,89,99,103,107,111,112,113,179,181,182,185,186,189,190,192,193,196,197,200,256,296,303,307,308,309,310,311,345,346,347,348,352,356,363,366,421,424,425,427,432,434,436,438	34,35,36,37,38,39,40,41,42,43,44,45,48,49,55,64,67,71,72,74,75,76,77,78,79,80,81,82,83,85,86,87,88,89,90,92,93,94,96,97,98,99,100,101,102,103,104,105,106,107,109,110,114,115,118,119,120,121,122,123,124,125,126,127,128,129,130,131,132,136,137,140
G4XFJ5_P01730	0.09497206703910614	0.3469387755102041	43,59,61,62,63,64,65,66,67,68,69,70,71,73,74,75,78,79,82,83,86,89,90,91,92,93,94,95,96,98,99,101,102,103,104,105,106,107,108,109,110,111,112,113,114,115,116,117,119,204,206,209,210,212,213,214,215,216,217,218,219,220,222,234,235,236,237,239,243,247,249,251,252,255,261,263,264,265,267,268,269,270,271,272,273,274,275,276,277,278,279,280,283,296,298,300,304,326,327,329,330,332,340,354,355,358,362,377,380,391,396,397,414,419,422,423,424,426,427,429,430,431,432,433,434,435,451,454,455,456,457,458,459,460,461,462,463,464,466,467,470,471,472,473,474,475,479,481,485	51,52,53,67,68,82,83,86,87,88,90,91,93,94,95,96,97,99,101,102,103,104,106,107,109,111,130,131,133,134
P04003_P50468	0.2619047619047619	0.3235294117647059	54,55,56,57,58,59,60,61,85,86,88,118,119,120,122,124,125,126,127,128,129,130,131,132,133,134,135,136,137,144	59,62,63,66,67,69,70,73,77,80,81,84
P55957_Q85365	0.31125827814569534	1.0	80,81,82,83,84,85,86,87,88,89,90,91,92,93,94,95,96,97,98,99,100,101,102,103,104,105,106,107,108	63,64,65,66,67,68,69,70,71,72,73,74,75,76,77,78,79,80,81,82,83,84,85,86,87,88,89,90,91,92,93,94,95,96,97,99,103,106,107,108,109,110,111,112,113,114,115,116,117,118,119,120,121,122,123,124,125,126,127,128,129,130,131,132,133,134,135,136,137,138,139,140,141,142,143,144,145,147,149,150,151,152,153,154,155,156,157,158,159,160,161,165,166,167,168,169,170,171,172,173,174,175,178,182,183,184,185,186,187,188,189,190,191,192,193,194,195,196,197,198,199,200
P03466_P03989	0.08333333333333333	0.5172413793103449	384,385	25,26,27,28,29,30,31,32,33,34,35,36,37,38,39,40,41,42,43,44,45,46,47,48,49,50,52,53,54,55,56,57,58,59,60,62,63,64,66,67,68,70,71,72,73,74,75,76,78,81,82,83,85,86,95,96,98,99,100,101,102,103,105,106,107,108,109,110,111,112,113,114,115,116,117,118,119,120,121,122,125,129,131,132,133,134,135,136,137,138,139,140,141,142,143,144,145,146,149,152,153,156,166,168,169,170,173,182,190,192,194,214,215,216,217,218,219,220,221,222,223,224,225,226,227,228,229,230,231,232,233,234,235,236,237,238,239,240,241,242,246,250,251,252,253,254,255,256,257,258,259,260,261,262,263,264,265,266,267,276,279,280,281,282,283,284,285,286,287,288,289,290,291,292,294,295,296,297
C5MK56_Q3KSS8	0.08522727272727272	0.5	25,26,27,28,29,30,31,32,33,34,35,36,37,38,39,40,41,42,43,44,45,46,47,48,49,50,51,52,53,54,55,56,57,58,59,60,62,67,71,72,74,75,82,83,84,85,86,87,88,89,90,93,95,96,98,99,100,102,103,104,105,106,107,108,109,110,111,112,115,116,117,118,119,120,121,122,123,125,129,131,132,133,134,135,136,137,138,139,140,141,142,143,144,145,146,156,166,168,169,170,182,183,186,190,192,193,194,211,214,215,216,217,218,219,220,221,222,223,224,225,226,227,228,229,230,231,232,233,234,235,236,237,238,239,240,241,242,246,250,251,252,253,254,255,256,257,258,259,260,261,262,263,264,265,266,267,276,279,280,281,282,283,284,285,286,287,288,289,290,291,292,294,295,296,297	63
C5ILC1_O60462	0.11578947368421053	0.39285714285714285	91,109,111,112,113,114,115,116,117,118,119,120,121,122,123,124,125,126,127,128,129,130,131,132,133,134,135,136,150,151,152,153,154,155,156,158,159,160,161,162,163,164,165,166,167,170,172,173,174,175,176,177,178	38,40,42,43,44,45,46,47,48,51,52,98,99,100,101,102,103,104,105,106,107,108,109,112,113,115,116,117,118,119,120,123,124,126,127,134,137,138,139,140,141,142
K0BRG7_P27487	0.034782608695652174	0.16	399,400,401,402,403,451,452,454,455,456,457,462,465,466,468,552	47,52,53,66,67,69,70,78,82,88,90,91,94,97,101,104,116,117,127,130,131,134,135,138,139,140,141,142,145,146,152,153,155,156,158,159,161,162,163,165,166,167,168,169,170,171,172,173,174,175,176,179,182,183,186,187,190,191,192,194,195,206,207,209,210,213,227,228,229,230,231,233,234,235,236,238,239,240,241,242,243,244,245,246,247,248,249,250,252,254,255,256,257,258,260,268,284,285,304,309,312,313,314,316,318,321,325,329,356,401,413,416,428,470,474,475,476,478,479,491,492,493,515,522,524,530,531,562,577,578,579,580,581,582,583,584,585,587,591,593,594,595,596,597,598,599,600,601,602,603,606,610,611,612,613,614,615,616,617,618,639,640,657,658,659,660,661,662,663,664,665,668,669,672,680,682,683,694,695,698,699,701,703,712,713,716,717,720,723,724,725,727,728,729,730,731,732,733,734,735,737,745,747,748,749,750,751,752,753,754,755,756,757,760
P04601_P05534	0.15555555555555556	0.7777777777777778	133,134,135,136,137,138,139,140,141	25,26,27,28,29,30,31,32,33,34,35,36,37,38,39,40,41,42,43,44,45,46,47,48,49,50,51,52,53,54,55,56,57,58,59,60,62,66,67,68,70,71,75,82,83,85,86,87,89,90,91,93,94,95,96,98,99,100,102,103,105,106,107,108,115,116,117,118,119,120,121,122,123,125,126,131,134,135,136,137,138,139,140,141,142,143,144,145,146,156,160,166,168,169,170,182,186,193,194,196,197,198,213,214,215,216,217,218,219,220,221,222,223,224,225,226,227,228,229,230,231,232,233,234,235,236,237,238,239,240,241,242,246,250,251,252,253,254,255,256,257,258,259,260,261,262,263,264,265,266,267,271,279,280,281,282,283,284,285,286,287,288,289,290,291,292,293,294,295,296,297
P01891_Q70626	0.08620689655172414	0.5555555555555556	24,25,26,27,28,29,30,31,32,33,34,35,36,37,38,39,40,41,42,43,44,45,46,47,48,49,50,51,52,53,54,55,56,57,58,59,60,62,63,66,67,68,71,74,75,82,83,85,86,87,88,89,90,91,93,94,95,96,97,98,99,100,101,103,104,105,107,108,112,115,116,117,118,119,120,121,122,123,130,131,132,133,134,135,136,137,138,139,140,141,142,143,145,146,154,156,162,166,167,169,170,179,182,186,190,194,197,211,214,215,216,217,218,219,220,221,222,223,224,225,227,228,229,230,231,232,233,234,235,236,237,239,240,241,242,243,246,250,251,252,253,254,255,256,257,258,259,260,261,262,263,264,265,266,267,268,271,279,280,281,282,283,284,285,286,287,288,289,290,291,292,293,294,295	
B5Z8H1_P13688	0.1885245901639344	0.41818181818181815	75,79,81,82,83,84,85,87,88,89,99,103,107,111,112,113,175,177,178,179,181,182,185,186,189,190,192,193,196,197,200,204,256,296,303,307,308,309,310,311,312,345,346,352,355,356,366,432,434,438	34,35,36,37,38,39,40,41,42,43,44,45,48,49,55,64,67,71,72,74,75,76,77,78,79,80,81,82,83,85,86,87,88,89,90,92,93,94,96,97,98,99,100,101,102,103,104,105,106,107,109,110,114,115,118,119,120,121,122,123,124,125,126,127,128,129,130,131,132,136,137,140
A0A0H3B1Q8_Q15843	0.23043478260869565	0.8833333333333333	48,54,61,62,76,79,80,81,83,84,86,87,89,90,91,92,93,94,95,96,97,98,99,100,101,102,103,104,105,106,107,108,109,110,111,112,113,114,115,117,118,121,123,125,127,128,129,130,131,132,133,134,135,136,137,138,141,145,147,149,151,155,170,171,172,173,174,175,176,177,178,179,183,184,186,187,189,190,191,192,193,194,195,197,201,202,203,204,205,206,208,209,212,215,216,217,218,220,221,222,225,226,227,228,229,231,232,233,234,235,236,238,239,241,242,243,244,246,247,248,249,250,251,252,253,254,255,256,257,258,259,260,261,263,264,265,266,267,268,269,270,271,272,273,274,275,276,277,278,279,280,281,282,283,284,285	0,1,2,3,4,5,6,7,8,9,10,11,12,13,14,15,16,17,18,19,20,21,22,23,24,25,26,27,28,29,30,31,32,33,34,35,36,37,38,39,40,41,42,43,44,45,46,47,48,49,50,51,52,53,54,55,56,57,58,59,60,61,62,63,64,65,66,67,68,69,70,71,72,73
P18465_Q8URG0	0.12568306010928962	0.8518518518518519	25,26,27,28,29,30,31,32,33,34,35,36,37,38,39,40,41,42,43,44,45,46,47,48,49,50,51,52,53,54,55,56,57,58,59,60,62,63,64,66,67,68,70,71,72,74,75,78,81,82,83,85,86,88,95,96,97,98,99,100,102,103,106,107,115,116,117,118,119,120,121,122,128,129,130,131,132,133,134,135,136,138,140,141,142,143,144,145,146,153,156,166,168,169,170,174,182,184,185,186,188,189,190,192,193,194,214,215,216,217,218,219,220,221,222,223,224,225,226,227,228,229,230,231,232,233,234,235,236,237,238,239,240,241,242,245,246,250,251,252,253,254,255,256,257,258,259,260,261,262,263,264,265,266,267,276,279,280,281,282,283,284,285,286,287,288,289,290,291,292,294,295,296,297	18,19,20,21,22,23,24,25,26
Q07812_Q08FX8	0.17164179104477612	0.7666666666666667	60,62,63,64,65,66,67,68,69,70,73	2,3,4,5,6,7,8,9,10,11,12,13,14,15,16,17,18,19,20,21,22,23,25,26,27,28,29,30,31,32,33,35,37,38,39,40,41,42,43,44,45,46,47,48,49,50,51,52,53,54,55,56,57,58,59,60,61,62,63,64,65,66,67,68,69,70,71,72,73,74,75,76,77,78,79,81,82,83,84,85,86,87,88,89,90,91,92,93,94,95,96,97,100,103,104,106,107,108,109,111,112,113,114,115,116,118,119,120,121,122,123,124,126,127,128,129,130,131,133,134,135,136,137
P0DJM0_P12830	0.3291139240506329	0.34210526315789475	37,39,43,44,45,46,47,49,149,150,169,192,209,210,278,366,368,386,448,452	155,156,157,158,159,160,167,170,171,173,174,175,176,177,178,179,181,186,188,189,192,193,194,195,196,197,198,200,201,202,203,204,205,207,208,209,212,221,223,224,227,228,230,231,232,234,241,242,243,244,245,246,247,248,249,250,251,252,253
Q14116_Q85319	0.17452830188679244	0.9487179487179487	36,37,38,39,40,41,43,44,45,47,48,49,50,51,52,53,54,55,56,57,58,59,60,61,62,63,64,65,66,67,81,83,85,86,87,88,89,90,91,92,93,94,95,96,100,102,104,105,106,107,108,109,110,112,113,114,115,116,117,118,119,120,121,122,123,124,125,127,128,131,132,133,134,135,136,137,138,139,140,141,142,143,144,145,146,147,148,149,150,151,152,153,154,155,156,158,159,160,163,164,168,169,170,171,172,173,174,175,176,177,178,179,180,181,182,183,184,185,186,187,188,189	22,23,24,25,26,27,28,29,30,31,32,33,34,35,36,37,38,39,40,41,42,43,44,45,46,47,48,49,50,51,52,53,54,55,56,57,58,59,60,61,62,63,64,65,66,67,68,69,70,71,72,73,74,75,76,77,81,88,89,90,91,92,93,94,95,96,97,98,99,100,101,102,103,104,105,106,107,108,109,110,111,112,113,114,115,116,117,118,119,120
P02671_Q14U76	0.07142857142857142	0.06060606060606061		282,285,324,325,330,333,338,358,359,361,362,363,365,366,369,370,373,374,375,386,417,435,440,447,491,506,533,548
A0A0C5HAL9_P50750	0.05963302752293578	0.9285714285714286	1,2,3,4,5,6,7,8,9,10,11,12,13,14,15,16,17,18,19,20,21,22,23,24,25,26,27,28,29,30,31,32,33,34,35,36,37,38,39,40,41,42,43,44,45,46,47	7,8,9,10,11,12,14,15,18,19,20,21,22,23,24,25,26,27,28,29,30,31,32,33,34,36,37,38,39,40,41,42,43,44,46,47,48,49,50,52,53,54,55,56,57,58,59,60,63,64,66,67,70,74,81,82,83,85,86,95,107,112,116,119,120,122,123,124,125,126,127,128,129,130,134,137,138,140,141,142,143,144,145,146,147,148,149,150,151,152,153,155,156,158,159,162,163,164,165,166,167,168,169,171,172,173,174,175,177,178,180,181,182,183,184,185,186,187,188,192,194,198,199,200,201,202,203,204,205,212,220,222,224,225,226,227,228,229,230,233,234,235,236,238,239,242,243,252,258,286,293,296,297,298,299,300,301,302,303,304,305,306,307,309,310,311,312,313,314,315,317
P24928_Q5V8Z9	0.0	0.0		4,5,6,7,8,9,10,11,12,13,15,20,22,23,24,73,74,75,76,77,78,79,80,81,82,83,84,85,88,89,92,97,98,100,101,104,105,106,107,108,109,110,111,112,113,114,115,116,117,118,119,120,121,122,124,125,126,128,129,132,177,183,185,186,189,197,199,200,201,202,203,205,209,211,212,213,215,216,217,218,219,220,221,222,223,225,226,228,235,238,239,258,269,325,328,332,333,334,335,336,337,338,339,340,360,362,363,364,367,368,369,370,371,374,375,420,421,422,423,430,431,432,455,457,460,476,480,483,492,493,496,497,501,505,509,520,526,574,580,582,583,586,594,595,596,598,645,648,649,650,651,652,653,654,655,656,657,658,659,661,662,674,686,689,690,693,694,700,701,702,704,705,716,719,720
P31946_Q93SQ1	0.20087336244541484	0.5168539325842697	4,5,6,7,8,9,10,11,12,13,14,15,16,17,18,19,20,21,22,23,24,26,27,28,30,31,33,34,35,37,38,39,40,41,42,43,44,45,46,47,49,50,51,52,53,54,55,56,57,58,59,60,61,62,63,64,65,66,67,69,83,87,91,101,104,105,116,118,119,120,121,122,123,124,125,126,127,128,129,130,131,132,147,150,151,154,155,156,158,160,161,162,163,164,165,166,167,168,173,174,175,177,178,179,180,181,182,183,184,185,186,197,198,199,201,202,203,204,205,206,207,208,209,210,211,212,213,214,215,216,217,218,219,220,221,222,223,224,225,226,227,228,229,230,231,232,233	236,239,240,242,243,244,247,251,254,260,261,262,264,265,268,269,270,271,273,274,276,281,284,285,287,288,289,290,292,293,294,295,296,297,299,300,304,311,312,314,315,317,318,321,322,323,325,326,330,341,345,348,349,351,352,353,354,355,356,357,358,360,361,362,363,364,365,366,367,368,375,379,381,382,383,385,401,403,404,405,406,407
P61088_Q5ZTL4	0.17518248175182483	0.5333333333333333	1,2,3,4,5,6,7,8,9,10,11,12,13,14,15,16,17,18,19,20,21,22,23,25,26,27,28,29,30,31,32,33,34,35,36,37,38,39,40,41,42,43,44,45,46,47,48,49,50,52,53,54,55,56,57,58,59,60,61,62,63,64,66,67,68,69,70,71,72,73,74,75,76,77,78,79,80,81,82,83,84,85,86,87,88,89,91,92,93,94,95,96,97,98,99,101,102,105,106,107,108,109,110,111,112,113,114,115,116,117,118,119,120,128,134,136,137,138,139,140,141,142,143,144,145,146,147,148,149,150,151	10,11,12,13,14,15,16,17,18,19,20,21,22,23,26,27,30,31,33,34,35,37,38,39,41,42,43,44,46,47,48,49,50,51,52,53,54,55,56,57,60,94,98,120,125,126,132,136,137,139,140,143,147,150,151,153,154,155,156,157,158,159,160,205,206,209,210,211,212,213,214,215,226,238,240,242,243,244,245,246,247,248,257,259,260,261,262,263,264,265,266,267,268,269,270,271,272,273,274,275,276,277,278,279,281,282,283,285,316,317,318,319,320,322,323,324,327,328,329,330,331,332,333,334,335,336,337,338,339,340,341,342,343,344,345,346,347,348,349,350,351,352,379
O95486_P03522	0.06060606060606061	0.631578947368421	356,359,360,427,428,429,430,431,432,434,436,463,465,475,478,479,483,484,485,486,487,488,489,490,491,492,493,494,495,496,497,517,553,554,555,557,558,561,562,563,564,565,566,576,579,580,584,587,591,595,605,609,624,625,627,628,629,631,632,633,635,637,643,689,690,691,692,693,694,695,714,715,716,717,718,719,720,721,722,724,740,741,744,745,747,748,749,751,761,765,768,772,773,775,776,777,784,787,788,790,791,792,795,798,799,802,803,806,807,808,816,818,831,832,834,835,838,839,840,841,842,843,844,845,846,848,849,851,852,853,855,856,859,860,863,864,867,871,874,877,913,914,915,916,917,918,919,920,921,922,923,924,928,932,947,951,959,962,963,964,966,967,968,970,977,979,980,983,985,986,987,990,991,993,994,1009,1011,1013,1016,1020,1030,1033,1037,1040,1066,1069,1070,1072,1073,1077,1079,1080,1081,1083,1084,1085,1087,1088	
P31946_Q9I788	0.15789473684210525	0.5142857142857142	4,5,6,7,8,9,10,11,12,13,14,15,16,17,18,19,20,21,22,23,24,26,27,28,30,31,33,34,35,37,38,39,40,41,42,43,44,45,46,47,49,50,51,52,53,54,55,56,57,58,59,60,61,62,63,64,65,66,67,69,83,87,91,101,104,105,116,118,119,120,121,122,123,124,125,126,127,128,129,130,131,132,147,150,151,154,155,156,158,160,161,162,163,164,165,166,167,168,173,174,175,177,178,179,180,181,182,183,184,185,186,197,198,199,201,202,203,204,205,206,207,208,209,210,211,212,213,214,215,216,217,218,219,220,221,222,223,224,225,226,227,228,229,230,231	262,263,273,274,275,276,277,278,279,280,281,282,283,284,285,286,287,288,289,290,291,296,299,300,301,303,307,308,309,310,311,312,313,314,315,316,317,318,319,320,321,322,323,324,325,326,329,330,332,333,343,347,348,349,366,367,368,369,370,371,372,373,374,375,376,377,378,379,380,381,382,383,384,385,386,387,388,389,390,407,408,410,411
P15144_Q1HVK2	0.03821656050955414	0.3870967741935484	69,70,72,73,74,77,80,81,82,84,85,87,88,89,90,91,92,93,94,95,96,97,99,100,102,103,105,106,109,110,175,180,181,182,184,185,187,188,189,192,193,194,195,196,197,198,199,200,201,202,203,204,205,206,207,208,209,210,211,212,213,214,215,220,223,231,232,235,238,239,242,243,245,247,248,249,263,281,298,302,304,305,308,311,312,313,314,315,317,318,319,320,321,322,323,324,326,337,338,339,340,341,342,343,344,345,346,347,348,349,350,351,353,354,355,356,361,362,369,370,371,374,378,379,380,383,384,385,387,388,389,393,394,402,403,407,415,418,419,420,422,423,426,429,430,431,432,433,434,436,437,438,440,441,443,444,445,448,450,451,452,453,454,455,464,468,469,470,471,472,473,474,475,476,477,480,484,485,489,492,506,513,517,541,542,543,544,545,546,547,548,554,555,558,561,562,563,564,565,618,638,653,655,656,657,659,660,661,662,663,665,669,671,672,673,674,675,676,677,703,706,708,709,710,712,732,733,739,740,747,749,750,752,753,754,756,757,758,761,788,789,792,842,843,846,848,850,854,862,863,864,865,866,867,868,869,870,872,873,874,876,877,880,883,884,887,895,896,897,899,900,906,907,908,912,929,933,934,936,937,947,949	297,299,303,316,319,327,330,331,332,334,340,343,347,348,349,350,351,352,353,354,355,385,386,388,395,403,404,408,412,415,416,417
P06788_Q15678	0.18461538461538463	0.375	61,63,65,66,68,70,74,76,77,78,80,81,82,83,84,85,86,87,88,89,90,91,92,93,94,95,96,97,98,99,100,101,102	909,912,934,935,937,938,939,940,941,942,961,997,1006,1020,1021,1022,1079,1091,1093,1099,1120,1121,1122,1123,1124,1125,1126,1156,1157,1158,1161,1164
P04591_P20039	0.12352941176470589	0.65625	297,298,299,300,301,303,304,307	31,32,33,34,35,36,37,38,39,40,41,42,43,44,45,46,47,48,49,50,51,53,54,55,56,57,58,59,60,61,62,63,64,65,66,67,68,71,75,76,78,79,80,81,83,84,85,86,88,89,92,93,95,96,97,108,109,110,111,112,113,114,115,116,117,118,119,120,121,122,123,124,125,126,127,128,129,130,131,132,133,135,136,137,138,139,140,141,142,143,144,145,146,147,148,149,150,151,152,153,154,155,156,157,158,159,160,161,162,164,165,166,167,169,170,172,173,174,175,176,177,178,179,180,181,182,183,184,185,186,187,188,189,190,191,192,193,194,195,196,197,198,199,200,201,202,203,204,205,206,207,208,209,210,211,212,213,214,215,216,217,218
P01730_P19551	0.1349206349206349	0.30357142857142855	51,52,53,67,68,82,83,86,87,88,90,91,93,94,95,96,97,99,101,102,103,104,106,107,109,111,130,131,133,134	82,83,85,86,87,88,90,91,92,94,95,96,98,99,103,106,107,108,111,112,113,114,115,116,203,204,207,208,241,242,243,244,245,246,247,248,249,250,251,255,257,258,259,260,261,262,264,265,266,269,270,274,327,332,335,346,347,348,349,350,373,424,425,428,429,431,432,433,434,435,436,437,439,461,463,465,466,467,468,469,470,471,472,473,474,476,477,479,480,481,482,483,484,485,487,488
P08411_Q13283	0.21794871794871795	0.5		4,5,6,7,8,9,10,12,13,14,16,17,18,19,20,21,22,23,24,27,28,30,31,32,33,34,35,36,38,39,40,41,52,53,54,55,57,58,59,62,69,73,77,78,79,80,81,82,83,84,85,86,90,92,94,96,97,101,104,105,106,107,108,109,110,111,112,113,115,116,122,123,124,126,127,130,131,132
P21579_Q9LBR1	0.1346153846153846	0.21875	39,43,46,47,49	884,885,887,889,891,902,922,923,925,926,951,958,963,971,1011,1012,1013,1014,1015,1016,1017,1018,1019,1020,1021,1022,1023,1024,1025,1084,1088,1095,1096,1097,1113,1114,1115,1118,1131,1137,1141,1233,1234,1237,1242,1276,1277
C5MK56_Q3KSS4	0.08	0.4666666666666667	25,26,27,28,29,30,31,32,33,34,35,36,37,38,39,40,41,42,43,44,45,46,47,48,49,50,51,52,53,54,55,56,57,58,59,60,62,67,71,72,74,75,82,83,84,85,86,87,88,89,90,93,95,96,98,99,100,102,103,104,105,106,107,108,109,110,111,112,115,116,117,118,119,120,121,122,123,125,129,131,132,133,134,135,136,137,138,139,140,141,142,143,144,145,146,156,166,168,169,170,182,183,186,190,192,193,194,211,214,215,216,217,218,219,220,221,222,223,224,225,226,227,228,229,230,231,232,233,234,235,236,237,238,239,240,241,242,246,250,251,252,253,254,255,256,257,258,259,260,261,262,263,264,265,266,267,276,279,280,281,282,283,284,285,286,287,288,289,290,291,292,294,295,296,297	
A0A140GKJ0_Q03519	0.27941176470588236	0.6551724137931034	2,3,4,5,6,7,8,9,10,11,12,13,14,15,16,17,18,19,20,21,22,23,24,25,26,27,28,29,30,31,40,41,44,47,48,49,50,51,52,53,54	136,138,139,168,169,170,171,172,173,174,175,176,177,178,179,180,181,222,223,225,226,229,230,233,234,240,244,247,248,250,251,253,254,257,258,261,262,264,265,268,269,272,276,312,313,314,315,317,318,319,320,321,322,324,325,326,328,329,330,331,332,333,334,335,336,337,338,339,340,341,342,343,344,347,348,350,366,368,369,371,372,375,376,379,380,383,387,393,395,396,427,429,430,431,433,434,437,441,445,486,490,493,494,501,502,503,504,505,506,516,518,519,549,550,551,552,553,554,555,556,560,562,565,566,585,587,590,593,596,601,602,603,605,606,609,610,613,618,622,623,625,626,627,630,631,633,634,635,636,637,638,639,640,641,642,645,660,661,662,663,666,667,670
Q5ZSQ3_Q9H0U4	0.291044776119403	0.52	341,345,349,352,374,409,470,471,472,473,474,475,476,477,485	3,4,5,6,7,8,9,10,11,12,13,15,16,17,18,19,20,21,23,24,25,26,27,28,29,30,31,32,33,34,35,36,37,38,39,40,41,42,43,44,45,46,47,48,50,51,54,55,57,58,59,60,61,62,63,64,65,66,67,68,69,70,71,72,73,74,75,76,77,78,79,80,91,92,93,95,96,97,98,99,100,101,102,103,104,105,106,107,108,112,124,125,127,128,129,130,131,142,143,144,145,146,147,148,155,156,157,158,159,160,161,162,163,164,167,168,169,171,172
P03126_Q9HD26	0.5454545454545454	0.3870967741935484	152	297,298,299,300,301,302,307,310,311,314,315,325,341,344,345,348,349,352,355,364,368
P03305_P05161	0.1774193548387097	0.3142857142857143	69,83,158,169	78,79,91,95,96,98,99,100,101,102,103,105,106,107,108,109,110,111,113,114,116,117,118,119,120,121,122,123,124,125,126,127,128,129,130,131,132,133,134,135,136,137,138,139,140,141,142,143,144,145,146,147,148,149,150,151,152,153
A4GWL5_P12830	0.3333333333333333	0.4117647058823529	39,40,42,43,46,47,125,128,136,149,169,192,209,254,278,366,368,386,448,452,485,486	155,156,157,158,159,160,167,170,171,173,174,175,176,177,178,179,181,186,188,189,192,193,194,195,196,197,198,200,201,202,203,204,205,207,208,209,212,221,223,224,227,228,230,231,232,234,241,242,243,244,245,246,247,248,249,250,251,252,253,254,255,256
P01903_P0A0L5	0.11895910780669144	0.8205128205128205	27,28,29,30,31,32,33,34,35,36,37,38,39,40,41,42,43,44,45,46,47,48,49,50,51,52,53,54,55,56,57,60,67,68,69,70,71,72,74,75,76,77,78,79,81,82,84,85,86,88,89,90,91,92,93,94,95,96,97,99,100,101,102,103,104,105,107,108,109,112,115,116,117,118,119,120,121,122,123,124,127,130,131,132,133,134,135,136,137,138,139,140,141,142,143,145,146,147,148,149,150,151,152,153,155,157,158,159,160,161,162,163,164,165,166,167,168,169,170,171,172,173,174,176,177,178,179,180,181,182,183,184,185,188,191,192,194,195,196,197,198,199,200,201,202,203,204	40,41,42,43,44,45,46,47,48,49,50,51,52,53,54,55,56,57,58,59,60,61,62,63,65,66,67,68,69,70,71,72,73,74,76,77,78,79,80,82,83,84,87,93,95,113,114,115,116,117,118,120,121,122,123,124,137,138,155,158,160,161,162,163,166,169,170,171,172,174,178,179,180,181,182,183,184,185,186,187,188,189,190,191,192,194,195,196,197,198,199,200,201,202,203,204,206,207,222,223,224,226,227,230,234,235,236,237,238,239,241,242,247,248,252,254,255,256,257,258,259,261
P12497_P49792	0.12727272727272726	0.16279069767441862	132,133,134,135,137,138,139,140,142,143,144,148,149,154,156,157,158,159,160,161,163,166,167,168,170,171,172,174,175,176,186,187,190,193,194,197,200,201,202,204,207,211,242,244,245,246,248,249,250,251,252,264,274,276	3119
O43521_P0C736	0.2535211267605634	0.9	140,141,142,143,144,145,146,147,148,149,150,151,152,153,154,155,156,157,158,159,160,161,162	5,6,7,9,13,14,15,16,17,18,19,25,26,27,28,29,30,31,32,33,34,36,37,38,47,48,49,50,51,52,53,54,55,56,57,58,59,60,61,62,63,64,65,66,67,68,69,70,71,72,73,74,75,76,77,78,79,80,81,82,83,84,85,86,88,89,90,91,92,93,94,99,106,109,110,111,112,113,114,116,117,118,119,120,121,122,123,124,125,126,127,128,129,130,131,132,133,134,135,136,137,138,139,140,141,142,143,144,145,146,147,148,149,150,151,152,153,154,155
P03366_P18465	0.1005586592178771	0.5806451612903226	244,245,248	25,26,27,28,29,30,31,32,33,34,35,36,37,38,39,40,41,42,43,44,45,46,47,48,49,50,51,52,53,54,55,56,57,58,59,60,62,63,64,66,67,68,70,71,72,74,75,78,81,82,83,85,86,88,95,96,97,98,99,100,102,103,106,107,115,116,117,118,119,120,121,122,128,129,130,131,132,133,134,135,136,137,138,139,140,141,142,143,144,145,146,153,156,166,168,169,170,174,182,184,185,186,188,189,190,192,193,194,214,215,216,217,218,219,220,221,222,223,224,225,226,227,228,229,230,231,232,233,234,235,236,237,238,239,240,241,242,245,246,250,251,252,253,254,255,256,257,258,259,260,261,262,263,264,265,266,267,276,279,280,281,282,283,284,285,286,287,288,289,290,291,292,294,295,296,297
P30685_Q3KSS4	0.07865168539325842	0.4666666666666667	25,26,27,28,29,30,31,32,33,34,35,36,37,38,39,40,41,42,43,44,45,46,47,48,49,50,51,52,53,54,55,56,57,58,59,60,62,67,71,72,74,75,82,83,84,85,86,87,88,89,90,93,95,96,98,99,100,102,103,104,105,106,107,108,109,110,111,112,115,116,117,118,119,120,121,122,123,125,129,131,132,133,134,135,136,137,138,139,140,141,142,143,144,145,146,156,166,168,169,170,174,182,184,185,186,188,189,190,192,193,194,211,214,215,216,217,218,219,220,221,222,223,224,225,226,227,228,229,230,231,232,233,234,235,236,237,238,240,241,242,246,250,251,252,253,254,255,256,257,258,259,260,261,262,263,264,265,266,267,276,279,280,281,282,283,284,285,286,287,288,289,290,291,292,294,295,296,297	
P11233_P15879	0.15135135135135136	0.6511627906976745	12,13,14,15,16,17,18,19,20,21,22,23,24,25,26,27,29,30,31,32,33,34,35,36,37,38,39,40,41,42,43,44,45,48,49,50,51,52,53,54,55,56,57,58,59,60,62,63,64,65,66,67,68,69,70,71,72,73,74,75,76,77,78,79,80,81,82,83,84,85,96,98,100,105,106,107,108,109,110,111,112,130,133,134,137,148,149,150,151,152,153,154,158,160,164,165,167,168,169,170,171,172,173,174,175,177	44,45,46,47,48,51,57,62,95,96,97,99,100,103,104,106,107,108,110,111,112,114,117,118,126,128,129,133,136,137,138,139,140,142,143,161,168,169,171,172,173,175,176,177,178,179,180,181,182,183,184,185,186,187,188,190,191,198,201,202,203,204,205,206,207,208,209,210,211,212,213,214,218,219,226,227,237,239,243
B7SCI5_Q9Y5X3	0.43103448275862066	0.5813953488372093	111,112,113,114,115,116,117,118,119,120,122,123,124,125,126,127,128,129,130,131	30,31,32,33,34,35,38,41,54,55,57,66,67,68,69,70,71,72,73,74,83,84,87,119,120,122,123,124,125,126,127,131,135,145,148,149,162,163
Q5ZU83_Q9H8S9	0.1857707509881423	0.6103896103896104	33,35,36,37,39,40,46,50,51,53,54,69,77,78,79,80,81,82,83,84,88,97,98,102,105,106,112,133,134,138,141,147,148,149,151,152,154,155,156,157,158,159,162,163,164,167,170,171,172,174,175,176,192,201,237,250,254,257,258,260,261,303,304,306,315,337,339,340,341,342,343,344,346,347,364,366,369,370,371,372,373,374,375,377,381,382,383,385,387,389,390,391,392,393,395,396,403,419,427,430,431,434,445,449,452,453,467,468,471,472,478,479,481,482	32,33,34,35,36,37,39,40,41,42,43,44,45,46,47,48,49,50,51,52,53,54,55,56,58,59,61,62,63,64,65,66,67,68,69,70,71,72,73,74,75,76,77,80,84,85,86,87,88,89,90,91,92,93,94,95,96,97,98,99,102,103,105,113,116,120,121,122,123,124,126,127,128,129,130,131,132,133,134,135,136,137,138,139,140,141,142,145,146,153,156,158,160,161,162,163,164,165,166,167,168,169,170,171,172,173,174,175,176,177,178,179,180,181,182,183,184,185,186,187,188,189,190,191,192,193,195,198,199,200,202,203,204,205,206,207,208,209,210
P0C6X9_P0CG47	0.37037037037037035	0.39215686274509803		153,154,155,156,157,158,159,160,162,163,166,167,174,185,186,187,188,189,190,191,192,193,194,195,196,197,198,199,200,201,202,203,204,205,206,207,208,209,210,211,212,213,214,215,217,218,219,220,221,222,223,224,225,226
P0DJ89_Q9UHR4	0.6666666666666666	0.21739130434782608		365,369,370,371,372,373,374,375,376,377,379,388,390,391,392
P30480_Q70A36	0.13089005235602094	0.8333333333333334	24,25,26,27,28,29,30,31,32,33,34,35,36,37,38,39,40,41,42,43,44,45,46,47,48,49,50,51,52,53,54,55,56,57,58,59,60,62,67,68,71,72,73,74,75,76,78,82,83,85,86,88,89,90,93,94,95,96,97,98,99,100,102,103,104,105,107,108,109,110,111,112,114,115,116,117,118,119,120,121,122,126,129,131,134,135,136,137,138,139,140,141,142,143,144,145,146,147,151,152,153,154,155,156,157,159,160,166,167,168,169,170,182,186,190,194,214,215,216,217,218,219,220,221,222,223,224,225,226,227,228,229,230,231,232,233,234,235,236,237,238,239,240,241,242,246,250,251,252,253,254,255,256,257,258,259,260,261,262,263,264,265,266,267,279,280,281,282,283,284,285,286,287,288,289,290,291,292,294,295,296,297	66,67,68,69,70,71,72,73,74
Q6P5S8_Q993A8	0.009615384615384616	0.25	22,24,25,26,27,29,30,31,33,34,43,48,50,51,54,55,56,57,58,60,61,62,63,64,65,66,67,68,69,70,72,74,75,76,77,79,81,82,83,86,91,92,93,94,95,98,101,102,103,105,106,108,109,110,111,115,118,119,120,129,135,136,137,138,139,140,141,142,143,144,145,152,154,156,157,158,159,160,161,162,163,164,166,169,195,196,197,198,199,201,213,214,215,216,218,219,220,221,222,223,224,225,226,227,228,229,230,231,232	27,28,29,30,31,32,33,34,35,36,37,38,39,40,41,42,43,46,47,49,50,51,52,53,54,55,56,57,58,148,149,150,151,152,153,186,187,188,189,190,191,192,193,194,195,196,202,203,207,209,210,211,212,213,214,215,217,218,219,220,221,272,292,293,294,295,311,312,315,316,318,319,337,369,370,372,373,374,375,376,377,378,379,380,381,382,384,406,410,411,413,418,419,420,421,422,424,426,432
I3XMW8_Q07817	0.3235294117647059	0.9166666666666666	117,118,119,120,121,122,123,124,125,126,127,128,129,130,131,133	4,5,6,7,8,9,10,11,12,13,14,15,16,18,19,20,21,23,82,86,87,90,91,94,95,96,97,98,99,100,101,102,104,107,110,111,112,113,114,115,116,119,120,122,123,124,125,126,127,128,129,130,131,132,134,135,136,137,138,139,140,141,142,143,144,145,152,155,156,157,158,159,160,161,164,168,172,173,176,180,184,186,187,192,193,194
I0AXC3_Q6N089	0.05853658536585366	0.5	31,32,33,34,35,36,37,39,40,41,42,43,44,45,46,47,48,49,50,51,52,53,54,55,56,57,58,59,63,66,67,70,71,72,73,77,79,90,94,97,98,102,104,105,108,109,110,111,113,114,115,116,118,119,120,124,134,135,137,138,139,142,164,165,166,167,168,170,171,174,175,176,178,216,217,218,220,221,222,223,224,225,226,229,230,231,233,234,235,236,237,238,239,240,241,244,247,248,249,251,253,254,255,256,257,258,259,263,264,265,266,267,269,270,271,272,273,274,275,276,277,278,279,306,308,309,310,315,316,317,318,319,320,321,322,323,324,325,326,327,330,331,332,333,334,335,336,337,338,339	37,46,47,50,54,55,56,57,58,60,62,63,65,74,75,78,79,85,104,105,107,108,109,112,113,120,124,129,131,132,133,150,151,166,167,169,170,171,172,173,174,175,176,177,192,193,194,195,197,204,205,206,207,208,209
O75475_P12497	0.0	0.0		1228,1229,1230,1231,1232,1233,1234,1235,1236,1237,1238,1240,1241,1245,1277,1278,1281,1282,1285,1288,1289,1292,1293,1294,1296,1297,1300,1301,1304,1305,1307,1308,1311,1312,1332,1333,1344,1345,1347,1348,1349,1350
P01579_Q66793	0.16901408450704225	0.9	26,27,31,32,33,34,35,36,37,38,39,40,41,42,43,44,45,46,47,48,49,50,51,52,54,58,64,65,66,67,68,69,70,71,72,73,74,75,76,77,78,79,80,81,82,83,84,85,86,88,89,90,92,95,96,97,98,99,100,102,103,104,107,111,114,115,117,118,120,121,122,123,124,125,126,127,128,129,130,131,132,133,134,135,136,137,138,139,140,141,142,143	20,21,23,24,25,26,27,28,29,30,31,32,33,44,46,47,48,49,50,51,57,58,60,62,64,65,66,67,68,69,70,71,72,73,74,75,76,77,79,90,92,93,94,96,97,98,99,100,102,113,115,117,118,119,120,121,122,125,129,130,131,132,133,134,135,136,137,138,140,142,144,145,146,148,149,150,151,152,153,154,155,156,157,159,160,165,191,192,193,194,195,196,197,198,199,200,201,226,227,231,233,234,235,236,237,238,249,250,252,253,254,255,256,257,258,259,260,261,262,263,264
P04439_Q9YV12	0.08333333333333333	0.5769230769230769	25,26,27,28,29,30,31,32,33,34,35,36,37,38,39,40,41,42,43,44,45,46,47,48,49,50,51,52,53,54,55,56,57,58,59,60,62,66,67,68,69,70,71,74,75,78,82,83,84,85,86,87,88,89,90,93,94,95,96,97,98,99,100,101,103,104,105,107,108,112,115,116,117,118,119,120,121,122,125,129,130,131,132,133,134,136,137,138,139,140,141,142,143,144,145,146,153,154,156,166,167,168,169,170,171,182,186,190,194,213,214,215,216,217,218,219,220,221,222,223,224,225,226,227,228,229,230,231,232,233,234,235,236,237,238,239,240,241,242,246,250,251,252,253,254,255,256,257,258,259,260,261,262,263,264,265,266,267,271,279,280,281,282,283,284,285,286,287,288,289,290,291,292,293,294,295,296,297	314,318
B9V0E2_S6B2A6	0.0625	0.2608695652173913	523,526,527,528,530	22,24,28,31,32,43,45,46,47,50,52,54,56,57,58,59,60,61,62,63,65,66,67,69,70,71,75,76,79,80,82,83,85,89,91,94,96,98,99,103,104,105,107,108,109,111,112,113,115,123,126,129,131,133,134,135,136,137,167,168,169,170,171,172,173,174,175,176,177,178,179,180,191,193,194,195,196,197,198,199,200,201,205,206,207,208,209,210,211,213,215
C9JGG1_P06437	0.04395604395604396	0.36363636363636365	31,32,33,34,35,36,37,38,39,40,41,44,49,50,51,52,53,54,55,56,57,58,59,60,61,67,71,72,73,74,75,76,78,79,80,81,84,88,89,90,91,92,93,94,95,96,97,99,100,104,106,108,109,110,111,112,113,114,115,116,117,118,119,120,121,122,123,124,125,126,127,128,129,130,131,132,133,135,136,137,138,139,140,141,142,143,144,145,146,147,148	
P30466_Q3KSS8	0.09259259259259259	0.5172413793103449	25,26,27,28,29,30,31,32,33,34,35,36,37,38,39,40,41,42,43,44,45,46,47,48,49,50,52,53,54,55,56,57,58,59,60,62,67,71,72,74,75,78,79,80,81,82,83,84,85,86,87,88,89,95,96,97,98,100,102,103,104,105,107,108,115,116,117,118,119,120,121,122,123,131,132,134,135,136,137,138,139,140,141,142,143,144,145,146,156,166,168,169,170,182,186,190,214,215,216,217,218,219,220,221,222,223,224,225,226,227,228,229,230,231,232,233,234,235,236,237,238,239,240,241,242,246,250,251,252,253,254,255,256,257,258,259,260,261,262,263,264,265,266,267,279,280,281,282,283,284,285,286,287,288,289,290,291,292,294,295,296,297	
Q8IZA0_Q9WBP8	0.03296703296703297	0.08333333333333333	406,408,410,411,413,414,415,416,417,419,420,421,423,479,482,483,485,486,487	227,271,272,273,294,295,296,298,313,314,316,317,318,319,332,335,336,343,345,346,347,348,349,351,352,358,368,370,377,397,398,405,409,416,417,419,420,421,604,606,607,610,627,629,632,633,634,675,677,704,710,711,712,714,715,717,718,719,720,721,722,723,724,725,726,727,728,729,730,731,732,733
P10415_Q99HR6	0.35454545454545455	0.8863636363636364	5,7,8,9,10,11,12,13,15,16,17,18,19,20,21,22,23,24,25,26,29,93,94,97,98,101,102,103,105,106,107,108,109,110,111,113,114,117,118,119,123,126,131,132,134,135,136,137,138,139,141,142,143,144,145,146,147,148,149,150,151,152,155,156,158,159,161,162,163,164,165,166,167,168,169,170,171,172,175,178,179,180,182,187,194,200,201	109,110,111,112,113,114,115,116,117,118,119,120,121,122,123,124,125,126,127,128,129,130,133
P24768_Q13618	0.2	0.6744186046511628	14,16,17,18,19,20,21,23,24,25,27,29,30,32,34,35,36,37,38,39,40,41,42,43,44,45,47,48,49,51,53,54,55,59,76,77,78,79,80,81,82,83,84,85,86,89,92,99,126,127,128,131,132,135,138,142,143,144,145,146,147,149,150,151,152,153,156,160,180,182	23,24,49,50,51,52,53,54,55,56,57,58,59,60,61,62,63,64,65,66,67,70,73,100,104,108,112,116,117,118,119,120,121,122,123,124,125,126,127,128,129,132,137,139,161,165,168,172,173,175,176,178,179,180,183,184,186,187,188,189,190,191,192,193,194,195,196,197,200,242,243,246,285,375,379
B7SCI5_Q86XE0	0.25806451612903225	0.5	111,112,113,114,115,116,117,118,119,120,122,123,124,125,126,127,128,129	26,33,44,48,56,57,60,61,63,64,66,68,69,70,71,73,78,79,82,85,86,88,89,93,113,114,115,117,118,120,121,122,125,126,127,129,130,136,139,140,141,142,144,157
Q8ZNR3_Q9BRZ2	0.05952380952380952	0.16666666666666666	180,189,190,191,192,193,194,195,196,202,206,208,209,210,211,212,213,214,216,217,218,220,221,225,227,266,267,268,269,270,271,272,273,274,275,276,278,279,280,281,282,283,284,285,286,289,290,293,303,304,306,307,310,314,315,316,319,322,344,360,362,363,366,367,368,369,370,371,372,374,375,382,402,404,405,406,407,408,409,412,416,424	22,37
P0A2N1_Q13164	0.09316770186335403	0.7894736842105263	32,36,39,40,42,43,44,45,46,47,48,49,50,51,52,53,54,55,56,57,58,59,60,61,62,63,64,65,67,68,69,71,72,73,74,75,76,77,78,79,80,81,82,83,84,85,86,87,89,90,91,98,99,100,101,102,103,104,105,106,107,108,109,110,111,112,113,114,115,117,118,120,121,122,124,125,126,127,128,129,130,131,132,133,134,136,137,138,139,140,141,142,143,144,145,147,150,151,153,154,155,157,158,159,162,166,167,168,171,172,175,176,179,183,185,186,187,188,189,190,191,192,193,195,196,197,198,199,200,201,202,204,205,206,207,208,209,210,211,212,213,214,215,216,217,219,229,230,231,232,233,234,235,236,237,238,239	214,215,216,221
A2NUT2_P05877	0.022058823529411766	0.42857142857142855	23,24,25,26,27,28,29,30,31,32,33,34,35,36,43,46,47,48,49,50,51,52,54,55,56,57,59,60,61,62,63,64,65,66,67,68,70,71,72,73,74,75,76,77,78,79,80,81,82,91,93,94,95,96,97,98,99,100,101,102,105,107,109,110,111,114,115,116,118,119,120,121,122,125,126,128,136,137,138,139,140,141,142,143,145,146,150,151,153,154,155,156,157,158,159,160,161,162,163,176,177,181,194,195,196,197,198,199,200,201,202,203,204,205,206,207,208,209,210,211,214,220,221,223,224,225,226,227,228,229,230,231,232	312,317,320
P01730_P04578	0.10975609756097561	0.25	51,52,53,67,68,82,83,86,87,88,90,91,93,94,95,96,97,99,101,102,103,104,106,107,109,111,130,131,133,134	38,39,40,42,60,63,68,70,71,73,74,75,76,77,78,80,81,84,86,87,90,91,92,93,94,95,96,97,98,99,100,103,104,106,107,108,109,110,111,112,113,114,115,145,148,149,152,156,159,160,161,162,163,164,165,167,168,172,174,175,176,177,178,179,180,181,182,202,203,204,205,206,207,208,209,210,245,246,247,248,249,250,251,252,253,259,260,264,267,268,269,270,271,272,274,275,276,277,278,312,314,316,325,326,327,329,349,350,351,352,369,375,426,434,435,436,437,438,439,441,463,467,468,474,475,476,477,478,479,481,483,489,493,495
P78310_Q80S15	0.1724137931034483	0.6976744186046512	22,23,25,26,27,49,51,53,55,57,58,65,67,68,69,71,72,73,74,75,76,77,78,79,80,81,82,83,86,87,89,90,92,93,95,96,97,98,99,100,101,103,104,107,108,110,111,114,122,124,125	28,29,30,31,32,33,34,35,36,37,38,39,41,51,53,54,55,56,57,58,59,60,61,62,64,66,73,74,75,76,77,78,79,80,81,82,83,84,85,86,103,105,106,108,109,110,111,113,114,115,116,117,118,119,120,121,122,123,124,125,126,128,129,130,131,132,133,134,135,136,137,138,139,140,141,142,144,145,146,148,149,150,152,154,155,156,157,158,159,160,161,162,163,164,166,167,168,170,171,172,173,174,175,187,190,191,193,194,195,196,197,198,199,200,201,202,203,204,205,206,207,208,209
P03255_Q92793	0.7333333333333333	0.2037037037037037	56,57,58,59,60,61,62,63,64,65,66,67,68,69,70	
D1CDN2_Q15750	0.03546099290780142	0.35714285714285715	1,2,3,4,5,6,7,8,9,10,11,12,13,14,15,16,17,18,19,20,21,22,23,24,25,26,27,28,29,30,31,32,33,34,35,37,39,42,46,48,51,52,55,85,86,89,91,92,93,95,96,99,100,102,103,104,105,106,118,122,123,125,126,127,129,130,133,142,143,146,148,149,150,155,159,164,166,167,168,223,225,227,228,229,231,232,233,235,236,237,238,239,240,241,242,244,245,247,248,249,250,251,252,253,254,255,256,257,258,259,260,261,262,263,264,265,266,267,269,271,287,288,334,337,339,343,347,350,392,395,396,449,454,456,457,459,460,462,463,464,466	
P05534_Q9WPU2	0.1340782122905028	0.7272727272727273	25,26,27,28,29,30,31,32,33,34,35,36,37,38,39,40,41,42,43,44,45,46,47,48,49,50,51,52,53,54,55,56,57,58,59,60,62,66,67,68,70,71,75,82,83,85,86,87,89,90,91,93,94,95,96,98,99,100,102,103,105,106,107,108,115,116,117,118,119,120,121,122,123,125,126,131,134,135,136,137,138,139,140,141,142,143,144,145,146,156,160,166,168,169,170,182,186,193,194,196,197,198,213,214,215,216,217,218,219,220,221,222,223,224,225,226,227,228,229,230,231,232,233,234,235,236,237,238,239,240,241,242,246,250,251,252,253,254,255,256,257,258,259,260,261,262,263,264,265,266,267,271,279,280,281,282,283,284,285,286,287,288,289,290,291,292,293,294,295,296,297	132,133,134,135,136,137,139,141
Q6I9S9_Q80KM9	0.3130434782608696	0.6101694915254238	41,49,57,58,59,60,62,63,65,66,67,68,69,70,71,72,73,74,75,76,77,80,83,85,87,88	16,17,18,19,20,21,23,24,25,26,27,28,30,31,32,33,34,35,36,37,38,39,40,41,43,44,48,59,64,84,86,87,88,90,91,92,95,98,115,120,123,126,127,128,129,130,134,136,137,138,153,176,177,178,179,180,181,183,184,187,190,191,192,196,200,205,207,208,209,212,228,229,236,239,240,254,255,257,265,269,270,272,273,275,276,277,279,280,300
P03536_Q04637	0.23529411764705882	0.45454545454545453	205,206,207,208,209,211,212,215,216,218,219,222,223,225,226,229,233,234,236,237,240,241,242,243,244,245,246,247,248,249,250,251,252,253,254,255,256,257,258,261,262,263,264,265,266,268,269,270,271,272,273,274,275,276,277,278,279,280,281,282,283,284,285,286,287,288,289,290,291,292,293,294,295,296,297,298,299,301,302,303,304,306,307,308,309	
P02671_Q6GDH2	0.18	0.2647058823529412		230,233,234,235,236,237,238,239,251,267,269,270,271,272,279,280,294,297,298,299,300,301,302,303,304,306,311,321,322,323,324,325,326,327,328,330,339,356,358,365,373,376,402,403,404,405,406,408,433,492
J7H333_P52799	0.1443850267379679	0.39705882352941174	227,228,229,230,231,232,233,234,235,245,246,248,250,251,252,253,254,255,256,257,259,260,268,283,284,288,290,294,297,310,311,314,315,316,318,319,331,336,337,340,352,353,354,356,357,360,362,363,374,375,376,377,378,379,380,381,384,387,419,444,447,448,453,458,463,466,468,471,472,473,475,480,481,485,488,490,491,492,493,494,495,496,497,498,499,500,501,502,503,504,507,524,525,527,528,529,536,541,545,549,550,551,552,553,554,555,556,557,558,559,560,561,563,564,565,566,567,568,569,603,604,606,607,608,609,610,611,612,613,614,615,616	30,31,33,34,37,38,39,40,41,42,43,44,45,46,47,49,50,52,62,63,70,71,72,73,74,75,76,77,78,79,105,106,107,108,109,110,111,112,113,114,115,116,117,118,119,120,121,122,123,124,125,126,127,131,132
Q99816_Q9YP46	0.11290322580645161	0.3333333333333333	15,16,17,18,19,20,21,22,23,25,26,29,30,31,32,33,34,35,36,37,38,39,40,41,46,47,48,49,50,51,52,53,54,55,56,57,58,59,60,61,62,63,64,65,66,67,74,81,101,102,105,106,109,112,130,132,133,134,136,137,140,141	
Q2HR73_Q93009	0.3333333333333333	0.4838709677419355		64,65,76,101,103,104,105,127,128,129,130,131,132,134,137,138,140,145,148,149,151,152,153,154,155,156,157,158,159,160,161,162,163,164,165,166,167,168,182,183,184,185,186,193,204
P03206_P30460	0.10810810810810811	0.6666666666666666	189,192,195,196	24,25,26,27,28,29,30,31,32,33,34,35,36,37,38,39,40,41,42,43,44,45,46,47,48,49,50,51,52,53,54,55,56,57,58,59,60,62,67,68,71,72,73,74,75,82,83,84,85,86,87,89,90,93,94,95,96,97,98,99,100,101,102,104,105,107,108,109,110,111,112,114,115,116,117,118,119,120,121,122,126,129,131,134,135,136,137,138,139,140,141,142,143,144,145,146,147,151,152,153,154,155,156,157,159,160,166,167,168,169,170,182,186,190,194,214,215,216,217,218,219,220,221,222,223,224,225,226,227,228,229,230,231,232,233,234,235,236,237,238,239,240,241,242,246,250,251,252,253,254,255,256,257,258,259,260,261,262,263,264,265,266,267,279,280,281,282,283,284,285,286,287,288,289,290,291,292,294,295,296,297
P00747_P49054	0.36666666666666664	0.18032786885245902	110,111,114,118,121,131,133,134,135,162,192,203,204,206,207,208,209,211,213,214,215,216,217,218,219,220,223,243,261	84
P01552_P01903	0.1284722222222222	0.8222222222222222	42,43,44,45,46,47,48,49,50,51,52,53,54,55,56,57,58,59,61,62,64,65,66,67,68,69,70,71,72,73,76,80,84,86,87,88,89,90,91,93,94,95,96,97,103,106,107,114,115,116,117,118,120,121,122,123,124,125,147,148,151,152,153,154,155,156,157,158,159,160,161,163,164,165,167,168,169,170,184,185,186,187,188,189,190,191,192,193,194,195,196,197,198,199,200,201,202,203,204,205,207,208,219,220,221,222,223,224,226,227,234,235,236,237,238,239,240,241,242,243,244,245,246,247,248,249,250,251,252,253,254,255,256,257,258,259,260,261,262	25,26,27,28,29,30,31,32,33,34,35,36,37,38,39,40,41,42,43,44,45,46,47,48,49,50,51,52,53,54,55,56,57,60,67,68,69,70,71,72,74,75,76,77,78,79,81,82,84,85,86,88,89,90,91,92,93,94,95,96,97,99,100,101,102,103,104,105,107,108,109,112,115,116,117,118,119,120,121,122,123,124,127,130,131,132,133,134,135,136,137,138,139,140,141,142,143,145,146,147,148,149,150,151,152,153,155,157,158,159,160,161,162,163,164,165,166,167,168,169,170,171,172,173,174,176,177,178,179,180,181,182,183,184,185,188,191,192,194,195,196,197,198,199,200,201,202,203,204
P03211_P30685	0.08426966292134831	0.4838709677419355		25,26,27,28,29,30,31,32,33,34,35,36,37,38,39,40,41,42,43,44,45,46,47,48,49,50,51,52,53,54,55,56,57,58,59,60,62,67,71,72,74,75,82,83,84,85,86,87,88,89,90,93,95,96,98,99,100,102,103,104,105,106,107,108,109,110,111,112,115,116,117,118,119,120,121,122,123,125,129,131,132,133,134,135,136,137,138,139,140,141,142,143,144,145,146,156,166,168,169,170,174,182,184,185,186,188,189,190,192,193,194,211,214,215,216,217,218,219,220,221,222,223,224,225,226,227,228,229,230,231,232,233,234,235,236,237,238,240,241,242,246,250,251,252,253,254,255,256,257,258,259,260,261,262,263,264,265,266,267,276,279,280,281,282,283,284,285,286,287,288,289,290,291,292,294,295,296,297
P19893_P63165	0.19480519480519481	0.6		20,21,22,23,24,25,26,27,28,29,30,31,32,33,34,35,36,37,38,39,40,41,42,43,44,45,46,47,48,49,50,51,52,53,54,55,56,57,58,59,60,61,62,63,64,65,66,67,68,69,70,71,72,73,74,75,76,77,78,79,80,81,82,83,84,85,86,87,88,89,90,91,92,93,94,95,96
A7UPX0_Q6PIL8	0.015209125475285171	0.5	19,20,21,22,23,24,25,26,27,28,29,30,31,32,33,34,35,36,37,38,44,48,82,83,84,85,86,107,108,109,110,111,112,113,114,115,116,118,119,120,121,122,123,124,125,126,127,128,129,130,131,132,133,135,136,153,165,173,195,204,207,208,211,213,217,218,219,220,221,222,223,224,225,226,227,228,229,231,232,239,241,243,244,245,246,247,248,249,250,251,252,253,254,255,256,257,258,260,262,263,266,267,268,274,276,277,279,280,281,304,305,306,307,308,309,310,311,312,313,314,315,316,317,318,319,320,321,328,331,332,333,334,335,336,337,338,339,340,341	22,23,24,25,26,27,28,29,30,31,32,33,46,47,49,50,52,53,55,56,57,58,59,60,61,62,63,64,65,66,67,68,69,72,74,75,76,77,78,79,80,81,82,83,84,85,86,87,88,89,90,91,92,93,94,96,98,99,101,102,103,105,106,107,108,109,111,112,114,117,118,119,120,129,135,136,137,138,139,140,141,142,143,144,145,152,154,156,157,158,159,160,161,162,163,164,166,169,194,195,196,197,198,199,201,202,213,214,215,216,218,219,220,221,222,223,224,225,226,227,228,229,230,231
P03126_P04637	0.19285714285714287	0.4090909090909091	7,8,11,14,26,27,28,29,30,31,33,35,37,38,41,42,44,45,46,49,53,54,61,62,63,66,69,70,71,73,74,75,76,77,78,79,80,81,82,83,84,85,87,88,89,90,92,93,97,104,106,107,108,109,110,111,112,113,114,115,116,118,119,120,137,139,141,143,144,147,148,149,150,152	113,114,115,117,119,122,133,135,136,138,139,167,168,169,173,174,176,177,193,195,197,198,199,200,201,202,203,204,205,207,208,209,210,211,212,219,220,221,222,223,224,225,226,227,228,229,230,231,232,233,234,235,236,238,239,240,241,242,243,244,245,246,247,248,250,266
P0CG48_Q5ZTL4	0.20903954802259886	0.45121951219512196	609,610,611,613,614,615,616,641,643,644,645,646,647,648,649,650,651,652,653,654,655,656,657,658,659,661,675,676,677,678,679,680,681,682	10,11,12,13,14,15,16,17,18,19,20,21,22,23,26,27,30,31,33,34,35,37,38,39,41,42,43,44,46,47,48,49,50,51,52,53,54,55,56,57,60,94,98,120,125,126,132,136,137,139,140,143,147,150,151,153,154,155,156,157,158,159,160,205,206,209,210,211,212,213,214,215,226,238,240,242,243,244,245,246,247,248,257,259,260,261,262,263,264,265,266,267,268,269,270,271,272,273,274,275,276,277,278,279,281,282,283,285,316,317,318,319,320,322,323,324,327,328,329,330,331,332,333,334,335,336,337,338,339,340,341,342,343,344,345,346,347,348,349,350,351,352,379
A7UPX0_Q6N089	0.024509803921568627	0.23809523809523808	19,20,21,22,23,24,25,26,27,28,29,30,31,32,33,34,35,36,37,38,44,48,82,83,84,85,86,107,108,109,110,111,112,113,114,115,116,118,119,120,121,122,123,124,125,126,127,128,129,130,131,132,133,135,136,153,165,173,195,204,207,208,211,213,217,218,219,220,221,222,223,224,225,226,227,228,229,231,232,239,241,243,244,245,246,247,248,249,250,251,252,253,254,255,256,257,258,260,262,263,266,267,268,274,276,277,279,280,281,304,305,306,307,308,309,310,311,312,313,314,315,316,317,318,319,320,321,328,331,332,333,334,335,336,337,338,339,340,341	37,45,46,47,50,53,54,55,56,57,58,60,61,62,63,64,65,74,78,81,82,83,84,85,90,104,105,108,109,112,113,117,120,125,126,127,128,130,131,132,133,150,151,166,167,169,170,171,172,173,174,175,176,177,192,193,194,195,197,204,205,206,207,208,209
A0A0X9JHC1_P05534	0.10285714285714286	0.5625	99,106,107,108	25,26,27,28,29,30,31,32,33,34,35,36,37,38,39,40,41,42,43,44,45,46,47,48,49,50,51,52,53,54,55,56,57,58,59,60,62,66,67,68,70,71,75,82,83,85,86,87,89,90,91,93,94,95,96,98,99,100,102,103,105,106,107,108,115,116,117,118,119,120,121,122,123,125,126,131,134,135,136,137,138,139,140,141,142,143,144,145,146,156,160,166,168,169,170,182,186,193,194,196,197,198,213,214,215,216,217,218,219,220,221,222,223,224,225,226,227,228,229,230,231,232,233,234,235,236,237,238,239,240,241,242,246,250,251,252,253,254,255,256,257,258,259,260,261,262,263,264,265,266,267,271,279,280,281,282,283,284,285,286,287,288,289,290,291,292,293,294,295,296,297
B7MJ81_Q9HD34	0.18867924528301888	1.0	2,3,4,5,6,7,8,9,10,11,12,13,14,15,16,17,18,19,20,21,22,23,24,25,26,27,28,29,30,31,32,33,34,35,36,37,38,39,40,41,42,43,44,45,46,47,48,49,50,51,52,53,54,55,56,57,58,59,60,61,62,63,64,65,66,67,68,69,70,71,72,73,74,75,76	1,2,3,4,5,6,7,8,9,11,12,13,14,15,16,17,18,19,20,21,22,23,24,25,26,27,28,29,30,31,32,33,34,35,36,37,38,39,40,41,42,43,44,45,46,47,48,49,50,51,52,53,54,55,56,57,58,59,60,61,62,63,64,65,66,67,68,69,70,71,72,73,74,75,76,77,78,79,80,81,82,83,84,85
P03169_P30460	0.10326086956521739	0.6129032258064516	200,201,202	24,25,26,27,28,29,30,31,32,33,34,35,36,37,38,39,40,41,42,43,44,45,46,47,48,49,50,51,52,53,54,55,56,57,58,59,60,62,67,68,71,72,73,74,75,82,83,84,85,86,87,89,90,93,94,95,96,97,98,99,100,101,102,104,105,107,108,109,110,111,112,114,115,116,117,118,119,120,121,122,126,129,131,134,135,136,137,138,139,140,141,142,143,144,145,146,147,151,152,153,154,155,156,157,159,160,166,167,168,169,170,182,186,190,194,214,215,216,217,218,219,220,221,222,223,224,225,226,227,228,229,230,231,232,233,234,235,236,237,238,239,240,241,242,246,250,251,252,253,254,255,256,257,258,259,260,261,262,263,264,265,266,267,279,280,281,282,283,284,285,286,287,288,289,290,291,292,294,295,296,297
O36972_Q08209	0.18018018018018017	0.36363636363636365	217,227,228,229,230,231	13,14,15,16,17,18,19,20,21,22,23,24,25,26,27,28,29,31,32,33,41,43,44,51,52,53,54,62,66,71,72,99,100,102,103,104,105,106,107,108,109,111,114,121,123,124,133,172,179,182,189,198,201,202,203,204,205,212,216,217,221,253,258,261,265,266,269,270,271,272,273,274,277,278,284,287,288,290,291,294,298,308,309,310,311,312,313,314,322,323,330,331,333,340,347,349,351,353,354,355,356,358,362,366,367
O00401_P0DJ89	0.3225806451612903	0.2777777777777778	206,207,208,209,210,211,212,213,214,215,216,217,222,231,234,235,237,238,239,240,241,248,249,251,252,253,254,255,256,257,258	
P01892_P14079	0.16756756756756758	0.8157894736842105	24,25,26,27,28,29,30,31,32,33,34,35,36,37,38,39,40,41,42,43,44,45,46,47,48,49,50,51,52,53,54,55,56,57,58,59,60,62,66,67,68,70,71,75,82,83,86,88,89,90,93,94,95,96,97,98,99,100,101,102,103,104,105,106,107,108,109,110,111,112,115,116,117,118,119,120,121,122,123,127,129,130,131,132,133,134,136,137,138,139,140,141,142,143,144,145,146,156,162,166,167,169,170,178,179,182,186,190,193,194,211,214,215,216,217,218,219,220,221,222,223,224,225,227,228,229,230,231,232,233,234,235,236,237,239,240,241,242,243,246,250,251,252,253,254,255,256,257,258,259,260,261,262,263,264,265,266,267,271,279,280,281,282,283,284,285,286,287,288,289,290,291,292,293,294,295,296,297	11,12,13,14,15,16,17
B7UCZ5_P01130	0.11688311688311688	0.2727272727272727	36,38,47,48,57,60,61,72,86,88,92,105,116,119,124,142,150,153,154,157,158,162,203,224,225,283,284,285,286,287,288,289,291,292,296,307,311,315,318,319,322,323,324,325,326,327,329,331,341,345,347,350,357,358,361,372,374,375,388,389,390,400,401,404,406,418,420,421,422	80,85,86,87,89,90,91,93
P05362_Q6VY96	0.10795454545454546	0.5588235294117647	30,31,38,53,56,57,60,61,62,63,65,84,85,86,87,88,89,90,92,93,94,95,96,99,109,110,120,123,124,175,176,179,238,239,241,242,243,246,248,250,251,257,258,309,314,396,417,419,420,421,422,423,425,436,438,439,440,442,443,444,448,449,451,457,464	655,658,683,687,688,691,692,694,695,696,697,698,699,700,701,702,703,704,705,706,708,710,711,712,713,714,715,726,730,734,735,736,737,738,739,740,741,742,743,744,745,746,747,748,749,750,751,752,753,754,755,756,757,758,759,760,762,766,767,768,769,770,771,772,773,774,775,776,777,778,779,780,781,782,783,784,785,786,787,788,789,803,804,806,807,809,810,811,835,836,837,839,840,841,842,843,844,845,846,847,848,849,850,851,852,854,859,861,862,863,866
A0A2K9Y515_Q9H3P7	0.3888888888888889	0.23728813559322035		371,373,374,375,376,378,379,382,398,401,402,434,482,491,495,497,500,506,507,508,510,511,513,514,515,516,517,518,519,520,522,523,524,525,526,527
P03206_P30685	0.10555555555555556	0.4222222222222222	52,63	25,26,27,28,29,30,31,32,33,34,35,36,37,38,39,40,41,42,43,44,45,46,47,48,49,50,51,52,53,54,55,56,57,58,59,60,62,67,71,72,74,75,82,83,84,85,86,87,88,89,90,93,95,96,98,99,100,102,103,104,105,106,107,108,109,110,111,112,115,116,117,118,119,120,121,122,123,125,129,131,132,133,134,135,136,137,138,139,140,141,142,143,144,145,146,156,166,168,169,170,174,182,184,185,186,188,189,190,192,193,194,211,214,215,216,217,218,219,220,221,222,223,224,225,226,227,228,229,230,231,232,233,234,235,236,237,238,240,241,242,246,250,251,252,253,254,255,256,257,258,259,260,261,262,263,264,265,266,267,276,279,280,281,282,283,284,285,286,287,288,289,290,291,292,294,295,296,297
P02786_Q8AZ57	0.08108108108108109	0.5714285714285714	123,146,147,151,154,167,172,173,174,175,177,178,181,182,196,197,200,207,208,209,210,211,213,214,215,216,217,218,219,221,236,243,246,257,260,261,262,263,264,265,285,287,289,290,291,292,293,294,296,297,304,307,308,309,310,311,312,313,314,318,319,320,321,322,324,329,330,331,332,333,334,335,336,338,381,382,389,390,391,392,393,395,396,397,398,399,400,401,407,411,427,428,430,431,432,434,448,449,452,453,457,464,465,467,468,469,471,472,474,488,492,493,494,495,496,497,498,499,500,501,502,520,522,534,537,541,542,545,546,562,564,572,573,575,576,577,578,579,580,581,582,584,585,587,591,592,593,594,595,598,599,602,605,620,627,631,634,635,638,639,642,646,647,649,650,663,664,665,666,667,668,669,671,672,676,679,682,683,685,686,687,688,689,690,695,696,697,698,700,701,731,732,733,734,735,736,738,739,742,743,746,747,749,750,751,752,753,754,755	85,86,87,89,90,91,92,93,94,95,96,97,98,99,100,101,103,104,105,106,107,108,110,112,113,114,115,116,117,118,119,120,121,142,146,153,154,155,156,157,158,159,160,162,163,164,165,166,169,170,172,173,174,175,176,177,178,179,180,183,185,186,187,197,202,203,204,205,207,208,209,210,211,212,213,214,216,217,219,231,233,234,235,237,238,239,240
P18139_P30685	0.0989010989010989	0.5142857142857142	112,118,119,120	25,26,27,28,29,30,31,32,33,34,35,36,37,38,39,40,41,42,43,44,45,46,47,48,49,50,51,52,53,54,55,56,57,58,59,60,62,67,71,72,74,75,82,83,84,85,86,87,88,89,90,93,95,96,98,99,100,102,103,104,105,106,107,108,109,110,111,112,115,116,117,118,119,120,121,122,123,125,129,131,132,133,134,135,136,137,138,139,140,141,142,143,144,145,146,156,166,168,169,170,174,182,184,185,186,188,189,190,192,193,194,211,214,215,216,217,218,219,220,221,222,223,224,225,226,227,228,229,230,231,232,233,234,235,236,237,238,240,241,242,246,250,251,252,253,254,255,256,257,258,259,260,261,262,263,264,265,266,267,276,279,280,281,282,283,284,285,286,287,288,289,290,291,292,294,295,296,297
Q13637_Q6EAT3	0.24701195219123506	0.9393939393939394	20,21,22,23,24,25,26,28,29,30,31,32,33,34,35,36,37,38,42,43,44,45,46,47,48,49,50,51,52,53,54,56,57,58,59,60,61,62,63,64,65,66,67,68,69,70,71,72,73,75,76,77,78,79,80,81,82,83,84,85,86,87,88,89,90,91,92,93,94,95,96,97,98,109,113,119,127,128,160,181,185,186,189,190,192	22,23,24,25,26,27,28,29,30,31,32,33,34,35,36,39,40,41,42,43,45,55,58,59,60,62,63,64,65,66,67,68,69,70,71,72,73,74,75,76,77,78,79,80,81,82,83,84,85,86,87,88,89,90,91,92,93,94,95,96,97,98,99,100,101,102,103,104,105,106,107,108,109,110,111,112,113,114,115,116,117,118,119,120,121,122,123,124,125,126,127,128,129,130,131,132,133,134,136,137,138,139,140,141,142,143,144,145,146,147,148,149,150,152,154,155,156,157,158,159,160,161,162,163,164,165,166,167,168,169,170,171,172,173,174,175,176,177,178,179,180,181,183,184,185,186,187,188,189,190,191,192,193,194,195,196,197,207,209,210,211,212,213,214,215,216
L7MTK7_P01854	0.12612612612612611	0.42424242424242425	0,1,2,3,4,5,6,7,8,9,11,12,21,22,23,24,25,26,27,29,30,33,34,35,36,37,38,41,42,54,55,56,57,58,59,61,62,63,64,65,66,67,68,69,70,71,72,73,74,75,76,77,78,79	222,225,226,227,228,229,230,276,277,279,284,305,309,311,326,328,333,337,339,340,341,342,345,346,347,348,349,358,359,361,362,364,369,384,385,386,388,390,404,405,407,408,409,410,411,412,413,414,415,416,417,418,419,420,421,422,423
Q786F2_Q96NY8	0.22279792746113988	0.5058823529411764	159,160,161,189,190,192,193,194,195,196,197,198,202,205,206,207,208,210,211,212,213,214,215,216,217,218,219,220,221,222,223,224,226,227,231,234,258,260,261,262,264,268,269,270,271,272,273,274,275,276,277,287,290,308,326,327,328,329,330,331,332,333,335,341,342,344,345,346,347,348,349,350,351,352,353,354,364,370,404,405,407,409,421,441,443,444,445,447,448,451,452,455,456,457,458,459,460,461,462,463,464,467,468,469,470,471,472,473,474,475,506,507,508,509,516,517,518,519,520,521,522,523,524,525,528,531,532,533,534,535,536,537,539,540,542,543,544,545,546,547,548,549,550,551,552,553,554,555,558,559,560,562,564	37,38,40,41,42,45,60,61,62,63,81,82,83,84,85,86,87,88,89,90,91,92,93,94,96,97,104,127,129,130,131,132,133,134,135,136,137,139,141,143
P19893_P55854	0.18181818181818182	0.6086956521739131		14,15,16,17,18,19,20,21,22,23,24,25,26,27,28,29,30,31,32,33,34,35,36,37,38,39,40,41,42,43,44,45,46,47,48,49,50,51,52,53,54,55,56,57,58,59,60,61,62,63,64,65,66,67,68,69,70,71,72,73,74,75,76,77,78,79,80,81,82,83,84,85,86,87,88,89,90
A3EX94_P27487	0.04435483870967742	0.21568627450980393	405,413,437,439,440,442,449,450,452,453,454,455,456,457,458,459,460,461,462,463,464,470,471,474,477,480,491,500,501,502,545,552,564,567	47,52,53,66,67,69,70,78,82,88,90,91,94,97,101,104,116,117,127,130,131,134,135,138,139,140,141,142,145,146,152,153,155,156,158,159,161,162,163,165,166,167,168,169,170,171,172,173,174,175,176,179,182,183,186,187,190,191,192,194,195,206,207,209,210,213,227,228,229,230,231,233,234,235,236,238,239,240,241,242,243,244,245,246,247,248,249,250,252,254,255,256,257,258,260,268,284,285,304,309,312,313,314,316,318,321,325,329,356,401,413,416,428,470,474,475,476,478,479,491,492,493,515,522,524,530,531,562,577,578,579,580,581,582,583,584,585,587,591,593,594,595,596,597,598,599,600,601,602,603,606,610,611,612,613,614,615,616,617,618,639,640,657,658,659,660,661,662,663,664,665,668,669,672,680,682,683,694,695,698,699,701,703,712,713,716,717,720,723,724,725,727,728,729,730,731,732,733,734,735,737,745,747,748,749,750,751,752,753,754,755,756,757,760
P04229_P12495	0.15217391304347827	1.0	30,31,32,33,34,35,36,37,38,39,40,41,42,43,44,45,46,47,48,49,50,51,53,54,55,56,57,58,59,60,61,62,63,64,66,67,68,71,72,73,74,75,76,77,78,79,80,81,83,84,85,88,89,92,93,94,95,96,97,98,99,100,105,106,108,109,110,111,112,113,114,115,116,117,118,119,120,121,122,125,126,128,129,130,131,132,133,134,135,136,137,138,139,140,141,142,143,144,145,146,147,148,149,150,151,152,153,154,155,156,157,158,159,160,161,162,164,165,166,167,169,170,171,172,173,174,175,176,177,178,179,180,181,182,183,184,185,186,187,188,189,190,191,192,193,194,195,196,197,198,199,200,201,202,203,204,205,206,207,208,209,210,211,212,213,214,215,216,217,218	166,167,168,169,170,171,172,173,174,175,176,177,179,180
O00459_Q99AU3	0.2777777777777778	0.6349206349206349	452,459,463,466,473,477,480,481,483,486,487,489,490,520,527,530,531,538,541,542,545,559,562,563,565,566,569,570,572,573,575,579,582,593	85,86,87,88,89,90,91,92,93,94,95,96,97,98,99,100,101,102,103,104,105,106,107,108,109,110,111,112,113,114,116,117,118,119,120,121,122,123,124,125,126,127,128,129,130,131,132,133,134,135,136,137,138,139,140,141,142,143,144,145,146,147,148,149,150,151,152,154,155,156,157,158,159,160,161,162,163,164,165,166,167,168,169,170,171,175,179,180,181,182,183,184,185,187,188,189,190,191,192,193,194,195,196,197,198,199,200,201,202,203
P68036_Q8ZNR3	0.0860655737704918	0.40384615384615385	2,3,4,5,6,7,8,9,10,11,12,13,14,21,22,24,25,26,27,28,29,30,31,32,33,34,35,36,37,38,39,40,41,42,43,44,45,46,50,51,53,55,56,57,58,59,60,61,62,63,64,65,66,67,69,70,72,73,74,77,81,82,83,84,85,86,87,88,89,90,91,92,93,94,95,96,97,98,99,100,102,103,106,107,108,109,110,111,112,113,114,115,116,117,118,119,120,121,122,123,128,132,135,142,143,145,146,150	180,189,190,191,192,193,194,195,196,202,206,208,209,210,211,212,213,214,216,217,218,220,221,225,227,266,267,268,269,270,271,272,273,274,275,276,278,279,280,281,282,283,284,285,286,289,290,293,303,304,306,307,310,314,315,316,319,322,344,360,362,363,366,367,368,369,370,371,372,374,375,382,402,404,405,406,407,408,409,412,416,424,443,444,445,446,447,448,449,453,454,456,470,522,525,530,531,533,544,564,568,571,601,603,604,612,622,623,624,625,650,671,672,694,695,705,706,708,709,712,713,714,723,724,727,729,730,746,750,773,774,775,776,777,778,780
P15144_Q1HVL8	0.033112582781456956	0.35714285714285715	69,70,72,73,74,77,80,81,82,84,85,87,88,89,90,91,92,93,94,95,96,97,99,100,102,103,105,106,109,110,175,180,181,182,184,185,187,188,189,192,193,194,195,196,197,198,199,200,201,202,203,204,205,206,207,208,209,210,211,212,213,214,215,220,223,231,232,235,238,239,242,243,245,247,248,249,263,281,298,302,304,305,308,311,312,313,314,315,317,318,319,320,321,322,323,324,326,337,338,339,340,341,342,343,344,345,346,347,348,349,350,351,353,354,355,356,361,362,369,370,371,374,378,379,380,383,384,385,387,388,389,393,394,402,403,407,415,418,419,420,422,423,426,429,430,431,432,433,434,436,437,438,440,441,443,444,445,448,450,451,452,453,454,455,464,468,469,470,471,472,473,474,475,476,477,480,484,485,489,492,506,513,517,541,542,543,544,545,546,547,548,554,555,558,561,562,563,564,565,618,638,653,655,656,657,659,660,661,662,663,665,669,671,672,673,674,675,676,677,703,706,708,709,710,712,732,733,739,740,747,749,750,752,753,754,756,757,758,761,788,789,792,842,843,846,848,850,854,862,863,864,865,866,867,868,869,870,872,873,874,876,877,880,883,884,887,892,895,896,897,899,900,906,907,908,912,929,933,934,936,937,947,949	296,297,299,303,306,307,330,343,353,355,402,403,404,405,406,407,412,414,415
B9V0E2_P0DOX5	0.08196721311475409	0.25	523,526,527,528,530	25,27,28,35,36,37,38,43,44,45,46,54,57,59,60,79,84,85,86,88,89,90,93,94,96,99,103,108,109,126,127,128,129,143,144,146,147,148,149,150,151,152,153,154,169,170,171,172,174,181,182,183,184,185,186,188
P31345_P52294	0.21304347826086956	0.6712328767123288	717,718,719,720,722,723,724,725,726,727,734,736,754	89,90,91,95,99,106,107,109,110,112,113,114,115,116,117,118,119,129,130,132,133,136,137,141,144,145,148,151,152,153,154,155,156,157,158,159,160,161,162,163,164,165,166,167,170,171,173,175,176,177,178,179,180,181,182,183,186,187,190,193,194,195,196,197,198,199,200,201,202,203,204,205,218,221,222,224,225,226,228,229,230,232,233,235,236,237,240,241,242,253,256,260,264,268,271,272,275,278,279,282,283,284,285,286,287,288,289,292,293,306,308,309,310,311,312,313,314,316,317,320,321,322,323,324,325,326,327,328,329,330,331,332,334,335,344,351,352,355,356,359,360,361,362,363,364,365,366,367,368,369,370,371,372,373,374,376,377,378,379,381,382,385,386,389,390,392,393,394,397,398,401,404,405,408,409,410,411,412,413,414,415,416,434,436,437,438,440,441,443,444,445,447,448,451,459,460,461,463,464,465,477,478,481,482,484,485,486,489,492,496,499,500,502,503,504,505,506
P0CG47_Q6RCR4	0.16939890710382513	0.4696969696969697	150,153,154,155,156,157,158,159,160,162,163,166,167,174,185,186,187,188,189,190,191,192,193,194,195,196,197,198,199,200,201,202,203,204,205,206,207,208,209,210,211,212,213,214,215,217,218,219,220,221,222,223,224,225,226	14,15,16,17,18,19,20,22,23,24,26,70,71,72,75,77,78,79,80,82,83,86,89,90,92,93,94,95,97,100,101,103,104,105,107,108,109,111,112,113,114,115,116,117,118,119,121,122,124,125,128,129,135,139,141,142,143,146,147,149,150,151,154,156,157,158,159,160,162,163,164,165,166,167,168,169,170,171,172,173,174,175,176,177,178,180,181,191,198,203,247,251,255,258,259,262,265,270,273,291,292,296,297,298,299,300,307,308,309,310,313,314,317,318,321,325,329,330,351,352,375,403,405,442,443,444,448,459
A7UPX0_Q6GMX4	0.01824817518248175	0.35714285714285715	19,20,21,22,23,24,25,26,27,28,29,30,31,32,33,34,35,36,37,38,44,48,82,83,84,85,86,107,108,109,110,111,112,113,114,115,116,118,119,120,121,122,123,124,125,126,127,128,129,130,131,132,133,135,136,153,165,173,195,204,207,208,211,213,217,218,219,220,221,222,223,224,225,226,227,228,229,231,232,239,241,243,244,245,246,247,248,249,250,251,252,253,254,255,256,257,258,260,262,263,266,267,268,274,276,277,279,280,281,304,305,306,307,308,309,310,311,312,313,314,315,316,317,318,319,320,321,328,331,332,333,334,335,336,337,338	22,23,24,25,26,27,28,29,31,32,33,34,35,36,39,41,46,47,50,52,53,54,55,56,57,58,59,60,61,62,63,64,66,67,68,69,71,73,74,75,76,77,78,79,80,81,82,83,86,90,91,92,93,94,95,96,97,98,99,100,101,102,103,105,106,107,108,109,110,112,113,115,116,117,120,121,122,126,127,129,130,137,138,139,140,141,142,143,144,146,147,154,155,156,157,158,159,160,161,162,163,164,165,167,171,177,178,182,196,197,198,199,200,201,202,203,204,205,207,208,209,211,212,215,217,219,220,221,222,224,225,226,227,228,229,230,231,232
O60502_Q0TR53	0.030612244897959183	0.2		41,43,44,45,46,47,48,50,52,53,55,84,107,108,156,159,160,161,162,163,164,172,174,175,176,181,183,185,187,188,189,190,191,192,193,194,195,196,200,203,204,226,230,238,239,242,259,260,263,264,267,270,271,273,281,284,285,294,295,296,298,334,336,339,340,344,346,348,350,420,421,422,423,424,425,427,428,429,430,431,432,446,447,448,489,565,568,569,570,571,572,574,575,582,611,612,614,616
B0B9A0_P0CG47	0.2571428571428571	0.7659574468085106	151,152,153,154,155,156,157,158,159,161,162,163,165,166,167,168,169,171,172,181,187,188,189,190,191,192,193,194,195,196,197,198,199,200,201,203,205,207,246,248,258,262,263,264,266,267,270,271,272,273,274,275,286,289,294,296,297,298,300,301,303,304,306,307,308,310,311,312,314,315,318,321,322,325,326,330,367,389,390,391,392,393,394,395,396,397	153,154,155,156,157,158,159,160,162,163,166,167,174,185,186,187,188,189,190,191,192,193,194,195,196,197,198,199,200,201,202,203,204,205,206,207,208,209,210,211,212,213,214,215,217,218,219,220,221,222,223,224,225,226
P26664_Q7Z434	0.0	0.0	1059,1110	
P20963_P31818	0.17647058823529413	0.75	70,71,72,73,74,75	101,102,103,104,105,106,107,108,109,110,111,112,113,114,116,117,118,119,120,121,123,124,125,128,129,131,132,133,136,137,138,139,140,143,144,145,147,148,149,150,151,152,153,154,155,156,157,158,159,160,161,162,163,164,165,166,167,168,169,170,171,172,174,175,199,200,201,202,203,204,205,206,208,209,212,213,214,215,216,217,218,219,220,221,222,223,224,225,226,227,228,229,230,231,232,233
P08603_Q9JXV4	0.42696629213483145	0.3486238532110092	335,336,337,338,339,340,341,342,343,344,346,359,360,368,397,401,403,405	131,136,137,139,140,141,142,143,144,145,146,147,148,149,150,151,152,153,154,155,156,159,160,161,162,163,165,173,174,177,180,191,194,195,196,197,198,199,201,202,205,213,216,217,240,242,244,245,246,247,248,249,251,252,253,254,256,271,272,278,282,283,286,297,303,304,305,308,310,311,312
P62820_Q7BU69	0.2078853046594982	0.8169014084507042	5,6,7,8,9,10,11,12,14,16,18,19,20,21,22,23,24,26,27,28,29,30,31,32,33,34,35,36,37,38,39,40,41,42,43,44,45,46,47,48,49,50,51,53,54,57,58,60,61,62,63,64,65,66,67,68,69,70,71,72,73,74,75,76,77,78,79,80,81,82,83,94,95,96,98,99,100,102,103,104,106,107,108,109,110,111,115,131,132,134,135,143,144,145,146,147,148,149,150,151,152,155,158,159,161,162,163,164,165,166,168,169,170,172,174,175	64,66,67,68,83,85,88,90,100,105,106,109,110,111,112,114,116,119,120,123,127,128,130,132,133,134,136,137,139,140,143,144,147,155,160,169,170,171,172,174,176,177,178,179,180,181,182,183,184,185,186,187,188,189,190,196,197,198,199,200,201,202,204,205,208,209,210,211,212,213,215,216,217,218,220,221,222,223,224,231,232,233,235,246,248,249,250,253,257,264,269,270,278,279,281,282,283,284,285,286,287,289,290,291,292,293,294,295,296,297,298,300,301,303,304,305,306,307,308,311,312,313,314,315,316,318,319,325,339,341,343,344,345,347,348,351,352,359,362,363,366,367,369,370,372,373,377,378,379,380,381,382,383,384,385,386,387,388,389,390,391,392,394
P12497_P62937	0.1044776119402985	0.6176470588235294	132,133,134,135,137,138,139,140,142,143,144,148,149,154,156,157,158,159,160,161,163,166,167,168,170,171,172,174,175,176,186,187,190,193,194,197,200,201,202,204,207,211,242,244,245,246,248,249,250,251,252,264,274,276	0,1,2,3,4,5,6,7,8,9,10,11,12,13,14,15,16,17,18,19,20,21,22,23,24,25,26,27,28,29,30,31,32,33,34,35,36,37,38,39,40,41,42,43,45,46,48,50,51,52,53,54,55,56,57,58,59,60,61,62,63,64,65,66,67,68,69,70,71,72,73,74,75,76,77,78,79,80,81,82,83,84,85,86,87,88,89,90,91,92,94,96,97,98,99,100,101,102,103,104,105,106,107,108,109,110,111,112,113,114,115,116,117,118,119,120,121,122,123,124,125,126,127,128,129,130,131,132,133,134,135,136,137,138,139,140,141,142,143,144,145,147,148,155,156,157,159
P12499_P18464	0.09659090909090909	0.6071428571428571		25,26,27,28,29,30,31,32,33,34,35,36,37,38,39,40,41,42,43,44,45,46,47,48,49,50,51,52,53,54,55,56,57,58,59,60,62,67,68,71,74,75,82,83,84,85,86,87,88,89,90,91,92,93,94,95,96,97,98,99,100,102,103,106,107,108,110,111,114,115,116,117,118,119,120,121,122,125,129,130,131,132,133,134,135,136,137,138,139,140,141,142,143,144,145,146,152,156,166,168,169,170,182,186,187,190,191,192,194,211,214,215,216,217,218,219,220,221,222,223,224,225,226,227,228,229,230,231,232,233,234,235,236,237,238,239,240,241,242,246,250,251,252,253,254,255,256,257,258,259,260,261,262,263,264,265,266,267,279,280,281,282,283,284,285,286,287,288,289,290,291,292,294,295,296,297
P01857_P04488	0.21875	0.4666666666666667	123,137,183,184,187,210,211,230,231,232,233,234,235,236,237,239,246,250,252,253,254,255,256,257,258,259,263,278,286,287,288,289,291,312,314,315,316,317,318,319,320,321,322,323,324,325	224,226,228,231,232,233,234,235,237,238,239,240,242,244,245,246,248,250,251,255,261,280,281,282,283,284,285,286,287,293,301,313,315,316,317,318,319,320,321,336,367,369,370,371,380,381,384,385,387,388
P01130_P0C2X0	0.08163265306122448	0.21621621621621623	125,128,130,131,132,133	3,4,5,6,7,13,20,22,31,41,45,56,59,68,70,72,76,99,100,102,103,104,108,122,126,132,134,135,137,138,141,142,146,187,208,209,267,268,269,270,271,272,273,275,276,280,287,291,295,298,299,302,303,306,307,308,309,310,311,313,315,325,328,329,330,331,334,338,341,342,345,356,358,359,372,373,374,380,384,385,386,388,390,396,402,403,404,405,406,407,408,409
O00571_P68466	0.1885245901639344	0.7419354838709677		5,6,7,8,9,10,11,12,13,14,15,16,17,18,19,20,21,22,23,26,27,28,29,30,31,32,33,34,35,36,37,38,39,40,41,42,43,44,51,58,59,61,62,63,64,65,66,67,68,69,70,71,72,73,74,75,76,77,79,80,81,82,83,84,85,86,87,88,89,90,91,92,93,94,95,97,98,99,100,102,103,106,107,108,109,110,111,113,114,115,116,117,118,119,120,121,122,123,124,125,126,127,128,129,130,131,132,133,134,135,136,137,138,139,140,141,142,143,144,145,146,147
P62805_Q1HVJ0	0.035398230088495575	0.4	26,27,28,29,30,31,32,33,34,35,36,37,38,39,40,41,42,43,44,45,46,47,48,49,50,51,52,53,54,55,56,57,58,59,60,61,62,63,64,65,66,67,68,69,70,71,72,73,74,75,76,77,78,79,80,81,82,83,84,85,86,87,88,89,90,91,92,93,94,95,96,97,98,99,100,101,102	412,413,414,415,416,417,418,419,420,421,424,425,426,427,428,429,430,431,432,433,434,436,443,466,470,471,498,499,501,502,512,552,556,569,572,573
O57173_Q16611	0.2535211267605634	0.972972972972973	48,49,50,51,52,53,54,55,56,57,58,59,60,61,62,63,64,65,66,67,68,69,70,71,72,73,74,75,76,77,78,79,80,81,82,84,88,92,93,94,95,96,97,98,99,100,101,102,103,104,105,106,107,108,109,110,111,112,113,114,115,116,117,118,119,120,121,122,123,125,126,127,128,129,130,131,134,135,136,137,138,139,140,141,142,143,144,145,146,147,149,150,151,152,153,154,155,156,157,158,159,160,163,165,166,167,168,169,170,171,172,173,174,175,176,177,178,179,180,181,182,183,184	69,70,71,72,73,75,76,77,79,80,81,82,83,84,85,86,87,88,89
P01892_Q9DIT6	0.0898876404494382	0.41025641025641024	24,25,26,27,28,29,30,31,32,33,34,35,36,37,38,39,40,41,42,43,44,45,46,47,48,49,50,51,52,53,54,55,56,57,58,59,60,62,66,67,68,70,71,75,82,83,86,88,89,90,93,94,95,96,97,98,99,100,101,102,103,104,105,106,107,108,109,110,111,112,115,116,117,118,119,120,121,122,123,127,129,130,131,132,133,134,136,137,138,139,140,141,142,143,144,145,146,156,162,166,167,169,170,178,179,182,186,190,193,194,211,214,215,216,217,218,219,220,221,222,223,224,225,227,228,229,230,231,232,233,234,235,236,237,239,240,241,242,243,246,250,251,252,253,254,255,256,257,258,259,260,261,262,263,264,265,266,267,271,279,280,281,282,283,284,285,286,287,288,289,290,291,292,293,294,295,296,297	
P30685_Q1HVF7	0.07303370786516854	0.4482758620689655	25,26,27,28,29,30,31,32,33,34,35,36,37,38,39,40,41,42,43,44,45,46,47,48,49,50,51,52,53,54,55,56,57,58,59,60,62,67,71,72,74,75,82,83,84,85,86,87,88,89,90,93,95,96,98,99,100,102,103,104,105,106,107,108,109,110,111,112,115,116,117,118,119,120,121,122,123,125,129,131,132,133,134,135,136,137,138,139,140,141,142,143,144,145,146,156,166,168,169,170,174,182,184,185,186,188,189,190,192,193,194,211,214,215,216,217,218,219,220,221,222,223,224,225,226,227,228,229,230,231,232,233,234,235,236,237,238,240,241,242,246,250,251,252,253,254,255,256,257,258,259,260,261,262,263,264,265,266,267,276,279,280,281,282,283,284,285,286,287,288,289,290,291,292,294,295,296,297	
Q14653_Q99FX5	0.16216216216216217	0.24	196,200,212,215,226,227,247,249,368,369,371,372,373,375,376,377,379,380,381,382,383,384,386,407,410,414,415,417,418,420,421	482,483,484,485,486,487
P30480_Q90VG9	0.13089005235602094	0.8333333333333334	24,25,26,27,28,29,30,31,32,33,34,35,36,37,38,39,40,41,42,43,44,45,46,47,48,49,50,51,52,53,54,55,56,57,58,59,60,62,67,68,71,72,73,74,75,76,78,82,83,85,86,88,89,90,93,94,95,96,97,98,99,100,102,103,104,105,107,108,109,110,111,112,114,115,116,117,118,119,120,121,122,126,129,131,134,135,136,137,138,139,140,141,142,143,144,145,146,147,151,152,153,154,155,156,157,159,160,166,167,168,169,170,182,186,190,194,214,215,216,217,218,219,220,221,222,223,224,225,226,227,228,229,230,231,232,233,234,235,236,237,238,239,240,241,242,246,250,251,252,253,254,255,256,257,258,259,260,261,262,263,264,265,266,267,279,280,281,282,283,284,285,286,287,288,289,290,291,292,294,295,296,297	68,69,70,71,72,73,74,75,76
C5MK56_P03211	0.09142857142857143	0.5	25,26,27,28,29,30,31,32,33,34,35,36,37,38,39,40,41,42,43,44,45,46,47,48,49,50,51,52,53,54,55,56,57,58,59,60,62,67,71,72,74,75,82,83,84,85,86,87,88,89,90,93,95,96,98,99,100,102,103,104,105,106,107,108,109,110,111,112,115,116,117,118,119,120,121,122,123,125,129,131,132,133,134,135,136,137,138,139,140,141,142,143,144,145,146,156,166,168,169,170,182,183,186,190,192,193,194,211,214,215,216,217,218,219,220,221,222,223,224,225,226,227,228,229,230,231,232,233,234,235,236,237,238,239,240,241,242,246,250,251,252,253,254,255,256,257,258,259,260,261,262,263,264,265,266,267,276,279,280,281,282,283,284,285,286,287,288,289,290,291,292,294,295,296,297	
P01892_Q3KSU1	0.11351351351351352	0.84	24,25,26,27,28,29,30,31,32,33,34,35,36,37,38,39,40,41,42,43,44,45,46,47,48,49,50,51,52,53,54,55,56,57,58,59,60,62,66,67,68,70,71,75,82,83,86,88,89,90,93,94,95,96,97,98,99,100,101,102,103,104,105,106,107,108,109,110,111,112,115,116,117,118,119,120,121,122,123,127,129,130,131,132,133,134,136,137,138,139,140,141,142,143,144,145,146,156,162,166,167,169,170,178,179,182,186,190,193,194,211,214,215,216,217,218,219,220,221,222,223,224,225,227,228,229,230,231,232,233,234,235,236,237,239,240,241,242,243,246,250,251,252,253,254,255,256,257,258,259,260,261,262,263,264,265,266,267,271,279,280,281,282,283,284,285,286,287,288,289,290,291,292,293,294,295,296,297	300,301,302,304,305,306,307
H6A3H4_P40198	0.17567567567567569	0.4482758620689655	75,79,81,82,83,84,85,87,88,89,99,103,107,111,112,113,179,181,182,185,186,189,190,192,193,196,197,200,256,296,303,307,308,309,310,311,345,346,347,348,352,356,363,366,421,424,425,427,432,434,436,438	34,35,36,37,38,39,40,41,42,43,44,45,46,48,49,51,53,55,56,57,58,59,60,61,62,63,64,65,66,67,70,71,72,73,74,75,76,77,79,80,81,82,83,84,85,86,87,88,89,90,91,92,93,94,95,96,97,98,99,100,101,102,103,104,105,106,107,109,110,111,112,113,114,115,116,117,118,119,120,121,122,123,124,125,126,127,128,129,130,131,132,134,136,137,138,140
P12977_P30464	0.0650887573964497	0.4230769230769231		25,26,27,28,29,30,31,32,33,34,35,37,38,39,40,41,42,43,44,45,46,47,48,49,50,51,52,53,54,55,56,57,58,59,60,62,63,64,66,67,68,70,71,72,74,75,78,81,82,83,84,85,86,87,89,95,98,99,100,102,103,104,105,106,107,108,115,116,117,118,119,120,121,122,123,131,132,134,135,136,137,138,139,140,141,142,143,144,145,146,156,166,167,168,169,170,171,179,182,186,190,192,193,194,214,215,216,217,218,219,220,221,222,223,224,225,226,227,228,229,230,231,232,233,234,235,236,237,238,240,241,242,246,250,251,252,253,254,255,256,257,258,259,260,261,262,263,264,265,266,267,279,280,281,282,283,284,285,286,287,288,289,290,291,292,294,295,296,297
B1EF49_P0CG48	0.26605504587155965	0.8285714285714286	197,209,210,211,212,213,214,215,216,217,218,219,220,237,239,241,242,243,244,259,260,261,262,263,264,265,266,267,268,269,270,271,272,273,274,275,276,277,278,279,280,281,282,283,284,286,316,317,318,320,321,323,324,325,326,327,328,329,330,331,332,333,334,335,336,337,338,339,340,342,343,350,353,354,357	609,610,611,613,614,615,616,641,643,644,645,646,647,648,649,650,651,652,653,654,655,656,657,658,659,661,675,676,677,678,679,680,681,682
P18465_Q1KW74	0.14516129032258066	0.84375	25,26,27,28,29,30,31,32,33,34,35,36,37,38,39,40,41,42,43,44,45,46,47,48,49,50,51,52,53,54,55,56,57,58,59,60,62,63,64,66,67,68,70,71,72,74,75,78,81,82,83,85,86,88,95,96,97,98,99,100,102,103,106,107,115,116,117,118,119,120,121,122,128,129,130,131,132,133,134,135,136,137,138,139,140,141,142,143,144,145,146,153,156,168,169,170,174,182,184,185,186,188,189,190,192,193,194,214,215,216,217,218,219,220,221,222,223,224,225,226,227,228,229,230,231,232,233,234,235,236,237,238,239,240,241,242,245,246,250,251,252,253,254,255,256,257,258,259,260,261,262,263,264,265,266,267,276,279,280,281,282,283,284,285,286,287,288,289,290,291,292,294,295,296,297	154,155,156,157,158,159,160,161,162,163,164
Q77DJ5_Q7Z6E9	0.1125	0.36	140,141,142,143,144,145,147,148,149,151,152,153,155,156,159,163,165,166,167,168,169,170,171,172,173,175,176,177,178,179,180,187,194,195,198,208,209,210,211,212,213,214,215,216,217,221,225,226,227,228,229,230,231,232,233,234,235,236,237,238,239,240,241,243,244,245,246,247,248,249,250,251,256,257,258,259,260,261,262,263	
P32455_Q8VSC3	0.16535433070866143	0.5121951219512195	4,5,6,7,8,9,10,11,13,29,30,33,34,35,36,37,38,40,41,42,45,46,48,109,110,111,113,121,125,127,129,130,131,132,134,135,136,138,139,140,142,143,146,150,169,170,172,173,174,176,177,179,200,203,218,221,222,268,269,271,273,293,310,311,312,316,318,320,328,331,334,337,338,341,342,349,350,353,356,357,360,368,372,426,428,429,430,432,433,434,460,463,467,474,475,477,478	77,81,82,84,85,86,87,88,112,114,116,124,125,127,128,131,145,146,147,152,171,174,176,185,186,187,189,232,238,239
G9HS63_Q6N089	0.13513513513513514	0.7692307692307693	173,174,176,177,178,179	37,45,46,47,48,49,53,54,55,56,57,58,60,61,62,63,64,65,71,72,73,76,77,78,79,80,81,82,83,84,85,90,104,105,107,108,109,111,112,113,116,131,132,133,150,151,166,167,169,170,171,172,173,174,175,176,177,192,193,194,195,197,204,205,206,207,208,209
P01024_Q89859	0.12732919254658384	0.36936936936936937	28,31,32,33,34,35,36,38,39,40,43,44,121,124,128,129,130,132,145,146,147,148,149,153,170,172,192,195,196,199,202,203,206,217,222,224,225,226,228,229,243,269,272,274,276,277,280,281,285,288,330,331,332,333,334,335,336,337,338,339,344,346,352,365,367,368,369,370,372,374,377,378,379,381,382,384,385,441,444,445,448,465,469,507,509,510,511,513,514,526,528,529,551,558,559,562,587,588,589,591,595,760,761,763,768,770,772,801,802,803,804,833,835,836,837,840,842,843,847,849,850,851,853,854,893,896,897,898,900,901,902,916,917,918,919,936,1006,1007,1008,1009,1010,1011,1013,1014,1015,1016,1017,1018,1052,1054,1055,1056,1058,1059,1085,1087,1089,1090,1092,1093,1097,1116,1117,1120,1122,1124,1125,1126,1128,1129,1183,1184,1219,1227,1265,1266,1402,1408,1409,1410,1420,1424,1427,1464,1468,1469,1470,1471,1472,1556,1557,1558,1560,1626,1630,1656,1657,1658,1659,1660,1661	25,27,28,30,31,32,35,38,39,40,41,42,43,44,45,46,47,48,49,50,51,52,53,54,55,56,57,58,59,60,61,62,66,95,96,97,98,99,100,101,102,103,104,105,106,107,108,109,110,111,112,113,115,116,117,118,119,120,121,122,124,127,134,135,137,138,140,141,160,161,162,163,164,165,166,167,168,169,170,171,172,173,174,175,176,177,178,179,180,181,182,183,184,186,194,213,214,215,216,217,218,219,220,221,222,223,224,225,226,227,228,230,233,234,235,236,237,238,240,241,242
P03182_Q16611	0.21897810218978103	0.7894736842105263	5,6,9,13,14,15,16,17,18,19,25,26,27,28,29,30,31,32,33,34,35,36,37,38,47,48,49,50,51,52,53,54,55,56,57,58,59,60,61,62,63,64,65,66,67,68,69,70,71,72,73,74,75,76,77,79,80,82,83,84,86,87,88,89,90,91,92,99,103,105,106,109,110,111,112,113,114,116,117,118,119,120,121,122,123,124,125,126,127,128,129,130,131,132,133,134,135,136,137,138,139,140,141,142,143,144,145,146,147,148,149,150,151,152,153,154,155,156	69,70,71,72,73,75,76,77,79,80,81,82,83,84,85,86,87,88,89
P01834_Q51918	0.011363636363636364	0.06666666666666667	1,2,3,4,5,6,7,8,9,10,11,12,13,14,15,16,17,18,19,20,21,22,23,24,25,26,27,28,29,30,31,32,33,34,35,36,37,38,39,40,41,42,43,45,46,63,64,65,66,67,68,69,70,71,72,73,74,75,76,77,78,79,80,81,82,83,84,85,86,87,88,89,90,91,92,93,94,95,96,97,98,99,100,101,102,103,104,105	
P02751_Q711B0	1.0	0.057692307692307696	113,120,129	
P12504_Q15369	0.4426229508196721	0.9152542372881356	139,140,141,142,143,144,145,146,147,148,149,150,152,153,158,159,160,161,162,163,164,165,166,168,169,172,173	16,17,18,19,20,21,22,23,24,25,26,27,28,29,30,31,32,33,34,35,36,37,38,39,40,41,42,43,44,45,46,47,48,49,50,51,52,53,54,55,56,57,58,60,61,62,63,64,65,66,67,68,69,70,71,72,73,74,75,76,77,78,79,80,81,82,83,84,85,86,87,88,89,90,91,92,93,94,95,96,97,98,99,100,101,102,103,104,105,106,107,108,109,110,111
P0DP23_Q5ZTK6	0.21070234113712374	0.5887850467289719	3,4,5,6,7,8,9,10,11,12,13,14,15,16,17,18,19,20,21,22,23,24,27,31,32,35,36,37,38,39,40,41,42,43,44,47,48,50,51,52,54,55,56,58,59,63,64,65,66,67,68,69,70,71,72,73,74,75,76,77,78,79,80,83,84,85,86,87,88,89,90,91,92,94,95,99,100,104,105,106,107,108,109,110,111,112,113,114,115,116,117,119,120,134,135,136,137,138,139,140,141	117,118,119,120,121,122,123,124,125,126,127,128,129,130,131,132,133,134,135,136,137,138,139,140,141,142,143,144,145,146,162,166,170,171,175,200,201,202,203,204,205,206,207,208,209,210,211,212,213,214,217,221,226,228,231,233,235,236,238,240,241,242,243,244,245,257,258,259,260,261,262,263,264,265,266,267,268,276,279,280,281,282,284,299,311,339,340,343,344,345,347,348,349,351,386,401,402,404,407,459,478,479,481,482,483,485,506,530,531,535,541,543,544,546,547,560,561,562,570,571,572,574,575,591,616,618,619,620,622,623,634,642,645,647,650,653,654,655,656,657,659,665,666,673,674,675,676,677,678,679,680,683,685,693,698,700,701,704,707,709,731,732,733,734,735,736,737,738,740,741,742,743,744,745,748,756,757,758,759,760,761,765,766,768,769,776,783,784,785,824,825,827,828,829,841,842,843,844
P04003_P16947	0.3888888888888889	0.2692307692307692	54,55,56,57,58,59,60,61,85,86,88,118,119,120,122,124,125,126,127,128,129,130,131,132,133,134,135,136,137,144	73,80,81,83,84,87
P61006_Q5ZWZ3	0.24193548387096775	0.38961038961038963	5,6,7,8,9,10,11,12,13,15,16,17,20,21,24,25,26,27,28,29,30,32,33,35,36,37,38,39,40,41,42,43,44,45,46,47,48,49,50,51,52,54,55,56,57,58,59,60,61,62,63,64,65,66,67,68,69,70,71,72,73,74,75,76,77,78,79,80,81,87,88,92,95,99,101,102,103,105,106,121,136,137,138,140,141,142,143,144,145,146,147,148,149,152,155,156,158,159,162,163,164,165,166,167,168,169,171,172	201,204,205,208,215,221,222,224,225,228,229,235,236,239,249,457
O95484_P01558	0.25102880658436216	0.8714285714285714	4,5,6,7,8,9,10,12,16,17,20,21,23,24,25,26,27,28,29,30,31,32,33,34,35,36,37,38,39,40,41,42,43,44,45,46,47,48,49,50,51,52,53,54,55,56,57,58,59,60,61,62,64,65,66,67,68,69,70,71,72,73,74,75,76,77,78,79,80,81,82,83,84,85,86,87,88,89,90,91,92,93,94,95,97,98,101,102,104,105,113,114,115,116,117,118,119,122,123,125,126,129,133,134,135,136,137,138,139,140,141,142,143,144,145,146,147,148,149,150,151,152,153,154,155,156,157,158,159,160,161,162,163,164,165,166,167,168,170,171,172,173,174,175,176,177,178,179,180,182,183	199,200,201,204,205,206,207,208,221,222,223,224,225,226,227,228,229,230,231,232,233,234,235,236,237,238,239,240,241,248,249,250,251,252,253,254,255,256,257,258,259,260,261,262,263,264,265,266,267,268,269,270,271,272,273,274,275,276,277,279,281,282,283,284,285,287,288,289,290,291,292,293,294,295,296,297,298,299,300,301,302,305,306,308,309,310,311,312,313,314,315,316
O60563_P04608	0.44166666666666665	0.6385542168674698	12,26,30,31,32,33,34,35,36,37,38,39,41,42,43,44,45,46,47,48,49,50,51,52,53,54,55,56,57,64,65,66,67,68,69,70,72,74,76,77,95,96,97,98,99,101,105,111,112,114,121,125,128,134,135,137,138,139,141,142,143,144,145,146,164,175,221,223,232,233,240,255	1,2,3,4,5,6,7,8,9,10,11,12,13,14,15,16,17,18,19,20,21,22,23,24,25,26,27,28,29,30,31,32,33,34,35,36,37,38,39,40,41,42,43,44,45,46,47,48
M4STU1_P05161	0.3898305084745763	0.26744186046511625		79,91,95,96,98,99,100,101,102,103,105,106,107,108,109,110,111,113,114,116,117,118,119,120,121,122,123,124,125,126,127,128,129,130,131,132,133,134,135,136,137,138,139,140,141,142,143,144,145,146,147,148,149,150,151,152,153,154,155
O19626_P03211	0.08108108108108109	0.4838709677419355	24,25,26,27,28,29,30,31,32,33,34,35,36,37,38,39,40,41,42,43,44,45,46,47,48,49,50,51,52,53,54,55,56,57,58,59,60,62,67,71,72,74,75,82,83,84,85,86,87,88,89,90,93,95,96,98,99,100,102,103,104,105,106,107,108,109,110,111,112,115,116,117,118,119,120,121,122,123,125,131,132,133,134,135,136,137,138,139,140,141,142,143,144,145,146,156,166,168,169,170,174,182,184,185,186,188,189,190,192,193,194,211,213,214,215,216,217,218,219,220,221,222,223,224,225,226,227,228,229,230,231,232,233,234,235,236,237,238,239,240,241,242,245,246,250,251,252,253,254,255,256,257,258,259,260,261,262,263,264,265,266,267,271,276,278,279,280,281,282,283,284,285,286,287,288,289,290,291,292,293,294,295,296,297,298	
P35961_Q6PIL8	0.048672566371681415	0.6875	88,89,90,91,92,93,94,95,96,97,98,99,102,103,105,106,107,108,109,110,113,114,201,202,205,206,241,243,244,245,246,247,248,249,253,255,256,257,259,260,264,268,271,272,321,322,324,325,326,332,347,354,357,358,359,360,361,362,363,364,365,366,367,368,387,413,414,415,416,417,418,419,420,421,422,423,424,425,426,428,430,452,453,454,455,456,457,458,459,460,461,462,463,465,466,476,478	22,23,24,25,26,27,28,29,30,31,32,33,46,47,49,50,52,53,54,55,56,57,58,59,60,61,62,63,64,65,66,67,68,69,70,72,73,74,75,76,77,78,79,80,81,82,83,84,85,86,87,88,89,90,91,92,93,94,96,97,99,101,102,103,105,106,107,108,109,110,111,114,118,119,120,121,129,135,136,137,138,139,140,141,142,143,144,145,152,154,156,157,158,159,160,161,162,163,164,166,169,194,195,196,197,198,199,201,202,213,214,215,216,218,219,220,221,222,223,224,225,226,227,228,229,230,231,232,234
Q8IZA0_Q9YIJ1	0.07216494845360824	0.16279069767441862	324,325,326,327,366,392	241,249,250,260,261,262,263,271,272,274,276,277,284,286,287,288,290,292,293,294,295,296,297,312,316,322,323,324,325,326,327,329,330,331,333,334,336,337,338,339,340,341,342,344,349,350,351,353,355,365,367,370,372,408,409,433,595,596,597,605,607,618,621,622,623,626,634,657,661,663,665,682,692,700,703,705,706,707,708,709,710,711,712,714,715,716,717,718,719,720,721
E5D8F2_Q6ZTQ4	0.06896551724137931	0.1935483870967742	95,99,101,102,103,104,105,106,107,108,111,112,115,116,160,161,163,164,165,169,181,182,183,184,185,195,197,198,206,247,248,249,250,251,253,254,255,256,257,258,259,260,261,263,264,274,275,276,277,278,279,280,284,286,322,326,329,330,331,332,333,334,336,348,359,364,365,366,367,368,375,376,379,383,428,431,432,434,435,436,439,465,466,467,468,469,470,471,488,489,490,491,498,505,522,633,636,637,639,641,642,646,669,675,677,679,681,683,693,697,712,713,720,732,733,734,735,736,737,740,744,747,748,749,750,751,754,755,762,798,800,801,804	46,50,51,53,54,55,56,57,58,59,60,61,62,63,65,66,67,69,72,75,80,81,82,85,86,89,90,92,93,96,98,99,100,101,103,105,108,109,112,113,115
P01730_Q49DS8	0.17123287671232876	0.5555555555555556	51,52,53,67,68,82,83,86,87,88,90,91,93,94,95,96,97,99,101,102,103,104,106,107,109,111,130,131,133,134	1,2,4,6,8,9,10,12,13,14,15,16,17,19,23,25,38,40,56,64,67,68,70,74,75,79,81,82,85,86,89,90,91,92,93,94,95,97,98,99,100,101,102,103,104,105,106,107,108,109,110,112,114,115,116,125,126,127,129,131,132,133,134,135,136,137,138,139,140,142,143,144,145,146,147,148,149,150,151,158,159,160,161,162,163,164,165,166,168,169,170,172,178,180,181,182,183,184,186,187,188,189,190,191,192,193,194,195,196,197,198,199,200,201,202,203
P00588_Q99075	0.16875	0.48214285714285715	37,38,39,40,41,42,43,44,45,46,47,48,49,50,51,52,54,55,78,80,81,82,84,85,137,138,139,141,142,143,144,145,146,147,148,152,153,154,155,156,157,158,171,301,302,303,304,305,306,308,309,311,312,314,315,316,318,319,320,321,335,336,337,338,339,340,341,342,343,344,345,354,355,357,358,359,360,361,362,364,375,376,377,380,381,382,383,384,385,386,389,391,392,395,396,397,399,406,421,425,429,432,438,440,441,442,443,444,447,448,449,450,452,454,455,456,457,458,459,460,461,464,465,466,468,493,496,498,499,500,501,502,503,504,505	111,112,114,125,126,127,128,129,130,131,132,133,134,135,136,137,138,139,140,141,142,143,144,145,146
P02787_Q9K0U9	0.036458333333333336	0.05263157894736842	79,80,81,82,83,84,85,86,87,89,90,92,93,101,102,103,112,113,114,147,203,263,264,265,267,282,326,327,330,331,333,335,407,408,409,410,411,412,413,414,415,416,418,419,420,459,540	69,70,71,72,73,74,75,76,77,78,80,81,82,85,86,87,88,89,90,91,92,93,94,95,96,97,98,99,100,101,103,104,105,106,107,108,109,110,112,113,115,116,117,118,119,120,121,122,124,136,156,157,158,159,160,161,163,187,195,198,204,208,209,210,211,212,214,216,218,219,220,221,230,232,239,242,311,313,340,469,472,476,514,515,590,593,594,601,603,604,605,609,636,652,654,655,656,657,658,659,660,661,662,663,665,675,683,684,686,687,724,728,754,758,762,778,780,781,782,783,785,786,789,790,803,871,872,873,874,875,876,877,880,891,895,896,897,898,899,900,901,902,903,904,905
P01892_Q692E0	0.11475409836065574	0.7	24,25,26,27,28,29,30,31,32,33,34,35,36,37,38,39,40,41,42,43,44,45,46,47,48,49,50,51,52,53,54,55,56,57,58,59,60,62,66,67,68,70,71,75,82,83,86,88,89,90,93,94,95,96,97,98,99,100,101,102,103,104,105,106,107,108,109,110,111,112,115,116,117,118,119,120,121,122,123,127,129,130,131,132,133,134,136,137,138,139,140,141,142,143,144,145,146,156,162,166,167,169,170,178,179,182,186,190,193,194,211,214,215,216,217,218,219,220,221,222,223,224,225,227,228,229,230,231,232,233,234,235,236,237,239,240,241,242,243,246,250,251,252,253,254,255,256,257,258,259,260,261,262,263,264,265,266,267,271,279,280,281,282,283,284,285,286,287,288,289,290,291,292,293,294,295,296,297	59,63,65,66,68
P13747_P16780	0.07272727272727272	0.4	22,23,24,25,26,27,28,29,30,31,32,33,34,35,36,37,38,39,40,41,42,43,44,45,46,47,48,49,50,51,52,53,54,55,56,57,59,64,65,66,67,68,71,72,75,78,79,80,81,82,83,84,85,88,89,91,92,93,94,95,96,97,99,100,101,102,103,104,105,109,112,113,114,115,116,117,118,119,120,128,129,130,131,132,133,134,135,136,137,138,139,140,141,142,143,144,151,152,153,154,156,157,161,179,183,187,191,208,209,212,213,216,217,218,219,220,221,222,223,224,225,226,227,228,229,230,231,232,233,234,238,247,248,249,250,251,252,253,254,255,256,257,258,259,260,261,262,263,264,268,276,277,280,283,284,285,286,287,288,289,290,291,292,293,294	
P03077_P08575	0.0898876404494382	0.7272727272727273		659,660,661,664,678,679,680,681,682,683,684,686,709,713,719,720,723,724,726,734,735,738,773,816,817,818,819,820,821,851,852,853,854,855,856,857,858,861,870,879,887,891,894,899,902,906,925,975,977,979,1014,1019,1020,1023,1024,1035,1044,1045,1047,1048,1049,1050,1051,1052,1169,1172,1173,1175,1176,1177,1180,1183,1184,1191,1194,1195,1196,1197,1198,1199,1201,1202,1206,1207,1214,1215,1217,1218,1226
P04936_P98155	0.16666666666666666	0.4	672,674,675,682,725,728,736,737,746,749,750,757,758,760,761,762,763,764,765,766,767,768,771,811,813,814,815,817	131,132,133,134,135,136,137,138
P51681_Q70145	0.20622568093385213	0.6162790697674418	2,3,4,5,6,7,8,9,10,11,12,13,14,15,16,17,18,19,20,21,22,23,24,25,26,27,30,32,33,34,35,36,37,38,40,41,42,44,45,49,53,60,61,65,66,67,68,69,70,77,78,80,81,83,84,85,87,88,89,90,92,93,94,95,96,97,98,99,100,101,103,104,105,107,108,111,112,113,114,115,116,117,119,120,123,124,125,126,127,129,130,131,133,134,135,136,137,138,139,140,141,142,143,144,145,147,148,149,150,151,152,153,156,157,158,159,160,161,162,163,164,165,166,167,170,171,180,183,185,186,254,261,262,263,271,273,274,275,277,278,279,281,282,283,285,286,287,288,289,290,291,298,301,302,304,305,306,308,311	62,65,68,86,87,88,89,90,91,92,93,94,95,96,100,101,103,104,105,106,107,108,184,206,207,208,245,246,249,250,251,262,264,265,266,267,268,269,270,271,272,273,274,284,286,301,302,304,305,306,307,308,309,310,311,312,313,314,315,316,317,318,319,320,321,322,323,324,326,331,334,346,349,352,353,356,360,363,364,390,411,413,414,419,420,421,424,427,429,430,431,461,462,469,470,472,473,475
O75843_Q67953	0.15625	0.25	738,739,740,741,743,744,745,747,755,757,759,761,762,763,765,766,767,769,770,771,772,773,774,775,776,777,778,779,780,781,783,784	
O43521_Q9DHU6	0.23129251700680273	0.9714285714285714	140,141,142,143,144,145,146,147,148,149,150,151,152,153,154,155,156,157,158,159,160,161	5,6,7,8,9,10,11,12,13,14,15,16,17,18,19,20,21,22,23,24,25,26,27,28,29,30,31,32,33,34,37,38,40,41,42,43,44,45,46,47,48,49,50,51,52,53,54,55,56,57,58,59,62,63,64,65,66,67,68,69,70,71,72,73,74,75,76,77,78,79,80,81,82,83,84,85,86,88,89,90,91,92,93,94,96,97,98,99,101,102,105,106,107,109,110,111,112,113,114,115,116,117,118,119,120,121,122,123,124,125,126,127,129,130,131,132,133,134,135,136,137,138,139,140,141
A0A0E8IWL6_P69905	0.13768115942028986	0.3333333333333333	364,365,366,367,368,369,370,371,372,420,422,457,551,554,569,570,571,572,573,592,593,621,628,631,633,635,639,642,644,645,646,648	1,2,3,10,14,16,17,18,19,20,23,24,26,27,28,29,30,31,32,33,34,35,36,37,38,39,40,41,42,43,44,45,46,47,48,49,50,66,71,72,73,74,75,76,77,78,79,80,81,83,84,85,86,87,88,89,90,91,92,93,94,95,96,97,98,99,100,102,103,104,106,107,108,109,110,111,112,113,114,115,116,117,118,119,120,121,122,123,124,125,126,127,128,129,130,131,132,133,134,135,136,137,138,139,140,141
P01903_P0A0M0	0.025454545454545455	1.0	27,28,29,30,31,32,33,34,35,36,37,38,39,40,41,42,43,44,45,46,47,48,49,50,51,52,53,54,55,56,57,60,67,68,69,70,71,72,74,75,76,77,78,79,81,82,84,85,86,88,89,90,91,92,93,94,95,96,97,99,100,101,102,103,104,105,107,108,109,112,115,116,117,118,119,120,121,122,123,124,127,130,131,132,133,134,135,136,137,138,139,140,141,142,143,145,146,147,148,149,150,151,152,153,155,157,158,159,160,161,162,163,164,165,166,167,168,169,170,171,172,173,174,176,177,178,179,180,181,182,183,184,185,188,191,192,194,195,196,197,198,199,200,201,202,203,204	34,35,36,37,38,39,40,41,42,43,44,45,46,47,48,49,50,51,53,54,56,57,58,77,80,95,97,99,100,101,102,103,104,105,106,122,126,129,130,131,132,133,134,136,138,139,140,141,142,143,144,145,146,147,148,150,152,153,154,155,157,158,159,160,161,162,163,164,165,166,167,168,169,170,171,172,173,174,175,176,177,178,179,181,184,186,188,195,197,198,199,200,201,202,203,204,205,206,207,208,209,210,211,212,213,214,215,216,217,218,219,220,222,223,224,225,226,227,228,229,230,231,232,233,234,235,236,237
