P03502_P05161	0.2549019607843137	0.22413793103448276	6,32,34,35,36,37,38,39,40,41,42,44,45,46	5,7,8,18,20,47,48,49,71,73,82,84,86,87,88,89,90,91,92,93,94,95,96,98,104,107,119,120,122,124,144,146,148,150,152,153,154
P08581_P0DQD2	0.04819277108433735	0.09523809523809523	39,135,136,137,141,142,169,170,171,172,173,200,201,202,203,204,205,206,226,227,228,229,230,283,284,285,286,287,288,350,351,352,353,354,355,356,357,422,423,424,425,428,432,433,434,457,458,459,460,461,462,463,465,475,477,479,489,490,491,492,493,494,495,496,500,505,506,507,508,509,510,511,512,513,514,515,516,517,520,532,533,534,535,536,537,539,573,574,575,576,577,578,579,581,585,603,604,606,607,608,624,625,627,629,630,631,632,633,634,635,636,638,647,648,649,650,651,652,653,664,665,666,667,668,669,673,675,682,684,685,698,699,700,703,705,707,708,709,710,711,712,713,714,724,726,727,729,730,731,732,733,734	259,261,262,279,281,298,299,300,301,302,315,317,318,319
P06492_P53999	0.6666666666666666	0.6808510638297872	472,473,475,476,477,478,479,480,481,482,483,484,485,486,487,488,489	62,63,64,65,67,81,82,83,84,85,86,87,88,89,96,97,98,99,100,101,102,103,104,108,110,111,114,115,116,118,119
G8UZ99_Q9UBQ0	0.11764705882352941	0.48	19,44,78,99,100,101,102,104,105,107,108,161,162,163,164,165,166,167,168,169,170,172,174,175,176,178,190,191,194,195	0,1,3,4,5,7,8,9,10,11,12,36,37,38,39,40,41,42,61,62,63,64,65,66,67,68,69,70,71,87,88,89,90,91,92,93,94,95,96,97,100,101,102,103,104,105,106,107,108,109,110,112,114,115,116,117,118,119,121,122,123,128,154,155,165,175,176,177,178,179,180,181
P03406_P06241	0.2897196261682243	0.96875	68,69,70,71,72,73,74,75,76,77,78,79,80,81,82,84,85,86,87,88,89,91,92,93,94,97,98,99,100,101,102,103,104,105,106,108,109,110,111,112,113,114,115,116,117,118,119,120,121,122,123,124,125,126,128,130,131,132,133,134,136,177,187,188,189,190,191,192,193,195,196,197,198,200,201,202	86,90,91,92,93,94,95,97,98,99,101,103,115,117,118,119,120,122,123,125,126,127,128,129,131,133,134,135,136,139,140
A6QG59_P01024	0.18085106382978725	0.425	100,101,118,119,120,121,122,123,124,125,127,128,129,130,131,133,134,136,137,138,148,151,152,155,156,158,159,160,162,163	1007,1008,1010,1011,1012,1050,1052,1053,1054,1055,1057,1058,1059,1060,1061,1062,1063,1065,1066,1068,1069,1070,1079,1082,1083,1086,1087,1089,1090,1091,1092,1093,1094,1095,1193,1217,1218,1219,1220,1221,1222,1223,1224,1225,1226,1227,1228,1229,1230,1233,1234,1237,1241,1259,1260,1261,1262,1263,1264,1265,1266,1267,1268,1269
P08174_Q8JKE8	0.06116207951070336	0.40816326530612246	160,200,202,204,212,213,214,215,216,217,218,219,220,221,223,225,240,241,242,243,244	88,94,131,147,149,151,152,182,183,184,185,186,187,188,191,195,196,197,198,199,200,201,202,203,204,205,206,207,208,209,210,211,212,213,214,215,216,221,222,223,224,225,226,227,228,229,230,231,232,233,234,235,236,237,257,258,260,261,269,271,272,273,274,275,281,282,290,292,294,295,296,297,298,299,300,301,302,304,305,306,307,308,310,312,316,317,318,319,320,321,324,325,334,335,336,337,338,344,345,346,347,348,349,350,351,352,353,354,355,356,357,358,359,360,361,362,363,364,365,366,367,368,369,370,371,372,373,374,375,376,377,378,379,380,381,382,384,399,416,418,421,422,424,453,454,455,456,457,473,483,486,487,488,489,490,491,493,495,497,500,501,503,504,505,506,507,508,509,510,511,512,513,523,524,525,526,527,528,529,530,531,532,533,534,535,541,543,545,547,548,549,550,551,552,553,554,555,556,557,558,559,560,561,562,577,578,579,580,581,582,583,584,585,586,587,588,589,590,591,592,593,594,595,596,599,622,623,624,625,626,627,628,629,630,631,633,634,664,666,667,668,669,670,672,673,677,722,723,724,725,726,727,728,729,736,737,738,739,740,741,742,763,764,765,766,767,768,769,770,771,772,773,775,776,778,816,818,819,820,821,822,823,824,825,826,827,828,829,830,831,832,833,834,835,836,837,839,842,843,844,845,846,847,848,849,857
A0A140GKJ0_Q03518	0.15294117647058825	0.7647058823529411	0,1,2,3,4,5,6,7,8,9,10,11,12,14,15,16,17,18,19,20,21,22,25,26,28,29,31,32,33,35,36,37,39,40,41,42,43,44,45,46,47,48,50,51,52	239,243,247,250,254,258,261,262,265,266,267,269,276,285,288,289,292,295,296,299,302,303,309,310,313,314,316,317,318,320,321,324,325,328,329,330,331,332,333,334,335,336,337,338,339,340,341,342,344,345,346,348,349,389,392,408,409,412,413,415,416,417,419,420,421,423,424,425,426,427,428,430,431,432,433,434,435,436,437,438,439,440,441,442,443,444,445,446,447,448,450,451,452,453,454,455,456,457,458,460,461,462,463,464,465,467,468,471,472,474,475,479,482,486,487,489,490,491,492,493,494,495,496,507,508,511,514,515,518,519,521,522,524,525,526,528,529,530,531,532,533,535,536,538,539,542,543,570,571,572,573,574,575,576,577,578,579,584,586,600,601,602,603,604,605,607,608,610,611,612,614,615,617,624,638,639,641,642,643,644,645,646,648,652,653,655,656,659,660,663,664,711,714,726,727,728,729,730,731,732,733,745,759,760,761,762,763,766,800,801
B9V0E2_Q6PIL8	0.013605442176870748	0.2222222222222222	420,421,422,423,424,425,426,427,493,501,502,503,504,505,506,507,508,509,510,520,521,522,523,524,525,526,527,528,529,530,531,532,533,534,558,559,560,561,562,563,564,565,566,567,568,569,603,604,605,606,607,608,609,610,611,612,613,614,615,616,619,621,622,630,631,632,633,635,642,643,644,645,646,648,649,650	23,24,25,26,27,28,29,30,31,32,33,34,55,56,57,58,59,60,61,62,63,64,65,66,69,105,107,109,110,111,112,114,116,118,119,120,121,135,137,138,139,140,141,142,143,144,145,152,154,156,158,159,160,161,163,180,181,182,183,184,185,186,187,188,190,191,193,195,197,199,201
O10647_P13236	0.34558823529411764	0.7966101694915254	16,17,18,19,20,21,27,46,48,49,50,51,52,61,62,63,64,65,66,67,68,69,70,71,72,73,74,75,76,77,78,79,80,81,82,83,84,85,86,87,88,89,90,91,92,103,104,106,107,108,110,111,113,114,116,133,134,135,136,137,164,196,197,198,199,200,201,202,216,217,231,232,233,234,235,236,237,238,239	23,24,25,26,27,28,29,30,31,32,33,34,35,36,37,38,39,40,41,42,43,44,45,46,47,48,49,50,51,52,53,54,55,56,57,58,59,60,61,62,63,64,65,66,71,72,73,74,75,76,77,78,80,84,87,88,91
D0ZVG2_Q16512	0.35294117647058826	0.32432432432432434	197,198,201,372,373,391,392,393	132,135,138,139,142,145,146,149,150,151,160,167,170,171,174,175,177,178,181,182,184,185,186,187,188,189
P01903_P03437	0.19090909090909092	0.6176470588235294	25,26,27,28,29,30,31,32,33,34,35,36,37,38,39,45,46,47,48,49,50,51,52,53,54,55,56,57,67,68,69,70,71,72,73,74,75,76,77,78,79,81,82,83,85,86,88,89,90,92,93,95,96,97,99,100,101,102,103,104,105,106,113,114,115,116,117,118,119,120,121,122,123,124,130,132,133,134,135,136,137,138,139,140,141,142,158,159,160,161,162,163,164,165,166,167,168,169,170,171,172,173,174,188,190,192,193,194,195,196	
P12506_P27487	0.07100591715976332	0.5714285714285714	0,1,2,3,4	39,40,72,81,82,83,84,85,100,101,102,116,117,118,119,120,121,122,123,124,125,156,157,158,159,160,161,162,163,165,167,172,174,175,176,177,178,179,200,201,202,203,204,205,221,224,231,233,234,236,238,239,240,241,242,243,244,245,246,252,253,254,255,256,257,258,259,276,277,278,279,280,331,332,333,334,335,336,337,347,482,483,484,485,486,487,488,506,507,508,509,510,511,557,559,561,580,581,582,583,584,585,587,588,591,594,595,621,622,625,626,627,628,629,630,631,633,635,636,637,638,639,640,641,642,643,644,645,647,665,666,667,668,669,670,671,672,673,679,680,681,683,684,686,688,689,705,706,707,708,709,710,711,736,737,738,739,740,741,742,743,744,745,748
P24941_P89883	0.38578680203045684	0.8735632183908046	0,3,5,6,7,8,11,12,35,37,38,39,40,41,42,43,44,45,46,48,49,52,53,55,56,66,67,68,69,70,71,72,73,74,80,83,84,87,88,112,116,119,120,121,123,124,125,126,147,149,150,151,152,153,154,155,156,164,166,167,168,171,177,178,179,180,181,182,183,184,185,186,187,205,206,207,209,210,212,213,216,217,270,271,272,273	4,5,6,7,8,9,10,11,12,13,14,15,16,17,18,21,22,25,26,28,29,45,46,49,50,53,54,56,57,60,61,62,63,66,87,88,89,92,96,99,100,102,103,104,105,106,107,108,109,110,111,112,113,114,116,117,120,129,133,134,136,137,138,139,140,141,142,143,144,145,147,149,150,153,154,157,158,200,201,202,203,204,205,206,207,208,209,210,211,212,213,215,216,219,222,226,229,230,233,236,237,240,241,244,245,246,247,248,249,250,251
Q5ZXN6_Q9H0U4	0.22459893048128343	0.4421052631578947	18,19,22,23,27,28,29,30,33,38,39,40,41,42,43,44,45,46,49,50,53,54,56,57,58,60,61,63,77,80,84,93,94,95,96,97,98,99,103,104,105,106,108,132,133,134,135,136,148,228,231,232,236,237,238,241,244,245,248,249,261,262,263,264,265,266,268,269,272,273,276,358,359,387,388,389,390,430,433,434,504,507,508,509,510,523,525,526,527,528,559,563,564,565,630,632,633,634,663,664,667,668,669,670,671,687,688,689,690,696,697,700,701,731,734,735,736,737,738,739,740,741,742,743,744,745,746,747,748,749,780,781,782,783	2,3,4,5,6,7,8,9,10,11,12,13,14,15,16,17,18,19,20,21,24,26,28,29,30,31,32,35,36,39,40,42,61,63,64,74,75,76,77,78,79,80,81,117,118,119,120,121,122,123,125,126,127
P69905_Q6G8J7	0.06172839506172839	0.16129032258064516	27,30,31,33,34,35,36,37,38,39,40,41,42,43,44,45,46,47,49,58,61,84,88,89,92,93,94,95,96,97,99,100,103,104,106,107,108,110,111,112,113,114,115,116,117,118,119,120,122,123,124,126,127,130,133,134,137	108,109,110,112,113,114,115,116,118,123,124,125,126,127,128,133,135,137,148,150,161,170,172,174
P04229_Q03909	0.19230769230769232	0.5172413793103449	30,31,32,33,34,36,37,39,40,41,42,43,44,45,46,47,48,49,50,57,58,59,60,61,62,63,64,76,79,80,81,82,83,84,85,88,89,92,99,102,105,106,107,108,109,110,111,112,113,114,116,117,118,121,130,131,132,133,144,146,148,149,150,151,152,175,176,177,178,179,180,181,184,202,204,211,213,217	
P52948_Q8B0H7	0.025	0.2	161,162,163,164,165,166,167,177,178,179,180,181,182,183,184,185,186,188,191,192,193,201,202,203,204,205,206,207,208,209,210,211,212	53,54,55,56,57,59,60,61,62,64,66,68,92,93,110,111,112,113,114,115,116,117,118,119,129,130,131,133,148,149,150,151,152,153,154,155,171,173,175,177,178,179,180,191,192,193,206
P19508_Q9Y3Z3	0.29591836734693877	0.9666666666666667	4,5,6,7,8,9,10,11,12,13,14,15,16,17,18,19,20,21,23,24,26,27,28,30,31,34,38,43,44,46,47,48,49,50,51,53,54,55,58,59,61,62,63,64,65,66,67,68,69,70,71,72,73,74,75,76,77,78,79,80,81,82,83,84,85,86,87,88,89,99,100,101,102,103,104,105,106,107,108,109,110	605,606,607,608,609,610,613,614,615,616,617,618,619,620,621,622,623
P01892_Q90VU7	0.2543859649122807	0.90625	338,339,340,341,342,343,344,345,346,347,349,350,351,352,353,354,355	4,5,6,7,8,9,10,11,12,16,18,20,21,23,58,60,61,62,63,64,65,66,67,68,69,70,71,72,73,74,75,76,77,78,79,80,81,82,84,85,86,88,89,91,92,93,94,97,98,99,100,101,102,103,104,105,108,109,110,111,112,113,114,115,116,117,118,119,120,121,122,123,124,125,126,128,130,131,132,133,134,136,177,185,187,188,189,191,192,193,195,196,197,198,200,201,202
O15118_P87666	0.029850746268656716	0.3783783783783784	22,26,27,28,29,30,31,32,33,34,57,59,60,61,63,64,65,67,69,70,71,72,73,74,75,76,77,79,80,83,84,86,87,90,93,94,95,97,101,104,105,108,109,111,112,113,114,115,144,146,148,149,150,152,153,156,157,160,161,174,176,177,178,179,180,181,182,193,194,195,196,210,211,212,213,214,216,343,347,354,357,361,365,366,368,369,371,373,375,376,377,378,379,380,381,382,383,384,385,386,387,388,389,391,394,395,399,400,401,402,403,405,406,408,410,419,420,421,422,423,424,428,429,430,431,432,433,436,437,440,443,447,450,454,455,471,474,513,514,517,518,519,520,521,522,523,524,525,526,527,564,565,567,568,569,570,571,600,601,602,603,604,605,606,607,608,609,610,611,612,613,614,615,616,617,618,619,620,621,624,628,631,632,635,638,639,640,641,642,643,644,645,646,647,648,649,652,660,664,668,671,672,673,675,676,677,678,679,680,681,682,683,684,685,687,688,689,691,692,694,695,696,698,699,701,702,703,704,705,706,708,709,710,711,712,713,714,715,716,717,718,719,720,721,722,723,724,725,727,728,729,735,739,743,746,747,750,751,752,753,754,755,757,758,761,762,764,765,768,769,809,810,811,812,813,814,817,820,821,824,826,829,830,831,832,834,835,838,839,842,845,846,847,849,850,851,852,853,854,856,857,858,859,860,861,862,863,864,865,866,867,868,869,870,872,873,874,876,879,880,882,883,884,885,886,887,888,889,902,904,905,906,907,908,909,910,911,912,913,914,915,916,919,923,941,943,944,945,946,947,948,949,950,951,952,953,954,955,956,957,1023,1025,1026,1028,1165,1168,1169,1172,1175,1176,1178,1179,1181,1182,1183,1184,1185,1187,1188,1191,1192,1199,1200,1201,1202,1203,1204,1205,1206,1209,1210,1211,1212,1216,1218,1219,1220,1221,1222,1223,1224,1225,1226,1227,1228,1229,1230,1233,1234,1237,1238,1240,1241,1242,1243,1244,1245,1246,1247,1248,1249,1250	31,32,34,35,37,38,39,40,42,43,44,45,46,47,48,63,67,68,69,70,71,72,73,74,75,76,77,78,79,80,81,82,83,84,85,86,87,88,89,145,146,147,148,149,150,177,179
P50750_P69697	0.06666666666666667	0.7857142857142857	7,8,9,10,11,12,13,14,15,16,17,18,19,21,23,24,31,33,34,36,37,38,39,46,47,48,49,50,51,52,53,54,55,56,57,58,59,60,61,63,64,66,67,70,71,73,79,81,82,83,85,86,87,96,97,98,99,102,103,106,107,108,110,111,113,114,123,126,127,130,133,134,137,140,141,142,143,144,145,146,147,148,149,150,157,158,161,163,166,167,168,169,170,171,172,173,174,175,176,177,178,179,180,181,182,183,184,185,186,212,224,226,227,235,239,242,243,281,282,283,284,285,286,314,315,316,317,318,319,320,321,322,323	0,1,10,11,12,13,14,15,16,17,18,19,20,22,27,31,32,34,35,36,37,38,39,40,41,42,43,44,45,46,47,48
P30460_Q9YRL8	0.13529411764705881	0.7419354838709677	24,25,26,28,29,30,31,32,33,34,35,36,37,38,39,40,41,42,43,44,45,46,47,48,49,50,51,52,53,54,55,56,57,58,59,60,61,62,67,68,69,70,71,72,74,82,83,84,85,86,87,88,89,90,91,92,93,94,95,96,97,98,99,100,101,102,103,104,105,106,107,108,109,110,111,112,113,114,115,116,117,118,119,120,121,122,123,124,125,136,137,138,139,140,141,142,143,144,145,146,157,158,161,162,164,165,166,168,169,170,171,172,173,175,179,182,186,190,193,194,197,198,201,211,212,213,214,215,216,217,225,227,228,229,240,252,253,254,255,256,257,258,259,260,261,262,263,264,265,266,267,269,270,271,272,273,274,275,276,277,278,279,283,285,296,297,298,299	50,54
I0E093_P52799	0.3333333333333333	0.42045454545454547	224,225,226,227,228,229,230,252,253,254,256,257,258,259,260,261,262,281,282,283,284,285,286,287,288,289,290,291,292,293,294,295,340,341,342,343,344,383,384,385,386,439,441,442,443,444,446,591,592,593,594,595,596,597,598,599,600,601,602,603,604,605,607,608,609,611,612,613,614,615,616	26,27,28,29,30,31,32,33,34,35,36,37,50,51,52,53,54,55,56,57,58,60,78,96,97,98,99,100,101,102,141,142,143,144,145,146,147,148,151,153
O43521_Q6VZT9	0.34523809523809523	0.8529411764705882	143,144,145,146,147,148,149,150,151,152,153,154,155,156,157,158,161,162	4,5,6,7,8,9,10,11,12,16,19,20,38,42,45,46,48,49,50,51,52,53,54,55,56,57,60,61,67,70,71,73,74,77,78,81,82,85,86,87,88,89,90,91,93,94,97,98,100,101,102,104,105,106,108,109,110,112,113,114,117,118,124,128,137,141
P04501_Q14126	0.20567375886524822	0.5272727272727272	158,159,160,161,162,163,164,165,167,169,237,238,239,240,241,242,243,244,245,246,247,248,249,250,251,252,253,255,257,288,290,291,292,293,294,295,296,297,298,305,307,308,309,310,311,312,313,314,315,316,317,318	149,151,152,153,154,170,172,173,174,203,204,205,206,207,208,211,220,222,223,224,225,227,237,239,241,243,244,245,246,247,248,249,262,264,265,266,267,268,269,270,272,273,295,296,297,298,299,300,301,308,310,312,315,316,317,319,321,323,334,336,337,338,339,340,341,342,343,344,345,346,348,352,354,356,358,359,360,361,362,363,364,365,366,367,381,382,383,384,385
P01555_P62330	0.25333333333333335	0.4222222222222222	42,43,44,45,46,47,65,66,67,68,69,70,71,72,73,74,76,109,155,156,157,158,159,160,161,162,163,164,165,166,167,168,169,170,171	18,19,20,21,22,23,24,25,26,39,40,41,42,43,44,45,46,47,48,49,50,52,61,103,119,121,122,123,135,140,141,144,149,151,153,169,170,171,172,173
O60684_P31345	0.3548387096774194	0.5238095238095238	89,90,91,92,93,94,95,96,97,98,100,101,104,105,108,133,139,143,146,147,149,150,151,153,180,181,183,184,187,188,191,192,193,194,195,196,197,198,199,201,219,220,221,222,223,224,225,227,228,231,234,235,238,239,240,241,266,269,270,273,277,280,282,315,338,342,352,353,357,360,361,362,363,364,365,366,367,368,371,394,395,396,399,402,403,404,405,406,432,433,434,435,438,441,442,449,470,473,475,476,479,480,482,483,487,490,494	683,724,727,728,729,730,731,732,734,735,736,751,752,753,754,755,756
P01730_Q993A8	0.17985611510791366	0.45454545454545453	25,26,27,29,53,63,64,65,66,67,68,69,70,71,72,73,74,75,76,77,78,79,80,81,82,83,84,85,86,109,111,120,122,123,130,131,133,134,143,145,146,147,148,149,176,199,201,203,204,205	29,30,31,32,33,34,35,36,37,38,39,40,41,42,45,49,52,53,56,57,59,67,68,137,139,141,156,158,159,180,182,183,184,185,186,188,190,191,192,194,239,272,274,277,278,279,312,330,331,333,338,370,372,373,374,375,376,377,378,379,380,398,399,402,403,404,405,406,407,408,409,410,411,412,413,414,415,416,417,418,419,420,421,422,423,424,425,426,427
P03129_P28749	0.05555555555555555	0.2222222222222222	20,22	390,391,394,395,398,486,488,489,492,493,494,495,497,498,501,505,541,559,562,563,565,566,567,568,569,589,590,591,592,797,821,839,869,961
P01903_Q8NKX2	0.030120481927710843	0.5555555555555556	27,28,29,30,31,32,33,34,35,36,37,38,39,45,46,47,48,49,50,51,52,53,54,55,56,57,67,68,69,70,71,72,73,74,75,76,77,78,79,81,82,83,85,86,88,89,90,92,93,95,96,97,99,100,101,102,103,104,105,106,113,114,115,116,117,118,119,120,121,122,123,124,130,132,133,134,135,136,137,138,139,140,141,142,158,159,160,161,162,163,164,165,166,167,168,169,170,171,172,173,174,188,190,192,193,194,195,196	34,35,36,37,38,39,40,41,42,43,44,45,46,48,50,51,52,53,54,55,65,67,68,69,70,71,72,73,131,133,134,139,140,141,142,143,144,145,147,149,150,151,152,154,156,157,159,161,163,164,165,168,171,173,174,175,176,213
Q1HVJ0_Q9UER7	0.09420289855072464	0.48148148148148145	412,413,414,415,416,417,419,423,424,425,427,428,429,430,431,432,433,434,435,436,437,438,441,443,448,449,450,451,452,455,459,466,467,468,469,470,471,472,473,474,475,489,491,560,561,562,563,564,565,566,575,576,577,578,579,580	210,211,212,213,214,215,216,217,218,219,220,221,222,223,224,225,226,228,229,232,244,245,246,247,248,249,250,279,280,281,282,283,284,285,286,289,293,305,306,309,310,313,317,320,321,324,325,328,329,331,332,333,334,335,336,337,338,339,340,341,342,343,344,345,346,347,348,360,364,367,368,370,371,374,375,377,378,381,382,383,384,385
O14763_Q6RJQ3	0.32608695652173914	0.7258064516129032	102,103,104,105,106,107,108,109,110,111,112,113,114,116,117,118,119,120,121,122,123,124,125,126,127,128,129,130,131,132,144,145,146,147,148,149,150,151,152,153,154,167,168	31,32,33,34,35,36,37,38,39,40,41,42,43,44,45,46,47,48,49,50,51,52,75,76,79,96,97,98,99,100,101,102,103,107,108,109,111,112,119,120,121,122,125,143,145,147,149,151,153,154,155,159,161,163,165,174,175,176,177,178,179,180,181,182,183,184,185,186,187,188,189,190,191,192,193,195,196,197,207,209,210,211,212,213,214,215,231,232,234,235,238,239,241,242,243
P35961_Q5EBM2	0.041379310344827586	0.46153846153846156	81,83,85,86,87,88,89,90,91,92,93,94,96,97,98,101,105,108,109,112,113,114,115,116,192,193,194,195,196,197,198,199,200,201,209,210,211,212,226,227,233,235,236,237,238,239,240,241,243,273,274,275,292,324,325,326,327,328,329,330,360,361,362,363,364,365,382,383,384,385,386,387,415,416,417,418,419,420,421,422,423,430,453,454,455,456,457,458,459,460,461,462,463,465,466,467,468,469,470	55,56,57,58,59,60,62,63,64,65,66,78,119,129,131,133,150,151,152,153,154,165,166,167,169,171,172,173,174,193,194,195,196,197,198,199,200,201,203,205,207,209,211,213,214,215
P04637_Q0TR53	0.04054054054054054	0.2	145	39,128,129,130,139,140,144,146,147,148,149,153,156,157,159,160,161,163,164,166,168,169,171,172,173,174,175,176,177,178,179,180,181,182,183,185,187,188,190,199,200,202,203,206,258,339,340,341,342,344,449,450,451,452,453,454,456,457,479,480,482,483,484,485,486,487,488,489,490,491,494,600,602
Q14116_Q9DHU8	0.2545454545454545	0.3111111111111111	90,91,92,93,119,142,143,144,145,146,147,149,169,170,172,174,175,182,191	24,26,27,28,29,30,31,32,41,43,53,58,100,101,104,111,113,114,115,116,117,118,119,120,121,122,123,124,125,126,127,128,129,130,132,133
O60563_P69697	0.4731182795698925	0.5301204819277109	24,25,64,65,66,67,68,69,71,72,74,75,76,87,90,92,93,94,95,96,97,98,99,100,101,102,104,105,108,109,112,113,114,131,143,145,146,154,158,161,162,164,165,166,167,168,169,170,171,172,174,189,213,214,215,252,255,256,258,259,260	0,1,10,11,12,13,14,15,16,17,18,19,20,22,27,31,32,34,35,36,37,38,39,40,41,42,43,44,45,46,47,48
P69697_Q9UHB7	0.20754716981132076	0.6875	0,1,10,11,12,13,14,15,16,17,18,19,20,22,27,31,32,34,35,36,37,38,39,40,41,42,43,44,45,46,47,48	33,34,35,36,37,38,39,40,45,46,49,50,52,53,54,56,57,59,60,62,64
P02768_Q51911	0.125	0.2619047619047619	136,137,138,139,140,142,179,214,218,221,222,225,228,229,303,304,305,306,307,308,309,310,311,314,315,432,435,436,437,462,463,464,465,466,467,468,501,502,503,504,505,506,507,587,588,589,591,592,593,601,606	212,213,214,215,216,217,218,219,220,221,222,225,226,229,230,234,238,239,240,243,244,247,248,249,250,251,252,253,254,255,256,257,258,259,260,261,263
P01903_P0A0L2	0.04895104895104895	0.23333333333333334	28,29,30,31,32,33,34,35,36,37,38,39,45,46,47,48,49,50,51,52,53,54,55,56,57,67,68,69,70,71,72,73,74,75,76,77,78,79,81,82,83,85,86,88,89,90,92,93,95,96,97,99,100,101,102,103,104,105,106,113,114,115,116,117,118,119,120,121,122,123,124,130,132,133,134,135,136,137,138,139,140,141,142,158,159,160,161,162,163,164,165,166,167,168,169,170,171,172,173,174,188,190,192,193,194,195,196	177,179,180,181,183,184,185,188,189,195,196,197,198,199,225,230,232,233,234,235,236,237,238,239,240,241,242,243,244,245,246,248,252,254,255,256
I0AXC3_Q8TCD0	0.008264462809917356	0.07142857142857142	56,57,59,60,61,62,65,66,68,69,70,71,82,83,84,85,86,87,88,89,90,92,106,107,108,109,142,145,146,147,148,149,150,151,152,153,155,156,163,164,165,213,214,215,216,218,220,222,231,232,233,234,248,253,254,255,256,257,259,279,280,335,336,337,338,339,340,341	20,22,23,24,25,26,27,30,62,69,72,76,78,114,119,121,122,123,124,138,140,141,142,143,144,145,146,147,148,155,157,159,161,162,163,164,183,184,185,186,187,188,189,190,191,192,193,194,196,198,200,202,204
P03437_P13760	0.19753086419753085	0.5161290322580645		32,33,36,37,39,40,41,42,43,44,45,46,47,48,49,50,57,58,59,60,61,62,63,64,65,76,78,79,80,81,82,83,84,85,88,89,102,105,106,107,108,109,110,111,112,113,114,116,117,118,121,130,131,132,144,146,148,149,150,151,152,175,176,177,178,179,180,181,184,194,197,199,202,204,211,212,213,214,215,217,218
P12978_Q15326	0.47368421052631576	0.42857142857142855		571,575,576,577,578,579,580,581,582,585,586,589,590,592,594,595,598,599,600
P03366_P03989	0.1375	0.6875		24,25,26,27,28,29,30,31,32,33,34,35,36,37,38,39,40,41,42,43,44,45,46,47,48,49,50,51,52,53,54,55,56,57,58,59,60,61,62,67,68,69,70,71,74,82,83,85,86,87,88,89,90,91,92,93,94,95,96,97,98,99,100,101,102,103,104,105,106,107,108,109,110,111,112,113,114,115,116,117,118,119,120,121,122,123,125,136,137,138,139,140,141,142,143,144,145,146,158,161,162,165,168,169,170,172,173,175,178,179,180,182,186,190,193,194,197,198,201,213,214,215,216,217,225,227,228,229,231,252,253,254,255,256,257,258,259,260,261,262,263,264,265,266,267,269,270,271,272,273,274,275,276,277,278,279,283,285,296,298
P61077_Q6RCR3	0.07333333333333333	0.4230769230769231	0,1,4,19,24,25,26,27,29,30,31,33,35,37,38,39,40,41,42,43,44,50,52,54,55,56,57,58,59,60,61,64,65,67,68,69,71,73,85,86,87,88,89,91,92,94,99,100,102,103,104,107,108,109,110,111,112,113,114,115,116,117,118,119,120,121,122,124,126,127,136,139,140,143,144,146	10,36,37,38,39,40,41,42,43,45,47,48,49,51,52,55,56,57,58,59,60,130,131,132,133,134,135,136,162,163,164,165,166,167,169,170,171,189,190,193,194,197,201,205,209,210,211,212,213,214,268,269,270,271,272,273,274,283,286,287,288,289,307,369,372,373,374,375,378,435,436,437,438,460
P13987_Q9LCB8	0.09154929577464789	0.2826086956521739	25,26,27,28,50,51,52,53,54,55,56,57,58,59,60,77,78,79,80	111,112,113,114,115,116,122,123,125,126,134,136,137,139,140,141,142,143,145,148,149,150,151,152,153,154,155,157,159,193,194,195,196,197,198,199,200,201,202,203,204,205,206,207,208,209,210,217,220,221,227,228,229,230,253,255,256,258,260,262,264,265,266,267,268,269,270,271,272,273,293,295,296,297,306,308,310,312,347,349,351,352,353,354,355,356,358,391,392,394,415,416,417,418,419,420,421,437,438,439,440,441,442,443,444,446,450,452,453,454,455,457,459,464,466,468,470,481,483,484,485,486,487
Q49DS8_Q6P5S8	0.015267175572519083	1.0	0,1,2,4,6,8,10,23,25,38,40,81,82,85,86,89,90,91,92,93,94,95,97,98,99,100,101,102,103,137,138,139,140,142,143,144,145,146,147,148,149,150,162,164,165,166,167,168,169,170,171,172,178,180,181,182,183,184,185,186,196,197,199,200,202,203	21,22,24,25,26,27,29,30,34,36,37,56,57,58,60,61,62,63,64,65,66,69,105,109,110,111,115,118,119,120,135,137,138,139,140,141,142,143,144,145,152,154,156,158,159,160,161,163,179,180,181,182,183,184,185,186,187,188,190,191,193,195,197,199,201
P0C210_P46934	0.0	0.0		840,841,842,843
P0CG47_P0DTD1	0.323943661971831	0.46	152,153,155,157,158,159,160,182,184,199,200,223,225,226	1670,1671,1672,1673,1674,1676,1677,1699,1702,1703,1704,1705,1721,1722,1723,1724,1725,1728,1753,1754,1755,1756,1757,1758,1759,1776,1779,1780,1781,1782,1783,1784,1785,1809,1810,1821,1823,1824,1825,1826,1827,1828,1829,1830,1831,1832,1844,1845,1847,1848,1861,1863,1864,1866,1867,1868,1869
P60953_Q06277	0.24719101123595505	0.5945945945945946	10,11,12,13,14,15,18,21,22,24,25,31,32,33,34,35,36,37,38,39,40,41,42,44,45,46,50,51,53,54,55,56,57,58,59,60,61,63,64,65,67,73,74,75,81,83,84,85,86,87,88,89,119,151,152,153,154,155,156,157,158,159,160,161,162,163,165,169,173,177,178,179,180,181,182,183,184,185,186	3524,3527,3528,3529,3530,3531,3532,3533,3536,3540,3544,3545,3546,3547,3549,3550,3553,3554,3556,3557,3558,3560,3561,3562,3564,3565,3566,3567,3568,3569,3570,3571,3572,3573,3574,3600,3601,3637,3638,3639,3640,3641,3642,3643,3645,3646,3648,3649,3657,3658,3659,3660,3661,3663,3664,3665,3669,3670,3671,3673,3674,3675,3676,3677,3678,3679,3680,3681,3682,3683,3685,3686,3689,3692,3693,3695,3696,3712,3715,3716,3717,3718,3740,3741,3743,3756,3757,3758,3759,3760,3761,3762,3763,3764,3765,3766,3767,3768,3769
P00747_P00779	0.4307692307692308	0.5714285714285714	565,566,567,568,584,585,586,587,588,589,590,591,605,620,621,624,625,628,639,640,641,655,661,662,663,664,665,667,669,671,672,697,699,701,703,705,706,707,708,709,710,711,712,713,714,716,717,719,721,723,724,725,730,731,732,733,734,735,737,739,740,741,742,743,744,745,746,747,748,749,750,751,752,753,754,755,756,757,758,766,777,778,779,780,781,782,783,784,785,786,787,788,792,794,797,801	26,27,28,29,30,32,33,34,35,36,37,38,39,40,41,42,43,44,46,47,48,49,50,51,52,53,54,55,58,59,60,61,62,63,64,65,67,70,71,94,95,110,111,112,113,114,115,116,117,118,119,153,154,155,156,157,158,159,161,243,244,245,246,248,261,262,263,264,294,296,298,300,309,310,311,312,313,314,349,350,351,352,353,354,355,357,359,360,362,363,364,365,366,367,368,369,393,396,397
K4LC41_P05161	0.32558139534883723	0.4307692307692308	1589,1592,1639,1640,1641,1642,1643,1644,1647,1648,1651,1664,1665,1666,1667,1668,1669,1670,1679,1680,1681,1682,1685,1694,1696,1697,1699,1700,1701,1702,1703,1730,1731,1732,1752,1753,1754,1755,1756,1773,1774,1776,1791,1793,1794,1795,1796,1800	5,7,8,18,20,47,48,49,71,73,82,84,86,87,88,89,90,91,92,93,94,95,96,98,104,107,119,120,122,124,144,146,148,150,152,153,154,155
P04578_P18465	0.15853658536585366	0.896551724137931	1,2,3,4,7,8,10	24,25,26,27,28,29,30,31,32,33,34,35,36,37,38,39,40,41,42,43,44,45,46,47,48,49,50,51,52,53,54,55,56,57,58,59,60,61,62,67,68,69,70,71,74,77,78,80,81,82,83,85,86,87,88,89,90,91,92,93,95,96,97,98,100,101,102,103,104,105,106,107,108,109,110,111,114,115,116,117,118,119,120,121,122,123,124,125,134,136,137,138,139,140,141,142,143,144,145,146,161,162,165,168,169,170,172,173,175,179,182,186,190,193,194,197,198,213,214,215,216,225,227,228,229,240,252,253,254,255,256,257,258,259,260,261,262,263,264,265,266,267,269,270,271,272,273,274,275,276,277,278,279,283,285,296,298
P69332_P78423	0.23039215686274508	0.7833333333333333	14,15,16,17,18,19,20,21,22,23,24,25,26,27,54,57,60,61,62,63,64,65,66,67,68,69,70,71,72,73,74,75,77,78,79,80,81,82,83,84,85,86,87,88,89,90,91,92,93,94,95,105,106,108,109,111,112,113,116,120,123,126,127,128,129,130,131,132,133,134,135,136,137,138,139,140,141,142,144,146,148,150,151,153,155,156,157,159,160,162,163,165,166,167,168,169,170,171,172,173,174,175,176,177,178,179,180,181,207,210,211,212,213,214,215,216,217,218,219,220,221,222,223,224,225,226,227,228,229,232,233,236,237,239,240,243,251,255,258,259,260,261,262,263,264,265,266,267,269,270,271,273,274,277,278,280,281,282,284,285,286,287,288,289,290,291,292,293,294,295,296,298,299,302,305,306,307,309	25,26,27,28,29,30,31,32,33,35,36,37,38,39,40,44,46,47,49,50,51,52,53,54,65,71
P63208_Q5ZTL7	0.3939393939393939	0.37681159420289856	9,10,11,12,13,14,15,16,17,20,21,24,25,48,50,95,96,97,100,101,103,104,107,108,109,110,112,113,116,120,121,122,123,124,125,126,127,128,129,130,133,136,137,141,142,143,144	1,19,21,23,24,26,27,30,33,102,103,123,124,125,126,127,128,163,164
P05534_Q9WPV9	0.1566265060240964	0.896551724137931	24,25,26,27,28,29,30,31,32,33,34,35,36,37,38,39,40,41,44,45,46,47,48,49,50,51,52,53,54,55,56,57,58,59,60,61,62,68,69,70,71,74,77,78,82,83,85,86,87,89,90,91,92,93,95,96,97,100,102,103,104,105,106,107,108,109,110,111,114,115,116,117,118,119,120,121,122,123,124,125,136,137,138,139,140,141,142,143,144,145,146,158,161,162,165,166,168,169,170,172,175,179,180,182,186,190,193,194,197,198,200,201,202,211,212,213,214,215,216,217,225,227,228,229,240,241,252,253,254,255,256,257,258,259,260,261,262,263,264,265,266,267,269,270,271,273,274,275,276,277,278,279,283,285,296,297	125,126,127,128,129,130,131,132,133,134
B7TQM6_V9VHH0	0.07526881720430108	0.22580645161290322	10,11,13,14,15,16,17,18,19,20,21,22,23,24,41,43,106,109,111,112,113,114,115,116,146,164	21,23,25,26,27,28,29,98,100,102,104,105,106,108,110,112,127,129,130,131,132,133,134,135,136,137,138,139,140,141,142,147,148,149,150,151,152,153,154,155,160,162,163,164,165,166,167,168,176,178,180,182,183,184,185,186,198,200,202,204,218,220,222,223,224,225,226
P04608_P50750	0.07065217391304347	0.9285714285714286	0,10,11,12,13,14,15,16,17,18,19,20,22,27,31,32,34,35,36,37,38,39,40,41,42,43,44,45,46,47,48	7,8,9,10,11,12,13,14,15,16,17,18,19,21,23,24,26,29,31,33,34,36,37,38,39,46,47,48,49,50,51,52,53,54,55,56,57,58,59,60,61,63,64,66,67,70,71,73,79,81,82,83,85,86,87,88,89,90,91,92,93,94,95,96,97,98,99,102,103,106,107,108,110,111,113,114,123,126,127,130,133,134,137,140,141,142,143,144,145,146,147,148,149,150,157,158,161,163,166,167,168,169,170,171,172,173,174,175,176,177,178,179,180,181,182,183,184,185,186,212,224,226,227,235,239,242,243,281,282,283,284,285,286,314,315,316,317,318,319,320,321,322,323,334,335,336,337,338,339,340,341,342,343
P10147_Q2F862	0.16101694915254236	0.5135135135135135	30,33,34,36,37,38,39,40,41,42,48,49,50,51,52,53,54,55,56,57,58,59,60,61,62,63,64,65,69,70,71,72,73,74,75,76,77,83,86	26,27,28,45,49,51,52,53,54,55,56,57,58,59,60,61,62,63,65,67,68,69,70,71,72,73,83,84,85,86,87,88,90,92,93,95,97,99,101,103,104,105,106,107,108,109,110,111,112,113,114,115,116,117,128,131,132,133,134,135,136,137,138,162,163,164,165,166,167,168,169,170,171,172,221,223,225,226,227
P03204_P30685	0.10843373493975904	0.72	97,105	24,25,26,28,29,30,31,32,33,34,35,36,37,38,39,40,42,43,44,45,46,47,48,49,50,51,52,53,54,55,56,57,58,59,60,61,62,67,68,69,70,71,74,82,83,84,85,86,87,88,89,90,91,92,93,95,96,97,98,99,100,101,102,103,104,105,106,107,108,109,110,111,112,113,114,115,116,117,118,119,120,121,122,123,124,125,136,137,138,139,140,141,142,143,144,145,146,158,161,162,164,165,168,169,170,171,172,173,174,175,179,182,186,190,193,194,197,198,201,211,212,213,214,215,216,217,225,227,228,229,240,241,251,252,253,254,255,256,257,258,259,260,261,262,263,264,265,266,267,269,270,271,272,273,274,275,276,277,278,279,285,296,298,300
P18465_Q70A61	0.13125	0.84	24,25,26,27,28,29,30,31,32,33,34,35,36,37,38,39,40,41,42,43,44,45,46,47,48,49,50,51,52,53,54,55,56,57,58,59,60,61,62,67,68,69,70,71,74,77,78,80,81,82,83,85,86,87,88,89,90,91,92,93,95,96,97,98,100,101,102,103,104,105,106,107,108,109,110,111,114,115,116,117,118,119,120,121,122,123,124,125,134,136,138,140,141,142,143,144,145,146,161,162,165,168,169,170,172,173,175,179,182,186,190,193,194,197,198,213,214,215,216,225,227,228,229,240,252,253,254,255,256,257,258,259,260,261,262,263,264,265,266,267,269,270,271,272,273,274,275,276,277,278,279,283,285,296	48,50,51,52,53,54
A0A2R4LVT4_P52630	0.06854838709677419	0.20987654320987653	2534,2540,2541,2542,2543,2544,2625,2626,2642,2643,2644,2645,2646,2647,2648,2649,2650,2664,2665,2666,2667,2668,2669,2670,2671,2672,2673,2674,2741,2745,2809,2813,2917,2920,2921,2968,2969,2970,2971,2973,3009,3010,3011,3012,3013,3014,3015,3016,3017,3024,3026,3028,3029,3030,3033,3036,3037,3039,3040,3046,3047,3049,3050,3051,3052,3053,3054,3055,3057,3070,3074,3078,3079,3082,3085,3086,3089,3090,3092,3093,3095,3097,3109,3110,3111,3112,3113,3114,3115,3116,3117,3118,3119,3120,3121,3122,3123,3124,3138,3139,3140,3141,3142,3143,3144,3145,3162,3165,3171,3174,3177,3178,3205,3210,3211,3213,3217,3220,3221,3223,3224,3225,3226,3227,3228,3242,3246,3247,3250,3251,3252,3253,3255,3256,3257,3258,3259,3260,3261,3262,3263,3264,3266,3267,3270,3271,3273,3274,3277,3278,3280,3281,3283,3284,3285,3286,3287,3288,3290,3291,3292,3293,3294,3295,3296,3297,3298,3299,3300,3301,3302,3303,3312,3313,3314,3315,3316,3317,3318,3319,3320,3321,3322,3327,3334,3336,3337,3338,3339,3340,3341,3361,3362,3363,3364,3365,3366,3367,3368,3369,3370,3371	145,152,163,166,167,169,170,175,177,236,239,240,242,243,244,246,247,255,258,259,262,266,269,316,319,320,321,322,332,334,348,350,361,363,364,365,407,408,409,456,457,458,459,460,461,462
P01903_P12495	0.18518518518518517	0.5882352941176471	27,28,29,30,31,32,33,34,35,36,37,38,39,45,46,47,48,49,50,51,52,53,54,55,56,57,67,68,69,70,71,72,73,74,75,76,77,78,79,81,82,83,85,86,88,89,90,92,93,95,96,97,99,100,101,102,103,104,105,106,113,114,115,116,117,118,119,120,121,122,123,124,130,132,133,134,135,136,137,138,139,140,141,142,158,159,160,161,162,163,164,165,166,167,168,169,170,171,172,173,174,188,190,192,193,194,195,196	
P03303_Q9H3P7	0.23076923076923078	0.2542372881355932		365,366,367,368,369,370,371,372,373,374,375,376,377,378,379,382,398,399,400,403,405,420,421,422,423,424,425,431,473,474,475,476,477,478,479,480,481,482,483,484,485,486,487,488,489,491,494,495,496,497,498,506,508,510,511,512,514,515,516,517,518,520,522,524,527
Q07812_Q9DHU6	0.19230769230769232	0.39473684210526316	72,73,74	7,11,15,19,23,24,26,27,28,30,31,32,34,35,38,42,46,47,49,50,51,53,54,57,58,61,64,84,85,86,87,88,89,90,91,93,94,95,97,98,101,102,104,105,106,107,109,113,114,115,116,117,118,120,121,124,125,126,127,128,129,130,131,132,133,134,135,136,137,138,139,140,141,142,143
D3HJY4_P14784	0.08064516129032258	0.45454545454545453	11,12,13,14,16,17,18,20,45,46,47,48,49,50,58,59,60,61,62,63,64,65,66,67,69,70,73,74,75,76,79,102,103,104,107,110,111,114,117,118,121,122,150,151,152,153,154,155,156,157,158,159,160,161,162,163,164,165,166	385,386,387
Q6N030_Q8Q7Z9	0.013157894736842105	0.3333333333333333	55,56,57,58,59,60,61,63,64,118,130,131,132,147,148,149,150,151,152,153,168,170,171,172,173,191,192,193,194,195,196,197,202,204,206,208,210,212	70,72,73,74,75,78,81,88,89,90,91,92,93,94,95,96,97,98,100,102,104,105,115,116,117,124,127,128,129,130,133,135,136,137,148,151,152,172
P02788_Q54972	0.1076923076923077	0.1111111111111111	36,39,43,47,48,98,99,120,121,122,123,124,125,126,128,129,130,131,132,133,134,135,137,138,151,152,153,154,155,176,177,178,180,198,201,223,233,234,264,267,269,271,273,276,277,286,290,310,331,333,334,335,336,337,338,339,340,341,342,343,344,345,347,348,350	
M4STU1_P62987	0.3614457831325301	0.5769230769230769	1587,1588,1589,1590,1592,1639,1640,1641,1642,1643,1644,1647,1648,1651,1664,1666,1667,1668,1678,1679,1680,1682,1685,1689,1693,1694,1696,1697,1699,1700,1701,1702,1703,1704,1730,1731,1732,1752,1753,1754,1755,1756,1776,1793,1794,1795,1796,1800,1801,1802	0,1,3,13,15,23,27,31,32,33,37,38,39,41,44,45,46,47,48,49,50,51,57,58,59,60,61,62,63,67,69,71,73
P0DKX7_P62158	0.15819209039548024	0.4	36,38,40,41,42,43,44,45,61,62,64,65,66,67,68,69,70,71,74,76,77,78,79,80,81,82,83,85,87,89,90,92,94,96,97,98,99,100,101,102,103,104,105,107,111,113,115,116,117,118,120,121,123,124,138,139,140,141,142,143,144,145,147,149,151,152,153,154,161,163,164,165,169,170,171,172,173,174,176,178,191,194,195,196,198,199,201,202,205,206,209,212,213,215,216,219,220,223,234,238,242,245,249,252,253,254,255,257,258,259,261,262,263,264,265,266,275,277,279,280,281,282,283,284,285,287,289,290,291,292,293,294,295,296,297,318,319,320,321,323,326,327,328,330,331	81,82,83,84,86,89,90,92,93,94,106,109,110,113,114,117,118,122,125,126,129,130,131,132,133,137,138,139,141,142,145,146
P18010_P18206	0.8421052631578947	0.3595505617977528	487,488,489,492,500,503,504,506,507,508,509,609,610,611,612,614,615,616,618,619,620,621,622,623,625,626,627,629,630	30,31,34,35,36,37,38,248,252
P19551_Q6P5S8	0.028368794326241134	0.5714285714285714	82,85,86,87,88,89,90,91,92,94,95,96,97,98,99,102,103,106,109,110,113,114,115,116,117,120,194,195,196,197,198,199,200,213,214,238,239,241,243,245,249,292,294,327,329,332,386,393,394,427,428,429,430,431,432,433,434,463,465,466,467,468,469,470,471,472,473,474,475,476,477,478,479,480,481,482	21,22,24,25,26,27,29,30,34,36,37,56,57,58,60,61,62,63,64,65,66,69,105,109,110,111,115,118,119,120,135,137,138,139,140,141,142,143,144,145,152,154,156,158,159,160,161,163,179,180,181,182,183,184,185,186,187,188,190,191,193,195,197,199,201
O00629_P0C1C6	0.36936936936936937	0.5694444444444444	78,82,83,84,85,86,88,89,92,93,95,96,97,99,100,101,102,103,107,129,132,133,136,139,140,143,144,145,146,147,150,153,162,166,167,168,169,170,171,173,174,175,177,178,179,180,181,182,183,184,185,186,187,188,217,221,224,225,228,229,230,231,256,263,266,267,269,270,271,272,273,274,298,305,309,310,311,312,313,314,315,316,340,342,343,344,350,351,352,353,354,355,356,357,384,385,386,388,389,392,393,394,395,396,397,398,399,473	421,422,425
A8CDU0_P04229	0.2222222222222222	0.6206896551724138	58,59	29,30,31,32,33,34,36,37,39,40,41,42,43,44,45,46,47,48,49,50,57,58,59,60,61,62,63,64,76,79,80,81,82,83,84,85,88,89,92,99,102,105,106,107,108,109,110,111,112,113,114,116,117,118,121,130,131,132,133,144,146,148,149,150,151,152,175,176,177,178,179,180,181,184,202,204,211,213,217
P0CG48_Q6RCR1	0.11627906976744186	0.27472527472527475	608,609,611,613,621,623,625,638,639,640,641,642,649,650,651,652,653,654,655,656,657,658,659,661,662,663,664,665,666,667,668,669,670,671,675,677,679,681	226,228,360,361,362,363,473,475,476,540,541,542,543,544,545,546,547,548,549,550,551,552,553,554,555,556,558,562,565,569,573,578,579,581,582,583,584,585,586,587,588,589,590,591,592,593,594,595,596,598,607,610,624,625,626,627,629,630,650,651,743,744,746,747,748,749,750,751,752,753,754,755,756,757,759,760,769,770,774,777,810,811,813,814,815,816,817,835,836,837,838,839,840,842,893,894,895,896,897,898,899,900,901,902,903,904,905,906,908,909,911,912,915,918,919,922,923,926,929,930,934,935,938,941,942,945,946,948,949,950,952,953,956,957,961,965,969,972,976,980,987,994,995,996,999,1000,1001,1004,1005,1008,1011,1012,1015,1016,1018,1019,1022,1023,1025,1026,1029,1030,1032,1033,1034,1036,1037,1039,1040,1041,1043,1044,1045,1048,1051,1052,1055
B7TQM6_X5DSL3	0.07526881720430108	0.22580645161290322	10,11,13,14,15,16,17,18,19,20,21,22,23,24,41,43,106,109,111,112,113,114,115,116,146,164	21,23,25,26,27,28,29,98,100,102,104,105,106,108,110,112,127,129,130,131,132,133,134,135,136,137,138,139,140,141,142,147,148,149,150,151,152,153,154,155,160,162,163,164,165,166,167,168,176,178,180,182,183,184,185,186,198,200,202,204,218,220,222,223,224,225,226
P36711_P78310	0.1791044776119403	0.6	404,406,407,413,414,415,416,417,418,419,420,421,426,428,430,432,434,435,436,437,438,439,441,443,444,445,446,447,448,449,450,451,452,453,454,455,457,466,493,511,512,513,514,515,516,517,518,530,565,581,582,583,584,585,586	21,22,23,24,25,26,27,28,29,30,31,32,33,34,35,36,37,38,39,40,41,42,55,56,57,58,59,60,61,62,63,64,65,66,67,68,69,70,71,72,73,74,75,76,77,78,79,80,81,82,93,95,96,98,103,105,107,108,110,111,112,113,114,116,118,120,122,123,124,125,126,133,135,137,138,139,140,141,142
P01730_Q75760	0.16551724137931034	0.3870967741935484	25,26,27,29,53,63,64,65,66,67,68,69,70,71,72,73,74,75,76,77,78,79,80,81,82,83,84,85,86,109,111,120,122,123,130,131,133,134,143,145,146,147,148,149,176,199	83,84,85,86,87,88,89,90,91,92,93,94,96,97,98,105,108,109,112,113,115,191,192,193,194,195,196,198,199,210,211,212,213,236,237,238,239,240,241,242,244,245,293,294,295,296,297,304,307,309,311,312,316,317,318,319,320,322,323,325,327,329,330,331,332,335,338,339,382,383,385,386,387,388,389,390,391,420,425,446,456,457,458,459,460,461,462,463,464,465,466,467,469,470,471,472,473,474,475
P01024_P68799	0.22105263157894736	0.5121951219512195	1007,1008,1010,1011,1012,1050,1052,1053,1054,1055,1057,1058,1059,1060,1061,1062,1063,1065,1066,1068,1069,1070,1079,1082,1083,1086,1087,1089,1090,1091,1092,1093,1094,1095,1193,1217,1218,1219,1220,1221,1222,1223,1224,1225,1226,1227,1228,1229,1230,1233,1234,1237,1241,1259,1260,1261,1262,1263,1264,1265,1266,1267,1268,1269	118,121,122,124,125,127,129,130,131,132,133,134,135,137,138,140,141,142,143,144,145,147,148,151,152,155,158,159,162,163,164
P00742_P23827	0.1643835616438356	0.27906976744186046	234,235,236,237,238,239,240,241,242,243,244,245,246,263,264,265,266,267,268,269,318,365,366,367,368,369,370,371,372,373,374,375,377,378,380,382,383,386,406,407,408,409,410,411,412,413,414,415,416,417,418,419,459	61,63,65,66,67,68,69,70,71,72,73,74,75,76,77,131,137,159,160,161
Q6P5S8_Q8Q7Z9	0.019417475728155338	0.4	21,22,24,25,26,27,29,30,34,36,37,56,57,58,60,61,62,63,64,65,66,69,105,109,110,111,115,118,119,120,135,137,138,139,140,141,142,143,144,145,152,154,156,158,159,160,161,163,179,180,181,182,183,184,185,186,187,188,190,191,193,195,197,199,201	70,72,73,74,75,78,81,88,89,90,91,92,93,94,95,96,97,98,100,102,104,105,115,116,117,124,127,128,129,130,133,135,136,137,148,151,152,172
P04637_Q9WYW0	0.48148148148148145	0.7027027027027027	372,373,374,375,376,378,379,380,381,382,383,384	31,32,33,98,100,101,104,105,151,161,162,163,164,165,166,167,170,171,174,178,189,190,191,192,193,194,196,197,199,200,201,203,204,205,216,217,218,219,222,226,241,245
P05893_Q8WUM4	0.021621621621621623	0.11764705882352941	484,485,497,498	12,13,15,22,23,25,26,27,28,29,30,31,33,34,35,36,37,40,43,44,47,48,50,51,53,54,55,85,103,105,106,107,108,109,110,111,112,113,132,135,136,137,138,139,140,141,143,147,150,161,164,165,167,168,169,170,171,172,173,174,198,201,204,255,258,259,261,262,264,265,266,269,270,271,274,275,277,280,284,311,312,313,314,315,316,318,319,320,321,343,345,346,348,349,360,363,364,367,368,370,371,372,373,374,375,378,381,454,458,461,465,468,472,477,481,484,488,495,502,509,524,526,530,533,534,535,536,537,538,539,540,541,542,562,566,588,589,596,599,600,601,602,603,604,607,608,610,611,615,618,621,622,625,629,632,633,635,636,637,638,639,640,641,642,643,644,645,646,648,649,652,655,656,659,663,673,676,680,683,687,691
O52623_P60953	0.42857142857142855	0.49411764705882355	93,110,114,117,118,119,120,121,122,158,159,160,161,162,163,164,165,166,216,217,218,219,221,222,225,226,228,229	10,11,12,13,14,15,18,21,22,24,25,31,32,33,34,35,36,37,38,39,40,41,42,44,45,46,50,51,53,54,55,56,57,58,59,60,61,63,64,65,67,73,74,75,81,83,84,85,86,87,88,89,119,151,152,153,154,155,156,157,158,159,160,161,162,163,165,169,173,177
P62937_Q72497	0.17857142857142858	0.40816326530612246	0,1,2,4,6,18,20,22,24,40,41,42,43,44,45,46,47,48,50,52,53,54,62,63,64,65,66,67,68,69,70,71,72,73,74,75,76,77,78,79,80,81,82,84,85,86,87,88,89,90,91,92,93,94,95,96,97,98,99,100,101,102,103,104,105,106,107,109,110,117,120,128,130,156,158,159,161,162,163,164	209,210,212,213,214,215,216,217,218,228,229,231,232,233,234,235,236,237,238,239,240,241,243,244,245,247,248,249,251,252,270,272
O43521_P0C6Z1	0.3380281690140845	0.5853658536585366	141,142,143,144,145,146,147,148,149,150,151,152,153,154,155,156,157,158,161	1,2,4,5,9,38,39,40,41,42,43,44,46,47,50,51,54,57,58,61,64,65,66,68,69,70,71,72,73,74,75,76,77,78,79,80,82,83,86,90,98,99,106,117,118,119,122,123,124,126,127,130
P30460_Q9YRL3	0.15028901734104047	0.8387096774193549	24,25,26,28,29,30,31,32,33,34,35,36,37,38,39,40,41,42,43,44,45,46,47,48,49,50,51,52,53,54,55,56,57,58,59,60,61,62,67,68,69,70,71,72,74,82,83,84,85,86,87,88,89,90,91,92,93,94,95,96,97,98,99,100,101,102,103,104,105,106,107,108,109,110,111,112,113,114,115,116,117,118,119,120,121,122,123,124,125,136,137,138,139,140,141,142,143,144,145,146,157,158,161,162,164,165,166,168,169,170,171,172,173,175,179,182,186,190,193,194,197,198,201,211,212,213,214,215,216,217,225,227,228,229,240,252,253,254,255,256,257,258,259,260,261,262,263,264,265,266,267,269,270,271,272,273,274,275,276,277,278,279,283,285,296,297,298,299	50,53,54,57,58
P13500_Q2F862	0.22727272727272727	0.5882352941176471	31,32,33,34,35,36,37,38,39,40,41,42,43,44,45,46,47,48,49,50,51,52,53,54,55,56,57,58,59,60,61,62,63,64,65,66,71,72,73,75,76,77,78,79,81,83,84,85,86,88,89,90,91	26,27,28,45,49,51,52,53,54,55,56,57,58,59,60,61,62,63,65,67,68,69,70,71,72,73,83,84,85,86,87,88,90,92,93,95,97,99,101,103,104,105,106,107,108,109,110,111,112,113,114,115,116,117,128,131,132,133,134,135,136,137,138,162,163,164,165,166,167,168,169,170,171,172,221,223,225,226,227
P08160_Q14790	0.17391304347826086	0.24489795918367346	1,2,3,4,5,6,7,8,9,10,11,32,34,35,36,155,156,157,158,159,160,161,163,184,192,194,196,198,226,227,230,231,232,270,271,272	245,249,252,253,257,258,259,260,262,263,264,301,302,316,318,319,333,334,336,337,338,340,341,342,343,357,360,406,407,412,451,467,470
P01892_P12901	0.13609467455621302	0.8518518518518519	24,25,26,27,28,29,30,31,32,33,34,35,36,37,38,39,40,41,44,45,46,47,48,49,50,51,52,53,54,55,56,57,58,59,60,61,62,67,68,69,70,71,77,78,80,81,82,83,84,85,86,87,88,89,90,91,92,93,94,95,96,97,98,99,100,101,102,103,104,105,106,107,108,109,110,111,115,116,117,118,119,120,121,122,123,124,125,136,137,138,139,140,141,142,143,144,145,146,147,158,161,162,165,168,169,170,172,179,182,186,190,193,194,197,200,201,212,213,214,215,216,217,225,227,228,229,231,240,241,242,252,253,254,255,256,257,258,259,260,261,262,263,264,265,266,267,269,270,271,272,273,274,275,276,277,278,279,285,296,298	17,18,19,20,21,22,23,24,25
P46934_Q05128	0.3333333333333333	0.1111111111111111	840,841,842,843	13,14
A0A0C5HAL9_Q9UHB7	0.045454545454545456	0.3333333333333333	9,10,11,12,13,14,15,16,17,18,19,20,22,31,37,38,39,40,41,42,43,44,45,46,47	33,34,35,36,37,38,39,40,45,49,50,52,53,54,56,57,59,60,62
P15529_Q772X2	0.10948905109489052	0.3191489361702128	46,47,48,61,64,65,66,67,68,69,70,71,72,73,74,75,76,77,78,87,88,89,90,91,92,131,150,151,152,153,154,155,156,157,183,184,185,187,188,189,196,197,198,199,200,201,202,203,204,208,210,211,212,218,220,221,223,224,226,228,229,231,232,233,234,235,236,237,238,250,252,254,256,257,258,260,262,263,264,265,266,267,268,270,271,272,273,274,278,279,281,282,283,284,285	158,160,162,163,164,165,166,167,171,173,240,241,242,243,244,245,246,248,250,251,252,253,255,257,259,297,298,299,311,312,313,314,315,316,317,318,319,320,321,322,323,324
P68871_Q2FG07	0.14606741573033707	0.2	26,30,33,35,36,37,39,40,41,43,44,45,46,47,49,66,70,77,91,92,94,95,96,97,98,99,100,101,102,104,105,108,111,112,114,115,116,117,118,119,120,122,123,124,125,127,128,131,132,135,139	333,334,335,336,337,338,339,340,341,342,343,348,349,350,352,362,363,364,365,366,367,368,606,607,615,616,618,633,635,636,637,638,639,650,651,652,653,654
Q16531_Q80IU5	0.08626198083067092	0.675	26,28,29,32,34,35,79,81,82,83,84,85,87,102,104,106,108,110,111,112,113,114,133,135,136,162,164,166,167,168,169,170,171,172,173,174,176,182,187,188,190,191,192,193,195,197,198,199,200,201,202,203,204,205,206,207,208,209,210,211,212,213,214,233,234,241,242,243,244,245,246,247,248,249,250,251,252,256,275,276,277,278,302,303,304,305,306,307,309,311,318,320,326,327,329,330,331,332,334,335,336,345,347,348,349,350,351,352,353,354,355,367,368,369,370,371,372,373,389,390,391,392,393,394,395,396,397,428,429,443,444,445,446,448,451,452,453,454,455,458,461,462,463,464,465,466,467,469,473,476,478,479,480,481,482,483,599,606,607,608,609,610,611,612,625,626,627,628,629,630,631,632,633,634,635,636,638,643,644,645,646,647,649,651,652,653,654,670,671,672,673,674,675,676,677,717,718,719,721,747,748,749,750,751,752,753,754,755,756,757,758,759,760,761,762,763,764,765,766,767,768,769,770,836,837,838,839,840,841,842,843,856,857,858,859,860,861,862,863,864,866,884,885,886,887,888,890,891,900,901,902,903,904,905,906,908,924,925,926,927,928,929,930,943,944,945,946,947,948,949,950,951,952,968,969,970,971,993,994,996,997,998,1001,1002,1028,1029,1031,1032,1033,1035,1047,1069,1072,1073,1076,1121,1136,1137,1138,1139	87,88,89,90,91,92,93,94,95,96,97,99,100
P03204_P30481	0.13291139240506328	0.65625		24,25,26,28,29,30,31,32,33,34,35,36,37,38,39,40,43,44,45,46,47,48,49,50,51,52,53,54,55,56,57,58,59,60,61,68,69,70,71,74,78,80,81,82,83,84,85,86,87,88,89,90,91,92,93,94,95,96,97,98,99,100,101,102,103,104,105,106,107,108,109,110,111,114,115,116,117,118,119,120,121,122,123,125,136,137,138,139,140,141,142,143,144,145,146,158,161,162,165,168,169,170,172,173,175,179,182,186,190,193,194,197,198,199,200,201,211,212,213,214,215,216,217,225,227,228,229,252,253,254,255,256,257,258,259,260,261,262,263,264,265,266,267,269,270,271,272,273,274,275,276,277,278,279,283,285,296,298
A4GWM6_P12830	0.10666666666666667	0.12121212121212122	35,36,37,38,39,40,41,42,44,45,46,47,48,50,51,54,55,56,57,58,59,61,62,63,64,65,66,67,68,76,79,80,81,83,84,85,237,447,448,449,450,451,460,462,464,465,467,469,470,471,472,473,474,475,476,488,489,490,491	194,197,198,199,201,202,203,205,207,208,209,210,212,248,250,252
P01892_P12499	0.09316770186335403	0.5555555555555556	24,25,26,27,28,29,30,31,32,33,34,35,36,37,38,39,40,41,44,45,46,47,48,49,50,51,52,53,54,55,56,57,58,59,60,61,62,67,68,69,70,71,77,78,80,81,82,83,84,85,86,87,88,89,90,91,92,93,94,95,96,97,98,99,100,101,102,103,104,105,106,107,108,109,110,111,115,116,117,118,119,120,121,122,123,124,125,136,137,138,139,140,141,142,143,144,145,146,147,158,161,162,165,168,169,170,172,179,182,186,190,193,194,197,200,201,212,213,214,215,216,217,225,227,228,229,231,240,241,242,252,253,254,255,256,257,258,259,260,261,262,263,264,265,266,267,269,270,271,272,273,274,275,276,277,278,279,285,296,298,299	
P03167_Q16531	0.08306709265175719	0.65	85,86,87,89,90,91,92,93,94,95,96,97,98	26,28,29,32,34,35,79,81,82,83,84,85,87,102,104,106,108,110,111,112,113,114,133,135,136,162,164,166,167,168,169,170,171,172,173,174,176,182,187,188,190,191,192,193,195,197,198,199,200,201,202,203,204,205,206,207,208,209,210,211,212,213,214,233,234,241,242,243,244,245,246,247,248,249,250,251,252,256,275,276,277,278,302,303,304,305,306,307,309,311,318,320,326,327,329,330,331,332,334,335,336,345,347,348,349,350,351,352,353,354,355,367,368,369,370,371,372,373,389,390,391,392,393,394,395,396,397,428,429,443,444,445,446,448,451,452,453,454,455,458,461,462,463,464,465,466,467,469,473,476,478,479,480,481,482,483,599,606,607,608,609,610,611,612,625,626,627,628,629,630,631,632,633,634,635,636,638,643,644,645,646,647,649,651,652,653,654,670,671,672,673,674,675,676,677,717,718,719,721,747,748,749,750,751,752,753,754,755,756,757,758,759,760,761,762,763,764,765,766,767,768,769,770,836,837,838,839,840,841,842,843,856,857,858,859,860,861,862,863,864,866,884,885,886,887,888,890,891,900,901,902,903,904,905,906,908,924,925,926,927,928,929,930,943,944,945,946,947,948,949,950,951,952,968,969,970,971,993,994,996,997,998,1001,1002,1028,1029,1031,1032,1033,1035,1047,1069,1072,1073,1076,1121,1136,1137,1138,1139
P10845_Q496J9	0.1836734693877551	0.3	877,878,879,880,881,882,889,890,891,892,893,908,910,928,929,930,931,932,933,934,949,950,951,952,1021,1022,1060,1063,1064,1091,1092,1093,1147,1164,1165,1166,1167,1184,1185,1186,1200,1201,1202,1203,1204,1218,1219,1221,1223,1225,1228,1230,1231,1233,1235,1237,1251,1252,1253,1254,1255,1256,1257,1264,1267,1268,1271,1283,1284,1285,1286,1287,1288,1289,1290	472,473,484,485,486,487,488,489,490,500,501,502,503,512,513,515,517,557,558,559,561,562,565
P02787_Q09057	0.06372549019607843	0.12380952380952381	36,43,46,47,96,97,101,102,137,138,140,152,155,156,158,170,175,176,177,178,179,180,181,191,193,194,195,196,197,257,258,260,263,265,266,267,282,286,289,290,325,326,328,330,331,332,334,335,336,337,338,339,340,342,343,345,346,416,419,464,465,466,467,468,469,470,471,472,557,558,582,583,600,601,602,603,604,605,606,607,608,609,610,611,612,615,616,619,620,622,623,626,627,630,631,632,633,634,635,636,637,638,639,640,641,642,643,644,645,646,647,648,649,650,651,652,653,654,656,658,660,662,663,665,666,667,668,669,670,671,672,673,674,675,676,677,678,679,680,681,682,683,684,685,686,687,688,689,690,691,692,693,694,695,696,697	91,92,140,142,163,164,165,166,213,364,365,366,367,368,369,401,437,438,577,578,579,580,581,582,584,585,621,622,623,624,625,626,646,669,672,675,698,700,701,702,703,704,705,706,707,708,709,710
P30481_Q3KSS8	0.16470588235294117	0.9655172413793104	24,25,26,28,29,30,31,32,33,34,35,36,37,38,39,40,43,44,45,46,47,48,49,50,51,52,53,54,55,56,57,58,59,60,61,68,69,70,71,74,78,80,81,82,83,84,85,86,87,88,89,90,91,92,93,94,95,96,97,98,99,100,101,102,103,104,105,106,107,108,109,110,111,114,115,116,117,118,119,120,121,122,123,125,136,137,138,139,140,141,142,143,144,145,146,158,161,162,165,168,169,170,172,173,175,179,182,186,190,193,194,197,198,199,200,201,211,212,213,214,215,216,217,225,227,228,229,252,253,254,255,256,257,258,259,260,261,262,263,264,265,266,267,269,270,271,272,273,274,275,276,277,278,279,283,285,296,298	168,169,170,171,172,173,174,175,176,177,178,179
Q6JKR9_Q96MU8	0.04533333333333334	0.40476190476190477	82,85,86,87,88,90,92,94,95,123,131,132,133,151,152,155,156,157,183,184,185,186,187,191,195,198,199,200,201,202,203,204,205,206,207,208,209,210,211,212,213,214,215,216,217,218,219,220,221,222,223,224,228,229,230,231,232,233,234,235,236,255,256,266,267,268,272,276,292,293,294,295,296,297,298,299,311,313,314,315,317,318,319,321,322,323,328,329,330,331,340,341,342,343,344,345,346,347,348,349,350,351,352,353,354,355,356,357,358,359,360,361,362,364,365,366,367,368,369,371,372,373,374,375,377,389,391,411,412,413,414,415,416,417,427,428,441,443,444,445,446,447,448,449,475,478,479,480,481,482,483,484,485,487,489,491,492,493,495,496,497,498,499,500,502,503,504,506,518,519,520,521,522,523,524,525,526,527,528,529,530,531,532,534,536,538,540,541,542,543,544,545,546,547,548,549,550,551,552,553,554,555,556,557,558,559,579,580,584,585,586,587,588,589,590,591,592,593,594,595,596,603,604,605,606,607,608,609,610,611,612,613,614,615,616,633,634,635,636,637,638,639,640,642,644,645,646,647,648,649,650,672,673,674,675,676,677,678,679,680,682,683,684,686,687,690,727,728,729,731,765,766,767,768,769,770,771,772,773,774,775,776,777,778,779,781,782,783,784,785,786,787,788,789,790,791,792,821,822,823,824,825,826,827,828,829,830,831,832,833,834,835,836,837,838,839,840,841,842,843,844,845,846,853,855,856,857,858,859,860	35,36,37,38,40,93,128,129,130,131,132,139,140,141,142,143,144,145,192,193,194,195,196,197,198,256,258,261,262,263,264,266,268,270,282,284,301,303,304,305,306,307,308,309,310
P01857_P38507	0.20689655172413793	0.42857142857142855	128,130,131,132,133,134,183,185,229,231,232,234,235,236,237,239,246,248,250,252,285,287,289,291,293,312,313,314,315,317,318,320,321,322,324,325	218,219,223,226,227,229,232,233,234,236,237,240,241,244,245,247,248,250,251,252,254,255
P30685_Q9YYU8	0.15517241379310345	0.9642857142857143	24,25,26,28,29,30,31,32,33,34,35,36,37,38,39,40,42,43,44,45,46,47,48,49,50,51,52,53,54,55,56,57,58,59,60,61,62,67,68,69,70,71,74,82,83,84,85,86,87,88,89,90,91,92,93,95,96,97,98,99,100,101,102,103,104,105,106,107,108,109,110,111,112,113,114,115,116,117,118,119,120,121,122,123,124,125,136,137,138,139,140,141,142,143,144,145,146,158,161,162,164,165,168,169,170,171,172,173,174,175,179,182,186,190,193,194,197,198,201,211,212,213,214,215,216,217,225,227,228,229,240,241,251,252,253,254,255,256,257,258,259,260,261,262,263,264,265,266,267,269,270,271,272,273,274,275,276,277,278,279,285,296,298	70,71,72,73,74,75,76,77,78,79,80
A0A0D6HC73_P11215	0.21428571428571427	0.15384615384615385	130,186,187,188,189,190,233,234,235,236,237,258,259,260,266,274,276,300,301,302,303,344,345,346,347,348,349	242
P13747_Q0QI92	0.14093959731543623	0.7241379310344828	21,22,23,24,25,26,27,28,29,30,31,32,33,34,35,36,37,38,41,42,43,44,45,46,47,48,49,50,51,52,53,54,55,56,57,58,59,64,65,66,67,68,71,74,75,79,80,82,83,84,85,86,87,88,89,90,92,93,94,95,96,97,99,100,101,102,103,104,105,106,107,108,109,110,111,112,113,114,115,116,117,118,119,120,134,135,136,137,138,139,140,141,142,143,158,161,162,165,166,176,179,182,183,186,187,190,191,194,208,210,211,212,213,214,222,224,225,226,249,250,251,252,253,254,255,256,257,258,259,260,262,263,264,267,268,270,271,272,273,274,275,276,293,295	14,15,18,21,22
P13051_Q936H5	0.4083333333333333	0.7777777777777778	100,104,131,138,152,153,154,155,156,157,158,159,177,180,183,184,187,188,218,219,220,221,222,223,224,225,226,227,228,255,256,258,259,260,277,278,279,280,281,282,283,284	7,9,11,13,14,18,20,21,22,23,24,25,26,27,28,29,30,31,32,33,34,35,36,37,38,39,40,41,42,43,44,45,47,48,49,50,51,52,53,54,55,56,57,58,59,61,62,66,67,70,71,72,73,74,77,81,82,83,84,85,86,87,88,89,90,92,93,94,95,96,97,98,101,102,103,104,105,108
Q8WUM4_Q9WC62	0.046875	0.391304347826087	12,13,15,22,23,25,26,27,28,29,30,31,33,34,35,36,37,40,43,44,47,48,50,51,53,54,55,85,103,105,106,107,108,109,110,111,112,113,132,135,136,137,138,139,140,141,143,147,150,161,164,165,167,168,169,170,171,172,173,174,198,201,204,255,258,259,261,262,264,265,266,269,270,271,274,275,277,280,284,311,312,313,314,315,316,318,319,320,321,343,345,346,348,349,360,363,364,367,368,370,371,372,373,374,375,378,381,454,458,461,465,468,472,477,481,484,488,495,502,509,524,526,530,533,534,535,536,537,538,539,540,541,542,562,566,588,589,596,599,600,601,602,603,604,607,608,610,611,615,618,621,622,625,629,632,633,635,636,637,638,639,640,641,642,643,644,645,646,648,649,652,655,656,659,663,673,676,680,683,687,691	478,479,480,481,482,483,484,485,486,487,488
P13746_R4X2K3	0.09090909090909091	0.4642857142857143	24,25,26,28,29,30,31,32,33,34,35,36,37,38,39,40,44,45,46,47,48,49,50,51,52,53,54,55,56,57,58,59,60,61,62,68,69,70,71,82,83,84,85,86,87,88,89,90,91,93,94,95,96,97,98,99,100,101,103,104,105,106,107,108,109,110,111,116,117,118,119,120,121,122,123,124,125,136,137,138,139,140,141,142,143,144,145,146,158,161,162,165,166,168,169,179,182,186,190,193,194,197,213,214,215,216,217,225,227,228,229,240,241,252,253,254,255,256,257,258,259,260,261,262,263,264,265,266,267,269,270,271,272,273,274,275,276,277,278,279,285,296	194
Q0TR53_Q15750	0.10126582278481013	0.5714285714285714	38,39,128,129,130,139,140,144,146,147,148,149,153,156,157,159,160,161,163,164,166,168,169,171,172,173,174,175,176,177,178,179,180,181,182,183,185,187,188,190,199,200,202,203,206,258,339,340,341,342,344,449,450,451,452,453,454,456,457,479,480,482,483,484,485,486,487,488,489,490,491,494,600,602	391,392,393,394,395
Q6N030_Q993A8	0.03937007874015748	0.3125	55,56,57,58,59,60,61,63,64,118,130,131,132,147,148,149,150,151,152,153,168,170,171,172,173,191,192,193,194,195,196,197,202,204,206,208,210,212	29,30,31,32,33,34,35,36,37,38,39,40,41,42,45,49,52,53,56,57,59,67,68,137,139,141,156,158,159,180,182,183,184,185,186,188,190,191,192,194,239,272,274,277,278,279,312,330,331,333,338,370,372,373,374,375,376,377,378,379,380,398,399,402,403,404,405,406,407,408,409,410,411,412,413,414,415,416,417,418,419,420,421,422,423,424,425,426,427
P0DTC2_Q9BYF1	0.04085603112840467	0.26582278481012656	20,21,22,23,24,25,27,28,31,35,36,37,38,39,40,41,42,43,44,47,48,50,51,54,57,58,60,61,63,64,65,82,86,87,90,91,92,93,94,95,96,97,98,99,100,101,103,119,120,121,122,123,124,126,143,144,146,155,156,157,158,159,160,161,162,163,164,194,195,196,197,198,199,201,225,247,248,250,251,252,316,318,337,338,339,340,341,342,343,344,345,346,361,363,385,411,412,413,414,416,438,439,440,441,442,443,444,455,456,457,459,473,475,476,477,478,485,486,488,490,492,494,496,497,512,514,515,523,524,525,526,527,528,529,530,531,532,533,534,535,536,539,541,543,576,577,578,579,587,588,589,590,591,632,653,654,665,668,669,670,671,672,673,674,675,689,690,691,692,693,694,695,696,697,698,699,700,701,702,703,704,705,706,707,708,709,710,711,712,713,714,715,716,717,718,719,720,721,722,723,724,725,726,727,730,731,732,733,734,735,736,738,749,752,753,756,757,760,763,764,766,767,770,771,773,774,775,777,778,781,782,784,785,786,787,788,789,874,877,881,882,885,888,889,890,891,892,893,894,895,896,897,899,900,902,903,904,911,913,914,916,917,918,920,921,924,925,927,928,931,932,934,935,938,941,944,945,948,952,959,962,963,966,967,969,970,999,1001,1002,1005,1006,1008,1009,1012,1013,1015,1016,1018,1019,1022,1025,1026,1036,1037,1038,1039,1040,1041,1042,1080,1082,1090,1131,1133,1134	73,74,76,77,80,81,83,84,120,123,124,125,127,128,130,131,132,133,134,135,136,137,200,201,203,204,205,206,207,208,209,210,211,212,213,214,215,216,276,279,289,337,338,339,382,383,385,386,387,388,389,390,391,392,393,394,395,396,397,400,401,466,467,468,469,471,475,478,554,558,566,570,573,574,600,602,607,608,609,610,611,612,613,614,615,616,617,618,619,620,622,624,637,640,641,643,644,645,647,648,650,651,652,653,654,655,656,657,658,659,660,661,662,663,664,665,666,667,668,669,670,671,672,676,677,679,680,681,683,685,686,687,688,689,690,691,692,693,694,695,696,697,698,700,701,703,704,705,707,708,709,711,712,714,715,717,718,719,721,722,723,724,725,727,728,729,730,731,732,733,734,735,736,737,738,740,741,742,743,744,745,747,748,749,750,751,752,753,754,756,757,758,759,760,761,762,764,765,767
P15144_Q1HVL3	0.06395348837209303	0.3548387096774194	69,70,72,73,74,75,79,97,99,125,127,128,129,130,131,210,211,212,223,245,246,247,248,249,250,251,252,253,254,263,264,265,266,267,268,269,270,282,285,287,288,289,290,291,298,300,302,304,336,337,338,339,340,341,374,427,428,429,430,431,433,445,448,449,450,451,452,453,468,469,471,472,473,474,475,476,477,480,481,484,485,487,488,489,492,493,494,497,590,591,592,593,594,595,596,624,625,626,628,629,630,634,635,636,639,642,643,646,647,680,683,684,687,689,690,702,703,705,706,707,709,710,711,712,713,714,715,716,718,719,747,748,751,758,761,762,763,764,765,788,789,790,791,792,793,794,795,797,798,801,802,821,822,855,863,867,869,873	307,308,309,310,311,312,313,314,366,380,381,382,383,415
P15529_P35774	0.19736842105263158	0.4838709677419355	46,47,48,61,64,65,66,67,68,69,70,71,72,73,74,75,76,77,78,87,88,89,90,91,92,131,150,151,152,153,154,155,156,157	158,160,162,163,164,165,166,167,171,173,240,241,242,243,244,245,246,248,250,251,252,253,255,257,259,297,298,299,311,312,313,314,315,316,317,318,319,320,321,322,323,324
P01042_Q8KRB4	0.07751937984496124	0.45454545454545453	388	7,8,9,10,11,12,13,14,15,16,40,41,42,43,49,52,53,54,56,57,59,60,63,64,65,66,67,83,84,85,86,87,88,89,90,91,92,93,94,95,96,117,118,120,121,124,125,126,127,128,129,130,131,133,134,137,138,140,141,142,144,148,149,150,151,152,153,154,155,156,157,158,159,174,176,177,178,179,180,181,182,183,184,253,254,255,256,257,269,270,271,272,273,274,275,276,277,278,279,280,282,283,284,286,296,297,298,299,302,342,353,354,356,397,398,399,400,402,422,423,425,426,427,428,429,430,431,432
G9HS63_Q8N5F4	0.125	0.6111111111111112	169,170,171,172,174,175,177,178,179	19,20,21,22,23,24,25,26,27,28,53,55,61,62,63,65,66,68,71,78,80,84,89,91,93,102,104,106,107,109,110,111,112,113,114,116,117,118,119,122,124,126,127,128,134,136,137,138,139,140,141,142,143,144,153,155,156,157,158,159,160,181,182,183,184,185,186,187,191,192,193,195,196,197,199,201,228,229,230
D1MPH2_Q6IPQ0	0.0	0.0	92,93,94	20,21,22,23,24,25,27,29,30,32,38,56,96,114,118,119,120,121,122,123,124,125,126,127,128,129,130,131,132,133,137,139,140,141,142,143,144,145,146,147,154,156,158,160,161,162,163,187,198,200,202,231,232
C5MK56_P03206	0.1111111111111111	0.6206896551724138	24,25,26,28,29,30,31,32,33,34,35,36,37,38,39,40,41,42,43,44,45,46,47,48,49,50,51,52,53,54,55,56,57,58,59,60,61,62,67,68,69,70,71,74,82,83,84,85,86,87,88,89,90,91,92,93,95,96,97,98,99,100,101,102,103,104,105,106,107,108,109,110,111,113,114,115,116,117,118,119,120,121,122,123,124,125,136,137,138,139,140,141,142,143,144,145,146,158,161,162,164,165,168,169,170,172,173,175,179,182,186,189,190,193,194,197,198,201,211,212,213,214,215,216,217,225,227,228,229,240,241,252,253,254,255,256,257,258,259,260,261,262,263,264,265,266,267,269,270,271,272,273,274,275,276,277,278,279,285,296,298	53
P10845_P60880	0.43478260869565216	0.24	0,1,2,3,4,5,6,7,8,10,24,25,49,50,63,64,65,66,67,68,69,70,71,72,100,101,102,104,105,137,165,166,167,169,170,171,172,173,174,175,176,177,179,182,184,186,206,207,208,209,210,211,212,230,300	145,147,148,151,169,176,183,187,190,191,193,197,201,202
P01903_Q52T95	0.008264462809917356	0.3333333333333333	28,29,30,31,32,33,34,35,36,37,38,39,45,46,47,48,49,50,51,52,53,54,55,56,57,67,68,69,70,71,72,73,74,75,76,77,78,79,81,82,83,85,86,88,89,90,92,93,95,96,97,99,100,101,102,103,104,105,106,113,114,115,116,117,118,119,120,121,122,123,124,130,132,133,134,135,136,137,138,139,140,141,142,158,159,160,161,162,163,164,165,166,167,168,169,170,171,172,173,174,188,190,192,193,194,195,196	14,37,38,39,40,192,193,195,196,197,198,199,200,201
P13688_Q8GDI6	0.3	0.7058823529411765	34,35,36,38,39,40,41,42,43,44,45,46,47,48,51,53,55,56,62,63,64,65,66,67,68,69,70,71,72,73,76,77,80,82,83,84,85,86,87,88,89,90,91,92,93,94,95,97,107,109,110,122,124,125,126,127,128,129,130	75,77,78,81,84,85,95,96,97,98,99,118,119,122,123,125,126,127,129,130,131,132,133,134,135,136,137,155,156,157,158,159,160,207,209,210,211,226,227,258,259,261,262,263,264,265,278,292,295,348,351,352,355,408,410,421,422,425,426,428,429
P03300_Q9H3P7	0.2153846153846154	0.23728813559322035		365,366,367,368,369,370,371,372,373,374,375,376,377,378,379,382,398,399,400,403,405,420,421,422,423,424,425,431,473,474,475,476,477,478,479,480,481,482,483,484,485,486,487,488,489,491,494,495,496,497,498,506,508,510,511,512,514,515,516,517,518,520,522,524,527
P61077_Q99PZ6	0.08196721311475409	0.2857142857142857	1,4,19,24,25,26,27,29,30,31,33,35,37,38,39,40,41,42,43,44,50,52,54,55,56,57,58,59,60,61,64,65,67,68,69,71,73,85,86,87,88,89,91,92,94,99,100,102,103,104,107,108,109,110,111,112,113,114,115,116,117,118,119,120,121,122,124,126,127,136,139,140,143,144,146	25,27,30,31,34,35,36,37,39,41,51,52,53,54,55,56,57,58,59,60,63,64,67,85,86,87,88,89,90,127,130,131,134,136,137,138,139,140,158,159,170,171,173,174,177,178,181
A0A2A4GXB5_P05164	0.14009661835748793	0.46774193548387094	27,28,29,30,31,32,33,34,35,36,37,38,39,40,41,42,43,45,46,47,49,50,51,52,53,54,55,56,57,58,59,63,66,67,70,75,76,78,79,81,82,85,86,88,90,91,92,93,94,95,96	169,178,180,181,182,183,184,185,186,196,199,200,201,202,203,204,205,206,207,208,209,210,211,212,213,214,216,217,218,227,256,257,258,259,260,261,262,263,264,265,266,267,268,269,270,331,332,334,335,336,337,338,339,340,341,342,343,344,345,391,403,404,420,442,443,446,453,457,468,469,472,473,481,482,483,484,485,486,487,488,490,491,494,495,497,498,499,501,502,503,505,547,550,551,552,553,554,555,556,557,558,559,587,588,591,592,593,595,596,598,599,613,620,621,623,624,626,627,630,637,638,639,640,641,642,643,644,645,646,647,648,649,650,651,652,660,663,667,695,696,697,698,699,700,716,717,718,719,720,721,722,723,724,725,726,727
Q9BXH1_Q9DHU6	0.3163265306122449	0.6595744680851063	129,130,131,132,133,134,135,137,138,139,141,142,144,145,146,148,149,150,151,152,153,154	2,7,11,15,19,23,24,26,27,28,30,31,32,34,35,38,42,46,47,49,50,51,53,54,57,58,61,64,84,85,86,87,88,89,90,91,93,94,95,97,98,101,102,104,105,106,107,109,113,114,115,116,117,118,120,121,124,125,126,127,128,129,130,131,132,133,134,135,136,137,138,139,140,141,142,143
P68036_Q3YTH2	0.09433962264150944	0.2777777777777778	22,23,24,25,26,27,28,35,41,42,43,44,45,46,47,51,53,61,62,63,64,65,66,68,76,77,78,79,80,81,82,83,84,85,86,87,94,95,96,97,98,99,101,102,104,105,108,109,112,121,122,126,129,132,140,146,148,149,150	25,27,30,31,34,35,36,37,39,41,51,52,53,54,55,56,57,58,59,60,63,64,67,85,86,87,88,89,90,127,130,131,134,136,137,138,139,140,158,159,170,171,173,174,177,178,181
O14646_Q38SQ2	0.13559322033898305	0.47058823529411764	269,270,271,272,274,275,277,278,279,280,281,282,283,284,311,320,321,324,325,326,327,328,329,330,331,351,353,354,368,369,370,371,372,373,374,376,377,378,380,384,388,389,392,393,394,396,397,398,399,400,401,439,440,441	223,224,226,227,228
A0A129J378_Q9GZQ8	0.038461538461538464	0.18181818181818182	13,16	25,26,27,28,29,46,47,48,49,50,51,52,53,54,55,56,57,58,59,60,61,65,68,69,72,75,76,77,78,79,81,82,83,85,86,87,88,89,90,91,92,93,96,112,114,115,116,117,118,119
P03407_P08631	0.2909090909090909	0.5161290322580645	62,64,65,66,67,68,69,70,71,72,73,74,75,76,77,78,79,80,81,82,84,85,88,89,91,92,93,95,96,97,98,101,102,103,104,105,106,107,108,109,110,111,112,113,114,115,116,117,118,119,120,121,122,123,124,125,126,127,128,129,130,132,134,135,136,137,150,151,152,155,173,174,176,177,178,181,192,195,196,197,199,200,201,202,204,205,206,208	134,135,136,137,138,170,173,174,175,176,177,178,179,180,182,184,186,212,214,216,217,230
Q5ZUV9_Q9GZQ8	0.050359712230215826	0.35	41,42,43,44,45,53,55,65,66,68,69,72,73,76,77,78,79,82,91,92,93,125,126,127,128,129,130,131,132,133,135,136,137,139,140,143,144,147,151,166,167,168,169,170,171,186,187,188,189,191,192,193,194,195,196,197,198,199,200,201,202,203,204,205,206,207,208,209,210,211,212,213,214,215,216,217,218,220,221,224,225,250,253,254,347,348,350,358,359,403	25,26,27,28,29,46,47,48,49,50,51,52,53,54,55,56,57,58,59,60,61,65,68,69,72,75,76,77,78,79,81,82,83,85,86,87,88,89,90,91,92,93,96,112,114,115,116,117,118
O00629_P0C1C7	0.4461538461538462	0.8405797101449275	78,82,83,84,85,86,88,89,92,93,95,96,97,99,100,101,102,103,107,129,132,133,136,139,140,143,144,145,146,147,150,153,162,166,167,168,169,170,171,173,174,175,177,178,179,180,181,182,183,184,185,186,187,188,217,221,224,225,228,229,230,231,256,263,266,267,269,270,271,272,273,274,298,305,309,310,311,312,313,314,315,316,340,342,343,344,350,351,352,353,354,355,356,357,384,385,386,388,389,392,393,394,395,396,397,398,399,473	421,422,423,424,425,426,427,428,429,430,431,432,433,434,435,436,437,438,439,441,442,443
P01892_Q03463	0.1437125748502994	0.8	24,25,26,27,28,29,30,31,32,33,34,35,36,37,38,39,40,41,44,45,46,47,48,49,50,51,52,53,54,55,56,57,58,59,60,61,62,67,68,69,70,71,77,78,80,81,82,83,84,85,86,87,88,89,90,91,92,93,94,95,96,97,98,99,100,101,102,103,104,105,106,107,108,109,110,111,115,116,117,118,119,120,121,122,123,124,125,136,137,138,139,140,141,142,143,144,145,146,147,158,161,162,165,168,169,170,172,179,182,186,190,193,194,197,200,201,212,213,214,215,216,217,225,227,228,229,231,240,241,242,252,253,254,255,256,257,258,259,260,261,262,263,264,265,266,267,269,270,271,272,273,274,275,276,277,278,279,285,296,298	1072,1073,1074,1075,1076,1077,1078
P0C1C7_P31947	0.16216216216216217	0.631578947368421	445,446,447,448,449	48,49,52,54,55,56,58,59,62,63,65,66,67,69,70,137,139,140,141,144,147,150,151,154,158,162,163,164,165,166,167,168,170,171,176,179,180,181,183,184,185,186,187,188,190,191,194,195,198,199,201,202,205,206,209,210,212,213,216,217,219,220,223,224,226,227,228,229,230
P78423_Q7TDW8	0.22	0.4782608695652174	31,32,33,35,36,37,38,39,40,44,46,47,49,50,51,52,53,54,65,71	174,175,176,177,178,179,180,181,183,198,200,223,226,288,289,290,291,292,293,294,307,309,310,311,312,313,314,315,316,317
P0ABE7_P50052	0.021352313167259787	0.6666666666666666	30,31,34,35,37,38,39,41,46,47,50,51,53,54,55,57,58,89,90,92,93,94,96,97,99,100,101,103,104,105,106,108,109,111,112,113,114	34,35,36,37,38,39,40,41,43,44,46,47,50,51,53,54,57,58,60,61,64,65,67,68,69,71,72,73,74,75,76,77,78,79,80,81,82,83,84,85,87,88,89,90,91,92,94,95,97,98,99,101,102,103,104,105,106,107,108,109,110,111,112,113,114,115,117,118,119,121,122,124,125,126,128,129,132,133,135,136,137,139,140,141,142,143,144,145,146,147,148,149,150,151,152,153,154,155,156,157,158,160,161,162,164,165,166,167,168,169,171,172,173,174,175,176,177,178,179,180,181,182,183,184,185,186,187,188,189,191,192,193,194,195,196,197,198,199,200,201,202,203,204,205,206,208,209,210,211,212,213,215,216,217,219,220,223,226,227,230,231,233,234,236,237,238,239,240,241,242,243,244,245,246,247,248,249,250,251,252,253,254,255,256,257,258,259,260,261,262,263,264,265,266,267,268,269,270,271,272,273,274,275,276,277,278,280,281,282,283,284,285,286,287,288,290,291,294,295,297,298,299,301,305,309,312,315,319,320,322,323,324,325,326,327,329,330,333,334,335,336,337,338,339
P13051_P14739	0.41304347826086957	0.8085106382978723	100,104,131,138,152,153,154,155,156,157,158,159,177,180,183,184,187,188,218,219,220,221,222,223,224,225,226,227,228,255,256,258,259,260,277,278,279,280,281,282,283,284	18,19,20,22,23,24,25,26,27,29,30,31,32,33,42,43,44,45,46,47,48,49,50,51,52,53,55,59,62,63,64,65,66,67,68,69,70,71,72,73,74,75,76,77,78,79,80,81,82,83
O14646_T2F8K6	0.1111111111111111	0.4117647058823529	269,270,271,272,274,275,277,278,279,280,281,282,283,284,311,320,321,324,325,326,327,328,329,330,331,351,353,354,368,369,370,371,372,373,374,376,377,378,380,384,388,389,392,393,394,396,397,398,399,400,401,439,440,441	215,216,217,218,219,220,223,224,226
P01857_P19909	0.16216216216216217	0.20689655172413793	128,130,131,132,133,134,183,185,229,231,232,234,235,236,237,239,246,248,250,252,285,287,289,291,293,312,313,314,315,317,318,320,321,322,324,325	415
P62330_Q7DB50	0.1276595744680851	0.3076923076923077	18,19,20,21,22,23,24,25,26,39,40,41,42,43,44,45,46,47,48,49,50,52,61,103,119,121,122,123,135,140,141,144,149,151,153,169,170,171,172	145,146,147,148,195,196,197,200,201,203,204,207,208,249,250,252,253,254,304,306,307,310,311,313,314,315,316,317,318,319,321,322,323,326,327,328,329,330,331,348,351,352,353,354,355,356,359,363,375,377,378,381,384,386,387
Q96HN0_Q9YIV0	0.23157894736842105	0.88	160,162,163,164,165,166,167,168,170,171,172,173,174,175,176,178,179	0,1,2,3,4,6,7,8,11,33,36,37,40,43,44,46,47,52,53,54,55,56,57,58,59,60,61,62,63,65,66,69,70,72,73,75,76,77,79,80,81,82,83,84,85,86,87,88,89,90,91,92,93,94,95,96,97,98,99,102,110,111,112,113,114,119,121,152,153,154,164,167,190,191,192,193,194,195
P08174_Q9QP24	0.033816425120772944	0.6363636363636364	34,35,36,37,68,69,70,71,72,73,92,95,134,135,136,137,138,139,140,141,142,158,159,160,200,202,204,212,213,214,215,216,217,218,219,220,221,223,225,240,241,242,243,244	10,11,12,13,14,15,16,17,18,19,26,27,28,29,30,31,32,33,34,35,36,37,38,39,40,41,42,43,44,45,46,47,48,49,50,51,52,53,54,55,56,57,58,59,60,61,62,63,64,65,66,67,68,69,70,72,74,75,97,100,101,103,104,105,107,108,109,110,111,112,113,114,115,117,119,121,122,161,165,166,167,168,169,170,171,175,176,177,178,179,180,181,182,183,184,185,187,188,189,191,192,193,194,195,196,197,198,199,200,201,202,203,204,205,206,207,209,240,242,243,244,245,246,247,248,249,250,251,252,253,254,255,256,257,258,259,260,261,262,263,264,265,266,267,268,269,270,271,272,273,274,275,276,277,278,279,280,281,282,283,284,285,286
P08411_Q9UN86	0.22	0.5238095238095238	1784,1785,1786,1787,1788,1789,1790,1791	0,12,16,19,20,23,24,26,27,28,30,31,33,34,35,43,55,57,58,61,62,65,73,75,77,78,79,80,82,83,84,85,90,92,94,96,97,98,99,115,116,132
P01730_Q1PHM6	0.1554054054054054	0.48936170212765956	26,27,29,53,63,64,65,66,67,68,69,70,71,72,73,74,75,76,77,78,79,80,81,82,83,84,85,86,109,111,120,122,123,130,131,133,134,143,145,146,147,148,149,176,199	84,85,86,87,89,90,91,92,93,94,95,96,97,98,101,102,105,108,109,110,111,112,113,114,115,119,192,193,194,195,196,197,198,199,200,201,202,209,211,212,215,218,222,226,228,229,233,235,236,238,239,241,243,244,245,246,247,248,249,250,251,253,255,256,257,258,259,260,268,269,270,271,272,292,430,433,452,453,454,455,456,457,458,459,460,467,468,469,470,471,472,473,474,475,476,477,480,481,482,483,484,485,491
P02679_Q2G015	0.2926829268292683	0.2926829268292683	424,425,426,431,432	255,290,291,292,293,335,445,446,447,448,449,450,451,452,497,499,509,511,512,513,514,515,516,517,529,530,531,532,533,534,535,536,541,542,543,544
P04229_P04664	0.24705882352941178	0.7	29,30,31,32,33,34,36,37,39,40,41,42,43,44,45,46,47,48,49,50,57,58,59,60,61,62,63,64,76,79,80,81,82,83,84,85,88,89,92,99,102,105,106,107,108,109,110,111,112,113,114,116,117,118,121,130,131,132,133,144,146,148,149,150,151,152,175,176,177,178,179,180,181,184,202,204,211,213,217	305,306,307,314,315,317
P30460_Q3KST2	0.1411764705882353	0.7272727272727273	24,25,26,28,29,30,31,32,33,34,35,36,37,38,39,40,41,42,43,44,45,46,47,48,49,50,51,52,53,54,55,56,57,58,59,60,61,62,67,68,69,70,71,72,74,82,83,84,85,86,87,88,89,90,91,92,93,94,95,96,97,98,99,100,101,102,103,104,105,106,107,108,109,110,111,112,113,114,115,116,117,118,119,120,121,122,123,124,125,136,137,138,139,140,141,142,143,144,145,146,157,158,161,162,164,165,166,168,169,170,171,172,173,175,179,182,186,190,193,194,197,198,201,211,212,213,214,215,216,217,225,227,228,229,240,252,253,254,255,256,257,258,259,260,261,262,263,264,265,266,267,269,270,271,272,273,274,275,276,277,278,279,283,285,296,297,298,299,300	329
P0DP24_Q5ZTK6	0.15023474178403756	0.3018867924528302	33,34,36,37,38,39,40,41,42,43,44,45,47,48,51,77,78,81,82,83,84,86,89,90,92,93,94,106,109,110,113,114,117,118,122,125,126,129,130,131,132,133,137,138,139,141,142,145,146	111,112,113,114,115,118,119,121,161,163,165,166,169,172,173,175,176,179,180,181,182,183,184,185,186,187,188,189,191,192,195,233,235,236,271,274,275,278,279,281,282,283,284,305,306,307,308,309,310,311,312,313,314,315,316,339,340,341,342,343,344,345,347,424,426,427,430,478,485,486,488,490,492,493,494,512,513,514,515,516,517,518,519,583,584,585,586,587,588,589,590,591,592,608,609,610,611,612,613,614,615,616,617,618,619,620,621,622,623,624,625,626,627,628,629,644,647,648,651,652,653,654,679,680,681,682,683,684,731,777,780,781,784,785,788,802,803,804,806,807,808,809,810,811,812,813,814,815,816,817,818,819,820,832,833,835,838,839,841,842,843,845,846,848
P05534_Q9YYU3	0.17088607594936708	0.6923076923076923	24,25,26,27,28,29,30,31,32,33,34,35,36,37,38,39,40,41,44,45,46,47,48,49,50,51,52,53,54,55,56,57,58,59,60,61,62,68,69,70,71,74,77,78,82,83,85,86,87,89,90,91,92,93,95,96,97,100,102,103,104,105,106,107,108,109,110,111,114,115,116,117,118,119,120,121,122,123,124,125,136,137,138,139,140,141,142,143,144,145,146,158,161,162,165,166,168,169,170,172,175,179,180,182,186,190,193,194,197,198,200,201,202,211,212,213,214,215,216,217,225,227,228,229,240,241,252,253,254,255,256,257,258,259,260,261,262,263,264,265,266,267,269,270,271,273,274,275,276,277,278,279,283,285,296,297	142,143
P01024_Q931M7	0.10579345088161209	0.45161290322580644	22,23,24,31,34,46,47,134,135,136,137,138,147,152,153,154,155,156,157,158,195,196,197,198,199,200,201,202,204,206,208,220,240,243,245,246,251,253,255,257,258,259,260,261,262,263,265,267,269,271,275,280,281,282,284,285,288,289,298,300,302,303,304,332,333,334,335,338,339,341,342,343,358,360,361,362,372,374,376,377,378,379,380,381,382,384,405,407,409,446,447,448,449,450,460,461,462,463,465,466,467,468,469,471,495,496,497,498,501,537,538,539,540,541,542,543,572,573,574,602,606,616,617,620,621,622,623,624,625,626,627,628,629,632,633,634,636,637,639,640,641,642,643,644,645,646,647,648,649,651,653,654,655,656,657,658,659,664,665,666,763,765,769,773,799,800,811,812,827,833,835,836,837,838,839,840,841,842,843,844,845,847,849,851,852,853,854,869,870,871,872,873,874,875,888,889,890,891,892,893,894,916,917,918,919,920,921,971,972,973,974,1007,1008,1009,1010,1011,1012,1050,1052,1053,1054,1055,1057,1058,1059,1060,1061,1062,1063,1065,1066,1068,1069,1070,1079,1082,1083,1086,1087,1089,1090,1091,1092,1093,1094,1095,1193,1217,1218,1219,1220,1221,1222,1223,1224,1225,1226,1227,1228,1229,1230,1233,1234,1237,1241,1259,1260,1261,1262,1263,1264,1265,1266,1267,1268,1269,1296,1298,1312,1313,1314,1316,1317,1318,1319,1320,1321,1322,1323,1324,1340,1342,1344,1346,1347,1348,1424,1425,1426,1427,1429,1430,1431,1432,1433,1434,1435,1446,1448,1449,1472,1473,1474,1475,1476,1477,1479,1480,1481,1482,1604,1606,1607,1608,1609,1610,1631,1632,1633,1657,1658,1659,1661,1662	32,34,35,36,38,39,41,42,45,46,48,49,52,53,55,56,58,59,61,62,65,66,67,68,69,70,71,72,73,74,75,76,77,78,79,80,81,82,83,84,85,86,87,88,89,90,91,92,93,94,95,96,97,99,100,101,102,104,106,107,108,111,115
P01730_Q0ED31	0.13953488372093023	0.48	25,26,27,29,53,63,64,65,66,67,68,69,70,71,72,73,74,75,76,77,78,79,80,81,82,83,84,85,86,109,111,120,122,123,130,131,133,134,143,145,146,147,148,149,176,199,201	42,43,44,57,58,59,60,61,62,63,64,65,66,67,68,69,70,72,73,74,75,76,77,78,79,80,81,82,83,84,85,86,88,89,90,92,93,95,96,97,108,111,112,113,115,200,201,203,204,207,208,214,215,217,218,232,233,234,235,236,237,238,239,241,242,244,245,247,249,250,252,253,254,255,256,263,264,265,266,267,272,274,276,299,300,301,302,330,332,334,348,352,395,443,446,447,448,449,450,451,452,453,454,458,459,460,461,462,463,464,465,466,467,468,469,470,471,472,473,474,475,476,477,483,485
B7UI21_Q13158	0.12121212121212122	0.1568627450980392	36,37,168,169,171,172,173,175,176,177,178,179,180,181,182,183,184,185,186,187,188,233,235,236,242,245,260,261,262,263,264,267,270,271,274,291,292,297,298,299,300,303,315,317,318,319,320,321,322,323,324,325,326,327,328	107,150,151,152,153,154,169,170,171,174,178
B7UM99_P16333	0.25	0.37037037037037035	469,470,473,474,477,478,479,480	280,281,282,283,284,285,286,287,288,289,290,293,296,297,298,310,313,330,332,334,335,336,337,356,357,359,360,372,373,374,375,376
Q15843_Q63KH5	0.3673469387755102	0.32142857142857145	0,1,3,5,12,13,15,22,23,26,39,41,44,45,46,47,48,49,50,51,58,65,66,67,69,70,71,72	78,79,80,145,146,147,148,149,150,151,152,153,154,206,207,208,209,211,318,322,325
O43521_O57173	0.3472222222222222	0.6097560975609756	142,143,144,145,146,147,148,149,150,151,152,153,154,155,156,157,158,161,162	51,52,53,54,55,56,57,58,59,60,62,63,64,66,67,68,70,71,73,74,75,78,79,86,90,93,94,97,98,99,100,101,105,107,108,111,112,113,114,115,116,117,118,119,130,131,134,163,166,167,169,170,171
P03366_P43629	0.03614457831325301	0.5	239,240,241,243,244,245,247,248	26,27,28,29,30,31,32,33,34,35,36,37,38,39,40,41,42,43,44,45,46,47,49,50,51,58,60,61,62,63,64,67,68,69,70,71,72,73,74,75,80,81,82,83,84,92,93,95,97,98,99,100,101,102,103,104,105,108,113,115,117,128,129,130,131,132,134,135,138,140,142,144,146,147,148,149,150,151,153,155,163,164,165,166,167,168,169,170,171,178,179,180,181,182,183,184,185,186,187,188,189,190,191,192,193,194,195,196,197,198,199,200,201,202,203,204,205,206,207,208,209,210,211,213,215,226,228,229,230,231,232,234,235,240,242,244,246,249,251,253,264,265,268,269,270,280,289,290,291,293,294,295,296,297,309,310,311,313
P13198_Q13114	0.20967741935483872	0.5909090909090909	203,204,205,206,207,208,209	392,393,394,395,396,397,399,400,402,403,404,406,407,409,410,411,413,414,416,420,448,449,452,456,458,459,460,461,462,463,464,465,466,467,468,469,470,471,496,498,499,500,501,502,503,504,505,506,507,508,509,510,527,529,530
P63000_Q51451	0.2558139534883721	0.38596491228070173	18,21,22,23,24,25,26,27,28,29,30,31,32,33,34,35,36,37,38,39,40,41,42,43,44,45,46,47,48,51,52,53,54,55,56,67,68,69,81,82,83,84,85,86,87,88,89,90,91,93,115,119,151,152,153,154,155,157,158,159,160,161,162,163,165,169,170,173	98,99,102,103,105,106,107,109,110,111,112,113,114,115,116,117,118,120
P63000_Q05608	0.1130952380952381	0.3064516129032258	18,21,22,23,24,25,26,27,28,29,30,31,32,33,34,35,36,37,38,39,40,41,42,43,44,45,46,47,48,51,52,53,54,55,56,67,68,69,81,82,83,84,85,86,87,88,89,90,91,93,115,119,151,152,153,154,155,157,158,159,160,161,162,163,165,169,170,173,176,177,178	457,461,531,532,533,534,535,536,537,538,539,540,541,543,544,545,546,547,548,550,551,555,556,558,559,560,562,563,566,624,627,628,631,635,638,641,642,644,645,646,647,656,659,660,661,662,663,664,665,666,667,668,669,670,671,672,673,674,683,684,685,687,688,690,691,692,693,694,695,696,697,698,699,700,701,702,703,704,705,706,708,709,710,712,713,715,716,719,720,722,723,724,726,727,728,730,731
P0DOX7_P17763	0.038461538461538464	0.17647058823529413	31,33,35,37,38,39,40,41,42,43,44,45,48,58,59,60,84,86,88,92,97,98,99,113,115,116,117,118,119,120,121,122,123,128,130,132,134,136,137,138,139,157,158,159,160,161,162,163,164,165,166,167,168,169,170,171,173,175,177,179,198	592,593,613,627,628,629,630,631,632,633,649,650,651,654,656,670,671
P05362_Q7T7N6	0.03225806451612903	0.4230769230769231	27,29,31,33,34,46,48,50,60,61,62,63,64,65,66,67,90,92,94,96,97,98,99,100,101,102,103,104,105,119,120,121,122,123,124,125,126,135,137,138,139,140,171,173,175,176,177,178,184,186,188,190,192,193,194,195,196,197,198,199,200,201,202,203,204,205,206,207,208,209,210,212,213,214,215,216,217,218,219,220,221,222,223,224,225,226,227,228,229,230,231,233,235,237,238,239,240,241,246,248,250,252,253,254,255,256,257,258,259,260,261,262,263,264,265,266,267,268,272,274,276,277,278,279,280,286,288,290,292,293,294,295,296,297,298,299,300,301,315,317,318,354,356,357,358,359,360,361,362,363,364,366,369,371,373,375,377,378,379,380,381,382,383,390,392,393,394,395,396,409,410,411,412,413,414,415,417,419,421,429,431,432,433,434,436,442,443,445,447,448,449,450,451,455,457,459,461,462,463,464,472,474,475,476	82,83,86,87,88,147,149,152,183,184,185,186,187,198,210,212,213,214,215,216,217,218,229,231,259,261,262,263,265,266,267,268,269,270,271,284,306,307,308,309,310,311,312,313,314,316,324,325,327,328,329,331,332,333,386,388,389,390,391,392,393,394,395,396,406,407,409,433,444,445,446,448,450,454,456,458,460,461,462,463,464,465,466,492,495,496,497,498,499,500,501,502,504,506,508,509,510,511,512,513,514,515,516,517,536,537,538,539,540,541,542,543,544,545,546,548,550,552,554,557,558,559,560,561,562,563,564,565,566,567,568,569,570,571,572,573,574
P01889_P12478	0.15976331360946747	0.9310344827586207	24,25,26,27,28,29,30,31,32,33,34,35,36,37,38,39,40,41,42,43,44,45,46,47,48,49,50,51,52,53,54,55,56,57,58,59,60,61,62,67,68,69,70,71,74,81,82,83,84,85,86,87,88,89,90,91,92,93,95,96,97,98,99,100,101,102,103,104,105,106,107,108,109,110,111,112,113,114,115,116,117,118,119,120,121,122,123,124,125,136,137,138,139,140,141,142,143,144,145,146,157,158,161,162,165,168,169,170,172,173,175,179,182,186,190,193,194,197,198,201,213,214,215,216,217,225,227,228,229,251,252,253,254,255,256,257,258,259,260,261,262,263,264,265,266,267,269,270,271,272,273,274,275,276,277,278,279,283,285,296,298	77,78,79,80,81,82,84,85
P01903_P0A0L3	0.062146892655367235	0.4074074074074074	28,29,30,31,32,33,34,35,36,37,38,39,45,46,47,48,49,50,51,52,53,54,55,56,57,67,68,69,70,71,72,73,74,75,76,77,78,79,81,82,83,85,86,88,89,90,92,93,95,96,97,99,100,101,102,103,104,105,106,113,114,115,116,117,118,119,120,121,122,123,124,130,132,133,134,135,136,137,138,139,140,141,142,158,159,160,161,162,163,164,165,166,167,168,169,170,171,172,173,174,188,190,192,193,194,195,196	30,31,32,33,35,36,38,39,40,41,42,43,44,45,46,47,49,50,51,52,53,58,59,60,61,62,63,64,65,67,68,70,98,99,102,106,107,109,111,114,138,160,184,187,188,190,191,192,194,195,196,197,198,200,201,202,237,238,239,241,242,243,244,245,246,247,248,249,250,252
P03172_Q15223	0.23076923076923078	0.5274725274725275	51,52,60,61,63,69,70,72,73,80,81,82,83,84,85,86,87,88,89,90,91,92,94,96,100,102,103,104,106,107,108,109,110,111,112,113,114,115,140,141,143,144,145,146,147,150,158,160,161,162,163,164,165,166,167,168,169,170,178,181,182,183,185,187,189,191,193,195,196,197,198,199,200,202,204,206,208,209,210,211,212,213,214,215,216,217,218,219,220,221,222,223,224,225,226,227,228,232,239,240,241,242,243,244,245,246,248,253,257,258,261,265,266,267,268,269,270,271,272,273,274,275,276,277,278	39,41,42,43,44,45,46,47,49,56,80,81,82,83,84,85,86,87,88,99,100,101,102,104,125,126,127,128,129,130,131,132,133,142,152,153,154,155,156,157,159,170,172,174,175,176,177,189,190,191,192,193,194,195,198,211,226,228,229,230,231,232,233,234,235,236,237,238,239,241,243,253,255,256,257,258,306,307,308,309,310,312,334
P0CG48_Q99PZ6	0.24705882352941178	0.525	608,609,611,613,621,623,625,638,639,640,641,642,649,650,651,652,653,654,655,656,657,658,659,661,662,663,664,665,666,667,668,669,670,671,675,677,679,681	25,27,30,31,34,35,36,37,39,41,51,52,53,54,55,56,57,58,59,60,63,64,67,85,86,87,88,89,90,127,130,131,134,136,137,138,139,140,158,159,170,171,173,174,177,178,181
P0CG48_Q66431	0.3888888888888889	0.45652173913043476	608,609,611,613,621,623,625,638,639,640,641,642,649,650,651,652,653,654,655,656,657,658,659,661,662,663,664,665,666,667,668,669,670,671,675,677,679,681	76,77,79,80,81,82,123,124,125,126,127,146,147,148,149,150
O89343_P52799	0.2839506172839506	0.323943661971831	240,241,242,243,244,245,246,273,274,275,276,277,278,279,280,302,303,376,396,399,400,401,402,403,433,434,457,500,527,528,529,530,584,585,586,587,588,590,591,600,601,602	27,28,29,30,31,32,33,34,35,36,37,50,51,52,53,54,55,56,57,58,60,78,96,97,98,99,100,101,102,141,142,143,144,145,146,147,148,151,153
D4QGA2_Q14108	0.040229885057471264	0.22580645161290322	79,82,83,85,86,87,88,95,98,99,103,120,123,151,152,182,183,184,185,186,187,198,207,250,251,252,253,254,255,256,257,287,291,292,293,294,309,310,312,313,314,316,317,320	39,40,42,43,44,46,47,48,51,52,53,54,55,56,57,64,66,67,68,69,70,71,72,73,74,75,76,85,88,89,90,91,92,93,94,95,96,97,98,99,100,101,102,103,104,105,106,107,117,119,120,121,122,123,124,125,126,127,128,129,131,133,143,144,145,149,150,152,153,154,157,158,160,161,162,163,164,183,186,266,268,269,270,271,272,274,277,281,283,284,286,287,288,289,290,291,292,293,359,360,361,362,363,367,369,370,371,372,373,375,382,383,386,387,389,390,392,393,409,410,411,412,413,414,415,416,417,418,423,427
A9PKC6_Q16630	0.18181818181818182	0.5714285714285714	41,42,43,44,45,46,47,48,49,50,52,53,56,79,81,82,84,85,88,89,103,105,106,107,108,109,110,112,113,114,115,116,117,128,129,130,131,132,133,134,135,136,137,138,139,140,141,143,144,145,148,151,170,171,172,173,174,175,176,177	275,276,277,278,279,281
P04003_W0T1Y4	0.16279069767441862	0.2413793103448276	48,49,50,51,54,56,57,61,98,100,102,144,146,148,161,163,164,165,166,167,168,169,170,171	54,56,57,58,60,61,64,65,67,68,70,71,72,74,75,77,78,81,82
P62820_Q5ZSQ3	0.34782608695652173	0.3595505617977528	2,3,4,5,6,7,8,9,10,11,12,13,14,15,16,17,18,19,20,21,22,23,24,25,27,29,31,32,33,34,35,38,39,42,43,45,64,66,67,68,69,71,73,74,75,76,77,78,79,80,81,82,83,84,98,120,121,122,123,124,125,126,127,128,129,130,131,135,139,142,150,151,152,153,154	241,245,263,264,267,344,345,347,351,463,464,465,467,468,471,472,486
P0A6A8_Q9HD34	0.24742268041237114	0.8275862068965517	1,3,4,7,8,10,11,12,14,15,16,17,18,19,22,25,26,28,29,30,31,32,33,34,35,36,37,38,39,40,41,42,43,44,45,47,48,49,52,53,54,55,56,57,58,60,61,62,63,64,65,66,67,69,70,71,73,74,75,76	9,12,13,16,17,20,21,23,24,25,26,28,32,36,40,43,44,60,61,64,67,68,70,71,72,73,74,75,76,77,78,79,80,81,82,83,84
P61586_Q8KNY0	0.3163265306122449	0.5535714285714286	8,9,10,11,12,13,14,15,16,17,18,33,34,35,36,37,38,39,40,41,42,53,54,55,57,58,59,60,62,69,70,71,72,73,74,75,89,132,133,153,155,157,159,160,161,162,163	31,37,38,41,42,45,46,48,49,51,55,56,58,59,60,61,62,63,64,65,66,67,69,72,73,76,83,99,101,102,105,106,107,108,109,110,111,135,136,137,139,141,143,145,146,147,148,149,150,178,180
Q16611_Q85295	0.36363636363636365	0.6486486486486487	70,71,74,75,78,79,80,81,82,83,84,85,86,87,88,89,90,91	1,2,3,4,21,23,24,26,27,28,30,31,34,35,36,37,38,39,40,41,42,43,44,45,46,47,49,50,51,52,53,54,66,69,73,98,103,105,106,107,108,109,110,112,123,124,125,127
P12493_P49790	0.13513513513513514	0.1388888888888889	209,210,212,213,214,215,216,218,226,228,229,231,232,233,234,235,236,237,238,239,240,241,243,244,245,247,248,249,250,251,252,270,271,272,273,274,347	
A0A376KDN7_P00748	0.19047619047619047	0.2857142857142857	26,90,91,94,95,98,99,100,358,359,360,362,363,365,366,367,369,370,371,372,373,374,375,376,377,378,379,380	357,358,359,360,361,373,376,377,451,452,453,454,455,479,480,482,483,487,488,489,490,492,495,496,504,506,508,512,513,516,517,519,520,522,552,553,554,555,585,586,587,588,591,592,600,601,602,603,604,605,607,608,609,611,612,614
P01903_P04664	0.23684210526315788	0.7941176470588235	27,28,29,30,31,32,33,34,35,36,37,38,39,45,46,47,48,49,50,51,52,53,54,55,56,57,67,68,69,70,71,72,73,74,75,76,77,78,79,81,82,83,85,86,88,89,90,92,93,95,96,97,99,100,101,102,103,104,105,106,113,114,115,116,117,118,119,120,121,122,123,124,130,132,133,134,135,136,137,138,139,140,141,142,158,159,160,161,162,163,164,165,166,167,168,169,170,171,172,173,174,188,190,192,193,194,195,196	305,306,307,314,315,317
P18465_Q70XD7	0.12179487179487179	0.59375	24,25,26,27,28,29,30,31,32,33,34,35,36,37,38,39,40,41,42,43,44,45,46,47,48,49,50,51,52,53,54,55,56,57,58,59,60,61,62,67,68,69,70,71,74,77,78,80,81,82,83,85,86,87,88,89,90,91,92,93,95,96,97,98,100,101,102,103,104,105,106,107,108,109,110,111,114,115,116,117,118,119,120,121,122,123,124,125,134,136,137,138,139,140,141,142,143,144,145,146,161,162,165,168,169,170,172,173,175,179,182,186,190,193,194,197,198,213,214,215,216,225,227,228,229,240,252,253,254,255,256,257,258,259,260,261,262,263,264,265,266,267,269,270,271,272,273,274,275,276,277,278,279,283,285,296	
P03300_P15151	0.1201923076923077	0.5102040816326531	73,74,75,76,77,78,79,82,85,86,88,92,94,95,181,182,183,184,185,186,187,188,190,191,193,195,196,197,198,199,200,201,202,203,204,205,206,207,208,209,210,211,212,213,214,229,230,231,232,233,234,235,236,237,238,247,248,259,262,265,266,268,269,270,271,280,302,306,307,308,309,310,311,312,314,324,325,327,328,329,345,348,350,351,352,353,354,355,356,357,358,359,360,361,362,363,364,365,366,367,368,369,370,371,372,373,381,382,383,385,386,388,389,390,391,392,394,426,428,429,430,431,432,433,434,445,446,449,450,451,452,453,455,457,459,461,462,464,465,466,467,483,493,494,496,497,498,499,500,501,502,503,505,507,509,510,511,513,514,515,516,537,538,539,540,541,542,543,544,545,546,547,549,551,553,555,556,557,558,559,560,561,562,563,564,565,566,567,568,569,570,571,572,573,574,575,601,602,603,604,605,606,627,628,629,630,631,632,647,648,649,650,651,652,687,691,692,693,694,695,697,698,702,745,746,747,748,749,750,751,752,753,754,773,775,776,777,779,783,786,787,788,792,794,795,796,797,798,849,850,851,852,853,854,855,856,857,858,859,860,861,862,863,864,865,866,867,868,869,870,871,872,873,874,875,876,877,878,879,880	27,28,29,30,31,33,34,35,36,37,38,39,40,41,42,47,49,59,61,62,63,64,65,66,67,68,75,77,78,79,80,81,82,83,84,92,94,96,97,98,99,100,103,108,110,123,125,126,127,128,129,130,131,132,139,141,152,154,164,166,170,171,172,173,175,177,179,181,182,183,184,185,186,187,188,189,190,202,204,206,208,210,211,212,219,221,223,225,231,232,234,236,238,240,250,252,255,262,264,266,268,269,270,271,272,273,274,275,276,277,278,279,280,281,282,287,288,290,297,299,310,312,313,314,315,316,317,318,319,320,325,327,329,330,331,332
Q9H2E6_V5T923	0.027586206896551724	0.11764705882352941	21,24,25,27,28,29,30,31,32,33,34,35,36,37,38,39,40,41,42,43,53,54,55,57,58,59,61,62,72,152,153,154,155,156,157,158,159,160,161,162,163,197,198,200,201,202,203,214,217,218,219,220,221,259,260,261,262,274,277,281,353,354,355,356,357,358,359,360,361,362,363,364,370,371,372,373,374,375,376,377,389,390,392,393,394,395,396,423,424,425,426,427,428,429,430,431,432,452,453,458,459,460,461,462,463,464,465,466,467,508,536,537,538,539,540,557,558,560,561,562,564	1418,1420,1421,1422,1423,1444,1448,1510,1526,1527,1528,1529,1530,1531,1532,1565,1566,1567,1568,1569,1596,1597,1598,1599
P08581_P25147	0.05732484076433121	0.06818181818181818	135,136,137,141,142,169,170,171,172,173,200,201,202,203,204,226,227,228,229,230,283,284,285,286,287,288,350,351,352,353,354,355,356,357,406,422,423,424,425,428,432,433,434,457,458,459,460,461,462,463,465,475,477,479,489,490,491,492,493,494,495,496,500,505,506,507,508,509,510,511,512,513,514,515,516,517,520,532,533,534,535,536,537,539,573,574,575,576,577,578,579,581,585,603,604,606,607,608,624,625,627,633,634,635,636,638,647,648,649,650,651,652,653,664,665,666,667,668,669,673,675,698,699,700,703,705,707,708,709,710,711,712,713,714,724,726,727,729,730,731,732,733,734	259,261,262,279,281,298,299,300,301,302,315,317,318,319
O41925_P47992	0.2676056338028169	0.38	58,60,61,62,63,117,118,119,120,121,122,123,164,165,166,168,178,180,182,183,184,185,327,328,329,330,331,332,333,334,335,404,405	27,28,29,30,31,32,33,34,35,36,37,38,39,41,43,44,45,46,47,48,49,50,51,52,53,54,59,60,63,64,65,66,67,82,85,86,90,92
P10844_P21579	0.03076923076923077	0.12121212121212122	541,543,600,601,602,603,604,605,606,621,622,625,628,629,630,631,632,633,634,635,682,685,708,712,760,865,866,868,869,870,871,872,873,874,875,876,877,878,879,880,915,916,917,918,919,920,921,922,941,942,943,944,945,946,975,977,978,979,980,1009,1103,1104,1105,1106,1107,1108,1131,1132,1133,1134,1135,1136,1140,1147,1149,1151,1152,1153,1155,1171,1172,1173,1183,1184,1200,1201,1202,1203,1204,1205,1206,1207,1208,1209,1210,1211,1212,1218,1221,1222,1228,1229,1230,1231,1232,1233,1234,1247,1249,1250,1251,1260,1261,1262,1263,1268,1271,1272,1273,1274,1275,1276,1277,1278,1279,1280,1281,1282,1283,1284	
P06210_P15151	0.12130177514792899	0.4880952380952381	82,86,88,183,184,185,186,187,198,200,203,204,205,206,207,208,209,211,213,230,231,258,261,264,265,267,268,269,270,276,279,280,301,303,304,305,306,307,308,309,310,311,312,313,314,315,317,319,323,324,326,328,346,347,350,352,353,354,355,356,357,358,359,360,361,362,363,364,365,366,367,368,369,370,371,372,373,378,380,381,382,384,385,387,388,389,390,391,393,425,427,428,429,430,431,432,433,445,448,450,452,454,456,458,460,461,462,463,464,465,466,479,481,482,485,489,492,493,495,496,497,498,499,500,502,504,506,508,509,510,511,512,513,514,515,536,537,538,539,540,541,542,543,544,545,546,548,550,552,554,556,557,558,559,560,561,562,563,564,565,566,567,568,569,570,571,572,573,574,602,624,626,629,631,647,648,649,650,651,653,655,686,688,690,691,692,693,694,696,697,700,701,745,746,747,748,750,785,786,787,790,791,792,793,794,795,796,797,798,806,807,808,809,810,811,812,813,814,849,850,851,852,853,854,855,856,857,858,859,860,861,862,863,864,865,866,867,868,869,870,871,872,873,874,875,876,877,878	29,30,31,33,34,35,36,37,38,39,40,41,42,47,49,59,61,62,63,64,65,66,67,68,75,77,78,79,80,81,82,83,84,92,94,96,97,98,99,100,103,108,110,123,125,126,127,128,129,130,131,132,139,141,152,154,164,166,170,171,172,173,175,177,179,181,182,183,184,185,186,188,189,190,202,204,206,208,210,211,212,219,221,223,225,231,232,234,238,240
O00499_Q8JUX6	0.2926829268292683	0.48	513,525,566,567,569,570,571,572,573,574,575,576,577,578,579,580,581,582,583,584,585,588,589,590	1727,1728,1729,1730,1731,1732,1733,1734,1735,1736,1737,1738,1739,1740,1741,1742,1743
P00747_P17811	0.1282051282051282	0.25	584	39,41,42,46,47,48,49,50,51,52,53,54,55,56,57,58,59,60,61,62,63,118,119,120,121,178,179,180,181,255,256,272,273,307,308,309,310,311
Q06124_Q9RF15	0.5294117647058824	0.2903225806451613	2,3,4,39,56,65,88,89,90,137,165	1032,1033,1034,1035,1036,1037
P80098_Q2F862	0.23076923076923078	0.6122448979591837	31,32,33,34,35,36,37,38,39,40,41,42,43,44,45,46,47,48,49,50,51,52,53,54,55,56,57,58,59,60,61,62,64,65,66,68,71,72,73,74,75,76,77,78,79,83,85,86,88,89,90	26,27,28,45,49,51,52,53,54,55,56,57,58,59,60,61,62,63,65,67,68,69,70,71,72,73,83,84,85,86,87,88,90,92,93,95,97,99,101,103,104,105,106,107,108,109,110,111,112,113,114,115,116,117,128,131,132,133,134,135,136,137,138,162,163,164,165,166,167,168,169,170,171,172,221,223,225,226,227
P0CG48_P19811	0.15384615384615385	0.45161290322580644	608,609,611,613,621,623,625,638,639,640,641,642,649,650,651,652,653,654,655,656,657,658,659,661,662,663,664,665,666,667,668,669,670,671,675,677,679,681	262,263,264,265,266,271,272,274,275,276,277,283,289,290,292,293,299,306,307,319,320,322,323,324,336,337,338,339,340,341,342,343,344,345,346,347,348,349,350,351,352,353,354,355,356,357,358,380,382,383,384,385,386
A8CDU0_P01903	0.18181818181818182	0.6666666666666666	58,59	27,28,29,30,31,32,33,34,35,36,37,38,39,45,46,47,48,49,50,51,52,53,54,55,56,57,67,68,69,70,71,72,73,74,75,76,77,78,79,81,82,83,85,86,88,89,90,92,93,95,96,97,99,100,101,102,103,104,105,106,113,114,115,116,117,118,119,120,121,122,123,124,130,132,133,134,135,136,137,138,139,140,141,142,158,159,160,161,162,163,164,165,166,167,168,169,170,171,172,173,174,188,190,192,193,194,195,196
P01903_Q03909	0.19444444444444445	0.6176470588235294	27,28,29,30,31,32,33,34,35,36,37,38,39,45,46,47,48,49,50,51,52,53,54,55,56,57,67,68,69,70,71,72,73,74,75,76,77,78,79,81,82,83,85,86,88,89,90,92,93,95,96,97,99,100,101,102,103,104,105,106,113,114,115,116,117,118,119,120,121,122,123,124,130,132,133,134,135,136,137,138,139,140,141,142,158,159,160,161,162,163,164,165,166,167,168,169,170,171,172,173,174,188,190,192,193,194,195,196	
P62979_Q5ZTL4	0.30275229357798167	0.44	1,3,5,38,39,41,43,45,46,47,48,49,50,51,53,54,57,65,67,69,71	6,7,25,26,27,28,29,30,31,32,33,34,35,36,37,38,39,40,41,42,43,44,45,46,62,65,66,67,68,71,125,126,127,162,165,169,171,178,181,185,186,187,188,189,190,192,194,217,218,219,220,221,222,224,225,226,227,229,231,233,235,237,238,239,240,241,242,243,244,245,246,249,251,253,255,256,257,258,260,261,262,263,264,265,266,267,268,269
O60885_Q8UN00	0.3333333333333333	0.43243243243243246	606,607,608,609,610,611,615,618,622,623,631,633,634,637,638,639,640,641,642,643,644,645,646,647,648,649,650,651,652,653,654,655,656,657,658,659,660,661,662,663,664,665,667,668,669,672,673,675	
A7UPX0_S6B2B6	0.07758620689655173	0.5294117647058824	17,18,46,49,50,51,52,53,54,72,73,74,75,76,77,78,85,86,87,88,102,160,161,177,178,179,213,215,216,217,218,219,220,245,249,250,251,252,253,254,256,278,279,280,281,282,284,308,310,311,328,333,334,335,336,337,338	19,22,52,54,56,57,58,59,65,66,67,68,69,70,73,75,78,79,80,83,86,88,90,124,128,129,131,132,134,151,152,153,154,155,156,157,158,159,160,168,170,172,174,175,176,195,196,197,198,199,200,201,202,203,204,208,210,212,214
P03126_Q96QZ7	0.42857142857142855	0.40540540540540543	147,148,149,150,151,152,153,154,155,156	473,475,476,479,503,505,522,523,524,546,547,548,550,551,553,556,558,559,560,561,562,563,564,565,566
C5MK56_Q1HVF7	0.15204678362573099	0.9285714285714286	24,25,26,28,29,30,31,32,33,34,35,36,37,38,39,40,41,42,43,44,45,46,47,48,49,50,51,52,53,54,55,56,57,58,59,60,61,62,67,68,69,70,71,74,82,83,84,85,86,87,88,89,90,91,92,93,95,96,97,98,99,100,101,102,103,104,105,106,107,108,109,110,111,113,114,115,116,117,118,119,120,121,122,123,124,125,136,137,138,139,140,141,142,143,144,145,146,158,161,162,164,165,168,169,170,172,173,175,179,182,186,189,190,193,194,197,198,201,211,212,213,214,215,216,217,225,227,228,229,240,241,252,253,254,255,256,257,258,259,260,261,262,263,264,265,266,267,269,270,271,272,273,274,275,276,277,278,279,285,296,298	406,407,408,409,410,411,412,413,414,416
P02751_P14738	0.4883720930232558	0.2608695652173913	92,93,109,110,111,112,113,114,115,116,117,118,119,121,123,125,129,131,133,138,139,141,142,145,146,165,167,169,171,183,184,186,187,188,193,195,198,199,201,207,209,211,213,215,217,219,221,227,228,229,231,232,233,234,236,237,238,240,243,244,246,247,248,256,258,260,261,262,263,264,266,268,270,271,272,273	507,525,526,527,528,529,530,531,533,648
Q31610_T2D0U8	0.16184971098265896	0.9655172413793104	24,25,26,27,28,29,30,31,32,33,34,35,36,37,38,39,40,41,42,43,44,45,46,47,48,49,50,51,52,53,54,55,56,57,58,59,60,61,62,67,68,69,70,71,74,82,83,84,85,86,87,88,89,90,91,92,93,95,96,97,98,99,100,101,102,103,104,105,106,107,108,109,110,111,112,113,114,115,116,117,118,119,120,121,122,123,124,125,136,137,138,139,140,141,142,143,144,145,146,157,161,164,165,168,169,170,171,172,173,174,175,176,179,180,182,186,190,193,194,197,211,212,213,214,215,216,217,225,227,228,229,240,241,242,251,252,253,254,255,256,257,258,259,260,261,262,263,264,265,266,267,270,271,273,274,275,276,277,278,279,283,285,296,300	33,34,35,36,37,38,39,40,41
P13645_Q7A382	0.10493827160493827	0.5151515151515151	476,477,478,479,480,481,482,483,484,485,486	211,212,213,224,225,226,227,228,229,230,231,232,233,234,235,239,240,241,242,243,245,246,247,248,249,251,255,257,259,261,262,263,265,266,267,269,271,272,273,276,282,283,285,286,287,288,289,290,291,292,293,294,296,309,311,312,313,314,315,316,317,318,319,321,323,325,327,329,330,331,332,333,334,335,336,338,339,340,342,344,346,347,348,349,350,351,359,361,362,363,366,378,380,381,382,383,384,385,386,387,388,390,394,398,410,412,413,414,415,417,418,419,420,431,434,436,437,438,439,440,441,442,444,445,446,447,448,449,450,451,452,455,470,491,492,493,494,495,497,498,500,501,502,504,505,506,507,508,509,510,511
B0BXR4_P18206	0.6923076923076923	0.1125	821,825,828,832	30,31,34,35,36,37,38,248,252
P03524_P29074	0.4375	0.5185185185185185	511,512,513,514,515,516,517,518,519,520,521,522,523	532,561,563,567,569,571,583,586,587,589,590,591,592,593,594,600,601,602,603
Q56061_Q8IWE5	0.07894736842105263	0.24324324324324326	20,21,22,23,24,25,26,27,28,30,31,32,34,35,38,39,40,41,42,66,67,69,70,73,74,76,77,78,79,80,81,82,86,96,97,98,99,100,101,102,166,167,168,169,199,200,204,218,219,220,221,222,223,224,250,251,252,253,254,255,256,257,258,259,260,262,263,266,267,294,298,302,303,310,314,316,317,318,319,320,321,322,323,324,325,326,327	770,771,772,780,783,784,785,786,795,797,799,800,815,816,817,819,821,822,823,824,855,857,858,859,862,865,869
Q31610_Q70A36	0.1511627906976744	0.9285714285714286	24,25,26,27,28,29,30,31,32,33,34,35,36,37,38,39,40,41,42,43,44,45,46,47,48,49,50,51,52,53,54,55,56,57,58,59,60,61,62,67,68,69,70,71,74,82,83,84,85,86,87,88,89,90,91,92,93,95,96,97,98,99,100,101,102,103,104,105,106,107,108,109,110,111,112,113,114,115,116,117,118,119,120,121,122,123,124,125,136,137,138,139,140,141,142,143,144,145,146,157,161,164,165,168,169,170,171,172,173,174,175,176,180,182,186,190,193,194,197,211,212,213,214,215,216,217,225,227,228,229,240,241,242,251,252,253,254,255,256,257,258,259,260,261,262,263,264,265,266,267,270,271,273,274,275,276,277,278,279,283,285,296,300	66,67,68,69,70,71,72,73,74
Q99IB8_Q9H8S9	0.2988505747126437	0.6046511627906976	2295,2296,2298	52,53,54,55,61,62,64,65,66,68,69,71,72,73,74,75,76,77,79,85,86,87,88,89,90,91,92,93,94,95,98,108,109,110,111,112,113,116,120,145,148,149,152,153,156,159,160,162,163,166,167,170,171,173,174,175,176,177,178,180,181,182,183,184,186,187,190,193,194,196,197,198,199,200,201,202,204,205,206,207,208,209,210,211
Q72497_Q99816	0.3	0.375	452,453,454,455,456,457,458,459,460	10,13,14,15,16,19,41,48,49,50,51,53,55,77,78,79,80,81,82,87,89
P08603_Q19KF7	0.3076923076923077	0.10084033613445378	339,340,341,343,345,361,363,364,367,399,400,401,403,423	54,55,98,99,100,101,102,103,104,105,106,107,127,128,129,192,236,237,238,239,240,241,242,279,280
P06731_Q57254	0.24	0.5294117647058824	34,36,38,42,43,45,51,53,55,62,63,64,65,67,68,69,70,71,73,84,85,86,88,89,90,91,92,93,94,95,97,99,101,102,103,105,107,109,120,122,124,125,126,127,128,129,130	45,46,47,48,49,50,51,52,53,54,66,67,68,69,70,71,72,125,126,127,128,153,154,155,156,157,158,159
P02671_Q7A382	0.06622516556291391	0.30303030303030304		211,212,213,224,225,226,227,228,229,230,231,232,233,234,235,239,240,241,242,243,245,246,247,248,249,251,255,257,259,261,262,263,265,266,267,269,271,272,273,276,282,283,285,286,287,288,289,290,291,292,293,294,296,309,311,312,313,314,315,316,317,318,319,321,323,325,327,329,330,331,332,333,334,335,336,338,339,340,342,344,346,347,348,349,350,351,359,361,362,363,366,378,380,381,382,383,384,385,386,387,388,390,394,398,410,412,413,414,415,417,418,419,420,431,434,436,437,438,439,440,441,442,444,445,446,447,448,449,450,451,452,455,470,491,492,493,494,495,497,498,500,501,502,504,505,506,507,508,509,510,511
P23827_P48740	0.41379310344827586	0.22641509433962265	61,63,65,66,67,68,69,70,71,72,73,74,75,76,77,131,137,159,160,161	638,639,641,643,666,667,672,674,688
P78310_Q64823	0.15217391304347827	0.3684210526315789	18,19,20,21,22,23,24,25,26,27,28,29,30,31,32,33,34,35,36,37,38,39,40,41,42,55,56,57,58,59,60,61,62,63,64,65,66,67,68,69,70,71,72,73,74,75,76,77,78,79,80,81,82,93,95,96,98,103,105,107,108,110,111,112,113,114,116,118,120,122,123,124,125,126,133,135,137	194,206,208,210,211,212,213,214,215,359,360,361,362,363,364
P12504_Q15370	0.12962962962962962	0.5	139,159,160,161,162,172	3,5,7,8,9,10,11,12,13,14,15,16,24,27,42,43,44,45,51,60,61,62,63,64,65,67,69,97,98,99,100,101,102,103,104,105,106,107,108,109,110,111,112,113,114,115,116,117
Q68T42_Q9H3P7	0.2647058823529412	0.2903225806451613	1479,1480	365,366,367,368,369,370,371,372,373,374,375,376,377,378,379,382,398,399,400,403,405,420,421,422,423,424,425,431,472,473,474,475,476,477,478,479,480,481,482,483,484,485,486,487,488,489,491,494,495,496,497,498,506,508,510,511,512,514,515,516,517,518,520,522,524,527
Q66479_Q9H3P7	0.2676056338028169	0.31666666666666665	1477,1478,1479,1480,1481,1482,1492,1495	367,368,369,370,371,372,373,374,375,376,377,378,379,382,398,399,400,403,405,420,421,422,423,424,425,431,473,474,475,476,477,478,479,480,481,482,483,484,485,486,487,488,489,491,494,495,496,497,498,506,508,510,511,512,514,515,516,517,518,520,522,524,527
P04229_P0A0M0	0.056	0.2916666666666667	30,31,32,33,34,36,37,39,40,41,42,43,44,45,46,47,48,49,50,57,58,59,60,61,62,63,64,76,79,80,81,82,83,84,85,88,89,92,99,102,105,106,107,108,109,110,111,112,113,114,116,117,118,121,130,131,132,133,144,146,148,149,150,151,152,175,176,177,178,179,180,181,184,202,204,211,213,217	166,167,168,170,171,172,173,174,175,176,177,178,179,180,181,204,205,206,207,208,209,210,211,212,213,214,215,216,217,218,219,220,221,222,223,224,225,226,227,228,229,231,233,235,236,237,238
P35968_P52584	0.08163265306122448	0.24242424242424243	131,148,150,157,159,161,163,168,179,181,182,185,187,188,189,190,192,217,230,231,232,233,234,236,237,238,239,240,242,244,246,248,250,268,269,270,271,272,273,274,282,283,284,285,286,288,290,292,294,303,305,307,309,311,312,313,314,320,322,324	23,24,25,26,27,28,29,30,31,32,33,38,39,40,41,58,59,60,61,62,63,64,65,66,67,68,69,70,88,89,92,100,101,102,104,106,114,116
P05164_Q2G0X2	0.16901408450704225	0.5217391304347826	169,178,180,181,182,183,184,185,186,196,199,200,201,202,203,204,205,206,207,208,209,210,211,212,213,214,216,217,218,227,256,257,258,259,260,261,262,263,264,265,266,267,268,269,270,271,331,332,334,335,336,337,338,339,340,341,342,343,344,345,391,403,404,420,442,443,446,453,457,468,469,472,473,481,482,483,484,485,486,487,488,490,491,494,495,497,498,499,501,502,503,505,547,550,551,552,553,554,555,556,557,558,559,587,588,591,592,593,595,596,598,599,613,620,621,623,624,626,627,630,637,638,639,640,641,642,643,644,645,646,647,648,649,650,651,652,660,663,667,695,696,697,698,699,700,716,717,718,719,720,721,722,723,724,725,726,727	29,30,31,32,33,34,35,36,37,38,39,40,41,42,43,44,45,46,47,48,49,50,51,52,53,54,55,56,57,58,59,60,61,62,64,65,68,69,72,73,77,78,80,81,83,84,86,87,88,90,92,94,95,96,97,98
P30996_P63027	0.4	0.5205479452054794	22,24,25,27,28,29,30,31,32,33,34,47,48,49,50,51,63,64,66,67,68,69,70,71,73,74,119,121,122,123,168,170,171,172,174,178,179,180,181,182,183,186,214,226,230,233,234,236,237,238,239,240,241,242,243,267,268,269,270,271,272,273,274,362,364,365,369	24,25,26,27,28,29,30,31,33,34,35,37,38,40,41,42,44,45,46,47,48,49,50,51,52,53,55,56
P13645_Q6GDH2	0.13714285714285715	0.631578947368421	498,499,500,501,502,503,504,505,506,507,508,509,510,511	209,210,211,226,227,228,229,230,231,232,233,234,235,236,237,238,239,240,241,243,245,246,247,248,249,250,251,255,257,259,261,262,263,265,266,267,268,269,271,273,276,282,283,284,285,286,287,288,289,290,291,292,293,294,296,309,311,312,313,314,315,316,317,318,319,321,323,325,327,329,330,331,332,333,334,335,336,338,339,340,342,344,346,347,348,349,350,351,352,353,359,360,361,362,363,365,366,367,376,378,380,381,382,383,384,385,386,387,388,390,394,396,398,399,410,412,413,414,415,417,418,419,420,431,434,436,437,438,439,440,441,442,443,444,445,446,447,448,449,450,451,452,453,455,456,458,459,491,492,493,494,495,497,498,501,502,505,506,507,508,509
P18464_P24740	0.09615384615384616	0.5769230769230769	24,25,26,27,28,29,30,31,32,33,34,35,36,37,38,39,40,41,42,43,44,45,46,47,48,49,50,51,52,53,54,55,56,57,58,59,60,61,62,67,68,69,70,71,72,74,77,78,82,83,85,86,87,88,89,90,91,92,93,96,97,100,101,102,103,104,105,106,107,108,110,111,114,115,116,117,118,119,120,121,122,123,124,125,136,137,138,139,140,141,142,143,144,145,146,158,161,162,165,168,169,172,175,179,182,186,190,193,194,197,198,201,211,212,213,214,215,216,225,227,228,229,240,241,252,253,254,255,256,257,258,259,260,261,262,263,264,265,266,267,269,270,271,272,273,274,275,276,277,278,279,283,285,296,298	1173
P84243_Q1HVJ0	0.0661764705882353	0.6	37,38,39,40,41,42,43,44,45,46,47,48,49,50,51,52,53,54,55,56,57,61,63,64,65,66,68,69,70,72,73,74,76,77,78,79,80,81,82,83,84,85,86,87,89,90,93,99,101,102,103,104,105,106,107,108,109,110,111,112,113,115,116,118,120,121,122,123,124,125,126,127,128,129,130,131,132,133,134,135	412,413,414,415,416,417,419,423,424,425,427,428,429,430,431,432,433,434,435,436,437,438,441,443,448,449,450,451,452,455,459,466,467,468,469,470,471,472,473,474,475,489,491,560,561,562,563,564,565,566,575,576,577,578,579,580
P03204_P03989	0.125	0.7142857142857143	257	24,25,26,27,28,29,30,31,32,33,34,35,36,37,38,39,40,41,42,43,44,45,46,47,48,49,50,51,52,53,54,55,56,57,58,59,60,61,62,67,68,69,70,71,74,82,83,85,86,87,88,89,90,91,92,93,94,95,96,97,98,99,100,101,102,103,104,105,106,107,108,109,110,111,112,113,114,115,116,117,118,119,120,121,122,123,125,136,137,138,140,141,142,143,144,145,146,158,161,162,165,168,169,170,172,173,175,178,179,180,182,186,190,193,194,197,198,201,213,214,215,216,217,225,227,228,229,231,252,253,254,255,256,257,258,259,260,261,262,263,264,265,266,267,269,270,271,272,273,274,275,276,277,278,279,283,285,296,298
D0ZRB2_P10599	0.26373626373626374	0.6233766233766234	146,147,150,151,153,154,155,227,228,229,230,232,233,235,236,246,249,250,251,253,254,257,269,270,272,275,277,278,279,332,333,334,335,353,354,356,375,376,377,396,422,423,424,425,426,427,428,429,432,452,453,454,455,456,457,458,459,460,461,462,504,505,506,507,510,536,539,540,541,542,543,544,546,548,550,551,554,555,557,558,561,596,597,606,608,610,612,613,614,615,616,619,620,624,625,626,628,629,630,631,632,633,634,635,636,637,674,679,686,687,707,708,728,729,730,731,732,733,734,735,736,737,738,739,741,742,743,746,747,750,751,753,754,755,756,759,760,762,763,764	20,25,26,27,28,29,30,31,32,33,35,36,38,39,53,55,57,58,59,60,62,63,64,66,67,69,71,72,73,74,75,76,77,78,79,80,81,87,88,89,90,92
Q45894_Q496J9	0.07017543859649122	0.25	874,875,876,877,878,879,880,882,889,890,891,892,893,910,911,928,929,930,931,932,933,934,950,951,952,953,954,955,1021,1022,1023,1088,1090,1091,1092,1093,1184,1185,1186,1187,1212,1213,1214,1215,1216,1217,1218,1219,1221,1223,1225,1228,1230,1231,1233,1235,1237,1239,1241,1249,1250,1251,1252,1253,1254,1255,1256,1263,1264,1265,1266,1267,1268,1269,1270,1276,1277,1278,1280,1282,1285,1286,1287	464,465,466,467,468,469,470,471,472,473,484,485,486,487,488,489,490,500,501,502,503,512,513,515,517,557,558,559,561,562,565
P26664_Q8IUC6	0.10784313725490197	0.6470588235294118	1031,1033,1034,1035,1036,1063,1064,1066,1067,1070,1071,1073,1074,1075,1076,1081,1093,1095,1096,1098,1100,1102,1103,1104,1106,1107,1108,1109,1110,1114,1115,1116,1117,1118,1119,1120,1121,1122,1123,1124,1125,1126,1127,1128,1129,1130,1131,1132,1133,1134,1135,1136,1137,1138,1139,1140,1141,1142,1143,1144,1145,1146,1147,1148,1149,1150,1151,1152,1153,1154,1155,1156,1157,1158,1159,1160,1161,1169,1171,1183,1185,1186,1187,1188,1189,1190,1191,1193,1194,1196,1198,1200,1201,1202,1203,1204,1205	366,367,368,369,370
P03135_Q8IZA0	0.05485232067510549	0.3611111111111111	243,258,259,260,261,262,318,319,320,321,322,323,324,325,326,327,328,329,351,357,358,360,361,362,363,364,365,366,367,368,369,370,392,394,395,396,397,418,419,420,421,423,425,446,447,448,449,450,458,470,471,472,473,474,475,476,483,484,485,486,487,488,489,490,491,492,493,494,495,507,508,509,510,512,513,514,515,516,517,518,520,522,524,525,526,527,547,548,562,563,564,565,566,567,568,569,580,581,582,584,586,587,588,589,590,591,592,593,594,596,597,612,613,614,615,616,617,618,619,622,624,625,626,627,628,629,630,631,632,633,634,635,636,637,638,639,640,642,643,644,645,646,647,648,649,650,651,652,653,654,655,656,657,658,659,660,661,662,663,668,671,672,674,676,691,692,693,694,695,696,697,698,699,700,703,708,709,710,711,712,713,714,715,716,717,718,719,728,729,730,731,732,733,734	403,404,405,406,408,410,412,413,426,427,428,429,430,431,432,433,444,445,446,447,448,449,450,451,452,461,463,465,466,468,475,477,479,481,482,485,486,487,489,491,493,495,498
P01892_P03485	0.13125	0.6363636363636364	24,25,26,27,28,29,30,31,32,33,34,35,36,37,38,39,40,41,44,45,46,47,48,49,50,51,52,53,54,55,56,57,58,59,60,61,62,67,68,69,70,71,77,78,80,81,82,83,84,85,86,87,88,89,90,91,92,93,94,95,96,97,98,99,100,101,102,103,104,105,106,107,108,109,110,111,115,116,117,118,119,120,121,122,123,124,125,136,137,138,139,140,141,142,143,144,145,146,147,158,161,162,165,168,169,170,172,179,182,186,190,193,194,197,200,201,212,213,214,215,216,217,225,227,228,229,231,240,241,242,252,253,254,255,256,257,258,259,260,261,262,263,264,265,266,267,269,270,271,272,273,274,275,276,277,278,279,285,296,298	
P04610_Q92831	0.325	0.5909090909090909	45,46,47,48,49,50,51,52,53,54	719,720,721,722,745,746,747,748,749,750,752,753,754,755,767,768,770,771,804,805,806,807,810,814,817,818,820,821,824,825
H6QM92_P24928	0.045081967213114756	0.2972972972972973	28,29,30,31,32,33,34,50,51,54,55,56,68,69,70,72,73,74,76,77,78,79,80,81,82,83,84,85,87,88,91,92,95,101,103,104,105,106,107,108,109,110,112,122,123,124,125,128,130,131,132,133,135,149,150,164,165,167,168,169,171,172,175,182,206,207,208,209,210,211,212,213,214,215,216,217,218,219,225,227,228,231,241,242,243,244,245,246,248,278,294,295,296,297,298,299,370,371,372,395,396,402,406,410,418,419,420,421,422,423,424,425,438,442,445,446,447,448,450,451,454,455,457,458,461,462,465,468,469,528,529,530,531,532,544,545,546,547,548,549,550,562,563,564,565,566,567,568,569,576,577,581,584,587,588,591,592,594,595,600,601,602,603,604,605,606,607,608,609,610,611,612,613,614,615,616,617,618,619,622,623,624,627,628,629,630,631,632,633,634,635,636,637,638,639,640,641,643,644,645,646,647,648,649,650,651,652,653,654,655,656,657,658,659,660,661,662,663,664,665,666,667,668,672,673,674,675,692,693,695,696,699,700,702,703,704,705,706,707,708,709,710,711,712	
E5LC01_O60885	0.32786885245901637	0.6666666666666666	1087,1090,1091,1094,1095,1096,1097,1098,1099,1100,1101,1102,1103	606,607,608,609,610,611,615,618,622,623,631,633,634,637,638,639,640,641,642,643,644,645,646,647,648,649,650,651,652,653,654,655,656,657,658,659,660,661,662,663,664,665,667,668,669,672,673,675
P01889_Q6SW59	0.16568047337278108	0.875	24,25,26,27,28,29,30,31,32,33,34,35,36,37,38,39,40,41,42,43,44,45,46,47,48,49,50,51,52,53,54,55,56,57,58,59,60,61,62,67,68,69,70,71,74,81,82,83,84,85,86,87,88,89,90,91,92,93,95,96,97,98,99,100,101,102,103,104,105,106,107,108,109,110,111,112,113,114,115,116,117,118,119,120,121,122,123,124,125,136,137,138,139,140,141,142,143,144,145,146,157,158,161,162,165,168,169,170,172,173,175,179,182,186,190,193,194,197,198,201,213,214,215,216,217,225,227,228,229,251,252,253,254,255,256,257,258,259,260,261,262,263,264,265,266,267,269,270,271,272,273,274,275,276,277,278,279,283,285,296,298	264,266,267,268,269,270,272,274
P63104_Q93SQ3	0.13402061855670103	0.38235294117647056	44,45,47,48,49,51,52,53,54,55,56,58,59,60,62,63,65,66,67,68,70,71,73,74,77,80,81,84,88,110,111,112,114,115,117,118,119,121,130,134,135,136,150,153,156,158,160,161,162,163,164,166,167,168,169,170,172,174,177,178,179,181,182,183,184,185,186,189,192,193,195,196,197,199,200,201,203,204,206,207,208,210,211,214,215,217,218,221,222,223,224,225,226,227,228,229	419
B9V0E2_Q8TCD0	0.008064516129032258	0.2	420,421,422,423,424,425,426,427,501,502,503,504,505,506,507,508,509,510,520,521,522,523,524,525,526,527,528,529,530,531,532,533,534,558,559,560,561,562,563,564,565,566,567,603,604,605,606,607,608,609,610,611,612,613,614,615,616,619,621,622,630,631,632,633,635,642,643,644,645,646,648,649,650	24,25,26,27,30,62,69,72,73,76,78,114,119,121,122,123,124,138,140,141,142,143,144,145,146,147,148,155,157,159,161,162,163,164,183,184,185,186,187,188,189,190,191,192,193,194,196,198,200,202,204
P13746_R4P6M5	0.1056338028169014	0.5	24,25,26,28,29,30,31,32,33,34,35,36,37,38,39,40,44,45,46,47,48,49,50,51,52,53,54,55,56,57,58,59,60,61,62,68,69,70,71,82,83,84,85,86,87,88,89,90,91,93,94,95,96,97,98,99,100,101,103,104,105,106,107,108,109,110,111,116,117,118,119,120,121,122,123,124,125,136,137,138,139,140,141,142,143,144,145,146,158,161,162,165,166,168,169,179,182,186,190,193,194,197,213,214,215,216,217,225,227,228,229,240,241,252,253,254,255,256,257,258,259,260,261,262,263,264,265,266,267,269,270,271,272,273,274,275,276,277,278,279,285,296	
P05534_Q9Q5D4	0.12962962962962962	0.7241379310344828	24,25,26,27,28,29,30,31,32,33,34,35,36,37,38,39,40,41,44,45,46,47,48,49,50,51,52,53,54,55,56,57,58,59,60,61,62,68,69,70,71,74,77,78,82,83,85,86,87,89,90,91,92,93,95,96,97,100,102,103,104,105,106,107,108,109,110,111,114,115,116,117,118,119,120,121,122,123,124,125,136,137,138,139,140,141,142,143,144,145,146,158,161,162,165,166,168,169,170,172,175,179,180,182,186,190,193,194,197,198,200,201,202,211,212,213,214,215,216,217,225,227,228,229,240,241,252,253,254,255,256,257,258,259,260,261,262,263,264,265,266,267,269,270,271,273,274,275,276,277,278,279,283,285,296,297	125,126,127,132,133,134
Q08FX8_Q16611	0.25757575757575757	0.5	11,15,18,19,20,21,22,23,25,26,27,28,29,31,32,33,34,35,38,39,40,42,43,46,47,49,54,85,86,87,88,91,95,96,98,99,100,102,103,114,121,122,124,125,126,128,129,132,133,136	70,71,74,75,78,79,80,81,82,83,84,85,86,87,88,89
P05161_Q6TQR6	0.4	0.55	82,84,86,87,88,89,90,91,92,93,94,95,96,98,104,107,119,120,122,124,144,146,148,150,152,153,154,155	12,13,14,15,16,32,34,35,36,37,38,40,74,75,76,77,78,79,80,81,146,147,148,149,150,151,152
F5HF68_Q93009	0.16666666666666666	0.15789473684210525		103,104,105,160,161,168,170,178,179,180,182,191,193,200,201,202,203,204
B2YGA4_P13987	0.1456953642384106	0.3055555555555556	93,94,95,96,97,98,99,100,101,102,103,104,105,106,113,121,123,124,125,126,127,128,129,130,142,143,144,145,146,147,148,149,150,151,186,187,188,189,190,191,192,193,194,195,196,197,198,200,201,203,204,207,208,210,212,214,215,216,217,224,225,226,227,228,229,242,243,245,247,249,251,252,253,254,255,256,257,258,259,260,261,262,270,272,278,280,281,282,283,284,285,286,334,336,339,341,342,343,345,376,378,379,381,387,388,389,390,391,393,406,408,412,424,425,426,427,428,429,430,431,435,437,439,440,441,442,443,444,470,471,472,507	25,26,27,28,50,51,52,53,54,55,56,57,58,59,60,77,78,79,80
O50835_P02751	0.17857142857142858	0.17857142857142858		93,109,110,111,112,113,114,115,116,117,118,119,121,123,125,129,131,133,138,139,141,142,145,146,165,167,169,171
C6UYL8_Q9UQB8	0.15151515151515152	0.43478260869565216	452,453,454,455,456,457,458,459,460,461,462	6,7,9,10,11,13,14,17,21,25,28,29,32,33,35,36,37,39,40,43,44,46,47,57,58,60,61,63,64,65,66,67,68,69,70,73,76,77,80,81,83,84,87,157,158,159,161,162,163,165,166,169,226,230,233
Q6P0Q8_Q8JJY9	0.4166666666666667	0.46875	1098,1099,1123,1126,1127,1128,1129,1130,1131,1133,1151,1162,1163,1165,1170,1171,1174,1178,1179,1182,1190,1191,1192	511,512,513,514,515,516,517,518,519,520,521,522,523
P03205_P04229	0.05	0.18518518518518517	100,102,104,119,120,157,158,159,187,188,196,197,198,199,200,201,203,204,205,206,208,209,210	31,32,33,34,36,37,39,40,41,42,43,44,45,46,47,48,49,50,57,58,59,60,61,62,63,64,76,79,80,81,82,83,84,85,88,89,92,99,102,105,106,107,108,109,110,111,112,113,114,116,117,118,121,130,131,132,133,144,146,148,149,150,151,152,175,176,177,178,179,180,181,184,202,204,211,213,217
P05889_P62937	0.12195121951219512	0.45454545454545453	217,218	0,1,2,4,6,18,20,22,24,40,41,42,43,44,45,46,47,48,50,52,53,54,62,63,64,65,66,67,68,69,70,71,72,73,74,75,76,77,78,79,80,81,82,84,85,86,87,88,89,90,91,92,93,94,95,96,97,98,99,100,101,102,103,104,105,106,107,109,110,117,120,128,130,156,158,159,161,162,163,164
P02679_P14738	0.42105263157894735	0.3333333333333333	423,424,425,426,431,432	265,271,301,303,305,344,348,350,352,364,366,368,369,370,371,372,373,374,375,376,468,470,472,474,475,476,477,478,489,500,501,502
Q8BES6_Q9H3P7	0.35294117647058826	0.42105263157894735	1681,1682,1683	365,366,367,368,369,370,371,372,373,374,375,376,377,378,379,382,398,399,400,403,405,420,421,422,423,424,425,431,473,474,475,476,477,478,479,480,481,482,483,484,485,486,487,488,489,491,494,495,496,497,498,506,508,510,511,512,514,515,516,517,518,520,522,524,527
P08393_Q93009	0.22033898305084745	0.65	616,617,618,619,620,621,622,623,624,625,626,628	554,555,580,581,582,583,584,585,586,587,588,618,620,621,622,623,624,625,626,627,628,629,630,631,632,633,636,689,690,691,692,693,694,696,699,700,703,704,705,706,707,708,709,710,711,736,738,739,740,741,742,743,744,745,746,754,757,761,834,835,837,839,840,841,842,843,844,845,846,847,883,884,885,886,887,888,898,912,913,914,915,916,994,995,996,997,998,999,1000,1001,1002,1003,1004,1005,1043,1044,1045,1046,1047,1048,1049,1050,1051,1052,1081,1082
P17763_S6B291	0.05714285714285714	0.3076923076923077	592,593,613,627,628,629,630,631,632,633,649,650,651,654,656,670,671	50,53,54,55,56,57,58,61,63,64,65,66,67,75,77,78,79,115,117,122,123,125,126,127,144,145,146,147,148,149,150,157,159,161,163,165,166,186,187,188,189,190,191,192,193,194,195,197,199,201,203,205,225
P04862_P42224	0.21311475409836064	0.3170731707317073	112,115,116,118,119,121,124,125,151,154,155,158,159,161,163,164,165,167,168,171,172,173,174,175,209,210,212,213	14,15,18,19,21,22,23,24,26,27,30,31,44,47,55,57,75,76,78,79,80,81,82,83,84,86,87,88,91,92,120,121,122
P01730_Q70145	0.10861423220973783	0.3972602739726027	25,26,27,29,53,63,64,65,66,67,68,69,70,71,72,73,74,75,76,77,78,79,80,81,82,83,84,85,86,109,111,120,122,123,130,131,133,134,143,145,146,147,148,149,176,199,201,203,204,205,206,207,208,209,210,212,219,221,223,225,227,228,229,230,242,243,244,245,246,247,248,250,251,267,268,269,270,272,285,286,287,288,289,290,291,292,312,314,315,316,317,318,319,320,321,322,328,330,342,343,344,345,346,347,348,349,350,351,353,363,364,365,366,367,384,385,386,387	28,31,35,36,37,38,39,40,41,42,43,44,45,47,49,55,58,59,60,61,62,63,64,65,66,67,68,69,70,71,72,73,74,75,76,77,78,79,80,81,82,83,84,86,87,88,90,91,92,93,94,95,96,98,99,100,103,106,107,110,111,113,114,128,192,193,194,195,196,197,199,200,213,214,235,237,238,239,240,241,243,245,246,249,255,259,270,272,273,275,276,294,295,296,297,298,310,312,313,317,318,319,320,321,323,324,326,328,330,331,332,336,352,383,384,386,387,420,421,422,423,424,425,426,427,428,429,430,448,459,460,461,462,463,464,465,466,467,469,470,473,474,476,477,483,485,486,487,488
P0CG47_Q6RCR0	0.10452961672473868	0.3125	152,153,155,157,158,159,160,182,184,199,200,223,225,226,227	20,24,25,27,28,29,30,31,32,33,34,35,36,37,38,39,40,41,58,59,60,61,62,63,64,65,66,86,87,88,89,140,141,142,143,144,146,147,150,151,153,154,157,158,161,162,270,271,368,369,370,371,372,422,423,424,427,428,430,431,432,434,435,436,439,440,443,450,454,547,548,549,550,551,552,553,554,555,556,557,558,559,560,561,569,570,572,573,576,579,580,581,583,585,586,588,589,592,593,594,595,596,597,598,599,611,614,618,627,629,630,631,632,633,634,636,638,717,718,719,753,754,756,757,760,761,763,764,766,767,770,787,791,792,794,795,816,817,818,819,820,821,822,823,824,825,826,827,846,847,848,849,850,851,852,853,854,855,858,870,903,905,906,908,909,910,911,912,913,914,915,918,921,922,925,928,929,932,935,936,939,948,951,955,958,959,962,967,970,979,982,986,990,993,994,997,1000,1001,1003,1004,1005,1006,1007,1008,1009,1010,1011,1012,1013,1015,1016,1018,1019,1021,1022,1025,1026,1027,1030,1031,1032,1033,1034,1036,1037,1038,1039,1040,1041,1044,1045,1047,1048,1049,1053,1056,1069,1073,1076,1080,1083,1084,1086,1087,1090,1091,1094,1095,1098,1101,1102,1105,1108,1109,1112,1113,1116,1119,1120,1123,1124,1127,1130,1134,1137,1140,1141,1144,1147,1148,1151,1155
A0A0E8IWL6_P68871	0.21348314606741572	0.2753623188405797	333,334,335,336,337,338,339,340,341,342,343,348,349,350,352,362,363,364,365,366,367,368,606,607,615,616,618,633,635,636,637,638,639,650,651,652,653,654	26,30,33,35,36,37,39,40,41,43,44,45,46,47,49,66,70,77,91,92,94,95,96,97,98,99,100,101,102,104,105,108,111,112,114,115,116,117,118,119,120,122,123,124,125,127,128,131,132,135,139
P14078_Q99816	0.12903225806451613	0.18181818181818182	126,127,128,129	10,13,14,15,16,19,41,42,43,44,45,46,47,48,49,50,51,53,55,77,78,79,80,81,82,87,89
Q70AA1_Q9MYI6	0.15853658536585366	0.8387096774193549	53,54,55,56,57,58,59,60	24,25,26,27,28,29,30,31,32,33,34,35,36,37,38,39,40,41,42,43,44,45,46,47,48,49,50,51,52,53,54,55,56,57,58,59,60,61,62,67,68,69,70,71,74,77,78,80,81,82,83,85,86,87,88,89,90,91,92,93,95,96,97,98,100,101,102,103,104,105,106,107,108,109,110,111,114,115,116,117,118,119,120,121,122,123,124,125,134,136,137,138,139,140,141,142,143,144,145,146,161,162,165,168,169,170,172,175,179,182,186,190,193,194,197,198,201,213,214,215,216,217,225,227,228,229,240,252,253,254,255,256,257,258,259,260,261,262,263,264,265,266,267,269,270,271,272,273,274,275,276,277,278,279,285,296
O60486_Q8JL80	0.07017543859649122	0.32	36,37,38,39,40,41,42,43,44,45,61,62,63,64,65,66,67,68,69,70,72,73,74,75,76,77,78,92,94,95,96,97,98,99,100,101,102,126,127,128,129,130,142,143,144,145,147,156,157,158,159,160,189,190,191,192,193,194,195,196,197,205,207,208,209,210,211,212,216,217,218,219,239,240,284,331,374,375,383,393,394,395,441,443,444,491,493,494,495,496,497,498,667,669,670,671,672,673,674,675,676,677,678,680,687,688,689,690,691,693,694,695,696,697,698,717,719,721,722,723,724,725,726,727,728,729,730,731,733,741,742,744,761,762,763,764,765,766,767,768,769,770,772,779,780,781,782,783,784,785,786,787,788,792,793,794,795,796,797,798,799,800,801,804,806,808,810,811,812,824,844,846,847,848,849,868,869,870,877,879,905,907,909,927,928,929,930,931,932,933,934	68,69,70,71,72,73,95,96,98,100,104,133,134,135,143,153,155,156,157,158,159,160,161,193,194,195,196,197,198,199,200,282,284,360,363,394,395
P01892_P0C213	0.1	0.5714285714285714	24,25,26,27,28,29,30,31,32,33,34,35,36,37,38,39,40,41,44,45,46,47,48,49,50,51,52,53,54,55,56,57,58,59,60,61,62,67,68,69,70,71,77,78,80,81,82,83,84,85,86,87,88,89,90,91,92,93,94,95,96,97,98,99,100,101,102,103,104,105,106,107,108,109,110,111,115,116,117,118,119,120,121,122,123,124,125,136,137,138,139,140,141,142,143,144,145,146,147,158,161,162,165,168,169,170,172,179,182,186,190,193,194,197,200,201,212,213,214,215,216,217,225,227,228,229,231,240,241,242,252,253,254,255,256,257,258,259,260,261,262,263,264,265,266,267,269,270,271,272,273,274,275,276,277,278,279,285,296,298	
P13423_P58335	0.14285714285714285	0.24561403508771928	96,127,128,129,130,131,132,133,319,372,376,403,431,432,434,435,436,437,438,439,479,481,483,618,620,621,622,623,624,625,626,633,634,635,636,637,638,639,640,641,642,643,644,645,646,647,648,649,651,653,668,670,671,673,716,718,719,720,721,722,747,751,754	45,46,47,49,50,51,52,107,108,109,110,111,112,113,114,115,116,178,179,180,181,182,186,190,192,193,197,199,202,203,206,210,211,214,215
K9N5Q8_P27487	0.08071748878923767	0.35294117647058826	388,400,404,423,425,426,427,428,448,449,450,451,452,490,491,492,493,494,495,496,504,506,507,508,509,510,511,512,513,514,515,518,519,520,521,522,530,531,532,533,534,535,536,537,538,539,540,541,542,543,575,576,578,579,580,581,582,583,584	39,40,72,81,82,83,84,85,100,101,102,116,117,118,119,120,121,122,123,124,125,156,157,158,159,160,161,162,163,165,167,172,174,175,176,177,178,179,200,201,202,203,204,205,221,224,231,233,234,236,238,239,240,241,242,243,244,245,246,252,253,254,255,256,257,258,259,276,277,278,279,280,331,332,333,334,335,336,337,347,482,483,484,485,486,487,488,506,507,508,509,510,511,557,559,561,580,581,582,583,584,585,587,588,591,594,595,621,622,625,626,627,628,629,630,631,633,635,636,637,638,639,640,641,642,643,644,645,647,665,666,667,668,669,670,671,672,673,679,680,681,683,684,686,688,689,705,706,707,708,709,710,711,736,737,738,739,740,741,742,743,744,745,748
O41925_P13500	0.26136363636363635	0.3898305084745763	58,60,61,62,63,117,118,119,120,121,122,123,164,165,166,168,178,180,182,183,184,185,327,328,329,330,331,332,333,334,335,404,405	30,31,32,33,34,35,36,37,38,39,40,41,42,43,44,45,46,47,48,49,50,51,52,53,54,55,56,57,58,59,60,61,62,63,64,65,66,71,72,73,75,76,77,78,79,81,83,84,85,88,89,90,91,92,93
P00747_P15240	0.3380281690140845	0.6857142857142857	565,566,567,568,584,585,586,587,588,589,590,591,605,620,621,624,625,628,639,640,641,655,661,662,663,664,665,667,669,671,672,697,699,701,703,705,706,707,708,709,710,711,712,713,714,716,717,719,721,723,724,725,730,731,732,733,734,735,737,739,740,741,742,743,744,745,746,747,748,749,750,751,752,753,754,755,756,757,758,759,766,777,778,779,780,781,782,783,784,785,786,787,788,792,794,797,801	41,42,43,44,45,46,47,48,49,50,51,52,53,54,55,56,58,59,61,63,64,65,66,67,68,70,71,72,73,74,75,76,77,88,89,92,93,94,95,96,97,98,99,100,118
A0A024R962_O50665	0.2857142857142857	0.13559322033898305	387,389,400,401,402,403,404,406	37,40,41,44,136,139,140,143,147,150,154,155,193,221,222,225,228,229,231,232
D1MPH2_S6B2A6	0.02857142857142857	0.1111111111111111	92,93,94	55,56,57,58,59,60,61,62,63,65,66,71,76,78,89,98,100,113,115,116,117,123,128,129,130,131,132,133,134,135,140,141,142,150,151,152,153,154,155,156,157,158,159,160,161,162,165,167,169,171,173,174,194,195,196,197,198,199,200,201,202,207,209,211,213,244,245
P01903_P04591	0.24545454545454545	0.5625	25,26,27,28,29,30,31,32,33,34,35,36,37,38,39,45,46,47,48,49,50,51,52,53,54,55,56,57,67,68,69,70,71,72,73,74,75,76,77,78,79,81,82,83,85,86,88,89,90,92,93,95,96,97,99,100,101,102,103,104,105,106,113,114,115,116,117,118,119,120,121,122,123,124,130,132,133,134,135,136,137,138,139,140,141,142,158,159,160,161,162,163,164,165,166,167,168,169,170,171,172,173,174,188,190,192,193,194,195,196	
P06492_Q00403	0.5357142857142857	0.35714285714285715	472,473,475,476,477,478,479,480,481,482,483,484,485,486,487,488,489	150,151,153,245,246,247,248,258,271,280,281
P04591_P62937	0.12280701754385964	0.4827586206896552	209,210,212,213,214,215,216,218,226,228,229,231,232,233,234,235,236,237,238,239,240,241,243,244,245,247,248,250,251,252,270,271,272,273,274	1,2,4,6,18,20,22,24,40,41,42,43,44,45,46,47,48,50,52,53,54,62,63,64,65,66,67,68,69,70,71,72,73,74,75,76,77,78,79,80,81,82,84,85,86,87,88,89,90,91,92,93,94,95,96,97,98,99,100,101,102,103,104,105,106,107,109,110,117,120,128,130,156,158,159,161,162,163,164
P03180_Q13651	0.115	0.5897435897435898	33,34,36,37,40,41,44,47,48,49,50,51,52,53,54,57,58,59,63,66,67,69,70,78,81,82,85,86,87,93,94,95,96,98,99,100,101,102,103,105,106,107,109,110,111,112,113,114,115,116,117,118,120,121,138,139,141,142,143,146,147,150,151,154,155,158,159,161,162,166	22,23,24,25,26,27,28,29,30,31,32,33,34,35,36,37,38,39,40,41,42,43,44,45,46,47,48,50,51,52,57,59,60,61,62,63,72,75,76,78,79,80,81,83,84,85,86,87,88,89,90,91,92,93,98,100,101,102,103,104,105,106,107,110,112,113,114,115,116,117,127,128,129,130,131,132,133,139,141,143,145,146,154,155,156,157,158,159,160,161,162,163,164,171,172,173,174,175,177,178,179,180,181,192,193,194,195,196,197,200,201,203,205,206,207,208,209,210,211,212,213,214,216,217,220,221,222,223,224,225
P04229_Q52T95	0.07526881720430108	0.2916666666666667	29,30,31,32,33,34,36,37,39,40,41,42,43,44,45,46,47,48,49,50,57,58,59,60,61,62,63,64,76,79,80,81,82,83,84,85,88,89,92,99,102,105,106,107,108,109,110,111,112,113,114,116,117,118,121,130,131,132,133,144,146,148,149,150,151,152,175,176,177,178,179,180,181,184,202,204,211,213,217	14,37,38,39,40,192,193,195,196,197,198,199,200,201
P01892_P04591	0.09316770186335403	0.6	24,25,26,27,28,29,30,31,32,33,34,35,36,37,38,39,40,41,44,45,46,47,48,49,50,51,52,53,54,55,56,57,58,59,60,61,62,67,68,69,70,71,77,78,80,81,82,83,84,85,86,87,88,89,90,91,92,93,94,95,96,97,98,99,100,101,102,103,104,105,106,107,108,109,110,111,115,116,117,118,119,120,121,122,123,124,125,136,137,138,139,140,141,142,143,144,145,146,147,158,161,162,165,168,169,170,172,179,182,186,190,193,194,197,200,201,212,213,214,215,216,217,225,227,228,229,231,240,241,242,252,253,254,255,256,257,258,259,260,261,262,263,264,265,266,267,269,270,271,272,273,274,275,276,277,278,279,285,296,298,299	
A0A0E8IWL6_P00738	0.05128205128205128	0.4444444444444444	333,334,335,336,337,338,339,340,341,342,343,348,349,350,352,362,363,364,365,366,367,368,606,607,615,616,618,633,635,636,637,638,639,650,651,652,653,654	165,177,179,180,181,182,184,185,201,204,205,207,208,209,211,223,268,269,270,271,272,273,274,275,276,285,286,287,288,289,290,291,292,293,294,296,297,299,363,364
P0C6H2_Q5MAG5	0.14545454545454545	0.8888888888888888	46,47,48,49,50,51,52,53,54	24,25,26,28,29,30,31,32,33,34,35,36,37,38,39,40,44,45,46,47,48,49,50,51,52,53,54,55,56,57,58,59,60,61,62,67,68,69,70,71,77,78,80,81,82,83,84,85,86,87,88,89,90,91,92,93,94,95,96,97,98,99,100,101,102,103,104,105,106,107,108,109,110,111,116,117,118,119,120,121,122,123,124,125,136,137,138,139,140,141,142,143,144,145,146,147,158,161,165,168,169,170,172,179,182,186,190,193,194,197,200,201,212,213,214,215,216,217,225,227,228,229,231,240,241,242,252,253,254,255,256,257,258,259,260,261,262,263,264,265,266,267,269,270,271,272,273,274,275,276,277,278,279,285,296,298
P03230_Q12933	0.26666666666666666	0.5	203,204,205,206,207,208,209	349,392,394,395,396,397,398,399,400,401,402,418,419,420,421,422,423,424,430,432,434,436,437,438,439,440,441,442,443,444,445,447,460,461,462,476,478,480
P89884_Q14457	0.6521739130434783	0.3	52,56,61,62,63,64,65,67,68,69,71,72,75,79,109	104,105,106,107,108,111,114,128
P01730_P20872	0.1566265060240964	0.6046511627906976	26,27,29,53,63,64,65,66,67,68,69,70,71,72,73,74,75,76,77,78,79,80,81,82,83,84,85,86,109,111,120,122,123,143,145,146,147,148,149	45,58,59,60,61,62,63,64,66,67,68,71,72,73,74,75,76,77,78,79,80,81,82,83,84,86,87,89,90,91,92,93,94,95,97,101,103,199,200,201,202,205,206,208,209,218,219,240,241,242,243,244,245,246,247,248,249,250,251,252,253,255,261,264,265,267,268,270,274,276,277,278,289,299,300,324,325,327,328,330,343,347,351,361,362,363,364,365,373,374,375,377,378,379,380,381,394,396,397,398,399,400,401,420,421,423,424,425,427,448,450,451,454,455,457,458,459,460,461,462,463,464,465,467,468,471,472
D3HJY4_P31689	0.06557377049180328	0.8	11,12,13,14,16,17,18,20,45,46,47,48,49,50,58,59,60,61,62,63,64,65,66,67,69,70,73,74,75,76,79,102,103,104,107,110,111,114,117,118,121,122,150,151,152,153,154,155,156,157,158,159,160,161,162,163,164,165,166	379,380
P03211_Q93009	0.38095238095238093	0.4	440,441,442,443,447	103,104,160,161,168,170,178,179,180,182,191,193,200,201,202,203
Q15223_Q69091	0.14634146341463414	0.625	39,41,42,43,44,45,46,47,49,56,80,81,82,83,84,85,86,87,88,99,100,101,102,104,125,126,127,128,129,130,131,132,133,142,152,153,154,155,156,157,159,170,172,174,175,176,177,189,190,191,192,193,194,195,198,211,226,228,229,230,231,232,233,234,235,236,237,238,239,241,243,253,255,256,257,258,306,307,308,309,310,312,334	47,48,50,51,52,59,60,61,63,69,70,71,72,73,82,83,84,85,86,87,88,89,90,91,92,100,102,103,104,106,107,109,110,111,112,113,114,115,136,138,140,141,142,143,144,145,146,147,148,149,150,158,160,161,162,163,164,165,166,167,168,169,170,178,181,182,183,184,185,187,189,191,193,195,196,197,199,200,202,204,206,208,209,210,211,212,213,214,215,216,217,218,219,220,221,222,223,224,225,239,240,241,242,243,244,245,246,247,248,258,261,262,268,269,270,271,272,273,274,275,276,277
P03951_P23827	0.32075471698113206	0.39080459770114945	388,389,390,391,392,393,394,395,396,397,409,410,411,412,413,414,422,423,430,433,434,436,447,449,450,451,452,453,454,455,456,457,458,473,474,475,476,477,503,504,505,506,507,508,509,510,511,512,521,527,528,529,563,564,565,567,594,595,596,597,599,600,601,602,603,604,605,606,607,608,609,610,611,612,613,614,615,616,617,618,619,620,621,622,623,624	61,63,65,66,67,68,69,70,71,72,73,74,75,76,77,131,137,159,160,161
P68036_Q6RCR4	0.24203821656050956	0.5846153846153846	22,23,24,25,26,27,28,35,41,42,43,44,45,46,47,51,53,61,62,63,64,65,66,68,76,77,78,79,80,81,82,83,84,86,87,94,95,96,97,98,99,101,102,104,105,108,109,112,121,122,126,129,132,136,140,146,148,149,150	38,41,42,46,49,50,52,53,54,56,57,58,59,60,61,62,63,132,133,134,135,136,137,138,139,140,141,164,165,166,167,168,169,171,172,173,178,180,185,186,187,188,189,190,191,192,193,194,195,196,198,199,203,206,207,212,275,290,291,293,294,295,296,297,298,299,300,301,307,310,311,314,315,316,317,318,319,320,321,322,323,324,377,378,379,436,439,440,441,442,464,494,496,497,498,499,500,502
P52630_Q32ZE1	0.046822742474916385	0.21875	24,25,26,27,28,29,31,32,75,78,79,81,82,83,84,85,86,87,88,91,145,152,163,166,167,169,170,175,177,236,239,240,242,243,244,246,247,249,250,251,252,255,258,259,262,266,269,316,319,320,321,322,332,334,348,350,361,363,364,365,407,408,409,456,457,458,459,460,461,462,509,600,601,602,603,604,605,606,607,608,609,610,611,612,613,614,615,616,617,618,619,620,621,622,623,624,625,626,628,629,630,631,632,633,634,636,637,638,639,641,645,646,648,649,650,666,667,669,670,671,676,698,699,700,701,702,703	2809,2813,2917,2920,2921,2968,2969,2970,2971,2973,3009,3010,3011,3012,3013,3014,3015,3016,3017,3024,3026,3028,3029,3030,3033,3036,3039,3040,3046,3047,3049,3050,3051,3052,3054,3055,3057,3070,3074,3075,3078,3079,3082,3085,3086,3089,3090,3092,3093,3095,3097,3098,3107,3109,3110,3111,3112,3113,3114,3115,3116,3117,3118,3119,3120,3121,3122,3123,3124,3138,3139,3140,3141,3142,3143,3144,3145,3162,3165,3171,3174,3177,3178,3205,3210,3211,3213,3214,3217,3220,3221,3223,3224,3225,3226,3227,3228,3234,3242,3246,3247,3250,3251,3252,3253,3255,3256,3257,3258,3259,3260,3261,3262,3263,3264,3266,3267,3270,3271,3273,3274,3275,3277,3278,3280,3281,3283,3284,3285,3286,3287,3288,3290,3291,3292,3293,3294,3295,3296,3297,3298,3299,3300,3301,3302,3303,3312,3313,3314,3315,3316,3317,3318,3319,3320,3321,3336,3337,3338,3339,3340,3341,3362,3363,3364,3365,3366,3367,3368,3369,3370,3371
Q76RF1_Q9Y6K9	0.2328767123287671	0.4857142857142857	19,22,23,31,42,45,46,48,49,51,52,53,56,57,60,122,123,134,137,138,139,140,141,142,143,144,145,146,149,152,155,156,158,159,160,161,164	194,195,197,198,201,202,204,205,208,209,211,212,215,216,218,219,222,223,225,226,229,230,232,233,234,236,237,240,241,243,244,245,247,248,251,252
P00734_Q846V4	0.2971014492753623	0.43617021276595747	362,363,364,365,366,367,368,370,427,428,429,430,431,432,433,434,437,448,449,450,451,452,453,454,455,484,485,488,489,492,493,507,508,509,510,511,512,513,514,516,523,524,526,528,564,589,590,591,594,595,599,600,601,602,603,604,605,606,607,608,609,610,611,612,613,615,616,617,618,619,620	12,13,14,15,16,17,18,19,20,21,22,23,25,26,27,29,30,31,32,33,34,36,37,47,49,51,62,66,70,71,74,75,78,79,82,86,89,98,99,100,101,102,103,104,105,106,107,108,109,110,111,182,183,185,186,189,190,192,193,196,197,198,201,203,205,207,208
Q99816_Q9IF21	0.25	0.391304347826087	10,13,14,15,16,19,41,42,43,44,45,46,47,48,49,50,51,53,55,77,78,79,80,81,82,87,89	26,27,28,29,30,31,32,33,34
P19508_Q9Y4B6	0.3392857142857143	0.6551724137931034	4,5,6,7,8,9,10,11,12,13,14,15,16,17,18,19,20,21,23,24,26,27,28,30,31,34,38,43,44,46,47,48,49,50,51,53,54,55,58,59,61,62,63,64,65,66,67,68,69,70,71,72,73,74,75,76,77,78,79,80,81,82,83,84,85,86,87,88,89,99,100,101,102,103,104,105,106,107,108,109,110	1088,1089,1090,1091,1092,1093,1127,1155,1186,1200,1201,1202,1214,1217,1218,1219,1220,1221,1222,1223,1224,1225,1243,1246,1249,1252,1253,1255,1256,1257,1258,1259,1260,1261,1262,1263,1264,1265,1266,1267,1268,1269,1270,1271,1272,1273,1274,1275,1278,1279,1280,1281,1282,1285,1289,1291,1292,1293,1294,1301,1302,1303,1304,1305,1332,1334,1346,1347,1348,1349,1350,1351,1352,1354,1364,1367,1369,1370,1371,1372,1373,1374,1375,1376,1377,1378,1379
A0A0D6HCK9_P11215	0.0	0.0	45,206,207,208,209,210,231,232,233,234,235,236,301,302,303,304,305	242
P05534_Q9YXL6	0.13664596273291926	0.7857142857142857	24,25,26,27,28,29,30,31,32,33,34,35,36,37,38,39,40,41,44,45,46,47,48,49,50,51,52,53,54,55,56,57,58,59,60,61,62,68,69,70,71,74,77,78,82,83,85,86,87,89,90,91,92,93,95,96,97,100,102,103,104,105,106,107,108,109,110,111,114,115,116,117,118,119,120,121,122,123,124,125,136,137,138,139,140,141,142,143,144,145,146,158,161,162,165,166,168,169,170,172,175,179,180,182,186,190,193,194,197,198,200,201,202,211,212,213,214,215,216,217,225,227,228,229,240,241,252,253,254,255,256,257,258,259,260,261,262,263,264,265,266,267,269,270,271,273,274,275,276,277,278,279,283,285,296,297	497,498,502,503,504
P36649_Q00987	0.08771929824561403	0.45454545454545453	141,142,143,144,145,146,147,148,149,150,152,153,172,173,174,175,176,177,178,179,181,183,185,187,195,196,197,198,199,200,201,208,209,219,233,235,236,237,238,239,240,241,242,244,258,259,260,261,262,271,273,275,276,277,278,279,300,301,302,303,304,395,397,398,399,400,401,402,403,404,436,437,438,439,440,441,503,505,506,507,508,509,510,511,512,513,514,515	24,25,26,28,50,54,58,61,64,66,67,68,69,70,71,72,73,75,77,78,79,80,82,83,84,85
P11207_Q16531	0.12806539509536785	0.46078431372549017	9,12,13,16,17,20,24,26,27,28,30,31,32,33,34,35,36,37,38,39,40,41,42,43,44,46,47,49,51,52,102,104,105,106,107,108,109,110,111,112,113,150,151,190,192,193,194,195,196,197,198,199,200,201,202	26,28,29,32,34,35,79,81,82,83,84,85,87,102,104,106,108,110,111,112,113,114,133,135,136,162,164,166,167,168,169,170,171,172,173,174,176,182,187,188,190,191,192,193,195,197,198,199,200,201,202,203,204,205,206,207,208,209,210,211,212,213,214,233,234,241,242,243,244,245,246,247,248,249,250,251,252,256,275,276,277,278,302,303,304,305,306,307,309,311,318,320,326,327,329,330,331,332,334,335,336,345,347,348,349,350,351,352,353,354,355,367,368,369,370,371,372,373,389,390,391,392,393,394,395,396,397,428,429,443,444,445,446,448,451,452,453,454,455,458,461,462,463,464,465,466,467,469,473,476,478,479,480,481,482,483,599,606,607,608,609,610,611,612,625,626,627,628,629,630,631,632,633,634,635,636,638,643,644,645,646,647,649,651,652,653,654,670,671,672,673,674,675,676,677,717,718,719,721,747,748,749,750,751,752,753,754,755,756,757,758,759,760,761,762,763,764,765,766,767,768,769,770,776,777,778,779,780,781,836,837,838,839,840,841,842,843,856,857,858,859,860,861,862,863,864,866,884,885,886,887,888,890,891,900,901,902,903,904,905,906,908,924,925,926,927,928,929,930,943,944,945,946,947,948,949,950,951,952,968,969,970,971,993,994,996,997,998,1001,1002,1028,1029,1031,1032,1033,1035,1047,1069,1072,1073,1076,1115,1116,1117,1118,1119,1120,1121,1136,1137,1138,1139
P04626_P38507	0.032407407407407406	0.22580645161290322	22,23,26,29,30,33,34,36,37,39,40,43,44,47,48,56,58,59,60,62,63,65,66,67,68,69,71,72,74,75,87,88,89,90,91,92,94,96,97,99,100,101,102,103,104,116,117,118,119,120,121,122,132,133,134,135,136,137,138,140,153,154,155,156,157,158,159,162,185,186,187,188,189,190,191,192,193,195,196,197,199,202,204,206,209,210,212,214,215,216,218,225,227,229,230,231,232,233,236,237,255,256,258,259,260,262,306,307,308,316,317,318,319,320,322,323,324,325,342,350,376,377,378,379,380,381,382,383,384,385,408,410,412,413,414,428,429,430,431,432,433,434,435,450,451,455,456,457,458,459,461,462,463,464,466,468,469,485,486,487,488,489,490,491,492,493,494,508,511,512,516,549,550,551,552,553,554,555,557,567,568,569,570,576,588,589,590,591,592,593,594,597,598	218,226,229,232,233,236,240,241,244,247,248,250,251,252,254,255,258,259,261,262,263,264,265
O43521_Q08FX8	0.2878787878787879	0.5588235294117647	145,146,147,148,149,150,151,152,153,154,155,156,157,158,161,162	11,15,18,19,20,21,22,23,25,26,27,28,29,31,32,33,34,35,38,39,40,42,43,46,47,49,54,85,86,87,88,91,95,96,98,99,100,102,103,114,121,122,124,125,126,128,129,132,133,136
P16757_Q29980	0.2	0.4074074074074074	26,27,28,29,30,31,32,40,41,42,43,44,45,46,47,48,49,50,51,52,53,54,55,56,57,58,60,62,80,81,82,92,93,99,100,101,102,103,109,110,111,112,113,114,115,116	23,24,25,26,27,28,29,30,31,32,33,34,35,36,37,38,39,40,41,42,43,45,46,47,49,50,51,53,54,55,57,84,91,94,95,98,101,102,109,110,111,112,113,114,116,117,118,119,120,121,122,123,124,125,126,127,130,131,132,133,134,158,162,173
O95639_P03495	0.27941176470588236	0.475	60,61,62,63,64,65,66,68,69,70,72,86,87,96,98,99,100,101,102,103,115,117	91,92,93,94,95,96,97,98,99,100,101,103,104,106,117,119,120,121,122,123,124,125,149,151,152,155,156,161,162,163,164,185,186,188,189,190,192,194,195,196,197,198,199,200,201,202
P35962_Q8WUM4	0.046875	0.375	481,482,483,484,485,486,487,488,489,490,491	12,13,15,22,23,25,26,27,28,29,30,31,33,34,35,36,37,40,43,44,47,48,50,51,53,54,55,85,103,105,106,107,108,109,110,111,112,113,132,135,136,137,138,139,140,141,143,147,150,161,164,165,167,168,169,170,171,172,173,174,198,201,204,255,258,259,261,262,264,265,266,269,270,271,274,275,277,280,284,311,312,313,314,315,316,318,319,320,321,343,345,346,348,349,360,363,364,367,368,370,371,372,373,374,375,378,381,454,458,461,465,468,472,477,481,484,488,495,502,509,524,526,530,533,534,535,536,537,538,539,540,541,542,562,566,588,589,596,599,600,601,602,603,604,607,608,610,611,615,618,621,622,625,629,632,633,635,636,637,638,639,640,641,642,643,644,645,646,648,649,652,655,656,659,663,673,676,680,683,687,691
P40189_Q98823	0.16216216216216217	0.6666666666666666	23,24,25,26,27,29,52,53,54,55,56,57,58,60,62,63,75,76,77,78,79,80,81,87,89,91,92,93,94,95,96,99,124,125,126,127,128,129,130,132,134,149,160,162,163,165,166,167,168,169,170,171,172,185,186,187,188,189,190,191,192,209,210,212,214,215,216,248,249,301,302,303,304,305,306	29,37,41,81,82,83,84,85,122,123,126,127,129,130,133,136,137,140,141,146,147,148,149,167,168,171,174,175,177,178,180,181,184,185,188,192
P30460_X2G898	0.1411764705882353	0.75	24,25,26,28,29,30,31,32,33,34,35,36,37,38,39,40,41,42,43,44,45,46,47,48,49,50,51,52,53,54,55,56,57,58,59,60,61,62,67,68,69,70,71,72,74,82,83,84,85,86,87,88,89,90,91,92,93,94,95,96,97,98,99,100,101,102,103,104,105,106,107,108,109,110,111,112,113,114,115,116,117,118,119,120,121,122,123,124,125,136,137,138,139,140,141,142,143,144,145,146,157,158,161,162,164,165,166,168,169,170,171,172,173,175,179,182,186,190,193,194,197,198,201,211,212,213,214,215,216,217,225,227,228,229,240,252,253,254,255,256,257,258,259,260,261,262,263,264,265,266,267,269,270,271,272,273,274,275,276,277,278,279,283,285,296,297,298,299	370,375
G9EPL4_P62820	0.24561403508771928	0.5283018867924528	432,433,435,436,437,438,439,440,441,442,443,444,445,446,447,477,481,484,488,491,534,535,537,573,576,579,582,583,586,590,595,600,601,604,605,607,608,609,611,612,614,615,616	6,7,8,9,10,11,12,13,14,15,16,17,18,19,20,21,22,23,24,25,27,29,31,32,33,34,35,38,39,42,43,45,64,66,67,68,69,71,73,74,75,76,77,78,79,80,81,82,83,84,98,120,121,122,123,124,125,126,127,128,129,130,131,135,139,142,150,151,152,153,154
P02751_Q53971	0.5166666666666667	0.5849056603773585	48,49,50,52,53,54,55,56,57,59,60,61,62,63,78,82,89,90,91,92,93,109,110,111,112,113,114,115,116,117,118,119,121,123,125,129,131,133,138,139	1042,1043,1044,1046,1050,1051,1052,1053,1054,1055,1056,1057,1058,1059,1060,1061,1062,1063,1064,1065
A0A1U9IRU2_Q9H6X2	0.0963855421686747	0.41379310344827586	164,165,166,167,168,203,204,205,206,207,274,317,320,321,322,323,324,325,373,374,375,376,377,390,392,394,396,397,398,399,400,401,402,404,406,414,415,417,419,439,440,441,442,443,444,445,446,447,448,449,450,451,452,453,461,462,463,464,465,466,467,468,469,540,545,549,553,555,556,557,558,559,561,574,576,577,578,580,583,587,590,591,592,593,594,595,596,597,599,614,615,616,617,618,619,620,621,622,639,640,648,660,661,662,663,664,686,688,689,690,691,716,717,718,719,720,721,722,723,724,725,726,727,728,729,772,773,774,775,776,777,779,790,791,792,794,853,883,922,923,924,925,926,927,928,929,930	39,45,46,49,50,51,52,53,54,55,56,57,58,59,60,63,64,67,68,70,71,74,84,85,86,87,93,96,102,109,110,111,112,113,114,115,116,120,121,124,125,127,128,129,131,132,133,134,135,136,137,138,139,140,149,150,151,153,154,155,156,157,158,159,161,162,163,165,166,168,169,173,175,180,181,182,183,184,185,186,188,189,190,191,192,193,194,195,196,198,201,202,204,205,208,209,210,211,212,213,216,217
P01889_Q70A36	0.1695906432748538	0.9666666666666667	24,25,26,27,28,29,30,31,32,33,34,35,36,37,38,39,40,41,42,43,44,45,46,47,48,49,50,51,52,53,54,55,56,57,58,59,60,61,62,67,68,69,70,71,74,81,82,83,84,85,86,87,88,89,90,91,92,93,95,96,97,98,99,100,101,102,103,104,105,106,107,108,109,110,111,112,113,114,115,116,117,118,119,120,121,122,123,124,125,136,137,138,139,140,141,142,143,144,145,146,157,158,161,162,165,168,169,170,172,173,175,179,182,186,190,193,194,197,198,201,213,214,215,216,217,225,227,228,229,251,252,253,254,255,256,257,258,259,260,261,262,263,264,265,266,267,269,270,271,272,273,274,275,276,277,278,279,283,285,296,298,299	66,67,68,69,70,71,72,73,74
P78406_Q8B0H7	0.075	0.4	30,31,32,34,35,36,37,38,39,40,42,43,44,45,46,47,48,49,50,51,52,53,54,55,56,57,61,62,66,68,69,75,77,79,87,88,89,90,92,94,95,96,98,99,101,106,107,108,110,111,112,113,114,115,116,117,118,119,120,121,124,126,130,131,133,134,136,137,138,139,140,141,142,143,145,147,149,150,153,155,156,157,158,159,160,161,162,163,164,165,166,167,168,169,170,171,173,176,177,178,179,194,195,196,197,198,199,200,201,202,203,204,205,211,212,213,214,215,228,230,232,233,234,235,236,237,238,240,242,243,255,257,259,260,261,262,268,269,270,271,272,273,276,281,282,283,284,293,295,296,297,298,299,300,301,302,303,304,305,306,308,309,310,311,312,315,316,318,329,331,333,335,336,337,338,339,340,341,342,343,344,345,346,351,353,355,356,358,359,360,362,363,364	53,54,55,56,57,59,60,61,62,64,66,68,92,93,110,111,112,113,114,115,116,117,118,119,129,130,131,133,148,149,150,151,152,153,154,155,171,173,175,177,178,179,180,191,192,193,206
P01892_Q9Q0U7	0.0875	0.56	24,25,26,27,28,29,30,31,32,33,34,35,36,37,38,39,40,41,44,45,46,47,48,49,50,51,52,53,54,55,56,57,58,59,60,61,62,67,68,69,70,71,77,78,80,81,82,83,84,85,86,87,88,89,90,91,92,93,94,95,96,97,98,99,100,101,102,103,104,105,106,107,108,109,110,111,115,116,117,118,119,120,121,122,123,124,125,136,137,138,139,140,141,142,143,144,145,146,147,158,161,162,165,168,169,170,172,179,182,186,190,193,194,197,200,201,212,213,214,215,216,217,225,227,228,229,231,240,241,242,252,253,254,255,256,257,258,259,260,261,262,263,264,265,266,267,269,270,271,272,273,274,275,276,277,278,279,285,296,298	
Q30154_Q8NKX2	0.08904109589041095	0.4642857142857143	32,36,37,38,39,40,41,42,43,44,45,46,47,48,49,50,51,57,58,59,60,61,62,63,64,65,67,76,78,79,80,81,82,83,84,85,88,89,92,102,105,106,107,108,109,110,111,112,113,114,116,117,118,121,130,131,132,144,146,148,149,150,151,152,175,176,177,178,179,180,181,182,183,184,199,202,204,206,209,210,211,212,213,214,215,216,217,218	34,35,36,37,38,39,40,41,42,43,44,45,46,48,50,51,52,53,54,55,65,67,68,69,70,71,72,73,131,133,134,139,140,141,142,143,144,145,147,149,150,151,152,154,156,157,159,161,163,164,165,168,171,173,174,175,176,213
P01730_P35961	0.18562874251497005	0.5	25,26,27,29,53,63,64,65,66,67,68,69,70,71,72,73,74,75,76,77,78,79,80,81,82,83,84,85,86,109,111,120,122,123,130,131,133,134,143,145,146,147,148,149,176,199,201,203,204,205	85,86,87,88,89,90,91,92,93,94,96,97,98,101,105,108,109,112,113,114,115,116,192,193,194,195,196,197,198,199,200,201,209,210,211,212,226,227,233,235,236,237,238,239,240,241,243,273,274,275,292,293,294,295,296,303,305,306,307,308,310,311,313,314,315,316,317,318,319,321,322,324,325,326,327,328,329,330,360,361,362,363,364,365,382,383,384,385,386,387,415,416,417,418,419,420,421,422,423,430,453,454,455,456,457,458,459,460,461,462,463,465,466,467,468,469,470
P16778_Q07812	0.10256410256410256	0.5714285714285714	130,133,134,136,137,138,139,140,141,142,143,144,145,146,147,148,149	0,1,2,3,4,5,6,7,8,9,10,11,12,13,14,15,18,19,72,73,74,76,77,80,102,103,104,105,106,107,110,114,115,118,121,122,125,128,129,132,133,136,163,166,167,168,169,170,172,173,176,177,180,181,183,184,186,187,188,189,190
M4NKV9_Q14332	0.0	0.0	1317,1321,1322,1323,1324,1326,1328,1329,1390,1391,1392,1393,1394,1395,1396,1432,1452,1453,1530,1531,1532,1533,1534,1535,1574,1575,1576,1577,1578,1579,1580,1609,1611,1660,1661,1662,1686,1687,1688,1689,1690,1706,1707,1708,1709,1710,1711,1712,1713,1714,1734,1735,1754,1755,1756,1757,1799	34,35,36,37,38,39,40,41,42,43,44,45,46,47,48,51,53,54,55,56,57,58,59,60,61,62,63,64,67,70,96,97,99,100,101,102,103,104,105,106,107,110,143,148,149,150,151,152,153,154
Q2UW42_S6B291	0.047619047619047616	0.10714285714285714	81,84,85,87,88,90,91,92,94,95,99	54,55,56,57,61,63,64,65,66,69,78,79,113,118,120,122,123,124,125,126,127,144,145,146,147,148,149,150,151,152,153,157,159,161,163,165,166,186,187,188,189,191,192,193,194,195,197,199,201,203,205,225
B0B999_P0CG47	0.3670886075949367	0.43283582089552236	87,93,94,95,97,98,99,101,102,105,114,115,116,117,118,119,120,121,122,123,126,130,132,133,134,135,136,137,191,193,194,195,196,197,198,199,200,221,222,223,224,225,226,294,295,296,297,298,299,300,301,302,303,304,305,328,329,330,331,332,333,334,335,336,337	152,153,155,157,158,159,160,182,184,199,200,223,225,226
Q15843_Q7N439	0.4393939393939394	0.4915254237288136	0,1,3,5,12,13,15,22,23,26,39,41,44,45,46,47,48,49,50,51,58,65,66,67,69,70,71,72,73	78,79,80,81,82,83,117,118,119,120,121,122,123,124,125,126,179,180,181,182,183,184,185,186,208,209,269,270,271,273,274,275,276,277,278,279,281
P26554_Q12959	0.40625	0.4482758620689655	143,144,145,146,147,148,149,150	318,320,322,323,325,326,328,354,360,365,366,367,368,369,379,380,382,384,385,388,402,403,404,405
P0C6H2_Q861F6	0.14792899408284024	0.9615384615384616	46,47,48,49,50,51,52,53,54	1,2,3,4,5,6,7,8,9,10,11,12,13,14,15,16,19,20,21,22,23,24,25,26,27,28,29,30,31,32,33,34,35,36,37,38,42,43,44,45,46,47,52,53,54,57,58,59,60,61,62,64,65,66,67,68,69,71,72,74,75,76,78,79,80,81,82,83,84,85,86,87,93,94,95,96,97,98,99,100,101,113,114,115,116,117,118,119,120,121,122,133,134,136,137,138,140,141,144,145,146,147,148,151,154,155,158,162,166,169,170,173,174,176,177,187,188,189,190,191,192,201,203,204,205,206,207,208,216,217,218,228,229,230,231,232,233,234,235,236,237,238,239,240,241,242,243,246,247,248,249,250,251,252,253,254,255,259,261,263
P0CG47_Q6TQR6	0.4146341463414634	0.4146341463414634	152,153,155,157,158,159,160,182,184,199,200,223,225,226	12,13,14,15,16,32,34,35,36,37,38,40,74,75,76,77,78,79,80,81,146,147,148,149,150,151,152
O00629_P31345	0.3888888888888889	0.5975609756097561	78,82,83,84,85,86,88,89,92,93,95,96,97,99,100,101,102,103,107,129,132,133,136,139,140,143,144,145,146,147,150,153,162,166,167,168,169,170,171,173,174,175,177,178,179,180,181,182,183,184,185,186,187,188,217,221,224,225,228,229,230,231,256,263,266,267,269,270,271,272,273,274,298,305,309,310,311,312,313,314,315,316,340,342,343,344,350,351,352,353,354,355,356,357,384,385,386,388,389,392,393,394,395,396,397,398,399,473	724,727,728,729,730,731,732,734,735,736,751,752,753,754,755,756,757,758
A0A0C5HAL9_O60563	0.37209302325581395	0.4383561643835616	9,10,11,12,13,14,15,16,17,18,19,20,22,31,37,38,39,40,41,42,43,44,45,46,47	24,25,64,65,66,67,68,69,71,72,74,75,76,87,90,92,93,94,95,96,97,98,99,100,101,102,104,105,108,109,112,113,114,131,143,145,146,154,158,161,162,164,165,166,167,168,169,170,171,172,174,189,213,214,215,252,255,256,258,259,260
P69905_Q2FG07	0.16666666666666666	0.21052631578947367	27,30,31,33,34,35,36,37,38,39,40,41,42,43,44,45,46,47,49,58,61,84,88,89,92,93,94,95,96,97,99,100,103,104,106,107,108,110,111,112,113,114,115,116,117,118,119,120,122,123,124,126,127,130,133,134,137,141	333,334,335,336,337,338,339,340,341,342,343,348,349,350,352,362,363,364,365,366,367,368,606,607,615,616,618,633,635,636,637,638,639,650,651,652,653,654
P60953_Q9R8E4	0.2857142857142857	0.4126984126984127	10,11,12,13,14,15,18,21,22,24,25,31,32,33,34,35,36,37,38,39,40,41,42,44,45,46,50,51,53,54,55,56,57,58,59,60,61,63,64,65,67,73,74,75,81,83,84,85,86,87,88,89,119,151,152,153,154,155,156,157,158,159,160,161,162,163,165,169,173,177	63,64,66,67,68,69,71,72,75,96,97,98,99,100,102,124,166,169,170,173,174
P05534_Q9YYU8	0.16666666666666666	0.7714285714285715	24,25,26,27,28,29,30,31,32,33,34,35,36,37,38,39,40,41,44,45,46,47,48,49,50,51,52,53,54,55,56,57,58,59,60,61,62,68,69,70,71,74,77,78,82,83,85,86,87,89,90,91,92,93,95,96,97,100,102,103,104,105,106,107,108,109,110,111,114,115,116,117,118,119,120,121,122,123,124,125,136,137,138,139,140,141,142,143,144,145,146,158,161,162,165,166,168,169,170,172,175,179,180,182,186,190,193,194,197,198,200,201,202,211,212,213,214,215,216,217,225,227,228,229,240,241,252,253,254,255,256,257,258,259,260,261,262,263,264,265,266,267,269,270,271,273,274,275,276,277,278,279,283,285,296,297	133,134,135,136,137,138
P08362_P15529	0.21686746987951808	0.32142857142857145	183,184,185,186,187,188,189,190,191,192,193,194,195,196,198,199,202,206,304,305,306,308,309,329,331,332,333,479,480,481,482,484,485,486,487,488,489,490,491,492,494,585,586,600,601,602,603,604,605	46,47,48,61,64,65,66,67,68,69,70,71,72,73,74,75,76,77,78,87,88,89,90,91,92,131,150,151,152,153,154,155,156,157
O91464_Q9H3P7	0.373134328358209	0.3968253968253968	1653,1654,1655,1656	367,368,369,370,371,372,373,374,375,376,377,378,379,382,398,399,400,403,405,420,421,422,423,424,425,431,473,474,475,476,477,478,479,480,481,482,483,484,485,486,487,488,489,491,494,495,496,497,498,506,508,510,511,512,514,515,516,517,518,520,522,524,527
P05362_V9VEF3	0.06775067750677506	0.4098360655737705	27,29,31,33,34,46,48,50,60,61,62,63,64,65,66,67,90,92,94,96,97,98,99,100,101,102,103,104,105	76,77,78,79,82,83,85,86,92,94,95,97,98,147,149,151,152,179,181,182,183,184,185,186,187,188,189,191,193,195,196,197,198,199,200,201,202,203,204,205,207,208,209,210,211,212,213,214,215,217,218,229,230,231,232,233,234,235,236,237,238,239,240,241,242,243,244,245,246,247,253,258,261,262,264,265,267,268,269,270,276,279,280,297,299,301,302,303,305,306,307,308,309,310,311,312,313,314,315,317,319,323,324,326,327,328,330,331,344,345,346,347,348,349,350,351,352,353,354,355,356,357,358,359,360,361,362,363,364,365,366,367,368,369,370,371,372,373,374,378,380,381,382,384,385,387,388,389,390,391,393,395,404,405,406,407,408,412,423,424,426,427,428,429,430,431,432,433,434,435,440,443,444,447,451,453,455,457,459,460,461,462,463,464,487,488,491,492,494,495,496,497,498,499,500,501,503,505,507,508,509,510,511,512,513,514,515,516,535,536,537,538,539,540,541,542,543,544,545,547,549,551,553,556,557,558,559,560,561,562,563,564,565,566,567,568,569,570,605,606,607,608,609,610,621,622,623,624,625,626,627,628,629,630,631,632,633,647,648,649,650,651,652,691,692,693,694,695,696,697,698,700,701,702,704,705,708,749,750,751,752,753,754,755,768,769,770,771,772,774,775,776,777,779,780,782,786,789,790,793,794,795,796,797,798,799,800,801,837,839,841,848,850,851,852,853,854,855,856,857,858,859,860,861,862,863,864,865,866,867,868,869,870,872,879,880,881,882,883,884
P04439_Q9YYU8	0.15757575757575756	0.8666666666666667	24,25,26,27,28,29,30,31,32,33,34,35,36,37,38,39,40,44,45,46,47,48,49,50,51,52,53,54,55,56,57,58,59,60,61,62,67,68,69,70,71,82,83,84,85,86,87,88,89,90,91,93,94,95,96,97,98,99,100,101,103,104,105,106,107,108,109,110,111,116,117,118,119,120,121,122,123,124,125,136,137,138,139,140,141,142,143,144,145,146,157,158,161,162,165,166,168,169,170,172,179,180,182,186,190,193,194,197,200,201,211,212,213,214,215,216,217,225,227,228,229,231,240,241,242,251,252,253,254,255,256,257,258,259,260,261,262,263,264,265,266,267,269,270,271,273,274,275,276,277,278,279,283,285,296	72,73,74,75,76,77,78,79,80,81
P06463_Q9HD26	0.4722222222222222	0.5666666666666667	148,149,150,151,152,153,154,155,156,157	292,293,294,295,296,297,298,299,300,301,302,303,304,305,306,307,308,324,325,327,328,330,341,342,344,345
O36972_P63098	0.1956521739130435	0.36		9,47,51,52,53,76,91,92,95,96,97,98,99,100,101,102,107,108,109,110,112,113,115,116,119,120,121,124,125,126,127,129,130,131,132,133,134,135,136,137,140,149,150,153,156,159
P62837_Q5X159	0.0784313725490196	0.27586206896551724	0,4,26,31,33,35,37,38,39,40,41,42,50,52,54,55,56,57,58,59,60,61,62,63,64,65,66,67,68,69,71,73,83,85,86,87,88,89,91,92,99,100,102,103,104,105,107,108,109,110,111,112,113,114,115,116,117,118,119,120,121,122,123,124,126,127,138,141,143,144,145,146	16,20,23,24,25,26,27,28,29,50,51,52,53,54,55,56,57,58,74,94,97,98,99,100,101,104,108,112,146,148
K9N7C7_P0CG47	0.28125	0.43902439024390244	1587,1588,1589,1590,1592,1639,1640,1641,1642,1643,1644,1647,1648,1651,1664,1666,1667,1668,1670,1676,1677,1678,1679,1680,1681,1682,1694,1696,1697,1699,1700,1701,1702,1703,1708,1709,1730,1731,1732,1752,1753,1754,1755,1756,1774,1775,1776,1777,1794,1795,1796	155,157,158,159,160,182,184,199,200,223,225,226,227
P01730_Q8Q7Z9	0.14772727272727273	0.43333333333333335	25,26,27,29,53,63,64,65,66,67,68,69,70,71,72,73,74,75,76,77,78,79,80,81,82,83,84,85,86,109,111,120,122,123,130,131,133,134,143,145,146,147,148,149,176,199,201,203,204,205	70,72,73,74,75,78,81,88,89,90,91,92,93,94,95,96,97,98,100,102,104,105,115,116,117,124,127,128,129,130,133,135,136,137,148,151,152,172
P03989_P13285	0.18452380952380953	0.96875	24,25,26,27,28,29,30,31,32,33,34,35,36,37,38,39,40,41,42,43,44,45,46,47,48,49,50,51,52,53,54,55,56,57,58,59,60,61,62,67,68,69,70,71,74,82,83,85,86,87,88,89,90,91,92,93,94,95,96,97,98,99,100,101,102,103,104,105,106,107,108,109,110,111,112,113,114,115,116,117,118,119,120,121,122,123,125,136,137,138,139,140,141,142,143,144,145,146,158,161,162,165,168,169,170,172,173,175,178,179,180,182,186,190,193,194,197,198,201,213,214,215,216,217,225,227,228,229,231,252,253,254,255,256,257,258,259,260,261,262,263,264,265,266,267,269,270,271,272,273,274,275,276,277,278,279,283,285,296,298	235,236,238,239,240,241,242,243
P12493_Q16630	0.2558139534883721	0.3333333333333333	209,210,212,213,214,215,216,218,226,228,229,231,232,233,234,235,236,237,238,239,240,241,243,244,245,247,248,249,250,251,252,270,271,272,273,274,347	275,276,277,278,279,281
P61586_Q9AJW7	0.5764705882352941	0.44144144144144143	8,9,10,11,12,13,14,15,16,17,18,33,34,35,36,37,38,39,40,41,42,53,54,55,57,58,59,60,62,69,70,71,72,73,74,75,89,132,133,153,155,157,159,160,161,162,163	7,8,11,13,53,56,57,58,59,60,61,63,64,84,85,86,87,88,89,112,115,116,119,120,123,124,129,145,146,149,150,153,154,156,157,160,161,162
P17150_Q13651	0.1306532663316583	0.5	52,69,70,71,72,73,74,75,76,77,78,80,81,84,85,88,91,92,95,103,106,107,108,110,111,113,114,115,117,118,119,120,121,122,124,125,127,128,129,130,131,132,133,134,135,136,137,138,139,141,143,145,146,147,148,149,150,152,153,154,156,157,158,160,161,164,165	22,23,24,25,26,27,28,29,30,31,32,33,34,35,36,37,38,39,40,41,42,43,44,45,46,47,48,50,51,52,57,59,60,61,62,63,72,75,76,78,79,80,81,83,84,85,86,87,88,89,90,91,92,93,98,100,101,102,103,104,105,106,107,110,112,113,114,115,116,117,127,128,129,130,131,132,133,139,141,143,145,146,154,155,156,157,158,159,160,161,162,163,164,171,172,173,174,175,177,178,179,180,181,192,193,194,195,196,197,200,201,203,205,206,207,208,209,210,211,212,213,214,216,217,220,221,222,223,224,225,227,228
P69732_Q8WUM4	0.03723404255319149	0.35	455,456,457,458,459,460,461	12,13,15,22,23,25,26,27,28,29,30,31,33,34,35,36,37,40,43,44,47,48,50,51,53,54,55,85,103,105,106,107,108,109,110,111,112,113,132,135,136,137,138,139,140,141,143,147,150,161,164,165,167,168,169,170,171,172,173,174,198,201,204,255,258,259,261,262,264,265,266,269,270,271,274,275,277,280,284,311,312,313,314,315,316,318,319,320,321,343,345,346,348,349,360,363,364,367,368,370,371,372,373,374,375,378,381,454,458,461,465,468,472,477,481,484,488,495,502,509,524,526,530,533,534,535,536,537,538,539,540,541,542,562,566,588,589,596,599,600,601,602,603,604,607,608,610,611,615,618,621,622,625,629,632,633,635,636,637,638,639,640,641,642,643,644,645,646,648,649,652,655,656,659,663,673,676,680,683,687,691
Q2UW42_Q6GMX6	0.05714285714285714	0.18181818181818182	81,84,85,87,88,90,91,92,94,95,99	51,54,56,57,60,61,62,63,64,65,68,70,71,73,75,112,115,116,118,122,123,124,125,126,129,131,143,144,145,146,147,148,149,150,158,160,162,164,165,185,186,187,188,190,191,192,193,194,195,196,198,200,202,204,206,222,223,224,225
Q05059_Q92956	0.14096916299559473	0.7111111111111111	25,26,27,28,29,30,31,32,33,34,35,36,37,38,39,40,41,42,43,44,59,60,61,62,63,64,65,69,70,71,72,73,82,83,84,85,86,87,88,89,90,91,92,94,96,99,100,102,103,104,106,107,108,109,110,111,112,113,114,115,136,138,140,141,142,143,144,145,146,147,149,150,152,154,156,157,158,160,161,162,163,164,165,166,167,168,169,170,178,180,181,182,183,184,185,187,189,191,193,195,196,197,199,200,202,204,206,208,209,210,212,213,214,215,216,217,218,219,220,221,222,223,224,225,239,240,241,242,243,244,245,246,247,248,258,259,261,262,268,269,270,271,272,273,274,275,276,277,278,279,281,283	41,42,43,44,45,47,48,54,55,56,57,58,59,60,61,63,64,65,66,67,68,69,70,71,72,73,74,75,76,78,79,81,82,83,84,85,86,87,88,89,90,91,93,96,97,98,99,100,101,102,103,104,105,115,117,119,120,121,122,123,124,125,126,127,128,129,132,133,134,135,136,138,140,141,142
P01892_Q6SW59	0.13855421686746988	0.7931034482758621	24,25,26,27,28,29,30,31,32,33,34,35,36,37,38,39,40,41,44,45,46,47,48,49,50,51,52,53,54,55,56,57,58,59,60,61,62,67,68,69,70,71,77,78,80,81,82,83,84,85,86,87,88,89,90,91,92,93,94,95,96,97,98,99,100,101,102,103,104,105,106,107,108,109,110,111,115,116,117,118,119,120,121,122,123,124,125,136,137,138,139,140,141,142,143,144,145,146,147,158,161,162,165,168,169,170,172,179,182,186,190,193,194,197,200,201,212,213,214,215,216,217,225,227,228,229,231,240,241,242,252,253,254,255,256,257,258,259,260,261,262,263,264,265,266,267,269,270,271,272,273,274,275,276,277,278,279,285,296,298	494,495,496,497,499,501
P63000_P74873	0.13709677419354838	0.3469387755102041	18,21,22,23,24,25,26,27,28,29,30,31,32,33,34,35,36,37,38,39,40,41,42,43,44,45,46,47,48,51,52,53,54,55,56,67,68,69,81,82,83,84,85,86,87,88,89,90,91,93,115,119,151,152,153,154,155,157,158,159,160,161,162,163,165,169,170,173,176,177,178,179	198,199,201,202,203,204,205,208,212,304,305,306,307,308,309,310,311,342,343,344,345,346,347,348,349,350,376,377,378,399,401,402,403,404,405,406,407,408,481,505,506,509,512,513,514,515,516,517,524,531,535,538
P03255_P06400	0.06666666666666667	0.11627906976744186		379,382,386,465,466,468,469,470,536,554,558,561,562,563,564,565,566,567,569,570,649,652,653,656,660,663,667,684,685,688,689,691,692,695,704,706,707,708,710,716,718,719,720,721,722,724,725,727,728,731,732,734,735,737,738,739,740,741,742,743,766,768,770,773,774,775,776,777,778,779,780,781,782,783,784
A0A509GV61_F5H747	0.4594594594594595	0.3617021276595745	12,13,14,15,16,17,20,21,23,24,27,48,51,63,64,65,66,67,68,69,70,71,72,74,75,76,89,90,91,92,93,94,95,108,109,111,112,113,114,115,116,117,118,119,120,121,122,123,124,125,175	1,3,4,5,6,7,8,73,76,77,79,81,82,83,119,121,122,123,124,129,130,145,147
P61088_Q8VSD5	0.2878787878787879	0.4418604651162791	0,1,54,69,71,73,75,77,78,88,90,91,92,93,94,95,96,97,98,99,101,102,105,106,108,109,151	27,28,31,32,33,34,47,50,51,55,56,57,58,59,60,63,64,67,70,71,96,104,106,116,120,123,124,127,173,174,177,178,179,180,181,182,183,184,185
P52799_Q9IH62	0.19718309859154928	0.22950819672131148	27,28,29,30,31,32,33,34,35,36,37,50,51,52,53,54,55,56,57,58,60,78,96,97,98,99,100,101,102,141,142,143,144,145,146,147,148,151,153	205,210,211,212,240,241,242,243,244,245,275,276,278,279,280,323,324,325,337,400,401,402,403,433,434,582,584,585,586,588,600,601
P07948_P22575	0.5	0.48484848484848486	82,83,84,85,86,87,116,117,118,119,120,121,122	169,170,171,175,176,177,178,179,180,181,182,183,184,185,186,187,188,189,190
P08174_Q6W9E5	0.08016877637130802	0.3114754098360656	34,35,36,37,68,69,70,71,72,73,92,95,134,135,136,137,138,139,140,141,142,158,159,160,200,202,204,212,213,214,215,216,217,218,219,220,221,223,225,240,241,242,243,244	82,85,86,87,88,90,92,94,95,183,184,185,186,187,191,195,196,197,198,199,200,201,202,203,204,205,206,207,208,209,210,211,212,213,214,215,216,223,224,225,226,227,228,229,231,232,233,234,235,236,237,238,240,257,258,260,261,269,271,272,273,274,281,282,283,286,290,292,294,296,297,298,299,300,301,302,303,304,305,306,316,317,320,321,334,335,336,337,338,340,341,342,343,344,345,346,347,348,349,350,351,352,353,354,355,356,357,358,359,360,361,362,363,368,370,371,372,374,375,398,415,417,418,419,420,421,422,423,425,426,450,452,453,454,455,456,482,483,486,487,488,489,490,492,494,496,499,500,501,502,503,504,505,506,507,508,509,510,511,522,523,524,525,526,527,528,529,530,531,532,533,534,535,536,538,540,542,544,546,547,548,549,550,551,552,553,554,555,556,557,558,559,560
P03437_P04229	0.22784810126582278	0.5454545454545454		29,30,31,32,33,34,36,37,39,40,41,42,43,44,45,46,47,48,49,50,57,58,59,60,61,62,63,64,76,79,80,81,82,83,84,85,88,89,92,99,102,105,106,107,108,109,110,111,112,113,114,116,117,118,121,130,131,132,133,144,146,148,149,150,151,152,175,176,177,178,179,180,181,184,202,204,211,213,217
B6DRA0_Q16630	0.14925373134328357	0.45454545454545453	176,177,178,179,181,209,210,212,213,215,216,217,218,231,232,233,234,235,236,237,238,239,240,241,243,244,245,246,247,248,249,250,251,252,253,270,271,272,273,274,275,276,317,318,321,323,324,325,326,327,328,330,334,335,337,338,339,341,343,344,347	275,276,277,278,279,281
P06437_Q9UKJ1	0.06521739130434782	0.15789473684210525		31,32,33,34,36,37,38,39,40,41,42,43,44,45,46,47,48,49,50,51,52,53,54,55,56,57,58,69,71,72,81,92,94,95,110,125,127,131,136,137,138,139,140,141,142,148
Q00534_Q01043	0.391304347826087	0.5806451612903226	18,19,20,21,22,23,45,46,47,48,49,50,51,52,53,54,55,58,59,65,77,79,80,81,82,83,84,85,86,87,94,95,96,97,98,99,100,126,129,130,133,134,136,137,138,139,140,141,142,143,144,145,146,147,167,168,169,181,184,185,188,192,202,213,217,218,219,220,221,250,253,254,281,282,283,284,285,286,287,291,298,299,300,302	7,8,9,10,11,12,13,15,16,17,18,20,21,24,25,27,28,29,31,32,45,49,50,53,81,91,95,99,102,103,105,106,107,108,109,110,111,112,113,114,115,116,117,118,119,120,121,122,137,140,141,143,144,153
P0CG48_Q5ZSK8	0.4675324675324675	0.3673469387755102	608,609,611,613,621,623,625,638,639,640,641,642,649,650,651,652,653,654,655,656,657,658,659,661,662,663,664,665,666,667,668,669,670,671,675,677,679,681	39,40,41,42,54,55,56,57,59,65,66,67,68,69,71,74,75,76,77,78,79,80,102,137,138,139,140,141,208,211,215,287,288,289,290,291,292,293,294
P61964_Q9YP60	0.04504504504504504	0.35714285714285715	41,42,43,44,45,46,48,63,64,65,66,94,96,97,98,99,100,101,113,114,115,116,117,118,119,120,121,136,137,138,139,140,141,142,143,144,145,146,147,148,149,153,158,160,161,162,163,164,174,176,177,178,179,180,181,183,185,187,188,189,190,191,195,197,218,220,221,222,223,224,225,226,227,228,230,232,233,234,235,236,238,240,249,250,251,252,262,264,266,267,268,269,272,286,287,288,289,307,308,309,310,311,327,329,330,331,332,333	223,224,226
P62820_Q7DB50	0.3412698412698413	0.44329896907216493	5,6,7,8,9,10,11,12,13,14,15,16,17,18,19,20,21,22,23,24,25,27,29,31,32,33,34,35,38,39,42,43,45,64,66,67,68,69,71,73,74,75,76,77,78,79,80,81,82,83,84,98,120,121,122,123,124,125,126,127,128,129,130,131,135,139,142,150,151,152,153,154	145,146,147,148,195,196,197,200,201,203,204,207,208,249,250,252,253,254,304,306,307,310,311,313,314,315,316,317,318,319,321,322,323,326,327,328,329,330,331,348,351,352,353,354,355,356,359,363,375,377,378,384,386,387
H6A3H4_P13688	0.25	0.4339622641509434	77,81,85,220,221,222,261,262,263,275,276,277,278,279,280,281,383,384,385,386,387,422,423,424,425,426,427,429,430,432,433,436,437	34,35,36,38,39,40,41,42,43,44,45,46,47,48,51,53,55,56,62,63,64,65,66,67,68,69,70,71,72,73,76,77,80,82,83,84,85,86,87,88,89,90,91,92,93,94,95,97,107,109,110,122,124,125,126,127,128,129,130
G4XFJ5_P01730	0.12048192771084337	0.40816326530612246	43,44,59,61,62,63,64,65,66,67,68,69,70,71,72,73,74,75,76,77,78,79,80,81,82,83,84,85,86,87,88,89,90,91,92,93,94,95,96,98,101,102,104,105,107,108,109,110,111,112,113,114,115,116,119,202,203,206,217,218,219,220,222,223,226,235,236,237,238,239,240,241,242,243,244,246,247,249,251,252,254,255,256,257,258,265,266,267,268,301,302,391,392,393,394,396,397,398,399,447,451,452,454,461,462,463,464,465,466,467,468,469,470,471,472,473,474,475,485	25,26,27,29,53,63,64,65,66,67,68,69,70,71,72,73,74,75,76,77,78,79,80,81,82,83,84,85,86,109,111,120,122,123,130,131,133,134,143,145,146,147,148,149,176,199,201
P04003_P50468	0.13953488372093023	0.17647058823529413	48,49,50,51,54,56,57,61,98,100,102,144,146,148,161,163,164,165,166,167,168,169,170,171	52,55,56,58,59,62,63,66,67,69,70,73,74,76,77,80,81,83,84
P55957_Q85365	0.10416666666666667	0.10638297872340426	98	63,64,65,66,67,68,69,70,71,72,73,74,75,77,78,81,82,85,101,105,108,109,112,113,120,122,123,126,127,128,129,130,131,132,133,145,149,162,165,169,174,175,177,178,181,182,185
P03466_P03989	0.13043478260869565	0.7241379310344828	390	24,25,26,27,28,29,30,31,32,33,34,35,36,37,38,39,40,41,42,43,44,45,46,47,48,49,50,51,52,53,54,55,56,57,58,59,60,61,62,67,68,69,70,71,74,82,83,85,86,87,88,89,90,91,92,93,94,95,96,97,98,99,100,101,102,103,104,105,106,107,108,109,110,111,112,113,114,115,116,117,118,119,120,121,122,123,125,136,137,138,139,140,141,142,143,144,145,146,158,161,162,165,168,169,170,172,173,175,178,179,180,182,186,190,193,194,197,198,201,213,214,215,216,217,225,227,228,229,231,252,253,254,255,256,257,258,259,260,261,262,263,264,265,266,267,269,270,271,272,273,274,275,276,277,278,279,283,285,296,298
C5MK56_Q3KSS8	0.13333333333333333	0.7333333333333333	24,25,26,28,29,30,31,32,33,34,35,36,37,38,39,40,41,42,43,44,45,46,47,48,49,50,51,52,53,54,55,56,57,58,59,60,61,62,67,68,69,70,71,74,82,83,84,85,86,87,88,89,90,91,92,93,95,96,97,98,99,100,101,102,103,104,105,106,107,108,109,110,111,113,114,115,116,117,118,119,120,121,122,123,124,125,136,137,138,139,140,141,142,143,144,145,146,158,161,162,164,165,168,169,170,172,173,175,179,182,186,189,190,193,194,197,198,201,211,212,213,214,215,216,217,225,227,228,229,240,241,252,253,254,255,256,257,258,259,260,261,262,263,264,265,266,267,269,270,271,272,273,274,275,276,277,278,279,285,296,298	53,54,55,56
C5ILC1_O60462	0.10416666666666667	0.17857142857142858	93,94,95,96,97,98,120,123,127,132,135,136,137,138	26,46,55,57,59,66,68,70,72,73,74,76,86,88,90,93,98,99,100,102,103,104,105,106,107,108,116,117,118,120,137,139,141,142
K0BRG7_P27487	0.06334841628959276	0.28	385,386,387,388,399,400,404,425,426,427,428,429,430,448,449,450,452,454,493,494,495,504,506,507,508,509,510,519,520,521,522,529,530,531,532,533,534,535,536,537,538,545,547,548,575,576,577,578,579,580,581,582,583,584,585,586,587	39,40,72,81,82,83,84,85,100,101,102,116,117,118,119,120,121,122,123,124,125,156,157,158,159,160,161,162,163,165,167,172,174,175,176,177,178,179,200,201,202,203,204,205,221,224,231,233,234,236,238,239,240,241,242,243,244,245,246,252,253,254,255,256,257,258,259,276,277,278,279,280,331,332,333,334,335,336,337,347,482,483,484,485,486,487,488,506,507,508,509,510,511,557,559,561,580,581,582,583,584,585,587,588,591,594,595,621,622,625,626,627,628,629,630,631,633,635,636,637,638,639,640,641,642,643,644,645,647,665,666,667,668,669,670,671,672,673,679,680,681,683,684,686,688,689,705,706,707,708,709,710,711,736,737,738,739,740,741,742,743,744,745,748
P04601_P05534	0.16352201257861634	0.7222222222222222	133,134,136	24,25,26,27,28,29,30,31,32,33,34,35,36,37,38,39,40,41,44,45,46,47,48,49,50,51,52,53,54,55,56,57,58,59,60,61,62,68,69,70,71,74,77,78,82,83,85,86,87,89,90,91,92,93,95,96,97,100,102,103,104,105,106,107,108,109,110,111,114,115,116,117,118,119,120,121,122,123,124,125,136,137,138,139,140,141,142,143,144,145,146,158,161,162,165,166,168,169,170,172,175,179,180,182,186,190,193,194,197,198,200,201,202,211,212,213,214,215,216,217,225,227,228,229,240,241,252,253,254,255,256,257,258,259,260,261,262,263,264,265,266,267,269,270,271,273,274,275,276,277,278,279,283,285,296,297
P01891_Q70626	0.13664596273291926	0.8148148148148148	24,25,26,27,28,29,30,31,32,33,34,35,36,37,38,39,40,44,45,46,47,48,49,50,51,52,53,54,55,56,57,58,59,60,61,62,67,68,69,70,71,74,78,80,81,82,83,84,85,86,87,88,89,90,91,93,94,95,96,97,98,99,100,101,103,104,105,106,107,108,109,110,111,116,117,118,119,120,121,122,123,124,125,136,137,138,139,140,141,142,143,144,145,146,158,161,162,165,168,169,170,172,179,182,186,190,193,194,197,198,200,201,212,213,214,215,216,217,225,227,228,229,231,240,241,242,252,253,254,255,256,257,258,259,260,261,262,263,264,265,266,267,270,271,272,273,274,275,276,277,278,279,283,285	193,194,195,196,197,198,199
B5Z8H1_P13688	0.21904761904761905	0.41818181818181815	73,74,77,80,81,84,85,88,92,93,94,219,220,221,263,275,276,277,278,279,280,281,282,408,409,412,413,415,416,417,419,420,421,422,423,424,425,426,427,429,430,432,433,434,436,437	34,35,36,38,39,40,41,42,43,44,45,46,47,48,51,53,55,56,62,63,64,65,66,67,68,69,70,71,72,73,76,77,80,82,83,84,85,86,87,88,89,90,91,92,93,94,95,97,107,109,110,122,124,125,126,127,128,129,130
A0A0H3B1Q8_Q15843	0.45	0.45	66,67,68,90,93,94,95,96,100,104,108,109,110,111,112,113,114,115,168,169,170,171,172,197,255,256,257,258,259,260,261	0,1,3,5,12,13,15,22,23,26,39,41,44,45,46,47,48,49,50,51,58,65,66,67,69,70,71,72,73
P18465_Q8URG0	0.1375	0.8148148148148148	24,25,26,27,28,29,30,31,32,33,34,35,36,37,38,39,40,41,42,43,44,45,46,47,48,49,50,51,52,53,54,55,56,57,58,59,60,61,62,67,68,69,70,71,74,77,78,80,81,82,83,85,86,87,88,89,90,91,92,93,95,96,97,98,100,101,102,103,104,105,106,107,108,109,110,111,114,115,116,117,118,119,120,121,122,123,124,125,134,136,138,140,141,142,143,144,145,146,161,162,165,168,169,170,172,173,175,179,182,186,190,193,194,197,198,213,214,215,216,225,227,228,229,240,252,253,254,255,256,257,258,259,260,261,262,263,264,265,266,267,269,270,271,272,273,274,275,276,277,278,279,283,285,296	18,19,20,21,22,24
Q07812_Q08FX8	0.057692307692307696	0.1	72,73	11,15,18,19,20,21,22,23,25,26,27,28,29,31,32,33,34,35,38,39,40,42,43,46,47,49,54,85,86,87,88,91,95,96,98,99,100,102,103,114,121,122,124,125,126,128,129,132,133,136
P0DJM0_P12830	0.12	0.11842105263157894	35,36,37,38,39,40,41,42,44,45,46,47,48,50,51,54,55,56,57,58,59,61,62,63,64,65,66,67,68,76,79,80,81,83,84,85,237,447,448,449,450,451,460,462,464,465,467,469,470,471,472,473,474,475,476,488,489,490,491	194,197,198,199,201,202,203,205,207,208,209,210,212,248,250,252
Q14116_Q85319	0.43333333333333335	0.3333333333333333	90,91,92,93,119,142,143,144,145,146,147,149,169,170,172,174,175,182,191	20,21,44,45,46,47,48,50,112,114,115
P02671_Q14U76	0.20833333333333334	0.30303030303030304	579,580,581,582,583,584,585,586,587,588	271,272,273,274,275,276,277,281,282,283,284,286,287,289,290,291,292,308,309,310,311,312,313,314,315,316,317,319,320,322,324,326,327,384,500,501,596,597
A0A0C5HAL9_P50750	0.07317073170731707	0.8571428571428571	9,10,11,12,13,14,15,16,17,18,19,20,22,31,37,38,39,40,41,42,43,44,45,46,47	7,8,9,10,11,12,13,14,15,16,17,18,19,21,23,24,26,29,31,33,34,36,37,38,39,46,47,48,49,50,51,52,53,54,55,56,57,58,59,60,61,63,64,66,67,70,71,73,79,81,82,83,85,86,87,88,89,94,95,96,97,98,99,102,103,106,107,108,110,111,113,114,123,126,127,130,133,134,137,140,141,142,143,144,145,146,147,148,149,150,157,158,161,163,166,167,168,169,170,171,172,173,174,175,176,177,178,179,180,181,182,183,184,185,186,212,224,226,227,235,239,242,243,281,282,283,284,285,286,314,315,316,317,318,319,320,321,322,323
P24928_Q5V8Z9	0.017699115044247787	0.2		0,1,2,3,4,5,6,9,10,30,31,32,33,34,36,37,70,71,72,73,74,75,77,78,79,80,81,82,83,84,85,88,92,104,105,106,108,109,110,111,112,113,114,115,116,184,185,186,187,188,189,190,191,192,193,211,294,368,369,371,372,373,374,375,376,377,378,379,380,388,389,390,391,392,393,394,395,396,397,399,403,407,410,411,414,415,416,421,422,423,443,446,447,448,449,451,452,455,456,458,459,462,463,466,467,503,504,507,509,510,511,512,539,541,542,559,560,561,562,563,564,565,588,589,590,591,592,593,600,601,602,603,605,606,607,608,609,610,611,612,613,614,615,616,617,618,619,620,621,622,623,635,636,638,639,640,642,643,644,645,646,647,648,649,650,651,652,653,654,655,656,657,658,659,660,661,662,663,664,665,666,667,668,669,670,671,673,674,675,676,677,678,679,680,681,682,683,684,686,687,688,690,691,692,693,694,696,697,698,700,701,703,704,705,706,708,709,710,712,713,715,716,718,719,720,721
P31946_Q93SQ1	0.3277310924369748	0.43820224719101125	12,42,46,47,49,50,51,53,54,56,57,58,60,61,64,65,67,68,69,71,72,76,79,86,112,113,114,116,117,119,120,121,123,154,158,162,163,164,165,166,168,169,171,172,176,179,180,181,183,184,185,186,187,188,190,191,194,195,197,198,199,201,202,205,206,209,210,213,216,217,219,220,223,224,225,226,227,228,229,230,231,232,233	254,255,256,284,285,286,287,288,289,290,291,294,315,316,317,318,319,320,321,345,346,347,348,430,431,442,443,444,445,446,447,448,449,450,451,452
P61088_Q5ZTL4	0.2892561983471074	0.3888888888888889	0,1,54,69,71,73,75,77,78,88,90,91,92,93,94,95,96,97,98,99,101,102,105,106,108,109,151	0,1,2,3,4,5,6,7,25,26,27,28,29,30,31,32,33,34,35,36,37,38,39,40,41,42,43,44,45,46,62,65,66,67,68,71,125,126,127,162,165,169,171,178,181,185,186,187,188,189,190,192,194,217,218,219,220,221,222,224,225,226,227,229,231,233,235,237,238,239,240,241,242,243,244,245,246,249,251,253,255,256,257,258,260,261,262,263,264,265,266,267,268,269
O95486_P03522	0.03484320557491289	0.5263157894736842	345,347,348,351,367,368,369,370,371,372,373,374,377,378,379,381,382,383,384,386,388,390,391,392,393,394,395,396,397,398,399,400,401,403,413,414,415,416,417,418,419,420,424,425,427,431,439,440,442,443,445,446,447,448,456,458,459,460,461,462,463,475,476,477,478,479,480,481,482,483,484,485,486,488,492,494,530,533,534,536,537,540,555,558,559,562,571,573,581,632,637,639,640,641,642,643,644,645,646,647,648,649,651,652,653,654,665,666,667,668,669,670,671,674,689,690,691,692,693,694,695,696,704,707,713,714,715,716,717,718,719,720,721,722,723,724,725,726,729,733,736,737,740,749,751,752,753,754,755,756,757,758,759,760,761,762,810,811,812,813,815,816,818,852,853,854,855,856,857,858,860,861,863,864,867,868,871,872,875,876,878,879,880,907,908,909,910,911,912,913,914,915,916,917,918,919,920,921,922,924,925,928,929,930,931,932,935,936,938,939,940,941,942,943,944,945,946,947,948,949,950,951,952,953,954,955,956,957,958,959,960,961,962,963,964,987,988,989,992,1001,1005,1011,1012,1013,1014,1015,1016,1017,1018,1019,1020,1042,1052,1056,1057,1058,1059,1060,1061,1062,1063,1064,1066,1067,1070,1071,1074,1075,1077,1078,1080,1081,1084,1085,1087,1088,1089,1090,1091,1092	501,502,503,504,505,506,507
P31946_Q9I788	0.24752475247524752	0.35714285714285715	12,42,46,47,49,50,51,53,54,56,57,58,60,61,64,65,67,68,69,76,79,86,112,113,114,116,117,119,120,121,123,154,158,162,163,164,165,166,168,169,171,172,176,179,180,181,183,184,185,186,187,188,190,191,194,195,197,198,199,201,202,205,206,209,210,213,216,217,219,220,223,224,225,226,227,228,229,230,231	237,241,280,284,287,288,289,290,291,319,320,321,322,323,324,326,341,344,348,349,350,354
P15144_Q1HVK2	0.037037037037037035	0.1935483870967742	69,70,72,73,74,75,79,97,99,125,127,128,129,130,131,210,211,212,223,245,246,247,248,249,250,251,252,253,254,263,264,265,266,267,268,269,270,282,285,287,288,289,290,291,298,300,302,304,336,337,338,339,340,341,374,427,428,429,430,431,433,445,448,449,450,451,452,453,468,469,471,472,473,474,475,476,477,480,481,484,485,487,488,489,492,493,494,497,590,591,592,593,594,595,596,624,625,626,628,629,630,634,635,636,639,642,643,646,647,680,683,684,687,689,690,702,703,705,706,707,709,710,711,712,713,714,715,716,718,719,747,748,751,758,761,762,763,764,765,788,789,790,791,792,793,794,795,797,798,801,802,821,822,855,863,867,869,873	386,387,389,417
P06788_Q15678	0.14074074074074075	0.59375	61,63,65,66,67,68,74,76,79,83,86,87,90,94,98,99	892,893,894,895,896,897,899,900,903,904,905,907,909,910,911,912,913,914,915,916,917,918,925,926,927,928,929,930,931,932,934,935,936,937,938,939,955,956,963,964,965,966,967,968,970,984,985,986,987,994,1004,1006,1024,1025,1026,1027,1028,1029,1042,1043,1044,1045,1046,1047,1048,1049,1050,1072,1074,1075,1076,1077,1078,1079,1080,1082,1083,1089,1093,1094,1097,1100,1104,1138,1142,1143,1144,1145,1146,1147,1149,1150,1151,1152,1153,1154,1156,1157,1158,1159,1160,1161,1162,1163,1164,1166,1167,1168,1170,1171,1174,1175,1177,1178,1179,1181,1182,1183,1184
P04591_P20039	0.16129032258064516	0.46875		29,32,33,34,36,37,38,39,40,41,42,43,44,45,46,47,48,49,50,51,56,57,58,59,60,61,62,63,64,65,76,79,80,81,82,83,84,85,88,89,92,95,102,105,106,107,108,109,110,111,112,113,114,116,117,118,121,130,131,132,133,144,146,148,149,150,151,152,175,176,177,178,179,180,181,184,194,195,197,199,202,204,208,209,210,211,212,213,214,215,216,217,218
P01730_P19551	0.18253968253968253	0.4107142857142857	25,26,27,29,53,63,64,65,66,67,68,69,70,71,72,73,74,75,76,77,78,79,80,81,82,83,84,85,86,109,111,120,122,123,130,131,133,134,143,145,146,147,148,149,176,199,201,203,204,205	82,85,86,87,88,89,90,91,92,94,95,96,97,98,99,102,103,106,109,110,113,114,115,116,117,120,194,195,196,197,198,199,200,213,214,238,239,241,243,245,249,292,294,327,329,332,386,393,394,427,428,429,430,431,432,433,434,463,465,466,467,468,469,470,471,472,473,474,475,476,477,478,479,480,481,482
P08411_Q13283	0.23076923076923078	0.5294117647058824	1784,1785,1786,1787,1788,1789,1790,1791,1792,1793,1794,1795,1800,1801,1802,1803,1804,1805,1806	0,12,16,20,23,24,26,27,31,33,34,35,36,37,38,39,40,41,42,43,44,45,46,54,55,56,57,58,59,61,65,73,75,77,78,79,80,81,82,83,84,90,92,94,96,112,114,115,116,117,118,124,126,131,132,133,135,136,137
P21579_Q9LBR1	0.09523809523809523	0.25		922,923,924,925,926,927,928,929,930,931,977,979,980,981,1008,1009,1010,1011,1066,1069,1081,1085,1089,1113,1114,1115,1116,1117,1118,1129,1130,1131,1132,1133,1134,1149,1151,1169,1170,1171,1172,1173,1201,1202,1203,1204,1205,1206,1207,1208,1209,1210,1211,1212,1219,1221,1222,1223,1224,1225,1226,1227,1228,1229,1230,1231,1232,1233,1238,1239,1240,1241,1242,1243,1244,1245,1246,1255,1256,1257,1263,1264,1265,1266
C5MK56_Q3KSS4	0.1488095238095238	0.8333333333333334	24,25,26,28,29,30,31,32,33,34,35,36,37,38,39,40,41,42,43,44,45,46,47,48,49,50,51,52,53,54,55,56,57,58,59,60,61,62,67,68,69,70,71,74,82,83,84,85,86,87,88,89,90,91,92,93,95,96,97,98,99,100,101,102,103,104,105,106,107,108,109,110,111,113,114,115,116,117,118,119,120,121,122,123,124,125,136,137,138,139,140,141,142,143,144,145,146,158,161,162,164,165,168,169,170,172,173,175,179,182,186,189,190,193,194,197,198,201,211,212,213,214,215,216,217,225,227,228,229,240,241,252,253,254,255,256,257,258,259,260,261,262,263,264,265,266,267,269,270,271,272,273,274,275,276,277,278,279,285,296,298	406,407,408,409,413,414,416
A0A140GKJ0_Q03519	0.2775330396475771	0.7241379310344828	0,1,2,3,4,5,6,7,8,9,10,11,12,14,15,16,17,18,19,20,21,22,25,26,28,29,31,32,33,35,36,37,39,40,41,42,43,44,45,46,47,48,50,51,52	143,144,146,147,150,190,193,197,200,204,214,215,218,219,222,223,225,226,229,230,233,234,235,236,237,238,239,240,241,242,243,244,245,247,249,250,251,254,255,290,310,313,314,317,318,320,321,322,324,325,326,328,329,332,333,335,336,337,338,339,340,341,342,343,344,345,346,347,348,349,352,353,356,357,360,362,363,365,366,367,368,369,372,373,375,376,379,380,382,383,386,390,393,394,395,396,397,399,400,401,402,416,417,420,421,423,424,427,428,434,440,441,444,478,479,480,506,509,513,516,517,551,557,558,560,561,564,565,583,585,589,600,601,602,607,608,609,610,611,612,613,614,615,616,618,619,620,621,622,625,627,628,630,631,632,633,634,635,636,637,638,641,642,645,649,656,658,659,660,661,662,663,664,665,666,667,669,673,675,676,678,680
Q5ZSQ3_Q9H0U4	0.4057971014492754	0.37333333333333335	344,345,347,351,463,464,465,467,468,471,472,486	3,4,5,6,7,8,9,10,11,12,13,14,15,16,17,18,19,20,21,24,26,28,29,30,31,32,35,36,39,40,42,61,63,64,68,70,71,72,73,74,75,76,77,78,79,80,81,117,118,119,120,121,122,123,125,126,127
P03126_Q9HD26	0.48484848484848486	0.5161290322580645	151,152,153,154,155,156,157	292,293,294,295,296,297,298,299,300,301,302,303,304,305,306,307,308,324,325,327,328,330,341,342,344,345
P03305_P05161	0.24242424242424243	0.45714285714285713	33,36,37,38,39,40,41,42,43,44,45,46,47,53,60,69,70,71,72,73,92,93,94,95,96,111,112,113,114,115,116,117,118,119,128,129,130,131,156,182	82,84,86,87,88,89,90,91,92,93,94,95,96,98,104,107,119,120,122,124,144,146,148,150,152,153
A4GWL5_P12830	0.14925373134328357	0.14705882352941177	39,40,41,42,43,44,45,46,47,48,50,51,52,54,55,56,57,58,59,60,61,62,63,64,76,79,80,81,83,84,85,237,447,448,449,450,451,452,453,454,473,474,475,476,488,489,490	194,197,198,199,201,202,203,205,207,208,209,210,212,248,250,252,254,255,256,257
P01903_P0A0L5	0.0782122905027933	0.358974358974359	27,28,29,30,31,32,33,34,35,36,37,38,39,45,46,47,48,49,50,51,52,53,54,55,56,57,67,68,69,70,71,72,73,74,75,76,77,78,79,81,82,83,85,86,88,89,90,92,93,95,96,97,99,100,101,102,103,104,105,106,113,114,115,116,117,118,119,120,121,122,123,124,130,132,133,134,135,136,137,138,139,140,141,142,158,159,160,161,162,163,164,165,166,167,168,169,170,171,172,173,174,188,190,192,193,194,195,196	30,31,32,33,35,36,38,39,40,41,42,43,44,45,46,47,49,50,51,52,53,58,59,60,61,62,63,64,65,67,68,69,70,98,99,102,106,107,109,111,114,138,160,184,187,188,190,191,192,194,195,196,197,198,200,201,202,237,238,239,241,242,243,244,245,246,247,248,249,250,252
P12497_P49792	0.12307692307692308	0.37209302325581395	132,135,138,139,140,141,142,143,144,145,147,148,149,152,176,177,179,181,184,185,188,189,191,192,194,195,197,198,201,204,205,206,207,208,209,210,211,212,213,214,215,216,217,218,227,228,229,230,231,232,233,234,235,236,237,238,239,240,241,243,244,245,247,248,250,251,252,253,254,272,273,274,275,276,277	3082,3084,3085,3086,3087,3088,3089,3090,3091,3093,3094,3096,3098,3100,3101,3102,3103,3112,3113,3114,3115,3116,3117,3118,3119,3120,3122,3134,3135,3136,3137,3138,3139,3140,3141,3142,3143,3154,3155,3156,3157,3158,3159,3160,3161,3162,3163,3164,3165,3176,3177,3180,3183,3222,3223
O43521_P0C736	0.34285714285714286	0.6	141,142,143,144,145,146,147,148,149,150,151,152,153,154,155,156,157,158,161,162	0,1,2,5,37,38,39,40,41,42,43,44,47,48,50,51,54,58,65,68,69,70,71,72,73,74,75,76,77,79,80,83,90,98,99,102,103,106,109,110,112,113,114,116,117,118,122,123,130,149
P03366_P18465	0.1696969696969697	0.9032258064516129	239,240,241,243,244,245,247,248	24,25,26,27,28,29,30,31,32,33,34,35,36,37,38,39,40,41,42,43,44,45,46,47,48,49,50,51,52,53,54,55,56,57,58,59,60,61,62,67,68,69,70,71,74,77,78,80,81,82,83,85,86,87,88,89,90,91,92,93,95,96,97,98,100,101,102,103,104,105,106,107,108,109,110,111,114,115,116,117,118,119,120,121,122,123,124,125,134,136,137,138,139,140,141,142,143,144,145,146,161,162,165,168,169,170,172,173,175,179,182,186,190,193,194,197,198,213,214,215,216,225,227,228,229,240,252,253,254,255,256,257,258,259,260,261,262,263,264,265,266,267,269,270,271,272,273,274,275,276,277,278,279,283,285,296,298
P30685_Q3KSS4	0.14705882352941177	0.8333333333333334	24,25,26,28,29,30,31,32,33,34,35,36,37,38,39,40,42,43,44,45,46,47,48,49,50,51,52,53,54,55,56,57,58,59,60,61,62,67,68,69,70,71,74,82,83,84,85,86,87,88,89,90,91,92,93,95,96,97,98,99,100,101,102,103,104,105,106,107,108,109,110,111,112,113,114,115,116,117,118,119,120,121,122,123,124,125,136,137,138,139,140,141,142,143,144,145,146,158,161,162,164,165,168,169,170,171,172,173,174,175,179,182,186,190,193,194,197,198,201,211,212,213,214,215,216,217,225,227,228,229,240,241,251,252,253,254,255,256,257,258,259,260,261,262,263,264,265,266,267,269,270,271,272,273,274,275,276,277,278,279,285,296,298	406,407,408,409,413,414,416
P11233_P15879	0.19090909090909092	0.4883720930232558	23,24,25,26,27,29,30,32,33,34,35,36,37,38,40,43,44,45,46,47,48,49,50,51,52,62,64,66,67,68,69,70,71,72,73,75,76,78,79,80,81,82,83,84,85,86,88,89,127,128,129,130,131,132,133,134,135,136,179	61,62,65,67,71,74,75,78,85,86,88,89,90,91,92,93,94,95,96,97,98,99,100,102,103,105,106,109,113,143,144,145,146,171,172,173,177,178,179,180,181,182,183,204,205,206,207,208,209,210,250
B7SCI5_Q9Y5X3	0.4067796610169492	0.5581395348837209	111,112,113,114,115,116,117,118,119,120,121,122,123,124,125,126,127,128,129,130,131	29,30,31,32,33,34,35,36,37,45,47,49,51,52,53,55,79,88,89,90,91,92,93,94,95,96,97,98,105,148,150,151,152,153,154,155,156,157
Q5ZU83_Q9H8S9	0.17575757575757575	0.37662337662337664	13,17,28,29,30,32,33,34,35,36,37,38,39,40,41,42,43,44,45,46,73,74,76,77,78,80,148,151,155,158,162,210,212,217,219,220,222,223,224,225,227,228,229,242,244,303,304,305,306,332,333,334,336,337,340,343,365,366,367,368,398,418,419,513,514,517,520,521,523,524,525,526,527,528	32,33,34,35,36,37,52,53,54,55,61,62,64,65,66,68,69,71,72,73,74,75,76,77,79,85,86,87,88,89,90,91,92,93,94,95,98,108,109,110,111,112,113,116,120,145,148,149,152,153,156,159,160,162,163,166,167,170,171,173,174,175,176,177,178,180,181,182,183,184,186,187,190,193,194,196,197,198,199,200,201,202,204,205,206,207,208,209,210,211,212
P0C6X9_P0CG47	0.38372093023255816	0.6470588235294118	1712,1713,1714,1716,1744,1745,1746,1747,1749,1750,1764,1765,1766,1767,1770,1771,1774,1778,1786,1787,1788,1789,1790,1791,1792,1793,1794,1795,1796,1797,1809,1810,1811,1812,1813,1823,1824,1825,1826,1827,1828,1829,1830,1831,1832,1848,1849,1850,1851,1852,1853,1860,1862,1863,1864,1865,1866,1867,1868,1869,1870,1871,1872,1873,1904,1905,1906,1907,1908,1909,1910	152,153,155,157,158,159,160,182,184,199,200,223,225,226,227
P0DJ89_Q9UHR4	0.45454545454545453	0.5434782608695652	267,268,269,270,271,273,274,277,278,281,284,285,287,288,289,291,292,293,294,295,296,297,298,299,300,301,302,303,304,305,306,307,308,309,310,311,312,313	342,344,345,346,347,348,390,391,392,393,394,395,396,397,398,399,400
P30480_Q70A36	0.16292134831460675	0.9666666666666667	24,25,26,27,28,29,30,31,32,33,34,35,36,37,38,39,40,41,42,43,44,45,46,47,48,49,50,51,52,53,54,55,56,57,58,59,60,61,62,67,68,69,70,71,74,81,82,83,84,85,86,87,88,89,90,91,92,93,95,96,97,98,99,100,101,102,103,104,105,106,107,108,109,110,111,112,113,114,115,116,117,118,119,120,121,122,123,124,125,136,137,138,139,140,141,142,143,144,145,146,157,158,161,162,164,165,166,168,169,170,172,173,175,179,182,186,190,193,194,197,198,211,212,213,214,215,216,217,225,227,228,229,231,240,241,252,253,254,255,256,257,258,259,260,261,262,263,264,265,266,267,269,270,271,272,273,274,275,276,277,278,279,283,285,296,297,298,299,300	66,67,68,69,70,71,72,73,74
Q6P5S8_Q993A8	0.012987012987012988	0.25	21,22,24,25,26,27,29,30,34,36,37,56,57,58,60,61,62,63,64,65,66,69,105,109,110,111,115,118,119,120,135,137,138,139,140,141,142,143,144,145,152,154,156,158,159,160,161,163,179,180,181,182,183,184,185,186,187,188,190,191,193,195,197,199,201	29,30,31,32,33,34,35,36,37,38,39,40,41,42,45,49,52,53,56,57,59,67,68,137,139,141,156,158,159,180,182,183,184,185,186,188,190,191,192,194,239,272,274,277,278,279,312,330,331,333,338,370,372,373,374,375,376,377,378,379,380,398,399,402,403,404,405,406,407,408,409,410,411,412,413,414,415,416,417,418,419,420,421,422,423,424,425,426,427
I3XMW8_Q07817	0.2	0.25	117,118,119,120,131,133,134	0,1,2,3,4,5,6,7,8,9,10,11,12,13,14,17,18,25,110,111,112,113,114,136,137,138,141,144,145,148,149,151,152,153,154,155,156,157
I0AXC3_Q6N089	0.08695652173913043	0.4166666666666667	56,57,59,60,61,62,65,66,68,69,70,71,82,83,84,85,86,87,88,89,90,92,106,107,108,109,142,145,146,147,148,149,150,151,152,153,155,156,163,164,165,213,214,215,216,218,220,222,231,232,233,234,248,253,254,255,256,257,259,279,280,335,336,337,338,339,340,341	54,55,56,57,58,63,65,69,74,75,78,113,120,124,129,131,132,133,134,150,151,152,153,154,155,156,163,165,167,169,171,172,193,194,195,196,197,198,199,200,201,202,203,205,207,209,211
O75475_P12497	0.0	0.0	379,422,425	1203,1204,1205,1206,1207,1208,1210,1212,1224,1225,1226,1227,1228,1229,1231,1233,1245,1249,1251,1252,1253,1254,1255,1257,1259,1260,1261,1262,1263,1264,1265,1266,1267,1268,1269,1270,1273,1277,1278,1279,1280,1282,1283,1284,1285,1286,1287,1288,1289,1290,1291,1292,1294,1298,1299,1301,1302,1305,1308,1312,1323,1327,1329,1330,1332,1333,1341,1342,1343,1344,1345,1346,1348
P01579_Q66793	0.16981132075471697	0.45	23,25,26,29,30,32,33,36,37,41,42,43,44,47,50,51,54,55,58,64,67,71,74,75,78,82,85,88,89,92,96,99,101,102,103,104,105,106,107,108,109,110,111,114,115,118,128,129,132,135,136,139,140,141,142,143,144,145,146,147,148,149,150,151,152,153,154	44,77,79,81,82,83,84,85,86,87,88,89,90,91,92,93,94,95,96,97,99,189,190,191,192,193,194,195,196,197,198,199,200,258,261,262,263,264,265
P04439_Q9YV12	0.13414634146341464	0.8461538461538461	24,25,26,27,28,29,30,31,32,33,34,35,36,37,38,39,40,44,45,46,47,48,49,50,51,52,53,54,55,56,57,58,59,60,61,62,67,68,69,70,71,82,83,84,85,86,87,88,89,90,91,93,94,95,96,97,98,99,100,101,103,104,105,106,107,108,109,110,111,116,117,118,119,120,121,122,123,124,125,136,137,138,139,140,141,142,143,144,145,146,157,158,161,162,165,166,168,169,170,172,179,180,182,186,190,193,194,197,200,201,211,212,213,214,215,216,217,225,227,228,229,231,240,241,242,251,252,253,254,255,256,257,258,259,260,261,262,263,264,265,266,267,269,270,271,273,274,275,276,277,278,279,283,285,296	312,313,314,315,316,317,318,319,320
B9V0E2_S6B2A6	0.08396946564885496	0.4782608695652174	420,421,422,423,424,425,426,427,493,501,502,503,504,505,506,507,508,509,510,520,521,522,523,524,525,526,527,528,529,530,531,532,533,534,558,559,560,561,562,563,564,565,566,567,568,569,603,604,605,606,607,608,609,610,611,612,613,614,615,616,619,621,622,630,631,632,633,635,642,643,644,645,646,648,649,650	56,57,58,59,60,61,62,63,65,66,70,71,75,76,89,98,113,115,123,126,129,131,133,134,135,140,141,142,143,150,151,152,153,154,155,156,165,167,169,171,173,174,194,195,196,197,198,199,200,201,202,207,209,211,213
C9JGG1_P06437	0.043478260869565216	0.09090909090909091	31,32,33,34,35,36,37,38,39,40,41,42,43,44,51,53,55,56,57,58,59,97,99	
P30466_Q3KSS8	0.1676300578034682	1.0	24,25,26,27,28,29,30,31,32,33,34,35,36,37,38,39,40,44,45,46,47,48,49,50,51,52,53,54,55,56,57,58,59,60,61,62,67,68,69,70,71,74,82,83,84,85,86,87,88,89,90,91,92,93,95,96,97,98,99,100,101,102,103,104,105,106,107,108,109,110,111,112,113,114,115,116,117,118,119,120,121,122,123,124,125,134,136,137,138,139,140,141,142,143,144,145,146,158,161,162,164,165,168,169,170,171,172,173,174,175,178,179,180,182,186,190,193,194,197,198,200,201,211,212,213,214,215,216,217,225,227,228,229,240,241,252,253,254,255,256,257,258,259,260,261,262,263,264,265,266,267,269,270,271,272,273,274,275,276,277,278,279,285,296,298	172,173,174,175,176,177,178,179
Q8IZA0_Q9WBP8	0.052884615384615384	0.3055555555555556	406,408,410,412,413,426,427,428,429,430,431,432,433,444,445,446,447,448,449,450,451,452,461,463,465,466,468,475,477,479,481,482,485,486,487,489,491,493,495	325,326,327,328,329,352,354,355,358,366,367,368,369,370,371,396,397,398,458,459,460,461,462,463,464,483,484,485,486,487,488,489,490,508,509,510,511,512,513,514,515,516,517,518,519,521,522,523,524,525,526,527,528,561,562,563,564,565,566,588,589,590,591,592,593,594,595,600,601,602,603,604,605,606,612,613,614,615,616,617,618,619,620,621,622,623,624,625,626,627,628,629,630,631,632,633,634,635,636,637,638,639,640,645,647,649,650,651,652,653,654,655,656,657,658,659,660,661,662,663,664,665,666,669,670,671,672,673,674,675,676,677,679,681,683,691,692,693,694,695,696,697,698,699,700,701,702,703,704,705,709,710,711,712,713,714,715,716,717,718,719,720,729,730,731,732,733,734,735
P10415_Q99HR6	0.2714285714285714	0.4318181818181818	5,7,8,9,10,11,12,13,14,15,16,17,18,19,20,21,23,24,105,106,108,109,113,117,119,120,121,122,145,147,149,151,152,155,156,158,159,162,163,164,168,171,175,179,180,183,187,190,191,194,195,199,200,201	109,110,112,113,115,116,117,118,119,120,121,129,130,131,133,134
P24768_Q13618	0.17647058823529413	0.4186046511627907	13,14,15,16,17,18,34,35,36,39,42,43,44,46,47,49,50,51,64,65,67,68,69,72,73,76,92,95,116,119,120,121,124,127,158,159,160,164,165,167,168,171,172,173,174	54,58,62,65,66,67,68,70,109,112,113,116,117,119,120,123,124,126,127,129,131,132,133,172,173,175,176,179,183,187,190,197,201,202,217,221,321,325,326,346,349,352,353,356,359,360,363,364,366,367,370,371,374,375,378,379,380
B7SCI5_Q86XE0	0.4166666666666667	0.46875	111,112,113,114,115,116,117,118,119,120,121,122,123,124,125,126,127,128,129	23,24,25,26,27,28,30,44,46,48,49,50,142,143,145,146,151
Q8ZNR3_Q9BRZ2	0.09523809523809523	0.13333333333333333	166,167,192,193,198,200,202,309,310,311,312,313,324,328,329,348,349,350,351,352,353,354,355,356,357,358,360	25,26,28,29,30,31,32,34,35,37,38,57,58,59,60
P0A2N1_Q13164	0.3611111111111111	0.6842105263157895	80,81,82,83,84,85,87,89,138,139,140,141,142,143,144,145,146,147,214,215,216,217,218,219,220,221,222,223,224,225,226,227,230	214,215,216
A2NUT2_P05877	0.05128205128205128	0.5714285714285714	19,20,21,22,23,24,25,26,27,28,29,30,31,32,33,34,36,38,55,57,59,65,80,81,91,93,95,96,110,111,112,114,115,116,118,119,120,121,122,123,124,126,128,138,140,141,142,153,155,157,159,160,161,162,163,164,165,167,182,183,184,185,186,187,188,197,199,201,231,232	310,312,314,315,317,319,320,321
P01730_P04578	0.12435233160621761	0.3333333333333333	25,26,27,29,53,63,64,65,66,67,68,69,70,71,72,73,74,75,76,77,78,79,80,81,82,83,84,85,86,109,111,120,122,123,130,131,133,134,143,145,146,147,148,149,176,199,201,203,204,205	30,31,32,38,39,40,41,42,43,44,45,46,48,50,52,61,62,63,64,65,66,68,69,70,71,72,74,75,76,77,78,79,80,81,82,84,85,86,87,88,89,90,91,92,93,94,95,96,97,98,106,109,110,113,114,116,117,120,152,153,154,155,157,159,170,171,172,173,174,175,176,177,179,196,197,198,199,201,202,213,214,215,216,240,243,245,247,248,251,296,297,298,299,300,321,322,323,324,326,327,329,331,333,334,387,388,395,396,428,429,430,431,432,433,434,464,465,466,467,468,469,470,471,472,473,474,475,476,477,478,479,480,481,482,483,484,493,494,495,496,497,498,499
P78310_Q80S15	0.14705882352941177	0.46511627906976744	18,19,20,21,22,23,24,25,26,27,28,29,30,31,32,33,34,35,36,37,38,39,40,41,42,55,56,57,58,59,60,61,62,63,64,65,66,67,68,69,70,71,72,73,74,75,76,77,78,79,80,81,82,93,95,96,98,103,105,107,108,110,111,112,113,114,116,118,120,122,123,124,125,126,133,135,137	28,29,30,31,32,34,35,36,37,38,39,51,53,55,56,57,58,59,60,62,64,66,68,130,131,132,133,134,135,136,137,138,139,148,149,150,151,152,153,154,155,156,157,158,159,160,197,198,199,200,201,202,203,204,205,206,207,208,209
P03255_Q92793	0.35555555555555557	0.2962962962962963	65	1762,1763,1764,1765,1766,1768,1769,1770,1772,1773,1776,1777,1780,1781,1783,1784,1785,1786,1787,1788,1790,1792,1793,1795,1796,1800,1801,1802,1803,1804,1805,1830,1831,1834,1844,1845,1846,1847,1848,1849,1850,1851,1852,1853
D1CDN2_Q15750	0.0673076923076923	0.5	1,2,3,4,5,6,8,10,12,13,15,17,19,21,23,24,25,27,28,30,31,37,39,40,41,42,43,48,52,53,165,166,167,168,169,170,195,199,200,204,223,224,240,241,258,259,260,261,262,263,264,265,266,267,269,270,271,273,274,276,277,278,279,280,281,282,284,285,288,301,304,305,308,309,310,311,312,313,314,315,316,317,318,322,397,398,425,429,430,431,432,434,435,468,469,470,471,472,473	391,392,393,394,395
P05534_Q9WPU2	0.13836477987421383	0.6666666666666666	24,25,26,27,28,29,30,31,32,33,34,35,36,37,38,39,40,41,44,45,46,47,48,49,50,51,52,53,54,55,56,57,58,59,60,61,62,68,69,70,71,74,77,78,82,83,85,86,87,89,90,91,92,93,95,96,97,100,102,103,104,105,106,107,108,109,110,111,114,115,116,117,118,119,120,121,122,123,124,125,136,137,138,139,140,141,142,143,144,145,146,158,161,162,165,166,168,169,170,172,175,179,180,182,186,190,193,194,197,198,200,201,202,211,212,213,214,215,216,217,225,227,228,229,240,241,252,253,254,255,256,257,258,259,260,261,262,263,264,265,266,267,269,270,271,273,274,275,276,277,278,279,283,285,296,297	132,133,135
Q6I9S9_Q80KM9	0.19230769230769232	0.6779661016949152	33,34,35,36,37,38,39,40,42,44,46,47,48,49,50,51,52,53,54,55,56,65	16,17,18,19,20,21,22,23,24,25,26,27,30,34,38,52,54,56,57,59,60,61,62,63,64,65,66,67,68,69,70,71,72,73,74,75,77,78,79,80,81,82,83,84,85,86,87,88,89,90,91,92,93,94,95,96,105,106,108,109,111,112,113,115,116,120,122,123,126,127,128,129,130,131,132,133,134,135,136,137,138,139,140,141,142,144,145,146,148,149,150,151,152,153,155,156,157,159,162,163,165,166,167,168,169,170,171,172,173,174,175,176,177,178,179,180,181,207,209,210,211,212,213,214,215,216,217,218,219,220,221,222,224,225,226,227,228,229,232,233,236,237,239,240,243,247,248,251,255,258,259,262,264,265,266,267,269,270,271,273,274,277,278,280,281,282,284,285,286,287,288,289,290,291,292,293,294,295,296,297,298,299,301,302,305,306
P03536_Q04637	0.5111111111111111	0.5227272727272727	236,239,240,243,244,246,247,248,250,251,252,253,254,255,256,258,259,260,299,307,308,309,310,311,312,314	172,173,174,175,176,177,178,179,180,181,182,191,192,193,194,195,196,197,198
P02671_Q6GDH2	0.05555555555555555	0.2647058823529412		208,209,210,211,226,227,228,229,230,231,232,233,234,235,236,237,238,239,240,241,243,245,246,247,248,249,250,251,255,257,259,261,262,263,265,266,267,268,269,271,273,276,282,283,284,285,286,287,288,289,290,291,292,293,294,296,309,311,312,313,314,315,316,317,318,319,321,323,325,327,329,330,331,332,333,334,335,336,338,339,340,342,344,346,347,348,349,350,351,352,353,359,360,361,362,363,365,366,367,376,378,380,381,382,383,384,385,386,387,388,390,394,396,398,399,410,412,413,414,415,417,418,419,420,431,434,436,437,438,439,440,441,442,443,444,445,446,447,448,449,450,451,452,453,455,456,458,459,491,492,493,494,495,497,498,501,502,505,506,507,508,509
J7H333_P52799	0.12745098039215685	0.19117647058823528	226,227,228,229,230,231,232,233,234,235,236,237,263,264,265,266,267,268,269,294,296,297,298,299,300,301,302,303,326,329,389,390,391,392,393,420,422,423,427,428,452,453,454,455,549,573,574,575,608,609,610,611,612,613,614,615,616,617,618,619,620,621	26,27,28,29,30,31,32,33,34,36,37,50,51,52,53,54,55,56,57,58,60,78,96,97,98,99,100,101,102,141,142,143,144,145,146,147,148,151,153,167
Q99816_Q9YP46	0.25806451612903225	0.38095238095238093	10,13,14,15,16,19,41,46,47,48,49,50,51,53,55,77,78,79,80,81,82,87,89	452,453,455,456,457,458,459,460
Q2HR73_Q93009	0.4473684210526316	0.5483870967741935	201,202,203,204,205,206,207,208,209,210,211,212,213,214,215	103,104,105,106,107,108,109,110,160,161,168,170,178,179,180,182,191,193,200,201,202,203,204
P03206_P30460	0.125	0.7		24,25,26,28,29,30,31,32,33,34,35,36,37,38,39,40,41,42,43,44,45,46,47,48,49,50,51,52,53,54,55,56,57,58,59,60,61,62,67,68,69,70,71,72,74,82,83,84,85,86,87,88,89,90,91,92,93,94,95,96,97,98,99,100,101,102,103,104,105,106,107,108,109,110,111,112,113,114,115,116,117,118,119,120,121,122,123,124,125,136,137,138,139,140,141,142,143,144,145,146,157,158,161,162,164,165,166,168,169,170,171,172,173,175,179,182,186,190,193,194,197,198,201,211,212,213,214,215,216,217,225,227,228,229,240,252,253,254,255,256,257,258,259,260,261,262,263,264,265,266,267,269,270,271,272,273,274,275,276,277,278,279,283,285,296,297,298,299
P00747_P49054	0.6129032258064516	0.3114754098360656	107,108,109,110,111,224	84,87,88,91,92,94,95,98,99,101,102,105,106,108,109,112,113,116,119,120,123,126,127,129,130
P01552_P01903	0.0896551724137931	0.28888888888888886	40,42,43,44,45,46,49,53,60,61,62,63,64,65,66,67,141,236,237,238,241,242,244,245,246,247,248,249,250,251,252,253,255,257,259	25,26,27,28,29,30,31,32,33,34,35,36,37,38,39,45,46,47,48,49,50,51,52,53,54,55,56,57,67,68,69,70,71,72,73,74,75,76,77,78,79,81,82,83,85,86,88,89,90,92,93,95,96,97,99,100,101,102,103,104,105,106,113,114,115,116,117,118,119,120,121,122,123,124,130,132,133,134,135,136,137,138,139,140,141,142,158,159,160,161,162,163,164,165,166,167,168,169,170,171,172,173,174,188,190,192,193,194,195,196
P03211_P30685	0.16279069767441862	0.9032258064516129	406,407,408,409,410,411,413,414,416	24,25,26,28,29,30,31,32,33,34,35,36,37,38,39,40,42,43,44,45,46,47,48,49,50,51,52,53,54,55,56,57,58,59,60,61,62,67,68,69,70,71,74,82,83,84,85,86,87,88,89,90,91,92,93,95,96,97,98,99,100,101,102,103,104,105,106,107,108,109,110,111,112,113,114,115,116,117,118,119,120,121,122,123,124,125,136,137,138,139,140,141,142,143,144,145,146,158,161,162,164,165,168,169,170,171,172,173,174,175,179,182,186,190,193,194,197,198,201,211,212,213,214,215,216,217,225,227,228,229,240,241,251,252,253,254,255,256,257,258,259,260,261,262,263,264,265,266,267,269,270,271,272,273,274,275,276,277,278,279,285,296,298
P19893_P63165	0.25	0.36	199,200,201,202,203,204,205	22,24,26,34,36,38,39,40,62,64,66,67,68,69,71,72,73,74,75,77,78,88,90,91,92,93,94,95,96
A7UPX0_Q6PIL8	0.0	0.0	17,18,46,49,50,51,52,53,54,72,73,74,75,76,77,78,85,86,87,88,102,160,161,177,178,179,213,215,216,217,218,219,220,245,249,250,251,252,253,254,256,278,279,280,281,282,284,308,310,311,328,333,334,335,336,337,338	20,22,23,24,25,26,27,28,29,30,31,32,33,34,55,56,57,58,59,60,61,62,63,64,65,66,69,105,107,109,111,112,114,117,118,119,120,135,137,138,139,140,141,142,143,144,145,152,154,156,158,159,160,161,163,180,181,182,183,184,185,186,187,188,190,191,193,195,197,199,201
P03126_P04637	0.21428571428571427	0.7272727272727273	7,8,9,10,11,12,13,14,15,16,17,18,19,20,23,24,25,26,27,28,29,30,31,33,34,35,36,37,38,39,40,41,42,44,45,46,48,49,50,52,53,54,55,56,57,58,59,60,61,62,63,64,65,66,67,68,69,70,71,72,74,75,76,78,79,80,81,82,83,84,85,87,88,90,106,108,110,111,112,113,114,130,132,133,135,136,137,138,139,141,143,144,145,147,148,149,150,151,152,153,154,155,156,157	99,100,109,111,112,113,114,115,116,117,118,119,120,121,122,123,124,125,128,130,131,132,133,134,135,136,137,138,139,140,141,143,145,155,157,159,161,162,163,164,165,166,167,169,170,173,174,176,177,178,179,180,181,182,183,184,185,186,187,188,189,191,192,194,195,197,198,199,200,201,203,204,205,206,207,208,209,218,219,220,221,222,223,224,225,226,227,228,229,231,232,233,234,235,236,238,239,240,242,244,245,246,247,248,250,256,257,258,259,260,261,262,263,264,266,278,279,280,281,282
P0CG48_Q5ZTL4	0.3106060606060606	0.5	608,609,611,613,621,623,625,638,639,640,641,642,649,650,651,652,653,654,655,656,657,658,659,661,662,663,664,665,666,667,668,669,670,671,675,677,679,681	0,1,2,3,4,5,6,7,25,26,27,28,29,30,31,32,33,34,35,36,37,38,39,40,41,42,43,44,45,46,62,65,66,67,68,71,125,126,127,162,165,169,171,178,181,185,186,187,188,189,190,192,194,217,218,219,220,221,222,224,225,226,227,229,231,233,235,237,238,239,240,241,242,243,244,245,246,249,251,253,255,256,257,258,260,261,262,263,264,265,266,267,268,269
A7UPX0_Q6N089	0.02631578947368421	0.14285714285714285	17,18,46,49,50,51,52,53,54,72,73,74,75,76,77,78,85,86,87,88,102,160,161,177,178,179,213,215,216,217,218,219,220,245,249,250,251,252,253,254,256,278,279,280,281,282,284,308,310,311,328,333,334,335,336,337,338	53,54,55,56,57,58,61,63,64,65,66,69,74,78,113,117,119,120,125,126,127,128,130,131,132,133,134,136,150,151,152,153,154,155,156,157,163,165,167,169,171,172,193,194,195,196,197,198,199,200,201,202,203,205,207,209,211
A0A0X9JHC1_P05534	0.13664596273291926	0.6875	99,100,101,103,104	24,25,26,27,28,29,30,31,32,33,34,35,36,37,38,39,40,41,44,45,46,47,48,49,50,51,52,53,54,55,56,57,58,59,60,61,62,68,69,70,71,74,77,78,82,83,85,86,87,89,90,91,92,93,95,96,97,100,102,103,104,105,106,107,108,109,110,111,114,115,116,117,118,119,120,121,122,123,124,125,136,137,138,139,140,141,142,143,144,145,146,158,161,162,165,166,168,169,170,172,175,179,180,182,186,190,193,194,197,198,200,201,202,211,212,213,214,215,216,217,225,227,228,229,240,241,252,253,254,255,256,257,258,259,260,261,262,263,264,265,266,267,269,270,271,273,274,275,276,277,278,279,283,285,296,297
B7MJ81_Q9HD34	0.25773195876288657	0.8333333333333334	3,4,7,8,10,11,12,14,15,16,17,18,19,22,25,26,28,29,30,31,32,33,34,35,36,37,38,39,40,41,42,43,44,45,47,48,49,52,53,54,55,56,57,58,60,61,62,63,64,65,66,67,69,70,71,73,74,75,76	9,12,13,16,17,20,21,23,24,25,26,28,32,36,40,43,44,60,61,64,67,68,70,71,72,73,74,75,76,77,78,79,80,81,82,83,84,85
P03169_P30460	0.14534883720930233	0.8064516129032258	201,202,204,205	24,25,26,28,29,30,31,32,33,34,35,36,37,38,39,40,41,42,43,44,45,46,47,48,49,50,51,52,53,54,55,56,57,58,59,60,61,62,67,68,69,70,71,72,74,82,83,84,85,86,87,88,89,90,91,92,93,94,95,96,97,98,99,100,101,102,103,104,105,106,107,108,109,110,111,112,113,114,115,116,117,118,119,120,121,122,123,124,125,136,137,138,139,140,141,142,143,144,145,146,157,158,161,162,164,165,166,168,169,170,171,172,173,175,179,182,186,190,193,194,197,198,201,211,212,213,214,215,216,217,225,227,228,229,240,252,253,254,255,256,257,258,259,260,261,262,263,264,265,266,267,269,270,271,272,273,274,275,276,277,278,279,283,285,296,297,298,299
O36972_Q08209	0.05813953488372093	0.09090909090909091		21,22,23,24,25,26,27,29,31,58,62,65,66,81,83,85,87,88,89,90,91,92,93,94,95,96,98,99,102,158,162,212,213,215,216,217,218,219,235,236,237,238,239,240,241,242,243,244,245,246,248,249,250,252,253,257,259,262,266,269,270,280,281,283,284,288,291,292,293,294,295,296,314,315,316,317,318,321,322,336,337,338,339,340,341,369
O00401_P0DJ89	0.3023255813953488	0.3611111111111111	216,217,218,219,220	267,268,269,270,271,273,274,277,278,281,284,285,287,288,289,291,292,293,294,295,296,297,298,299,300,301,302,303,304,305,306,307,308,309,310,311,312,313
P01892_P14079	0.15	0.631578947368421	24,25,26,27,28,29,30,31,32,33,34,35,36,37,38,39,40,41,44,45,46,47,48,49,50,51,52,53,54,55,56,57,58,59,60,61,62,67,68,69,70,71,77,78,80,81,82,83,84,85,86,87,88,89,90,91,92,93,94,95,96,97,98,99,100,101,102,103,104,105,106,107,108,109,110,111,115,116,117,118,119,120,121,122,123,124,125,136,137,138,139,140,141,142,143,144,145,146,147,158,161,162,165,168,169,170,172,179,182,186,190,193,194,197,200,201,212,213,214,215,216,217,225,227,228,229,231,240,241,242,252,253,254,255,256,257,258,259,260,261,262,263,264,265,266,267,269,270,271,272,273,274,275,276,277,278,279,285,296,298	
B7UCZ5_P01130	0.027932960893854747	0.15151515151515152	16,17,18,20,21,35,36,38,42,43,44,45,46,47,48,49,50,51,52,53,54,70,72,73,75,76,77,78,80,85,86,87,88,89,90,91,92,93,94,95,96,97,98,99,100,101,104,105,106,108,109,110,113,114,115,116,117,118,119,120,121,122,123,124,125,126,127,128,130,131,143,148,150,153,155,156,157,159,178,179,181,183,184,185,186,187,195,197,198,200,202,204,206,207,221,223,224,225,226,227,260,275,276,277,278,279,280,281,282,283,284,285,286,287,288,289,290,291,292,293,294,295,296,297,298,299,300,301,302,303,304,305,307,308,309,310,311,312,313,314,315,316,318,319,344,346,347,349,350,351,352,353,354,355,356,357,377,399,400,401,402,403,404,405,406,407,408,409,410,411,412,413,414,415,421,423,424	77,78
P05362_Q6VY96	0.07204610951008646	0.7352941176470589	27,29,31,33,34,46,48,50,60,61,62,63,64,65,66,67,90,92,94,96,97,98,99,100,101,102,103,104,105,119,120,121,122,123,124,125,126,135,137,138,139,140,171,173,175,176,177,178,184,186,188,190,192,193,194,195,196,197,198,199,200,201,202,203,204,205,206,207,208,209,210,212,213,214,215,216,217,218,219,220,221,222,223,224,225,226,227,228,229,230,231,233,235,237,238,239,240,241,246,248,250,252,253,254,255,256,257,258,259,260,261,262,263,264,265,266,267,268,272,274,276,277,278,279,280,286,288,290,292,293,294,295,296,297,298,299,300,301,315,317,318,354,356,357,358,359,360,361,362,363,364,366,369,371,373,375,377,378,379,380,381,382,383,390,392,393,394,395,396,409,410,411,412,413,414,415,417,419,421,429,431,432,433,434,436,442,443,445,447,448,449,450,451,455,457,459,461,462,463,464,472,474,475,476	653,654,655,656,657,658,659,660,661,662,663,664,681,682,683,684,685,686,687,688,689,690,691,692,693,694,695,696,697,698,699,700,701,702,703,704,706,708,710,712,713,730,731,732,733,734,735,736,737,738,739,740,741,742,743,745,746,747,748,749,750,751,752,753,754,755,756,757,758,759,760,761,762,763,764,765,766,767,768,769,770,771,772,773,774,775,776,777,778,779,780,781,782,783,784,785,786,787,788,789,790,791,792,793,794,795,796,797,798,799,800,801,802,803,804,839,840,841,842,843,844,845,846,847,848,849,850,851,852,853,854,855,856,857,858,859,860,861,862,863,864,865,866
A0A2K9Y515_Q9H3P7	0.21212121212121213	0.23728813559322035		365,366,367,368,369,370,371,372,373,374,375,376,377,378,379,382,398,399,400,403,405,420,421,422,423,424,425,431,472,473,474,475,476,477,478,479,480,481,482,483,484,485,486,487,488,489,491,494,495,496,497,498,506,508,510,511,512,514,515,516,517,518,520,522,524,527
P03206_P30685	0.13414634146341464	0.4888888888888889	53	24,25,26,28,29,30,31,32,33,34,35,36,37,38,39,40,42,43,44,45,46,47,48,49,50,51,52,53,54,55,56,57,58,59,60,61,62,67,68,69,70,71,74,82,83,84,85,86,87,88,89,90,91,92,93,95,96,97,98,99,100,101,102,103,104,105,106,107,108,109,110,111,112,113,114,115,116,117,118,119,120,121,122,123,124,125,136,137,138,139,140,141,142,143,144,145,146,158,161,162,164,165,168,169,170,171,172,173,174,175,179,182,186,190,193,194,197,198,201,211,212,213,214,215,216,217,225,227,228,229,240,241,251,252,253,254,255,256,257,258,259,260,261,262,263,264,265,266,267,269,270,271,272,273,274,275,276,277,278,279,285,296,298
P02786_Q8AZ57	0.041666666666666664	0.19047619047619047	218,259,260,262,263,265,282,283,284,285,286,287,288,289,290,291,292,293,294,295,296,297,298,299,300,301,302,308,309,310,311,312,313,314,319,330,332,333,334,335,338,339,342,346,361,362,363,364,365,366,367,368,391,393,395,396,397,398,399,400,401,407,408,409,411,412,413,414,415,416,417,418,419,420,423,426,427,430,431,434,437,438,439,464,465,467,468,469,471,472,488,599,610,614,615,617,618,621,622,624,625,628,636,639,640,642,643,645,646,647,649,650,653,656,657,668,671,672,675,676,679,681,682,683,684,685,686,687,688,689,690,691,692,693,727,728,731,732,735,736,739,740,742,743,746,747,748,749,750,751,752,753,754,755	97,99,101,133,135,136,137,138,196,197,200,201,202,203,204,205,207,208,210,211,212,213,214,215,216,217,218,226,230,231,232,233,234,235,237,238,239,240
P18139_P30685	0.14619883040935672	0.7142857142857143	113,114,115,116,117,118,119,120	24,25,26,28,29,30,31,32,33,34,35,36,37,38,39,40,42,43,44,45,46,47,48,49,50,51,52,53,54,55,56,57,58,59,60,61,62,67,68,69,70,71,74,82,83,84,85,86,87,88,89,90,91,92,93,95,96,97,98,99,100,101,102,103,104,105,106,107,108,109,110,111,112,113,114,115,116,117,118,119,120,121,122,123,124,125,136,137,138,139,140,141,142,143,144,145,146,158,161,162,164,165,168,169,170,171,172,173,174,175,179,182,186,190,193,194,197,198,201,211,212,213,214,215,216,217,225,227,228,229,240,241,251,252,253,254,255,256,257,258,259,260,261,262,263,264,265,266,267,269,270,271,272,273,274,275,276,277,278,279,285,296,298
Q13637_Q6EAT3	0.2677165354330709	0.5151515151515151	21,22,23,24,26,28,29,30,31,32,33,34,35,36,37,38,39,40,42,43,46,47,51,52,54,55,56,57,58,59,60,61,62,63,64,65,67,75,77,78,79,80,81,82,85,86,87,88,89,90,91,92,94,95,96,97,99,102,104,106,108,109,110,111,113,114,117,118,126,128,129,130,131,162,163,164,167,168,169,170,171	27,28,30,32,55,75,78,79,114,115,116,117,118,119,120,121,122,124,154,156,157,158,159,160,161,162,163,165,167,168,169,170,171,172,173,174,175,176,177,178,179,180,181,183,184,185
L7MTK7_P01854	0.15730337078651685	0.42424242424242425	0,1,2,3,4,16,17,18,19,20,21,22,23,24,25,26,27,29,30,33,34,35,36,37,53,54,55,56,57,58,59,62,63,65,66,67,68,69,70,71,72,74,78,79	219,221,222,223,224,225,226,227,229,230,231,232,331,332,341,343,345,347,376,378,379,381,382,384,386,388,390,405,409,410,411,412,413,414,415,416,417,418,419,420,421,422,423,424,425
Q786F2_Q96NY8	0.375	0.3176470588235294	188,189,190,191,192,193,194,195,196,198,199,201,202,206,209,279,306,308,329,330,331,332,333,394,395,396,397,476,477,478,479,480,481,482,545,546,547,600,601,602,603,604,605	38,40,41,42,43,44,45,83,84,85,86,87,103,104,105,106,107,108,112,114,115,131,132,133,134,135,136,137,139
P19893_P55854	0.34375	0.4782608695652174	199,200,201,202,203,204,205	17,19,23,24,25,26,27,29,31,39,40,45,48,50,51,52,53,54,55,69,70,71,88,89,90
A3EX94_P27487	0.08144796380090498	0.35294117647058826	388,389,390,391,392,393,394,404,405,406,407,408,409,410,411,412,432,437,451,453,454,455,456,457,458,459,460,461,462,463,516,517,519,520,521,523,524,525,526,527,541,542,543,544,545,546,547,548,549,563,564,565,566,567,568,591,592	39,40,72,81,82,83,84,85,100,101,102,116,117,118,119,120,121,122,123,124,125,156,157,158,159,160,161,162,163,165,167,172,174,175,176,177,178,179,200,201,202,203,204,205,221,224,231,233,234,236,238,239,240,241,242,243,244,245,246,252,253,254,255,256,257,258,259,276,277,278,279,280,331,332,333,334,335,336,337,347,482,483,484,485,486,487,488,506,507,508,509,510,511,557,559,561,580,581,582,583,584,585,587,588,591,594,595,621,622,625,626,627,628,629,630,631,633,635,636,637,638,639,640,641,642,643,644,645,647,665,666,667,668,669,670,671,672,673,679,680,681,683,684,686,688,689,705,706,707,708,709,710,711,736,737,738,739,740,741,742,743,744,745,748
P04229_P12495	0.16455696202531644	0.4642857142857143	29,30,31,32,33,34,36,37,39,40,41,42,43,44,45,46,47,48,49,50,57,58,59,60,61,62,63,64,76,79,80,81,82,83,84,85,88,89,92,99,102,105,106,107,108,109,110,111,112,113,114,116,117,118,121,130,131,132,133,144,146,148,149,150,151,152,175,176,177,178,179,180,181,184,202,204,211,213,217	
O00459_Q99AU3	0.2727272727272727	0.47619047619047616	434,468,469,471,472,474,475,477,478,481,484,485,488,491,492,493,497,521,525,528,530,533,535,538,542,548,553,555,556,557,558,559,560,561,563,564,565,567,568,570,571,573,574,575,577,578,579,580,581,582,583,584,585,586,587,588,593,596	91,93,94,95,96,97,98,99,100,103,104,107,117,119,120,121,122,149,151,152,153,154,155,156,158,160,161,162,163,185,188,189,190,192,194,195,196,197,198,199,200,201,202,203,204,205,206,207,208,209,210,211
P68036_Q8ZNR3	0.08275862068965517	0.23076923076923078	22,23,24,25,26,27,28,35,41,42,43,44,45,46,47,51,53,61,62,63,64,65,66,68,76,77,78,79,80,81,82,83,84,85,86,87,94,95,96,97,98,99,101,102,104,105,108,109,112,121,122,126,129,132,136,140,146,148,149,150	164,165,166,167,192,193,198,200,202,309,310,311,312,313,324,328,329,348,349,350,351,352,353,354,355,356,357,358,360,458,461,465,510,554,555,556,568,640,641,642,644,645,648,651,652,653,654,655,656,657,658,694,697,698,699,700,701,702,703,704,705,706,707,708,709,712,744,745,749,750,751,758,762,765,766,769,770,773,774,776,777,778,779,780,781
P15144_Q1HVL8	0.040229885057471264	0.25	69,70,72,73,74,75,79,97,99,125,127,128,129,130,131,210,211,212,223,245,246,247,248,249,250,251,252,253,254,263,264,265,266,267,268,269,270,282,285,287,288,289,290,291,298,300,302,304,336,337,338,339,340,341,374,427,428,429,430,431,433,445,448,449,450,451,452,453,468,469,471,472,473,474,475,476,477,480,481,484,485,487,488,489,492,493,494,497,590,591,592,593,594,595,596,624,625,626,628,629,630,634,635,636,639,642,643,646,647,680,683,684,687,689,690,702,703,705,706,707,709,710,711,712,713,714,715,716,718,719,747,748,751,758,761,762,763,764,765,788,789,790,791,792,793,794,795,797,798,801,802,821,822,855,863,867,869,873	305,307,308,309,310,332,334,371,372,373,374,375,376,377,382,415
B9V0E2_P0DOX5	0.08695652173913043	0.5	420,421,422,423,424,425,426,427,501,502,503,504,505,506,507,508,509,510,520,521,522,523,524,525,526,527,528,529,530,531,532,533,534,558,559,560,561,562,563,564,565,566,567,603,604,605,606,607,608,609,610,611,612,613,614,615,616,619,621,622,630,631,632,633,635,642,643,644,645,646,648,649,650	36,37,38,41,43,44,45,46,54,57,99,103,108,109,110,127,128,129,130,131,140,142,144,146,148,149,169,170,171,172,173,174,175,176,177,178,179,180,182,184,186,188
P31345_P52294	0.32142857142857145	0.6164383561643836	724,727,728,729,730,731,732,734,735,736,751,752,753,754,755,756	91,93,94,95,96,99,100,102,103,106,107,110,111,112,113,114,115,116,118,119,141,145,148,149,151,152,153,155,156,157,159,182,183,185,186,187,189,190,193,194,195,197,198,199,200,201,203,204,221,222,223,224,225,226,227,229,230,233,236,237,238,240,241,242,243,244,245,246,247,268,275,279,282,283,284,285,317,337,340,343,344,347,352,354,355,359,362,363,364,365,366,367,368,369,373,396,397,398,401,404,405,406,407,408,409,432,434,435,436,437,440,443,444,447,451,472,475,477,478,481,482,484,485,492
P0CG47_Q6RCR4	0.23684210526315788	0.4090909090909091	150,152,153,155,157,158,159,160,182,184,199,200,223,225,226,227	38,41,42,46,49,50,52,53,54,56,57,58,59,60,61,62,63,132,133,134,135,136,137,138,139,140,141,164,165,166,167,168,169,171,172,173,178,180,185,186,187,188,189,190,191,192,193,194,195,196,198,199,203,206,207,212,275,290,291,293,294,295,296,297,298,299,300,301,307,310,311,314,315,316,317,318,319,320,321,322,323,324,377,378,379,436,439,440,441,442,464,494,496,497,498,499,500,502
A7UPX0_Q6GMX4	0.06086956521739131	0.5	17,18,46,49,50,51,52,53,54,72,73,74,75,76,77,78,85,86,87,88,102,160,161,177,178,179,213,215,216,217,218,219,220,245,249,250,251,252,253,254,256,278,279,280,281,282,284,308,310,311,328,333,334,335,336,337,338	20,21,22,23,24,25,26,27,28,29,30,56,58,71,92,94,96,97,105,107,109,110,112,113,115,116,117,120,121,139,140,141,142,143,144,145,146,147,154,156,158,159,160,161,162,163,164,184,185,186,187,188,195,198,200,202,231,232
O60502_Q0TR53	0.0410958904109589	0.2		39,128,129,130,139,140,144,146,147,148,149,153,156,157,159,160,161,163,164,166,168,169,171,172,173,174,175,176,177,178,179,180,181,182,183,185,187,188,190,199,200,202,203,206,258,339,340,341,342,344,449,450,451,452,453,454,456,457,479,480,482,483,484,485,486,487,488,489,490,491,494,600,602
B0B9A0_P0CG47	0.2125	0.3617021276595745	151,152,154,155,161,168,187,188,189,190,191,192,193,194,196,197,199,200,201,203,204,207,208,219,221,222,223,224,225,226,227,228,229,230,233,234,237,247,248,250,263,266,267,269,291,292,293,294,295,296,297,298,299,357,359,360,361,362,363,364,365,366,367,368,369,370	152,153,155,157,158,159,160,182,184,199,200,223,225,226
P26664_Q7Z434	0.1188118811881188	0.6	1031,1033,1034,1035,1036,1063,1064,1066,1067,1070,1071,1073,1074,1075,1076,1081,1093,1095,1096,1098,1100,1102,1103,1104,1106,1107,1108,1109,1110,1114,1115,1116,1117,1118,1119,1120,1121,1122,1123,1124,1125,1126,1127,1128,1129,1130,1131,1132,1133,1134,1135,1136,1137,1138,1139,1140,1141,1142,1143,1144,1145,1146,1147,1148,1149,1150,1151,1152,1153,1154,1155,1156,1157,1158,1159,1160,1161,1169,1171,1183,1185,1186,1187,1188,1189,1190,1191,1193,1194,1196,1198,1200,1201,1202,1203,1204,1205	501,502,503,504
P20963_P31818	0.24324324324324326	0.75	63,64,65,66,67,68,69,70,71,72,73,74,75,76	102,103,104,105,106,107,108,109,110,111,112,113,114,116,117,119,120,121,123,124,125,129,131,132,133,134,135,136,138,139,142,144,145,146,147,148,149,150,151,152,153,154,155,156,158,160,161,162,163,164,165,166,167,201,203,227,230,231,232,233
P08603_Q9JXV4	0.38095238095238093	0.14678899082568808	339,340,341,343,345,361,363,364,367,399,400,401,403,423	75,76,77,78,79,80,136,137,138,139,140,141,142,194,196,197,198,199,200,201,202,274,275,276,277,278,279,319
P62820_Q7BU69	0.19444444444444445	0.39436619718309857	5,6,7,8,9,10,11,12,13,14,15,16,17,18,19,20,21,22,23,24,25,27,29,31,32,33,34,35,38,39,42,43,45,64,66,67,68,69,71,73,74,75,76,77,78,79,80,81,82,83,84,98,120,121,122,123,124,125,126,127,128,129,130,131,135,139,142,150,151,152,153,154	143,144,145,146,147,148,149,150,151,154,155,221,222,223,224,225,241,242,243,244,245,246,247,248,249,250,267,268,271,274,275,278,279,282,286,289,290,291,292,293,294,298,301,302,303,304,305,306,307,327,347,348,349,350,351,352,353,354,355,359,360,361,362,363,364,365,366,367,369,397,398,399
P12497_P62937	0.11612903225806452	0.5294117647058824	132,135,138,139,140,141,142,143,144,145,147,148,149,152,176,177,179,181,184,185,188,189,191,192,194,195,197,198,201,204,205,206,207,208,209,210,211,212,213,214,215,216,217,218,227,228,229,230,231,232,233,234,235,236,237,238,239,240,241,243,244,245,247,248,250,251,252,253,254,272,273,274,275,276,277	0,1,2,4,6,18,20,22,24,40,41,42,43,44,45,46,47,48,50,52,53,54,62,63,64,65,66,67,68,69,70,71,72,73,74,75,76,77,78,79,80,81,82,84,85,86,87,88,89,90,91,92,93,94,95,96,97,98,99,100,101,102,103,104,105,106,107,109,110,117,120,128,130,156,158,159,161,162,163,164
P12499_P18464	0.13291139240506328	0.75	718,720,721,722	24,25,26,27,28,29,30,31,32,33,34,35,36,37,38,39,40,41,42,43,44,45,46,47,48,49,50,51,52,53,54,55,56,57,58,59,60,61,62,67,68,69,70,71,74,77,78,82,83,85,86,87,88,89,90,91,92,93,96,97,100,101,102,103,104,105,106,107,108,110,111,114,115,116,117,118,119,120,121,122,123,124,125,136,137,138,139,140,141,142,143,144,145,146,158,161,162,165,168,169,172,175,179,182,186,190,193,194,197,198,201,211,212,213,214,215,216,225,227,228,229,240,241,252,253,254,255,256,257,258,259,260,261,262,263,264,265,266,267,269,270,271,272,273,274,275,276,277,278,279,283,285,296,298
P01857_P04488	0.18487394957983194	0.4888888888888889	128,130,131,132,133,134,183,185,229,231,232,234,235,236,237,239,246,248,250,252,285,287,289,291,293,312,313,314,315,317,318,320,321,322,324,325	219,222,223,224,225,226,227,228,229,231,233,235,237,238,240,242,244,246,248,250,251,252,253,254,256,258,260,262,276,277,278,281,282,283,284,285,286,301,303,304,307,308,309,310,311,312,313,314,315,316,317,325,326,327,328,329,330,331,332,333,334,335,336,337,338,339,340,341,342,344,346,347,361,363,364,365,366,367,369,386,387,388,389
P01130_P0C2X0	0.007518796992481203	0.02702702702702703		0,27,28,29,30,31,32,33,34,35,36,37,38,54,56,57,59,60,61,62,64,69,70,71,72,73,74,75,76,77,78,80,81,82,83,94,97,98,99,100,101,102,103,104,105,106,107,108,109,127,130,169,170,171,172,173,188,190,191,192,193,194,205,207,208,209,259,260,261,262,263,264,265,266,267,268,269,270,271,272,273,274,275,276,277,278,279,280,281,282,283,284,285,286,287,288,289,291,292,293,294,295,296,297,298,299,300,302,303,333,334,335,336,337,338,339,361,363,384,385,386,387,388,389,390,391,392,393,394,395,396,397,398
O00571_P68466	0.2876712328767123	0.6774193548387096	80,81,82,83,84,85,86,87	26,30,34,37,38,42,44,45,46,47,48,49,50,51,53,54,55,57,58,61,64,65,85,86,87,88,89,90,91,92,106,109,110,111,112,113,114,115,116,117,118,119,120,121,122,123,124,125,126,128,129,130,131,132,133,134,135,136,137,138,140,144,145,146,148
P62805_Q1HVJ0	0.037037037037037035	0.4	26,27,28,36,40,44,45,46,47,48,49,50,51,52,53,55,57,59,60,61,63,64,65,66,67,68,70,71,72,74,75,77,78,79,80,81,82,84,87,88,91,92,93,94,95,96,97,98,99,100,101,102	412,413,414,415,416,417,419,423,424,425,427,428,429,430,431,432,433,434,435,436,437,438,441,443,448,449,450,451,452,455,459,466,467,468,469,470,471,472,473,474,475,489,491,560,561,562,563,564,565,566,575,576,577,578,579,580
O57173_Q16611	0.2608695652173913	0.4864864864864865	51,52,53,54,55,56,57,58,59,60,62,63,64,66,67,68,70,71,73,74,75,78,79,86,90,93,94,97,98,99,100,101,105,107,108,111,112,113,114,115,116,117,118,119,130,131,134,163,166,167,169,170,171	70,71,74,75,79,80,81,82,83,84,85,86,87,88,89,90
P01892_Q9DIT6	0.18181818181818182	0.8205128205128205	24,25,26,27,28,29,30,31,32,33,34,35,36,37,38,39,40,41,44,45,46,47,48,49,50,51,52,53,54,55,56,57,58,59,60,61,62,67,68,69,70,71,77,78,80,81,82,83,84,85,86,87,88,89,90,91,92,93,94,95,96,97,98,99,100,101,102,103,104,105,106,107,108,109,110,111,115,116,117,118,119,120,121,122,123,124,125,136,137,138,139,140,141,142,143,144,145,146,147,158,161,162,165,168,169,170,172,179,182,186,190,193,194,197,200,201,212,213,214,215,216,217,225,227,228,229,231,240,241,242,252,253,254,255,256,257,258,259,260,261,262,263,264,265,266,267,269,270,271,272,273,274,275,276,277,278,279,285,296,298	1405,1407,1408,1409,1410,1411,1412,1806,1807,1809,1810,1811,1812,1813,1814,1815
P30685_Q1HVF7	0.15606936416184972	0.9310344827586207	24,25,26,28,29,30,31,32,33,34,35,36,37,38,39,40,42,43,44,45,46,47,48,49,50,51,52,53,54,55,56,57,58,59,60,61,62,67,68,69,70,71,74,82,83,84,85,86,87,88,89,90,91,92,93,95,96,97,98,99,100,101,102,103,104,105,106,107,108,109,110,111,112,113,114,115,116,117,118,119,120,121,122,123,124,125,136,137,138,139,140,141,142,143,144,145,146,158,161,162,164,165,168,169,170,171,172,173,174,175,179,182,186,190,193,194,197,198,201,211,212,213,214,215,216,217,225,227,228,229,240,241,251,252,253,254,255,256,257,258,259,260,261,262,263,264,265,266,267,269,270,271,272,273,274,275,276,277,278,279,285,296,298	406,407,408,409,410,411,412,413,414,416
Q14653_Q99FX5	0.24324324324324326	0.36	197,198,199,200,201,202,204,206,208,226,235,236,237,238,239,240,241,262,266,349,350,351,352,353,354,379,380,381,382,383,384,398	485,486,488,489,490
P30480_Q90VG9	0.16292134831460675	0.9666666666666667	24,25,26,27,28,29,30,31,32,33,34,35,36,37,38,39,40,41,42,43,44,45,46,47,48,49,50,51,52,53,54,55,56,57,58,59,60,61,62,67,68,69,70,71,74,81,82,83,84,85,86,87,88,89,90,91,92,93,95,96,97,98,99,100,101,102,103,104,105,106,107,108,109,110,111,112,113,114,115,116,117,118,119,120,121,122,123,124,125,136,137,138,139,140,141,142,143,144,145,146,157,158,161,162,164,165,166,168,169,170,172,173,175,179,182,186,190,193,194,197,198,211,212,213,214,215,216,217,225,227,228,229,231,240,241,252,253,254,255,256,257,258,259,260,261,262,263,264,265,266,267,269,270,271,272,273,274,275,276,277,278,279,283,285,296,297,298,299,300	68,69,70,71,72,73,74,75,76
C5MK56_P03211	0.17058823529411765	0.90625	24,25,26,28,29,30,31,32,33,34,35,36,37,38,39,40,41,42,43,44,45,46,47,48,49,50,51,52,53,54,55,56,57,58,59,60,61,62,67,68,69,70,71,74,82,83,84,85,86,87,88,89,90,91,92,93,95,96,97,98,99,100,101,102,103,104,105,106,107,108,109,110,111,113,114,115,116,117,118,119,120,121,122,123,124,125,136,137,138,139,140,141,142,143,144,145,146,158,161,162,164,165,168,169,170,172,173,175,179,182,186,189,190,193,194,197,198,201,211,212,213,214,215,216,217,225,227,228,229,240,241,252,253,254,255,256,257,258,259,260,261,262,263,264,265,266,267,269,270,271,272,273,274,275,276,277,278,279,285,296,298	406,407,408,409,410,411,413,414,416
P01892_Q3KSU1	0.09815950920245399	0.64	24,25,26,27,28,29,30,31,32,33,34,35,36,37,38,39,40,41,44,45,46,47,48,49,50,51,52,53,54,55,56,57,58,59,60,61,62,67,68,69,70,71,77,78,80,81,82,83,84,85,86,87,88,89,90,91,92,93,94,95,96,97,98,99,100,101,102,103,104,105,106,107,108,109,110,111,115,116,117,118,119,120,121,122,123,124,125,136,137,138,139,140,141,142,143,144,145,146,147,158,161,162,165,168,169,170,172,179,182,186,190,193,194,197,200,201,212,213,214,215,216,217,225,227,228,229,231,240,241,242,252,253,254,255,256,257,258,259,260,261,262,263,264,265,266,267,269,270,271,272,273,274,275,276,277,278,279,285,296,298,299	301,302
H6A3H4_P40198	0.19767441860465115	0.29310344827586204	77,81,85,220,221,222,261,262,263,264,265,272,273,274,275,276,277,278,279,280,281,385,386,387,422,423,424,425,426,427,429,430,432,433,436,437	34,35,36,37,38,39,40,51,53,54,55,56,57,64,65,66,67,68,70,71,72,79,81,82,83,84,85,86,87,88,89,90,91,92,93,94,95,96,97,98,101,102,103,105,109,110,112,113,122,124
P12977_P30464	0.0915032679738562	0.5384615384615384		24,25,26,28,29,30,31,32,33,34,35,36,37,38,39,40,44,45,46,47,48,49,50,51,52,53,54,55,56,57,58,59,60,61,62,67,68,69,70,71,74,82,83,84,85,86,87,88,89,90,91,92,93,95,96,97,98,99,100,101,102,103,104,105,106,107,108,109,110,111,112,113,114,115,116,117,118,119,120,121,122,123,124,125,136,137,138,139,140,141,142,143,144,145,146,161,162,165,168,169,172,175,179,182,186,190,193,194,197,198,201,213,214,215,216,217,225,227,228,229,240,241,252,253,254,255,256,257,258,259,260,261,262,263,264,265,266,267,269,270,271,272,273,274,275,276,277,278,279,283,285,296,298
B1EF49_P0CG48	0.19718309859154928	0.4	184,185,214,215,216,217,218,219,220,223,244,261,262,263,265,266,267,268,269,270,307,308,318,321,325,352,355,356,357,358,359,360,361	608,609,611,613,621,623,625,638,639,640,641,642,649,650,651,652,653,654,655,656,657,658,659,661,662,663,664,665,666,667,668,669,670,671,675,677,679,681
P18465_Q1KW74	0.12179487179487179	0.59375	24,25,26,27,28,29,30,31,32,33,34,35,36,37,38,39,40,41,42,43,44,45,46,47,48,49,50,51,52,53,54,55,56,57,58,59,60,61,62,67,68,69,70,71,74,77,78,80,81,82,83,85,86,87,88,89,90,91,92,93,95,96,97,98,100,101,102,103,104,105,106,107,108,109,110,111,114,115,116,117,118,119,120,121,122,123,124,125,134,136,137,138,139,140,141,142,143,144,145,146,161,162,165,168,169,170,172,173,175,179,182,186,190,193,194,197,198,213,214,215,216,225,227,228,229,240,252,253,254,255,256,257,258,259,260,261,262,263,264,265,266,267,269,270,271,272,273,274,275,276,277,278,279,283,285,296	
Q77DJ5_Q7Z6E9	0.22784810126582278	0.72	142,144,145,146,148,149,151,152,153,155,156,157,158,159,165,172,175,176,178,179,180,181,182,183,184,186,187,188,190,191,192,193,194,195,196,197,198,199,200,201,202,203,204,205,206,207,208,209,210,211,212,214,215,216,217,241,243,244,245,246,247,248,249,250,251,252	555,556,557,558,559,560,561,562,563,564,565,566,567
P32455_Q8VSC3	0.12727272727272726	0.34146341463414637	14,15,16,17,18,19,21,23,24,27,28,31,34,35,72,73,74,75,76,124,127,128,129,130,131,132,134,135,138,139,142,145,146,149,152,223,226,227,228,230,231,232,233,234,235,236,238,239,306,307,308,309,310,320,321,344,346,361,364,368,399,447,448,449,450,451,452,453,454,455,457,461,475,476,477,478	26,33,42,43,46,50,61,63,64,65,66,183,184,186,188,189,190,191,193,194,197,198,201,218,221,222,225,226,227,228,229,230,238,239
G9HS63_Q6N089	0.14285714285714285	0.6923076923076923	169,170,171,172,174,175,177,178,179	53,54,55,56,57,58,61,63,64,65,66,69,70,71,72,73,76,77,78,113,116,131,132,133,134,150,151,152,153,154,155,156,157,163,165,167,169,171,172,193,194,195,196,197,198,199,200,201,202,203,205,207,209,211
P01024_Q89859	0.0625	0.21621621621621623	22,23,24,31,34,46,47,134,135,136,137,138,147,152,153,154,155,156,157,158,195,196,197,198,199,200,201,202,204,206,208,220,240,243,245,246,251,253,255,257,258,259,260,261,262,263,265,267,269,271,275,280,281,282,284,285,288,289,298,300,302,303,304,332,333,334,335,338,339,341,342,343,358,360,361,362,372,374,376,377,378,379,380,381,382,384,405,407,409,446,447,448,449,450,460,461,462,463,465,466,467,468,469,471,495,496,497,498,501,537,538,539,540,541,542,543,572,573,574,602,606,616,617,620,621,622,623,624,625,626,627,628,629,632,633,634,636,637,639,640,641,642,643,644,645,646,647,648,649,651,653,654,655,656,657,658,659,763,765,769,773,799,800,811,812,827,833,835,836,837,838,839,840,841,842,843,844,845,847,849,851,852,853,854,869,870,871,872,873,874,875,888,889,890,891,892,893,894,916,917,918,919,920,921,971,972,973,974,1007,1008,1009,1010,1011,1050,1052,1053,1054,1055,1057,1058,1059,1060,1061,1062,1063,1065,1066,1068,1069,1070,1079,1082,1083,1086,1087,1089,1090,1091,1092,1093,1094,1095,1193,1217,1218,1219,1220,1221,1222,1223,1224,1225,1226,1227,1228,1229,1230,1233,1234,1237,1241,1259,1260,1261,1262,1263,1264,1265,1266,1267,1268,1269,1296,1298,1312,1313,1314,1316,1317,1318,1319,1320,1321,1322,1323,1324,1340,1342,1344,1346,1347,1348,1424,1425,1426,1427,1429,1430,1431,1432,1433,1434,1435,1446,1448,1449,1472,1473,1474,1475,1476,1477,1479,1480,1481,1482,1604,1606,1607,1608,1609,1610,1631,1632,1633,1657,1658,1659,1661,1662	18,19,54,55,61,62,63,64,65,66,75,76,77,78,81,118,120,121,134,136,137,138,139,140,141,188,190,191,199,201,202,204,206,207,208,209,210,211,212,214,215,216,221,222,223,224,225,226,227,228,238,240,242,243
P03182_Q16611	0.2647058823529412	0.47368421052631576	2,4,5,9,38,39,40,41,42,43,44,46,47,50,51,54,57,58,61,64,65,66,68,69,70,71,72,73,74,75,76,77,78,79,80,82,83,86,90,98,99,106,117,118,119,122,123,124,126,127,130	70,71,74,75,78,79,80,81,82,83,84,85,86,87,88,89,90
P01834_Q51918	0.0	0.0	5,6,7,8,9,10,11,12,13,14,15,16,22,23,24,26,27,28,29,51,52,53,54,55,56,57,63,65,67,69,71,104	519
P02751_Q711B0	0.5869565217391305	0.5192307692307693	93,109,110,111,112,113,114,115,116,117,118,119,121,123,125,129,131,133,138,139,141,142,145,146,165,167,169,171	627,628,629,630,631,632,633,634,635,636,637,638,639,640,641,642,643,644
P12504_Q15369	0.5	0.5423728813559322	139,159,160,161,162,172	16,17,18,19,20,21,22,23,24,25,26,27,28,29,30,31,32,44,66,67,68,70,71,74,75,76,77,78,80,81,82,83,84,85,87,88,89,90,91,92,93,94,95,96,98,99,100,101,102,103,104,105,106,107,108,109,110,111
P0DP23_Q5ZTK6	0.165	0.308411214953271	33,34,36,37,38,39,40,41,42,43,44,45,47,48,51,77,78,81,82,83,84,86,89,90,92,93,94,106,109,110,113,114,117,118,137,138,139,141	111,112,113,114,115,118,119,121,161,163,165,166,169,172,173,175,176,179,180,181,182,183,184,185,186,187,188,189,191,192,195,233,235,236,271,274,275,278,279,281,282,283,284,305,306,307,308,309,310,311,312,313,314,315,316,339,340,341,342,343,344,345,347,424,426,427,430,478,485,486,488,490,492,493,512,513,514,515,516,517,518,519,583,584,585,586,587,588,589,590,591,592,608,609,610,611,612,613,614,615,616,617,618,619,620,621,622,623,624,625,626,627,628,629,644,647,648,651,652,653,654,679,680,681,682,683,684,731,777,780,781,784,785,788,802,803,804,806,807,808,809,810,811,812,813,814,815,816,817,818,819,820,832,833,835,838,839,841,842,843,845,846
P04003_P16947	0.19642857142857142	0.21153846153846154	48,49,50,51,54,56,57,61,98,100,102,144,146,148,161,163,164,165,166,167,168,169,170,171	55,56,59,62,63,66,69,70,73,76,77,80,83,84,87,90,91,94,95,97,98,101,102,105,108,109,112,115,116,119,122,123
P61006_Q5ZWZ3	0.16972477064220184	0.4805194805194805	5,6,7,8,9,10,11,12,13,14,15,16,17,18,19,20,21,24,26,28,29,30,31,32,33,34,35,36,37,39,40,42,61,63,64,65,66,67,68,70,74,76,77,78,79,80,81,108,116,117,118,120	201,204,205,208,211,212,215,218,219,222,225,226,229,232,236,239,243,246,250,253,257,261,264,268,272,275,278,279,282,296,299,303,306,348,349,352,353,354,355,356,357,358,359,360,361,362,363,364,365,366,367,368,371,372,374,375,377,378,379,380,381,382,383,384,385,386,387,388,389,390,391,392,393,394,395,396,397,398,399,401,402,403,405,406,408,409,410,411,412,413,414,415,416,419,420,423,424,426,427,429,430,431,433,434,437,440,443,444,447,448,451,474,475,476,477,478,479,480,481,482,484,485,493,494,495,497,498,499,500,501,502,503,505,509,512,519,526,529,530,533,534,537,538,540,541,544,545,547,548,549,551,552,555,556,559,560,562,563,566,567,569,570,573,574,576,577
O95484_P01558	0.27380952380952384	0.6571428571428571	4,5,6,7,10,11,14,15,17,18,19,21,22,23,25,26,27,28,29,30,31,32,33,34,35,36,37,38,39,40,41,43,44,45,46,47,48,49,50,51,52,54,55,56,57,58,59,60,61,62,63,64,65,66,67,68,69,70,71,72,73,74,76,77,78,80,81,84,85,87,88,91,94,95,98,99,100,101,102,103,104,105,106,107,108,109,110,111,112,113,114,115,118,122,125,132,136,137,139,140,141,142,143,144,145,146,147,148,149,150,151,152,153,154,155,156,157,158,159,160,161,162,163,164,165,167,168,171,172,173,174,175,176,177,178,179,180,181,182,183,184,185	226,228,229,230,231,232,236,238,240,242,244,256,257,258,259,260,261,263,275,276,281,282,283,285,287,289
O60563_P04608	0.43010752688172044	0.4819277108433735	24,25,64,65,66,67,68,69,71,72,74,75,76,87,90,92,93,94,95,96,97,98,99,100,101,102,104,105,108,109,112,113,114,131,143,145,146,154,158,161,162,164,165,166,167,168,169,170,171,172,174,189,213,214,215,252,255,256,258,259,260,261	0,10,11,12,13,14,15,16,17,18,19,20,22,27,31,32,34,35,36,37,38,39,40,41,42,43,44,45,46,47,48
M4STU1_P05161	0.4868421052631579	0.43023255813953487	1587,1588,1589,1590,1592,1639,1640,1641,1642,1643,1644,1647,1648,1651,1664,1666,1667,1668,1678,1679,1680,1682,1685,1689,1693,1694,1696,1697,1699,1700,1701,1702,1703,1704,1730,1731,1732,1752,1753,1754,1755,1756,1776,1793,1794,1795,1796,1800	82,84,86,87,88,89,90,91,92,93,94,95,96,98,104,107,119,120,122,124,144,146,148,150,152,153,154,155
O19626_P03211	0.23809523809523808	0.8064516129032258	28,29,31,32,33,35,36,37,38,40,43,44,45,46,47,48,49,50,51,52,53,54,55,56,57,58,59,60,71,78,82,85,86,88,89,90,91,92,93,95,96,97,98,99,100,103,104,105,107,108,110,115,116,117,118,119,120,121,122,123,137,138,139,140,141,142,143,144,145,146,161,165,168,169,172,175,182,186,190,193,194,197,214,215,216,217,225,227,228,229,257,258,259,270,271,273	406,407,408,409,410,411,413,414,416
P35961_Q6PIL8	0.011904761904761904	0.125	88,89,90,91,92,93,94,96,97,98,101,105,108,109,112,113,114,115,116,194,195,196,197,198,199,200,201,209,210,211,212,226,227,233,235,236,237,238,239,240,241,243,273,274,275,292,293,294,295,296,321,322,324,325,326,327,328,329,330,360,361,362,363,364,365,382,383,384,385,386,387,415,416,417,418,419,420,421,422,423,430,453,454,455,456,457,458,459,460,461,462,463,465,466,467,468,469,470	20,22,23,24,25,26,27,28,29,30,31,32,33,55,56,57,58,59,60,61,62,63,64,65,66,69,105,107,109,110,111,114,118,119,120,121,135,137,138,139,140,141,142,143,144,145,152,154,156,158,159,160,161,163,180,181,182,183,184,185,186,187,188,190,191,193,195,197,199,201
Q8IZA0_Q9YIJ1	0.04918032786885246	0.13953488372093023	400	233,234,235,237,253,254,255,315,317,321,323,324,325,326,327,346,347,348,349,350,351,352,354,373,374,375,376,377,378,379,380,381,470,472,474,475,476,477,478,479,480,481,482,602,603,604,605,606,607,608,609,611,612,615,616,617,618,619,620,621,622,623,624,625,627,628,629,630,633,634,636,637,638,639,640,641,642,643,644,645,646,647,648,649,657,659,660,661,663,665,680,681,682,683,684,685,686,687,688,689,690,691,692,697,698,699,700,701,702,703,704,705,706,707,708,718,719,720,721,722,723
E5D8F2_Q6ZTQ4	0.06583072100313479	0.3387096774193548	80,82,84,88,90,92,93,95,96,180,181,182,183,184,185,186,187,188,189,190,192,193,194,195,196,197,198,199,200,201,202,203,204,205,210,211,212,213,214,215,216,217,227,228,229,230,231,232,235,236,237,238,239,241,242,243,245,248,255,259,262,263,264,265,269,271,274,275,296,298,300,301,302,303,304,305,306,307,308,309,310,312,314,316,317,318,319,320,321,322,323,326,335,336,337,338,339,340,341,342,343,344,345,346,347,348,349,350,351,352,353,354,355,356,357,358,359,360,361,362,363,364,365,366,367,368,370,372,373,374,376,377,379,380,381,382,383,384,385,386,387,388,397,398,399,400,401,402,403,404,405,406,413,414,415,416,417,418,419,420,421,422,423,424,434,435,448,450,451,452,453,454,455,456,482,485,486,487,488,489,490,491,492,494,496,498,499,500,501,502,503,504,505,506,507,509,510,511,522,523,524,525,526,527,528,529,530,531,532,533,534,535,537,539,541,543,546,547,548,549,550,551,552,553,554,555,556,557,558,559,560,561,562,585,586,587,588,589,590,591,592,593,594,595,596,597,598,599,624,626,628,657,659,661,663,664,665,666,667,669,670,707,708,709,710,711,712,713,714,715,740,744,745,746,747,748,749,751,752,753,754,755,762,764,766,767,789,798,800,801,802,803,804,805,806,807,808,809,810,811,812,813,814,815,816,817,818,819,820,821,822,823	27,29,105,123,124,125,126
P01730_Q49DS8	0.27586206896551724	0.7111111111111111	25,26,27,29,53,63,64,65,66,67,68,69,70,71,72,73,74,75,76,77,78,79,80,81,82,83,84,85,86,109,111,120,122,123,130,131,133,134,143,145,146,147,148,149,176,199,201,203,204,205	0,1,2,4,6,8,10,23,25,38,40,81,82,85,86,89,90,91,92,93,94,95,97,98,99,100,101,102,103,137,138,139,140,142,143,144,145,146,147,148,149,150,162,164,165,166,167,168,169,170,171,172,178,180,181,182,183,184,185,186,196,197,199,200,202,203
P00588_Q99075	0.13043478260869565	0.16071428571428573	47,48,49,50,51,52,53,103,104,105,106,107,142,143,144,146,147,148,152,265,266,267,268,314,318,352,353,354,355,356,357,360,361,364,400,401,403,404,405,406,407,408,409,411,422,423,430,431,432,433,434,436,437,438	113,114,116,117,122,137,138,139,140,141,142,143,144,145,146
P02787_Q9K0U9	0.09251101321585903	0.3157894736842105	36,43,46,47,96,97,101,102,137,138,140,152,155,156,158,170,175,176,177,178,179,180,181,191,193,194,195,196,197,257,258,260,263,265,266,267,282,286,289,290,325,326,328,330,331,332,334,335,336,337,338,339,340,342,343,345,346,416,419,464,465,466,467,468,469,470,471,472,557,558,582,583,600,601,602,603,604,605,606,607,608,609,610,611,612,615,616,619,620,622,623,626,627,630,631,632,633,634,635,636,637,638,639,640,641,642,643,644,645,646,647,648,649,650,651,652,653,654,656,658,660,662,663,665,666,667,668,669,670,671,672,673,674,675,676,677,678,679,680,681,682,683,684,685,686,687,688,689,690,691,692,693,694,695,696,697	69,70,71,88,89,90,91,92,93,94,95,96,98,99,100,101,113,115,116,117,118,119,120,121,122,124,153,154,155,156,157,158,159,160,161,163,165,166,167,168,169,170,171,172,173,174,175,191,192,193,194,195,196,197,198,200,223,224,225,226,227,228,229,230,232,233,234,235,236,237,239,253,254,256,318,400,401,402,451,452,453,454,455,456,457,460,461,462,463,464,465,466,467,468,469,470,471,504,505,508,510,560,562,563,564,565,566,568,569,570,571,572,573,574,575,600,601,602,603,604,605,606,607,608,609,610,611,612,613,614,615,616,617,618,619,620,621,623,625,626,628,630,632,633,634,635,636,638,639,640,641,642,643,644,645,650,651,652,653,654,655,656,657,658,659,660,661,662,663,664,665,666,667,668,669,682,683,684,685,686,687,689,691,693,694,695,696,697,698,699,700,701,704,705,707,719,720,721,722,723,724,725,727,728,737,738,739,740,741,742,743,744,745,746,753,754,755,756,757,758,759,760,761,762,763,764,765,766,767,768,769,770,771,772,773,774,775,776,777,778,779,780,781,782,796,797,798,799,800,801,802,803,805,806,807,808,809,810,811,812,813,814,815,832,833,834,835,855,856,857,872,873,876,880,881,882,883,884,885,886,887,888,889,890,891,896,898,899,902,904,905,906,908,910,911,912,913,914
P01892_Q692E0	0.1488095238095238	0.8333333333333334	24,25,26,27,28,29,30,31,32,33,34,35,36,37,38,39,40,41,44,45,46,47,48,49,50,51,52,53,54,55,56,57,58,59,60,61,62,67,68,69,70,71,77,78,80,81,82,83,84,85,86,87,88,89,90,91,92,93,94,95,96,97,98,99,100,101,102,103,104,105,106,107,108,109,110,111,115,116,117,118,119,120,121,122,123,124,125,136,137,138,139,140,141,142,143,144,145,146,147,158,161,162,165,168,169,170,172,179,182,186,190,193,194,197,200,201,212,213,214,215,216,217,225,227,228,229,231,240,241,242,252,253,254,255,256,257,258,259,260,261,262,263,264,265,266,267,269,270,271,272,273,274,275,276,277,278,279,285,296,298	59,60,63,64,65,66,67,68
P13747_P16780	0.15894039735099338	0.8	22,23,24,25,26,27,28,29,30,31,32,33,34,35,36,37,38,41,42,43,44,45,46,47,48,49,50,51,52,53,54,55,56,57,58,59,64,65,66,67,68,71,74,75,79,80,82,83,84,85,86,87,88,89,90,92,93,94,95,96,97,99,100,101,102,103,104,105,106,107,108,109,110,111,112,113,114,115,116,117,118,119,120,134,135,136,137,138,139,140,141,142,143,158,161,162,165,166,176,179,182,183,186,187,190,191,194,208,210,211,212,213,214,222,224,225,226,249,250,251,252,253,254,255,256,257,258,259,260,262,263,264,267,268,270,271,272,273,274,275,276,293,295	14,15,16,17,18,20,21,22
P03077_P08575	0.061224489795918366	0.8181818181818182	250	621,622,623,624,626,641,642,643,644,645,646,647,648,649,650,651,652,653,654,655,656,657,658,659,660,661,662,663,665,667,668,670,671,673,676,677,678,679,680,681,682,683,684,685,686,687,688,689,690,706,708,709,711,725,726,731,735,738,739,745,749,750,752,763,764,765,782,783,784,785,786,787,818,819,820,821,822,823,851,852,853,854,871,872,873,874,875,886,887,889,890,894,896,900,903,904,907,908,911,912,913,914,915,916,917,918,919,920,921,923,952,978,979,980,981,983,1098,1100,1102,1104,1200,1201,1202,1203,1205,1206,1207,1209,1210,1211,1212,1213,1214,1215,1216,1217,1218,1219,1220,1221,1222,1223,1224,1225,1226,1227
P04936_P98155	0.0	0.0	581,582,583,584,585,586,587,588,589,590,591,592,593,594,595,596,597,598,599,623,625,626,627,628,629,664,666,668,669,671,672,674,675,678,679,682,683,684,722,723,725,734,736,737,759,760,761,762,763,764,765,766,767,768,769,770,771,807,809,810,811,812,813,814,815,816,817,818,819,820,821,822,823,825,826,827,828,829,830,831,832,833,834,835,836,837,838,839,840,841,842,843,844,845	113,114,115,116,118,122
P51681_Q70145	0.14705882352941177	0.6395348837209303	0,1,2,3,4,5,6,7,8,9,10,11,12,13,14,15,16,17,18,19,20,21,22,23,24,25,26,27,29,30,31,36,37,40,41,44,47,48,49,50,51,52,53,54,55,56,57,58,59,60,61,62,63,64,65,66,67,68,69,70,71,72,73,74,75,76,77,78,79,80,81,82,83,84,85,86,87,88,89,90,91,92,93,94,95,96,97,98,99,101,102,103,106,109,120,123,124,125,126,127,128,130,131,132,134,135,136,137,138,139,141,142,143,145,149,152,153,154,156,157,158,159,160,161,162,163,164,165,166,167,168,169,170,171,172,173,174,175,176,177,178,179,180,181,182,183,184,185,186,187,188,189,190,192,193,196,216,217,219,220,221,222,223,224,225,226,227,228,229,230,231,232,233,234,235,236,239,240,243,244,246,247,250,251,252,255,256,258,259,262,263,264,265,266,267,268,269,271,272,273,275,276,279,280,282,283,284,286,287,290,291,293,294,296,297,298,299,300,301,302,304,305,308,311,312	28,31,35,36,37,38,39,40,41,42,43,44,45,47,49,55,58,59,60,61,62,63,64,65,66,67,68,69,70,71,72,73,74,75,76,77,78,79,80,81,82,83,84,86,87,88,90,91,92,93,94,95,96,98,99,100,103,106,107,110,111,113,114,128,192,193,194,195,196,197,199,200,213,214,235,237,238,239,240,241,243,245,246,249,255,259,270,272,273,275,276,294,295,296,297,298,310,312,313,317,318,319,320,321,323,324,326,328,330,331,332,336,352,383,384,386,387,420,421,422,423,424,425,426,427,428,429,430,448,459,460,461,462,463,464,465,466,467,469,470,473,474,476,477,483,485,486,487,488
O75843_Q67953	0.3333333333333333	0.65	706,708,709,710,711,712,713,714,715,739,741,743,745,747,755,757,759,761,762,763,764,765,766,767,768,769,770,771,772,773,774,776,783,784	85,86,87,89,90
O43521_Q9DHU6	0.2608695652173913	0.6857142857142857	141,142,143,144,145,146,147,148,149,150,151,152,153,154,155,156,157,158,161	7,11,15,19,23,24,26,27,28,30,31,32,34,35,38,42,46,47,49,50,51,53,54,57,58,61,64,84,85,86,88,89,90,91,93,94,95,97,98,101,102,104,105,106,107,109,113,114,115,116,117,118,120,121,124,125,126,127,128,129,130,131,132,133,134,135,136,137,138,139,140,141,142
A0A0E8IWL6_P69905	0.125	0.21052631578947367	333,334,335,336,337,338,339,340,341,342,343,348,349,350,352,362,363,364,365,366,367,368,606,607,615,616,618,633,635,636,637,638,639,650,651,652,653,654	27,30,31,33,34,35,36,37,38,39,40,41,42,43,44,45,46,47,49,58,61,84,88,89,92,93,94,95,96,97,99,100,103,104,106,107,108,110,111,112,113,114,115,116,117,118,119,120,122,123,124,126,127,130,133,134,137,141
P01903_P0A0M0	0.025806451612903226	0.5714285714285714	27,28,29,30,31,32,33,34,35,36,37,38,39,45,46,47,48,49,50,51,52,53,54,55,56,57,67,68,69,70,71,72,73,74,75,76,77,78,79,81,82,83,85,86,88,89,90,92,93,95,96,97,99,100,101,102,103,104,105,106,113,114,115,116,117,118,119,120,121,122,123,124,130,132,133,134,135,136,137,138,139,140,141,142,158,159,160,161,162,163,164,165,166,167,168,169,170,171,172,173,174,188,190,192,193,194,195,196	166,167,168,170,171,172,173,174,175,176,177,178,179,180,181,204,205,206,207,208,209,210,211,212,213,214,215,216,217,218,219,220,221,222,223,224,225,226,227,228,229,231,233,235,236,237,238
