P03502_P05161	0.3582089552238806	0.41379310344827586	6,7,8,9,10,11,12,13,14,92,93,94,95,96,97,98,99	2,3,42,43,44,51,52,53,54,70,71,72,73,74,75,76,77,78,79,80,81,83,95,96,97,98,99,100,101,102,103,104,105,121,122,123,124,125,126,127,128,129,130,131,149,150,151,152,153,154
P08581_P0DQD2	0.09615384615384616	0.05952380952380952	341,413,414,415,416,417,418,428,510,511,512,513,514,515,516,517,518,712,718,721,722,723,724,725,726,727	78,193,198,199,237,240,241,242,243,244,245,246,247,248,249,250,255,266,286,287,289,296,298,299,301,302
P06492_P53999	0.2608695652173913	0.1276595744680851		62,63,64,82,83,84,85,86,87,88,89,90,91,92,93,94,117,118,119,120,121,122,123
G8UZ99_Q9UBQ0	0.35	0.28	159	0,1,3,29,30,31,32,33,34,35,36,171,172,173,174,175,176,177,178
P03406_P06241	0.09375	0.09375	102,106,107,108,109,110,111,112,113,114,115,116,117,125,126,127,129,145,146,147,191,192,193,194,195,196,197,198,199,200,201,202	
A6QG59_P01024	0.0	0.0		1099
P08174_Q8JKE8	0.0802675585284281	0.4897959183673469	160,161,162,163,164,165,166,167,168,169,170,171,172,173,174,175,176,177,183,184,185,186,187,188,189,190,191,192,193,194,195,196,197,198,199,200,202,203,204,205,206,207,208,209,210,211,212,213,214,215,216,217,218,219,220,221,222,223,224,225,226,227,228,229,230,231,232,233,234,235,236,237,238,239,240,241,243,244,246,247,248,249,250,251,252,253,254,255,256,257,258,259,260,261,262,263,264,265,266,267,268,269,270,271,272,273,274,275,276,277,278,283,284	101,102,103,104,105,106,107,108,109,110,111,112,113,129,130,131,132,133,134,135,136,137,176,177,178,179,180,181,182,254,255,256,269,270,271,272,273,274,275,276,277,278,279,280,281,282,283,292,293,294,295,296,297,298,299,300,301,309,310,311,312,313,314,315,316,317,318,319,321,322,323,324,325,326,327,328,329,331,332,333,334,335,336,337,338,339,340,341,342,344,345,346,347,348,349,350,351,374,376,377,378,379,380,381,382,397,398,425,426,427,428,429,430,431,432,433,445,446,447,448,449,488,494,496,497,498,499,500,501,502,503,504,505,506,507,508,509,510,511,512,513,514,515,516,517,518,524,526,527,528,542,543,544,572,573,574,575,576,577,578,579,580,581,582,583,585,591,592,593,594,595,596,597,598,599,600,601,602,687,688,689,690,692,693,752,757
A0A140GKJ0_Q03518	0.20833333333333334	0.09803921568627451	0,1,3,4,9,10,11,12,13,14	247,248,249,250,251,252,287,288,289,290,306,452,453,454
B9V0E2_Q6PIL8	0.0	0.0		201,202,203,204,205,206
O10647_P13236	0.0	0.0		
D0ZVG2_Q16512	0.0	0.0	185,186,187	
P01903_P03437	0.19230769230769232	0.14705882352941177	91,92,93,94,95,96,97,99,100,101,102,103,104,105,176,177,188,189,190,191,192,201,202,203,204,205	
P12506_P27487	1.0	0.047619047619047616	0	
P24941_P89883	0.21481481481481482	0.3333333333333333	0,1,2,6,17,18,19,20,21,22,23,24,32,33,34,37,38,39,40,41,42,43,44,45,75,82,83,84,85,86,87,88,92,95,96,97,98,99,101,102,103,104,105,106,107,108,109,110,111,112,113,114,115,116,171	4,5,6,7,8,9,10,11,12,13,14,15,16,17,18,19,20,21,22,23,24,25,26,27,28,29,30,31,32,33,34,35,36,37,38,39,40,41,44,45,46,47,48,49,50,51,52,53,54,55,56,57,60,61,67,68,69,70,71,72,73,74,75,76,77,100,102,103,121,122,151,152,154,156,157,158,159,160,162,202
Q5ZXN6_Q9H0U4	0.0	0.0	11,12,13,14,15,51,52,53,54,55,58,163,164,165,166,167,168,169,170,173,175,182,183,184,185,186,243,384,385,386,387,388,404,405,406,407,414,415,416,418,419,420,458,490,491,492,580,581,582,583,584,653,654,685,686	2,3,4
P69905_Q6G8J7	0.0	0.0	1,2,3,78,79,80,81,95,96,97,98,99,100,101,102,103,104,106,107,108,109,118,119,120,121,122,123,124,125,127	145,193,194,195,214,223,224
P04229_Q03909	0.0	0.0	30,31,32,33,189,190,191,202,203,204,205,206,216,217,218	
P52948_Q8B0H7	0.08771929824561403	0.5		48,49,50,51,52,53,54,55,56,57,58,59,60,61,62,63,64,65,66,67,68,69,70,71,72,73,75,76,77,78,79,80,81,82,83,84,85,102,103,104,105,106,107,108,109,110,111,112,113,114,127,128,129,130,134,135,136
P19508_Q9Y3Z3	0.0	0.0		
P01892_Q90VU7	0.2857142857142857	0.125	337,338,340,341,343,344,345,346	55,56,61,110,111,147
O15118_P87666	0.043151969981238276	0.6216216216216216	24,25,26,27,28,29,30,31,32,33,34,35,36,37,38,39,40,41,42,43,44,45,46,47,48,49,50,51,52,53,54,55,56,57,58,59,60,61,62,63,64,65,66,67,68,69,70,71,72,73,74,75,76,77,78,79,80,81,82,83,84,85,86,87,88,89,90,91,92,93,94,95,96,97,98,99,100,101,102,103,104,105,106,107,108,109,110,111,112,113,114,115,116,117,118,119,120,121,122,123,124,125,126,127,128,129,130,131,132,133,134,135,136,137,138,139,140,141,142,143,144,145,146,147,148,149,150,151,152,153,154,155,156,157,158,159,160,161,162,163,164,165,166,167,168,169,170,171,172,173,174,175,176,177,178,179,180,181,182,183,184,185,186,187,188,189,190,191,192,193,194,195,196,197,198,199,200,201,202,203,204,205,206,207,208,209,210,211,212,213,214,215,216,217,218,219,220,221,222,223,224,225,226,227,228,229,230,231,232,233,234,235,236,237,238,239,240,243,244,264,265,266,267,268,269,270,271,272,273,274,387,388,389,390,391,392,393,394,395,396,397,398,427,428,430,431,432,435,436,437,471,472,473,474,475,476,481,482,483,484,485,486,487,488,492,493,494,495,496,497,498,499,500,501,502,503,504,505,506,507,508,509,510,513,516,517,518,519,520,521,522,523,524,525,526,527,528,529,530,531,532,533,534,535,536,571,572,573,574,575,576,592,593,594,595,596,597,598,599,600,619,620,621,622,623,624,625,639,640,641,649,650,652,653,679,680,681,862,866,867,868,869,870,871,872,873,874,875,876,878,879,880,881,882,883,884,885,886,887,888,889,890,891,892,893,918,919,920,921,922,923,924,925,926,927,928,929,930,931,932,933,934,935,936,940,958,997,998,999,1014,1015,1016,1017,1018,1020,1046,1047,1048,1049,1050,1051,1052,1053,1054,1055,1056,1057,1058,1070,1071,1072,1073,1074,1075,1076,1077,1078,1079,1080,1081,1095,1096,1097,1098,1099,1100,1101,1102,1103,1114,1115,1116,1117,1118,1119,1120,1121,1122,1123,1124,1125,1126,1127,1128,1129	45,57,58,59,60,61,62,63,64,65,66,68,69,72,73,74,75,76,77,78,79,80,81,82,83,84,85,86,87,88,89,90,91,92,93,94,95,96,97,98,100,102,103,104,105,106,107,108,109,110,111,112,113,114,115,116,117,118,119,120,121,122,123,124,125,126,127,128,129,130,131,132,133,134,135,136,137,138,139,161,163,181,182,183,184,185,186,187
P50750_P69697	0.0	0.0		
P30460_Q9YRL8	0.0	0.0	273	
I0E093_P52799	0.1	0.022727272727272728	208,209,281,343,344,345,346,385,387,389,390,485,603,604	37,127,128,129,132,133
O43521_Q6VZT9	0.21830985915492956	0.9117647058823529	144,145,146,147,148,149,150,151,152,153,154,155,156,157,158,159,160,161,162,163	4,5,6,7,8,9,10,11,12,13,14,15,16,17,18,19,20,21,22,23,24,25,26,27,28,29,30,31,32,33,34,35,36,37,38,39,40,41,42,43,44,45,46,47,48,49,50,51,52,53,54,55,56,57,58,59,60,61,62,63,64,65,66,67,68,69,70,71,77,78,79,80,81,82,83,84,85,86,87,88,89,90,91,92,93,94,95,96,97,98,99,100,101,102,103,112,114,115,116,117,118,119,120,121,122,123,124,125,126,127,128,129,130,131,132,133,134,135,136,139,140,141
P04501_Q14126	0.096	0.21818181818181817	195,196,197,198,199,201,202,207,208,209,210,211,212,213,214,215,216,217,218,219,220,221,222,223,224,225,226,227,228,229,230,231,232,233,234,235,236,237,238,239,240,241,242,243,244,245,246,247,248,249,250,251,252,253,268,269,270,271,272,273,274,275,276,277,278,279,280,281,282,283,284,285,286,287,288,289,290,291,292,307,308,309,310,311,312,313,314,315	222,223,224,225,226,227,228,229,230,232,233,234,235,236,336,337,338,339,340,341,342,343,344,345,346,347,348,349,357,358,359,360,361,362,370,371,372
P01555_P62330	0.12582781456953643	0.4222222222222222	18,19,20,21,22,23,24,25,36,44,45,46,47,48,49,50,51,52,53,54,55,56,57,58,59,60,61,62,63,64,65,66,67,68,69,70,71,72,73,74,75,76,77,82,83,84,85,86,87,88,89,90,91,92,93,94,95,96,97,98,99,100,101,102,103,104,105,106,107,108,115,116,117,118,123,125,126,128,130,131,132,133,134,135,136,137,138,139,140,141,142,143,144,145,146,147,148,149,150,151,152,153,154,155,156,157,158,159,160,161,162,163,164,165,166,167,168,169,170,171,172,173,174,175,176,177,178,179,180,181,182,183,184,185,186,187,188,189,190,191,193,194,195,196,197,198,199,200,201,202,203	
O60684_P31345	0.18181818181818182	0.023809523809523808		721,722,723,724,725,726,727,731,733,734,735
P01730_Q993A8	0.375	0.05454545454545454	47,48,49,144	87,137,138,139
P03129_P28749	0.3333333333333333	0.4444444444444444	25,26,27,28	476,477,478,479,480,570,571,572
P01903_Q8NKX2	0.0	0.0	177	156,160
Q1HVJ0_Q9UER7	0.0	0.0		257
O14763_Q6RJQ3	0.36666666666666664	0.3548387096774194	84,85,86,87,88,89,90,91,92,93,95,96,99,100,101,102,103,104,105,106,107,131,132,133,142,143,144,145,146,147,148,149,173,174,175,176,177,178,179,180	104,105,106,107,108,109,110,174,207,208,209,210,211,212,213,226,227,228,229,230
P35961_Q5EBM2	0.0	0.0	191,192,356,357,358,359,360,376,377,378,379,380,381	55,56,57,114,115,117,119,178,211,212,213,227,236,237,239,240,242
P04637_Q0TR53	0.026726057906458798	0.8	144,145,146,148	39,40,41,42,43,44,45,46,47,48,49,50,51,52,53,57,58,59,60,61,62,63,71,72,73,85,111,112,113,114,115,116,117,118,119,120,121,122,123,124,125,126,127,128,129,130,131,132,133,134,135,136,137,138,139,140,148,150,151,154,156,157,160,162,163,164,165,166,167,168,171,172,173,174,175,176,177,178,179,180,181,182,183,184,185,186,187,188,189,190,191,197,198,199,200,201,202,208,209,210,214,215,216,217,218,219,220,221,222,223,224,229,230,231,250,254,255,256,257,258,259,260,261,262,263,264,265,266,267,268,269,270,271,272,273,274,275,276,285,286,287,288,289,290,291,292,293,294,295,296,298,299,300,301,302,303,304,305,306,307,308,309,310,322,323,324,325,326,327,328,329,330,331,332,333,334,335,336,337,338,339,340,341,342,343,344,345,346,347,348,349,350,351,352,356,357,358,359,360,361,362,363,364,365,366,367,368,369,370,371,372,373,374,375,376,377,378,379,380,381,382,383,384,385,386,388,389,390,392,393,397,399,400,401,402,403,404,405,406,407,408,409,410,411,412,413,414,415,416,417,418,419,420,421,422,423,424,425,426,427,428,429,430,431,432,433,434,435,436,437,438,439,440,441,442,443,444,445,446,447,448,449,450,451,452,453,454,455,456,457,458,459,460,461,462,463,464,465,466,467,468,469,470,471,472,473,474,475,476,477,478,479,480,481,482,483,484,485,486,487,488,489,490,491,492,493,494,495,496,497,498,499,500,501,502,503,504,505,506,507,508,509,510,511,512,513,514,515,516,517,518,519,520,521,522,523,524,525,526,527,528,529,530,531,532,533,534,535,536,537,538,539,540,541,542,543,544,545,546,547,548,549,550,551,552,553,554,555,556,557,558,559,560,561,562,563,564,565,566,567,568,569,570,571,572,573,574,575,576,577,578,579,580,581,582,583,584,585,586,587,588,589,594,596,597,598,599,600,601,602,603,604,605,606,607,608,609,610,611,612,613,614,615,616,617
Q14116_Q9DHU8	0.30434782608695654	0.15555555555555556	151,152,153,154,155,156,157,158,159,160,161	44,45,46,47,48,49,50,51,52,53,54,55
O60563_P69697	0.6666666666666666	0.04819277108433735	30,31	0,1,2,3
P69697_Q9UHB7	0.0	0.0		
P02768_Q51911	0.07692307692307693	0.047619047619047616	230,231,232,233,234,235,236,326,330,405,406,410,411,427,428,429,430,431,432,433,446,447,448,449,450,451	
P01903_P0A0L2	0.08823529411764706	0.1	87,88,89,91,92,93,94,95,96,97,98,99,100,101,102,103,104,105,173,175,176,177,178	173,174,175,176,177,178,179,180,181,182,210
I0AXC3_Q8TCD0	0.045454545454545456	0.07142857142857142	272,273	26,46,99,101,114,204,205,206,207,208,209,210,219,220,221,222,223,233,234,235
P03437_P13760	0.0	0.0		31,32,33,188,189,190,191,202,203,204,205,206,215,216,217,218
P12978_Q15326	0.6666666666666666	0.09523809523809523		569,570,571
P03366_P03989	0.3333333333333333	0.25		66,67,68,85,86,87,88,89,90,91,92,93,94,96,97,98,175,257,270,271,272,273,274,294
P61077_Q6RCR3	0.10714285714285714	0.11538461538461539	0,1,2,3,4,5,25,26,27,28,29,30,31,32,36,37,38,39,40,41	11,12,13,14,34,35,36,37
P13987_Q9LCB8	0.3888888888888889	0.15217391304347827	92,93,94,96,97,98,99,100	224,225,226,425,426,427,428,441,442,443
Q49DS8_Q6P5S8	0.0	0.0	108,109	232
P0C210_P46934	0.4444444444444444	0.42105263157894735	115,116,117,118,119	840,841,842,843,844,845,846,847,848,849,850,851,852
P0CG47_P0DTD1	0.19658119658119658	0.46	152,153,154,155,156,157,158,159,160,161,162,163,164,166,167,168,169,170,171,172,173,174,175,176,178,179,189,190,191,192,193,194,195,196,197,198,199,200,201,202,203,204,205,206,207,208,209,210,211,212,216,217,218,219,220,221,222,223,224,225,226	1596,1597,1598,1599,1600,1601,1602,1610,1611,1612,1623,1624,1625,1626,1627,1628,1629,1630,1631,1632,1649,1650,1690,1691,1692,1693,1694,1734,1759,1760,1761,1762,1763,1764,1765,1766,1767,1768,1769,1774,1775,1792,1793,1794,1795,1796,1797,1798,1799,1800,1801,1802,1852,1853,1855,1856
P60953_Q06277	0.37037037037037035	0.2702702702702703	0,1,2,3,6,7,17,18,19,20,21,22,23,24,57,59,60,61,62,63,64,65,66,67,68,69,70,71,72,73,74,75,76,182,183,184,185,186,187,188,189,190	3490,3491,3492,3516,3555,3556,3557,3558,3559,3560,3561,3716
P00747_P00779	0.2653061224489796	0.08843537414965986		94,95,97,98,99,100,101,102,103,104,105,106,108,109,112,114,115,118,122,229,230,231,232,233,234,296,340,341,342,343,344,345,346,347,348,349,350,351,352,353,354,355,359,392,393,394,395,396,397
K4LC41_P05161	0.20077220077220076	0.8	1543,1544,1545,1546,1547,1548,1549,1550,1551,1558,1563,1564,1572,1580,1582,1583,1584,1585,1586,1595,1596,1597,1598,1599,1600,1601,1602,1603,1604,1605,1606,1607,1608,1609,1613,1630,1631,1632,1633,1634,1635,1636,1639,1640,1641,1642,1643,1644,1645,1649,1650,1651,1652,1653,1654,1655,1656,1657,1658,1659,1662,1663,1664,1665,1666,1667,1668,1669,1670,1671,1672,1673,1674,1675,1676,1677,1678,1679,1680,1681,1682,1683,1684,1685,1686,1687,1688,1689,1690,1691,1692,1693,1694,1695,1696,1697,1698,1699,1700,1701,1702,1703,1704,1705,1706,1707,1708,1709,1710,1711,1712,1713,1714,1715,1716,1717,1718,1719,1720,1721,1722,1723,1724,1725,1726,1727,1728,1729,1741,1750,1758,1762,1763,1774,1791,1792,1793,1794,1795,1796,1797,1798	3,4,5,6,7,8,9,10,11,12,13,20,21,22,23,24,25,26,27,28,29,30,42,43,44,45,46,47,48,49,50,51,52,53,54,55,56,57,58,59,60,61,62,63,64,67,68,69,70,71,72,73,74,75,76,78,79,80,81,82,83,84,86,92,93,94,95,96,97,98,99,100,101,102,103,104,105,106,107,108,109,110,120,121,122,123,124,125,126,127,128,129,130,131,132,133,134,135,136,137,138,139,140,141,143,144,145,146,147,148,149,150,151,152,153,154,155
P04578_P18465	0.07407407407407407	0.06896551724137931	1,4	59,60,61,62,63,64,65,66,67,68,69,70,71,72,144,145,152,153,286,287,288,296,297,298,299
P69332_P78423	0.1457286432160804	0.48333333333333334	16,29,30,31,32,33,34,35,36,37,76,77,78,79,80,81,82,83,84,85,86,87,106,107,108,109,110,111,112,113,114,115,116,117,118,119,120,121,122,123,124,125,134,143,144,145,146,147,148,149,150,151,152,153,154,155,156,157,158,159,160,161,162,163,164,165,166,167,168,169,170,171,172,173,174,175,176,177,178,179,180,181,182,183,184,186,187,188,189,190,191,192,193,194,195,196,197,198,199,200,201,202,203,204,205,206,207,208,209,210,211,212,213,214,215,216,217,218,219,220,221,222,223,224,225,226,227,228,229,230,231,232,233,234,235,236,237,238,239,240,241,242,243,244,245,246,247,248,249,250,251,252,253,254,255,256,257,258,259,260,261,262,263,267,270,271,272,273,274,275,276,277,278,279,280,281,282,283,284,285,286	27,28,29,30,31,32,33,34,35,36,37,38,39,40,41,85,86,92
P63208_Q5ZTL7	0.17222222222222222	0.4492753623188406	1,2,3,4,5,6,7,8,9,10,11,12,13,14,15,16,17,18,19,20,21,22,23,24,25,26,27,28,29,30,31,32,33,34,35,36,41,42,43,44,45,46,47,48,49,50,51,82,83,84,85,86,87,88,89,90,91	1,2,3,4,5,6,7,8,9,10,11,12,13,14,15,16,17,18,19,20,21,22,23,24,25,26,27,28,29,30,31,32,33,34,35,36,37,38,39,40,41,42,43,44,45,46,47,48,49,50,51,52,53,54,55,56,57,58,59,60,61,62,63,64,65,71,77,78,79,80,81,82,83,84,85,86,87,88,89,90,91,92,93,94,95,96,97,98,99,102,103,104,105,106,107,108,109,110,111,112,113,114,115,116,117,118,119,120,121,123,125,126,128,129,138,139,140,141,142,143,144,145,146
P05534_Q9WPV9	0.0	0.0	61,62,63,64,65,66,67,68,69,70,145,149,180,181,271	
B7TQM6_V9VHH0	0.0	0.0	77	
P04608_P50750	0.0	0.0	2	38
P10147_Q2F862	0.0	0.0		
P03204_P30685	0.07692307692307693	0.12		24,25,26,27,61,62,63,64,65,66,67,72,73,74,75,76,77,78,85,86,87,88,89,90,105,106,107,108,109,110,111,281,282,283,284,285,286,287,298
P18465_Q70A61	0.0	0.0	271,272,273	
A0A2R4LVT4_P52630	0.07042253521126761	0.24691358024691357	2528,2529,2530,2531,2787,2792,2793,2810,2837,2843,2845,2846,2847,2848,2849,2850,2851,2852,2879,2880,2881,2882,2883,2884,2885,2888,2889,2893,2894,2895,2968,2969,2970,2971,2972,2973,2974,2993,2994,2995,2996,2997,2998,2999,3000,3001,3029,3032,3033,3034,3035,3036,3037,3038,3086,3087,3088,3094,3095,3096,3097,3098,3099,3100,3101,3137,3139,3140,3141,3142,3143,3200,3201,3203,3206,3207,3208,3209,3210,3212,3213,3214,3253,3256,3257,3258,3259,3262,3263,3354,3355,3356,3357,3359,3360	142,143,144,145,146,147,148,149,150,151,152,153,154,155,156,157,158,159,160,161,162,163,164,165,166,167,168,169,170,171,172,173,174,175,176,177,178,179,190,212,213,214,215,216,217,218,219,232,236,237,239,240,242,243,244,245,246,247,254,255,256,257,258,259,260,261,286,287,288,313,314,315,316,317,318,319,320,321,322,323,324,325,326,327,328,329,330,331,332,333,334,341,342,343,344,345,346,347,348,349,354,355,356,357,359,360,361,362,363,364,365,366,367,368,369,370,371,372,373,374,375,376,377,378,379,380,381,385,388,389,390,391,392,393,394,395,396,397,398,399,400,401,402,403,404,405,406,407,408,409,420,421,422,423,424,425,426,427,428,429,430,431,432,433,451,452,453,454,455,456,457,464,491,492,493,494,495,496,497,498,499,500,501,502,503,504,505,506,507
P01903_P12495	0.36	0.2647058823529412	74,82,84,85,86,87,88,91,92,94,100,101,102,103,104,174,175,176,177,178,205	166,169,170,171
P03303_Q9H3P7	0.16091954022988506	0.23728813559322035	1482	379,380,381,382,383,384,385,386,387,389,390,391,392,393,394,395,396,413,414,415,416,417,418,419,420,421,422,424,430,431,432,433,434,435,473,474,475,476,477,478,479,480,481,482,483,484,485,486,487,488,489,490,491,492,493,494,495,496,497,498,499,500,501,502,503,504,505,506,507,508,509,510,511,512,513,514,515,516,517,518,519,520,521,522,523,524
Q07812_Q9DHU6	0.22297297297297297	0.868421052631579	54,55,56,57,58,59,60,61,62,63,64,65,66,67,68,69,70,71	4,5,6,7,8,9,10,11,12,13,14,15,16,17,18,19,20,21,22,23,24,25,26,27,28,29,30,31,32,33,34,35,36,37,38,39,40,41,42,43,44,45,46,47,48,49,50,51,52,53,54,55,56,57,58,59,60,61,62,63,64,65,66,67,68,69,70,71,72,83,84,85,86,87,88,89,90,91,92,93,94,95,96,97,98,99,100,101,102,103,104,105,106,107,108,109,110,111,112,113,114,115,116,117,118,119,120,121,122,123,124,125,126,127,128,129,130,131,132,133,134,135,136,137,138,139,140,141,142,143
D3HJY4_P14784	0.0	0.0	10,11,12,13,14,15,16,17,18,19,20,21,22,23,24,25,26,27,28,29,30,31,32,33,34,35,36,37,38,39,40,41,42,43,44,45,47,48,49,50,51,52,61	
Q6N030_Q8Q7Z9	0.0	0.0	238	85,86,87,88,89,90,91,92,169,170,171,172
P02788_Q54972	0.20634920634920634	0.4126984126984127	135,136,137,138,139,140,141,142,143,144,145,146,147,148,149,150,151,152,153,154,155,156,157,158,159,160,161,162,168,169,170,171,172,173,174,175,176,177,179,180,181,182,183,184,185,243,244,255,256,257,258,259,260,261	198,199,200,201,202,203,204,205,206,207,208,209,210,211,212,213,214,215,216,217,218,219,220,221,222,223,224,225,226,227,240,241,242,243,244,245,246,247,248,249,250,251,252,253,254,255,256,257,258,259,260,261,262,263,264,265,266,267,287,288,289,290,292,294,295,296,297,298,299,300,301,307
M4STU1_P62987	0.1774891774891775	0.7884615384615384	1515,1521,1522,1523,1524,1525,1526,1527,1528,1529,1530,1533,1534,1535,1536,1537,1538,1539,1540,1541,1542,1543,1545,1572,1574,1596,1597,1598,1599,1600,1601,1602,1632,1633,1634,1635,1636,1639,1644,1645,1646,1647,1648,1649,1650,1651,1652,1653,1654,1655,1656,1662,1663,1664,1665,1666,1667,1668,1669,1670,1671,1672,1673,1674,1675,1676,1677,1678,1679,1680,1681,1682,1683,1684,1685,1686,1687,1688,1689,1690,1691,1692,1693,1694,1695,1696,1697,1698,1699,1700,1701,1702,1703,1704,1705,1706,1707,1708,1709,1710,1711,1712,1713,1714,1715,1716,1717,1718,1719,1720,1721,1722,1723,1724,1725,1726,1727,1739,1740,1741,1742,1743,1758,1759,1760,1761,1762,1763,1764,1768,1772,1773,1774,1775,1776,1777,1778,1780,1781,1782,1783,1784,1785,1786,1787,1788,1789,1790,1791,1792,1793,1794,1795,1796,1797,1798,1799,1800,1801,1802	0,1,2,3,4,5,6,7,8,9,10,11,13,14,15,16,17,18,19,20,21,22,23,24,25,26,27,28,29,30,31,35,36,37,38,39,40,41,42,43,44,45,46,47,48,49,50,51,52,53,54,55,56,57,58,59,60,61,62,63,64,65,66,67,68,69,70,71,72,73,74
P0DKX7_P62158	0.5882352941176471	0.14285714285714285	341,342,343,344,345	81,82,83,84,85,86,87,88,89,122,123,124
P18010_P18206	0.19	0.21348314606741572		0,1,2,3,4,5,6,7,8,9,10,11,30,31,32,33,34,35,36,64,65,66,67,68,69,70,71,72,73,74,97,98,99,100,101,102,103,104,105,106,107,108,120,121,122,123,124,125,126,127,128,129,130,131,132,133,134,135,136,137,138,139,140,141,142,143,145,146,147,148,149,150,151,152,153,180,181,182,183,184,185,186,187,188,189,190,191,192,206,207,208,217,218,219,220,221,222,223,256,257
P19551_Q6P5S8	0.0	0.0	192,193,359,360,361,362,379,380,381,382,383,384	44,50,108,109,110,111,203,204,229,230,231,232,233
O00629_P0C1C6	0.0	0.0		
A8CDU0_P04229	0.0	0.0		
P0CG48_Q6RCR1	0.3728813559322034	0.24175824175824176	608,611,612,613,614,615,616,617,618,646,648,649,650,651,652,653,654,655,656,657,658,659,660,661,662,675,676,677,678,679	233,234,279,280,281,282,283,284,285,286,288,289,291,292,294,355,356,357,358,359,360,390,391,393,394,395,851,852,853
B7TQM6_X5DSL3	0.0	0.0	77	
P36711_P78310	0.0	0.0		
P01730_Q75760	0.0	0.0		
P01024_P68799	0.0	0.0	1099	
P00742_P23827	0.2	0.27906976744186046		48,91,92,93,94,95,96,97,98,99,100,101,102,104,105,106,107,108,109,110,111,112,113,114,115,116,117,118,119,120,121,122,123,124,125,126,127,128,129,130,131,132,133,134,135,136,137,138,139,143,147,148,151,152,153,154,155,156,157,158
Q6P5S8_Q8Q7Z9	0.0	0.0	203,204	88,171
P04637_Q9WYW0	0.11827956989247312	0.5945945945945946		0,1,2,3,4,5,6,7,8,9,10,11,12,13,14,15,16,17,18,19,20,21,22,23,24,25,26,27,28,29,30,31,32,33,34,35,36,37,38,39,40,41,42,43,44,45,46,47,48,49,50,51,52,53,54,55,56,57,58,59,60,61,62,63,64,65,66,67,68,69,70,71,84,89,92,93,94,95,96,97,98,99,100,101,102,103,109,111,112,113,114,115,116,117,118,119,120,121,122,123,124,125,126,127,128,129,130,131,132,133,134,135,136,137,138,139,140,141,142,143,144,145,146,147,148,149,150,151,152,153,154,155,156,157,158,159,160,161,162,163,164,165,166,167,168,169,170,171,172,173,174,175,176,203,204,205,206,207,208,209,210,211,212,213,214,215,216,217,218,219,220,221,222,231,232,233,234,235,236,237,238,241,242,243,244,245
P05893_Q8WUM4	0.0	0.0		1,4,5,6,7,38,39,40,41,42,461,462
O52623_P60953	0.0	0.0		
P62937_Q72497	0.21518987341772153	0.3469387755102041	0,1,2,3,4,5,6,7,8,9,10,15,17,22,23,24,25,26,27,28,29,32,33,34,35,36,37,38,51,54,55,56,57,98,100,101,102,103,104,105,106,107,108,111,112,113,114,115,116,117,132,133,134,135,136,137,138	132,133,134,140,141,164,165,166,167,168,169,170,171,172,173,220,221,222,223,224,225,253
O43521_P0C6Z1	0.3007518796992481	0.975609756097561	140,141,142,143,144,145,146,147,148,149,150,151,152,153,154,155,156,157,158,159,160,161	1,2,3,4,5,6,7,8,9,10,11,12,13,14,15,16,17,18,19,20,21,22,23,24,25,26,27,28,29,30,31,32,33,34,35,36,37,38,39,40,41,42,43,44,45,46,47,48,49,50,51,52,53,54,55,56,57,58,59,60,61,62,63,64,65,66,67,68,69,70,71,72,73,74,75,76,77,78,79,80,81,82,83,84,85,86,87,88,89,92,93,94,95,96,97,98,99,100,101,102,103,104,105,106,107,108,109,112,113,114,132
P30460_Q9YRL3	0.0	0.0		
P13500_Q2F862	0.0	0.0		
P08160_Q14790	0.16129032258064516	0.30612244897959184	1,2,3,4,5,6,7,8,9,10,11,12,13,14,15,16,17,18,19,20,21,22,23,24,25,26,27,28,29,30,31,32,33,34,35,36,37,39,40,41,42,43,44,45,46,47,48,49,50,51,52,69,71,73,74,75,76,77,78,79,80,81,82,83,84,85,86,182,183,243,244,245	235,236,237,238,239,240,241,243,244,248,249,311,312,313,314,315,316,317,422,423,424
P01892_P12901	0.0	0.0		
P46934_Q05128	0.15384615384615385	0.1111111111111111	840,841,842,843,844,845,846,847,848,849,850,851,852	
A0A0C5HAL9_Q9UHB7	0.0	0.0	1	
P15529_Q772X2	0.18811881188118812	0.40425531914893614	34,42,43,68,69,71,72,84,85,86,87,88,131,133,134,135,145,146,147,148,149,150,151,152,156,195,216,217,218,219,222,262,263,264,277	212,213,223,224,225,226,227,228,229,230,231,232,233,234,235,236,237,238,239,240,241,242,243,244,245,246,247,248,249,250,251,254,255,256,257,261,262,263,264,265,271,272,273,274,275,276,277,278,279,280,281,282,283,284,285,286,287,288,289,291,292,293,294,295,319,320
P68871_Q2FG07	0.07142857142857142	0.06153846153846154	1,2,3,82,83,84,85,86,87,99,100,101,102,103,104,105,106,107,108,109,123,124,125,126,127,128,129,130,131,132,133,134,135,139	385,386,453,565,566,619,620,621,622,629,630,631,642,643,644,645,646,647,648,650,651,652
Q16531_Q80IU5	0.0	0.0	0,1	
P03204_P30481	0.18333333333333332	0.34375		24,25,26,27,61,62,63,64,65,66,67,68,69,71,72,73,74,75,76,77,78,79,80,81,82,83,84,85,86,87,88,89,90,91,92,93,94,95,96,97,98,99,100,101,102,103,106,107,108,109,110,111,281,282,283,284,285,286,287,298
A4GWM6_P12830	0.06349206349206349	0.06060606060606061	100,174,412,413,414,415,416,417,418,419,420,421,422,424,425,426,428,429,430,431,432,433,434,435,436,437,438,439,440,441,442,443,444,445,446,447,448,449,450,451,454,455,456,457,458,459,460,461,462,463,473,474,475,476,477	155,156,157,158,159,160,161,162
P01892_P12499	0.0	0.0	271,272,273,294	
P03167_Q16531	0.0	0.0		0,1
P10845_Q496J9	0.06854838709677419	0.2833333333333333	882,883,884,885,886,887,888,889,890,891,892,893,894,895,896,897,898,899,902,903,904,905,906,907,908,909,910,911,912,919,920,924,925,926,927,928,929,930,931,932,933,934,935,936,937,938,939,940,941,942,943,944,945,947,967,969,970,971,972,984,985,986,987,988,989,990,991,992,1002,1003,1004,1005,1006,1007,1008,1009,1018,1019,1020,1021,1037,1038,1039,1040,1041,1042,1043,1044,1045,1046,1047,1048,1049,1050,1051,1052,1053,1054,1055,1056,1057,1058,1059,1060,1061,1062,1063,1064,1065,1066,1067,1068,1069,1070,1071,1072,1073,1074,1075,1076,1077,1078,1079,1080,1081,1082,1083,1084,1085,1086,1087,1088,1089,1090,1091,1092,1093,1094,1095,1096,1097,1098,1099,1100,1101,1102,1103,1104,1105,1106,1107,1108,1109,1113,1118,1119,1120,1121,1122,1123,1172,1173,1174,1193,1194,1195,1196,1197,1198,1199,1200,1201,1202,1203,1204,1205,1206,1207,1208,1209,1210,1211,1212,1213,1214,1215,1216,1217,1222,1223,1224,1225,1226,1227,1228,1229,1237,1238,1251,1252,1253,1254,1255,1256,1257,1258,1259,1260,1261,1265,1266,1269,1270,1271,1272,1273,1274,1275,1276,1277,1278,1279,1280,1281,1282,1283,1284,1285,1286,1287	494,525,526,527,528,529,547,548,549,550,551,552,553,554,561,562,564,565
P02787_Q09057	0.09694793536804308	0.5142857142857142	24,25,26,27,28,29,30,31,32,33,132,133,134,135,136,137,138,139,140,141,142,143,144,145,146,147,148,149,150,151,152,153,154,155,156,157,175,176,177,178,179,217,218,219,220,221,222,223,224,225,238,239,240,344,347,348,349,358,359,360,361,362,363,364,365,366,369,400,401,402,403,404,405,407,408,409,411,463,464,466,467,468,469,470,471,472,473,474,475,476,477,478,479,480,481,482,483,484,485,486,487,488,489,490,491,492,493,494,498,499,500,501,502,503,504,505,506,507,508,509,510,511,512,520,521,522,523,524,525,526,527,528,529,530,531,532,547,549,563,565,568,569,570,571,572,573,574	57,58,59,60,61,62,63,64,65,66,67,68,69,70,71,72,73,75,80,81,82,83,84,85,86,87,88,89,90,91,92,93,94,95,96,97,98,99,100,101,102,103,105,106,107,108,109,110,111,112,113,114,115,116,117,118,119,120,121,122,140,141,142,143,144,145,146,147,149,150,151,152,153,154,155,156,157,158,159,160,161,162,163,164,165,166,167,168,169,170,171,172,173,174,175,176,177,182,183,184,185,186,187,188,189,190,191,192,193,194,195,196,197,198,199,200,201,202,203,207,208,209,210,211,212,213,214,215,216,217,218,219,220,221,222,223,224,225,226,227,228,229,230,231,232,236,238,239,240,241,242,243,244,245,260,261,262,263,264,265,266,267,271,272,273,274,275,276,277,278,279,280,299,300,302,304,305,306,307,308,309,310,311,312,313,314,315,316,317,318,319,320,321,322,323,324,325,326,327,328,329,330,331,332,333,334,335,337,338,339,340,341,342,343,344,345,346,347,348,349,350,351,352,353,354,355,358,360,364,365,366,403,404,405,406,407,408,413,414,415,416,417,418,419,423,426,427,428,429,430,431,432,433,434,435,436,437,438,454,455,456,457,458,459,460,461,462,463,464,465,496,497,498,499,500,501,502,503,504,505,508,509,510,511,512,513,514,515,516,517,518,538,539,540,541,542,543,544,545,546,547,548,549,550,551,552,553,554,555,556,557,558,559,560,561,562,563,564,565,567,568,569,570,571,572,573,574,575,576,577,578,579,580,581,582,589,590,591,592,593,594,595,596,600,602,603,604,605,606,607,608,609,610,611,617,618,619,620,621,623,628,629,630,631,632,633,634,635,636,637,638,639,640,646,647,648,649,650,651,652,653,654,655,656,657,658,659,660,661,662,663,664,665,666,667,668,669,670,671,672,675,677,678,679,702,703,704,705,706,707
P30481_Q3KSS8	0.11764705882352941	0.06896551724137931	24,25,71,72,73,74,75,76,77,78,79,80,88,89,90,91,93	
Q6JKR9_Q96MU8	0.0398406374501992	0.47619047619047616	78,79,80,81,109,110,111,112,113,114,115,152,158,159,160,161,162,163,164,165,166,167,176,177,178,179,246,247,248,249,250,251,252,253,254,263,264,265,266,267,268,269,270,271,272,273,274,275,276,277,278,279,280,281,282,283,284,285,286,287,288,289,290,291,292,293,294,295,296,297,301,302,303,304,305,306,307,308,309,310,311,312,313,314,315,316,317,318,319,320,321,322,323,324,325,326,327,328,329,330,331,332,333,334,335,336,337,338,339,340,341,342,343,344,345,346,347,348,349,350,351,352,418,419,420,421,422,423,424,425,426,427,428,429,489,490,491,492,493,494,495,496,497,498,499,500,501,502,503,504,505,506,507,508,509,510,511,512,513,514,515,519,520,521,522,523,524,525,526,527,528,529,530,531,532,533,534,535,536,537,538,539,540,545,550,551,552,553,554,555,556,557,560,566,567,568,569,570,571,572,573,574,575,576,577,578,579,580,584,585,586,587,588,589,590,591,592,593,594,595,596,597,598,599,600,601,602,603,604,605,606,607,608,609,610,611,612,613,619,620,621,622,623,624,625,626,685,754,755,756,757,758,759,760,761,762,763,764,765,766,767,768,769,770,799,800,801,802,803,804,805,811,812,813,814,815,816,817,818,819,820,821,822,823,824,825,826,827,836,838,849,850,851,852,853,854,855,856,857,858,859	30,31,32,33,34,35,36,37,46,47,55,56,57,58,59,60,61,62,63,64,65,66,67,68,69,70,71,72,73,74,75,76,77,78,79,80,81,82,83,84,85,86,87,88,89,90,91,92,93,94,95,96,97,98,99,100,101,102,103,104,105,106,107,108,109,110,111,112,113,114,115,116,117,118,119,120,121,122,123,124,125,126,127,128,129,130,131,132,133,134,135,136,137,138,139,140,141,142,143,144,145,146,147,148,149,150,151,152,153,154,155,156,157,158,159,160,161,162,163,164,165,166,167,168,169,170,171,172,173,174,175,176,177,178,179,180,181,182,183,184,185,186,187,188,189,190,191,192,193,194,195,196,197,198,199,200,201,202,203,204,205,206,207,208,209,210,211,212,213,217,218,219,220,221,222,223,224,225,226,227,228,229,230,231,232,233,234,235,236,237,305,306,307,308,309,316,317,318,319,320,321
P01857_P38507	0.358974358974359	0.5	187,188,189,190,191,192,193,195,196,292,293,294,295,296,297,298	215,216,217,218,219,220,221,222,223,224,225,226,227,228,229,230,234,235,236,238,239,240,241
P30685_Q9YYU8	0.08695652173913043	0.07142857142857142	60,61,62,63,64,65,66,67,68,69,70,71,99,107,108,109,143,144,145,146,148,149,271	
A0A0D6HC73_P11215	0.07650273224043716	0.358974358974359	105,107,108,109,110,111,112,113,114,138,139,140,141,142,143,144,145,152,155,156,157,158,159,160,161,162,163,164,165,166,167,168,169,170,171,172,173,174,175,176,177,186,187,188,189,192,193,194,197,198,199,200,201,202,203,204,205,206,207,208,209,210,211,212,213,214,215,216,217,218,219,220,221,222,223,224,225,226,227,228,229,230,231,232,233,234,235,236,237,238,239,240,241,242,243,244,245,246,247,248,249,250,251,252,253,254,255,256,257,258,259,260,261,262,263,264,265,266,267,268,269,270,271,272,273,274,275,276,277,278,279,280,281,282,283,284,285,286,287,288,289,290,291,292,293,294,295,296,297,298,299,300,301,302,303,304,307,308,309,310,323,324,325,326,339,340,341,342,343,344,345,346,347	153,154,236,283,284,285,286,287,302,303
P13747_Q0QI92	0.0	0.0		
P13051_Q936H5	0.0	0.0		0,1
Q8WUM4_Q9WC62	0.07216494845360824	0.30434782608695654	1,2,3,4,5,6,7,8,9,13,15,16,17,21,22,23,27,28,32,33,34,35,36,37,38,39,40,41,42,43,44,45,46,47,48,65,66,67,75,109,110,130,131,144,145,186,187,188,189,190,191,192,193,226,227,240,241,242,243,244,245,246,248,249,278,279,280,283,284,292,293,294,298,308,353,354,355,358,359,360,361,375,445,551,650,651,652	478,479,480,481,482,483,484,485,486,487
P13746_R4X2K3	0.0	0.0		
Q0TR53_Q15750	0.0	0.0	207,360,361,388,389	
Q6N030_Q993A8	0.0	0.0	47,55,56,57,58,114,115,118,177,178,211,212,238,239	137,138,139,153,154,155,156,237,238,254,301,302,303,304,305,306,307,308,326,327,328
P0DTC2_Q9BYF1	0.03620474406991261	0.3670886075949367	90,191,211,212,213,215,222,223,224,225,226,227,228,229,230,238,240,241,244,245,246,247,248,257,260,261,262,263,264,265,266,267,268,303,304,305,306,329,330,332,333,334,335,340,342,343,344,345,346,347,348,349,350,351,352,353,354,355,356,357,358,359,360,361,362,363,364,365,366,367,368,369,370,371,372,373,374,375,376,394,395,396,397,398,399,400,420,421,422,423,424,425,426,427,428,429,436,437,438,439,440,441,442,459,469,470,471,472,473,482,483,484,485,487,488,490,491,492,493,494,495,496,497,509,510,511,512,513,514,515,520,536,538,539,540,541,542,544,555,556,557,558,559,560,561,562,581,652,653,661,662,663,664,665,666,667,668,669,670,671,672,673,674,675,692,693,694,695,696,697,698,699,709,710,711,712,713,714,715,766,767,768,769,770,771,773,775,776,777,778,779,780,781,782,783,784,785,786,787,788,789,790,791,792,793,794,795,796,797,798,799,800,801,802,803,804,805,806,807,808,809,810,820,823,824,825,826,827,852,853,854,855,856,857,858,859,860,861,862,863,864,865,866,867,868,869,870,871,872,873,874,875,876,877,878,879,880,881,882,883,884,885,886,887,888,889,890,891,892,893,894,895,896,897,900,901,902,904,905,906,907,908,909,910,911,913,914,930,931,932,933,934,935,936,937,938,947,948,949,950,964,968,989,992,993,995,1001,1005,1006,1007,1008,1009,1010,1011,1012,1013,1014,1015,1016,1017,1018,1019,1020,1023,1024,1025,1026,1027,1028,1029,1030,1031,1036,1037,1038,1039,1040,1041,1042,1043,1046,1047,1048,1049,1050,1051,1052,1053,1054,1055,1060,1061,1062,1063,1064,1065,1066,1067,1068,1069,1070,1076,1077,1078,1079,1080,1081,1082,1083,1084,1085,1086,1087,1088,1089,1090,1091,1092,1093,1094,1095,1096,1097,1099,1100,1101,1102,1103,1104,1105,1106,1107,1108,1109,1110,1111,1112,1113,1114,1116,1117,1118,1119,1120,1121,1122,1123,1124,1125,1126,1127,1128,1129,1130,1131,1132,1133,1134,1135,1136,1137,1138,1139,1140,1141,1142,1143,1144,1145,1146,1147,1148	26,27,28,29,30,31,32,33,34,35,36,37,38,39,40,41,42,43,44,45,46,47,48,49,50,51,52,53,54,55,56,57,58,59,60,61,62,63,64,65,66,67,68,69,70,71,72,73,74,75,76,77,78,79,80,81,82,83,84,85,86,87,88,89,90,91,92,93,94,95,96,97,98,99,100,101,102,103,104,105,106,107,108,109,110,111,112,113,114,115,116,117,118,119,120,121,122,123,124,125,126,127,128,129,130,131,132,133,134,135,136,137,138,139,140,141,142,143,144,145,146,147,148,149,150,151,152,153,154,155,156,157,158,159,160,161,162,163,164,165,166,167,168,169,170,171,172,173,174,175,176,177,178,179,180,181,182,183,184,185,186,187,188,189,190,191,192,193,194,195,196,197,198,199,200,201,202,203,204,205,206,207,208,209,210,211,212,213,214,215,216,217,225,226,227,228,229,230,231,232,233,234,235,236,237,238,239,240,241,242,243,244,245,246,247,248,249,250,251,252,253,254,255,256,257,258,259,260,261,262,263,264,265,266,267,268,269,270,271,272,273,276,277,278,279,280,281,282,283,284,291,292,293,294,295,296,297,298,299,300,301,302,303,304,305,306,307,308,309,310,311,312,313,314,315,319,376,582,583,584,585,586,587,596,597,598,599,600,601,602,638,639,640,641,642,643,644,645,646,647,648,649,650,651,652,653,654,657,658,660,661,662,663,664,665,666,667,668,669,670,671,672,673,674,675,676,677,678,679,680,681,690,691,692,693,694,695,696,697,698,699,700,701,702,703,704,705,706,707,708,709,710,711,712,713,714,715,716,717,718,719,720,721,722,723,724,725,726,767
P15144_Q1HVL3	0.030534351145038167	0.25806451612903225	65,66,67,68,69,70,71,72,73,74,75,76,77,78,79,139,141,145,146,174,177,178,179,180,181,182,183,184,185,186,187,188,189,190,191,192,193,194,195,200,201,202,203,204,205,206,239,240,241,242,243,245,246,248,249,251,252,253,254,255,256,257,258,271,315,317,328,329,330,331,332,333,334,335,336,337,338,339,340,345,346,347,348,349,350,370,371,372,373,374,461,462,483,484,532,563,564,565,566,567,568,569,570,571,572,573,574,575,576,577,578,579,586,587,588,589,590,591,592,593,598,599,600,601,602,603,604,605,606,607,608,609,610,611,612,613,614,615,616,617,618,619,620,621,622,623,624,625,626,627,628,629,630,631,632,634,642,644,645,646,647,648,649,650,651,652,653,654,655,656,657,658,659,660,661,662,663,664,665,666,667,668,669,670,671,672,673,674,675,676,677,678,679,680,681,697,701,705,706,707,708,709,710,711,712,713,714,715,716,717,718,719,720,721,722,723,753,755,756,757,758,759,760,762,763,764,765,766,767,768,786,787,788,789,790,800,801,802,804,805,825,826,827,828,863,864,865,866,867,873,898,937	390,400,401,402,403,404,405,406,407,411
P15529_P35774	0.12087912087912088	0.3548387096774194	34,42,43,68,69,71,72,84,85,86,87,88,131,133,134,135,145,146,147,148,149,150,151,152,156	212,213,223,224,225,226,227,228,229,230,231,232,233,234,235,236,237,238,239,240,241,242,243,244,245,246,247,248,249,250,251,254,255,256,257,261,262,263,264,265,271,272,273,274,275,276,277,278,279,280,281,282,283,284,285,286,287,288,289,291,292,293,294,295,319,320
P01042_Q8KRB4	0.11320754716981132	0.2727272727272727	380,381	48,49,50,51,183,191,192,193,194,195,196,197,198,199,200,202,218,219,220,221,222,223,224,232,233,269,273,274,275,276,277,278,279,280,281,401,402,403,406,407,426,427,428,429,430,431,432,457,458,461,462
G9HS63_Q8N5F4	0.0	0.0		200,201,202,223,224,225,226,227,228,229
D1MPH2_Q6IPQ0	0.0	0.0	118,119,120,121,122,123,124,125,126,169,170,250,251,252,253,254,255,256,276,277,278,279	202,203,204,205,206,207
C5MK56_P03206	0.0	0.0	24,25,26,72,73,74,75,76,77,78,79	
P10845_P60880	0.29357798165137616	0.256	0,1,2,3,4,5,6,7,8,9,10,11,12,13,14,15,16,17,18,19,20,21,22,23,24,29,51,52,53,54,55,56,57,58,59,60,61,62,63,64,65,66,67,68,69,70,71,72,73,75,76,77,78,79,80,81,82,83,84,85,86,87,88,89,90,91,96,97,98,99,100,101,102,114,226,275,276	145,146,147,148,149,150,151,152,153,154,155,156,157,158,159,160,161,162,163,164,165,166,167,168,169,170,171,172,173,177,178,183
P01903_Q52T95	0.0	0.0	87,88,89,91,92,93,94,95,96,97,98,99,100,101,102,103,104,105,171,172,173,174,175,176,177,178,181,182	120,121,122,123,124,125,126,127,128,152,153,154,166
P13688_Q8GDI6	0.0	0.0	109	
P03300_Q9H3P7	0.24719101123595505	0.3728813559322034	1477,1478,1480,1481,1482,1483,1501,1502,1503,1504,1505,1510,1511	368,369,370,371,380,381,382,383,384,385,386,390,391,392,393,394,413,414,415,416,417,418,419,420,421,422,424,428,430,473,474,475,476,477,478,479,480,481,482,483,484,485,486,487,488,494,495,496,497,498,499,500,501,502,503,504,505,506,507,508,509,510,511,512,513,514,515,516,517,518,519,520,521,522,523,524
P61077_Q99PZ6	0.08928571428571429	0.14285714285714285	1,2,4,10,11,12,13,14,15,16,17,18,19,20,21,22,23,24,25,26,27,28,29,30,31,32,33,34,35,36,37,38,39,40,41,42,43,44,45,54,55,56,57,58,59,60,61,62,63,64	169,170,171,172,173,174
A0A2A4GXB5_P05164	0.0	0.0		
Q9BXH1_Q9DHU6	0.8333333333333334	0.2127659574468085	138,139,140,141,142,143,144,145,146,147,148,149	
P68036_Q3YTH2	0.16666666666666666	0.2222222222222222	0,1,4,5,6,7,9,11,12,13,15,22,23,24,25,26,27,28,29,30,31,32,33,34,35,36,37,38,39,40,41,57,58,59,60,61,62,63,74,75,76,77,78,79	171,172,173,174
O14646_Q38SQ2	0.2	0.35294117647058826	275,276,277,278,279,280,300,304,305,306,307,308,309,310,311,312,336,343,345,346,347,348,349	223,224,225,226,227,228,229
A0A129J378_Q9GZQ8	0.25	0.45454545454545453	11,28,29,30,31,32,33	1,2,3,4,5,6,110,111,112,113,114,115,116
P03407_P08631	0.15748031496062992	0.3225806451612903	56,65,66,67,68,69,70,71,109,110,111,112,113,114,115,116,117,118,119,120,121,128,131,149,150,151,152,153,154,155,156,157,167,168,169,170,171,172,173,174,175,176,177,178,195,196,197,198,199,200,201,202,203,204,205,206	78,79,80,81,82,83,107,136,137,138,139,140,141,142,143,144,145,146,147,148,149,154,156,159,160,167,168,169,170,171,172,173,174,175,176,178,179,180,181,182,183,184,185,186,188,189,190,191,192,193,194,197,198,199,200,201,202,203,204,205,206,207,219,234,235,236,237,238,239,240,241
Q5ZUV9_Q9GZQ8	0.06349206349206349	0.2	28,29,30,31,32,33,34,48,49,50,51,52,65,66,67,68,71,72,87,88,89,95,96,97,102,103,104,105,106,107,108,114,115,116,117,194,197,198,199,200,265,266,267,268,269,270,271,325,330,331,332,333,334	4,5,6,110,111,112,113,114,115,116
O00629_P0C1C7	0.0	0.0		
P01892_Q03463	0.0	0.0	27,29,31,60,61,62,63,64,65,71,72,73,74,75,76,77,298	
P0C1C7_P31947	0.3333333333333333	0.05263157894736842		0,1,121
P78423_Q7TDW8	0.0375	0.13043478260869565	34,76,77,78,79,80,81,82,83,84,85,86,87,88,89,90,91,92,93,94,95,96	171,172,173,174,175,176,177,178,179,201,202,203,204,205,206,231,232,233,234,235,240,241,242,243,244,245,274,275,276,277,279,286,287,288,289,290,291,292,293,294,295,296,297,298,299,300,301,302,303,304,305,306,307,308,309,310,311,312
P0ABE7_P50052	0.08823529411764706	0.3333333333333333	36,37,38,39,40,41,42,43,44,45,46,47,48,49,50,51	38,39,40,41,42,43,44,45,46,47,48,49,50,51,52,53,54,55
P13051_P14739	0.0	0.0	128,129,130,131,132,133,134,135	32,33,34,35,36,37,38
O14646_T2F8K6	0.17647058823529413	0.17647058823529413	279,280,300,309,310,347,348,349	215,216,217,218,219,220,223,224,225
P01857_P19909	0.19047619047619047	0.13793103448275862	186,187,188,189,190,191,192,193,195,292,293,294,295,296,297	394,395,396,398,399,400
P62330_Q7DB50	0.125	0.02564102564102564	67	59,60,364,365,366,388,389
Q96HN0_Q9YIV0	0.0625	0.08		0,1,4,19,68,69,70,71,72,82,83,84,85,86,87,88,89,90,91,169,170,171,172,173,174,175,176,177,178,179,188,194
P08174_Q9QP24	0.03773584905660377	0.7272727272727273	50,51,68,69,70,71,72,73,74,75,76,77,79,80,81,82,83,84,85,86,87,88,89,90,91,93,132,133,134,135,136,137,146,147,148,149,150,151,152,153,154,157,158,159,161,162,163,164,165,166,167,169,170,171,172,173,174,175,176,188,189,192,193,194,195,196,197,198,204,205,206,207,208,209,210,211,212,213,214,215,216,217,218,219,220,221,222,223,224,225,226,227,228,232,233,237,238,251,252,255,256,257,258,259,260,261,262,266,267,268,269,270,271,272,273,274,275,276	55,56,57,58,100,101,102,103,104,105,106,107,120,121,122,123,124,183,184,185,186,187,188,189,190,191,192,193,194,195,196,197,198,199,200,201,202,203,204,205,206,207,208,209,210,211,212,213,214,215,216,217,218,219,220,221,222,223,224,225,226,227,228,229,230,231,232,236,237,238,239,240,241,264,265,266,267,268,269,270,271,272,273,274,275,276,278,279,280,281,282,283,284,285
P08411_Q9UN86	0.2413793103448276	0.3333333333333333	1787,1788,1789,1790,1791	0,1,2,3,4,5,6,7,8,9,10,11,41,42,43,129,130,131,132,133,134,135,136,138
P01730_Q1PHM6	0.0	0.0	54	192
P02679_Q2G015	0.1111111111111111	0.5121951219512195	430,431,432	229,230,231,232,233,234,235,236,239,244,245,249,250,263,265,317,318,319,320,321,322,323,324,325,327,328,329,330,331,332,333,334,335,336,337,338,339,340,341,342,344,345,346,347,348,349,350,351,352,353,354,355,356,357,358,361,362,363,364,365,366,367,368,369,381,382,383,384,385,386,387,388,389,390,401,402,403,404,405,406,407,408,409,410,411,412,413,414,416,417,418,430,431,432,433,434,435,436,437,438,439,440,441,442,443,444,445,446,447,448,449,450,451,452,453,454,455,456,459,460,461,462,463,464,465,466,471,472,473,474,475,478,479,480,481,482,483,484,492,493,494,495,496,497,498,499,500,501,502,503,504,505,506,507,508,509,510,511,512,513,514,515,516,517,518,519,520,521,522,523,524,525,526,527,528,529,530,535,536,537,538,539,541,542,543,544
P04229_P04664	0.0	0.0		
P30460_Q3KST2	0.0	0.0	24,25,26,65,66,67,73,74,75,76,77,78,287,298,299,300	
P0DP24_Q5ZTK6	0.0	0.0	1	
P05534_Q9YYU3	0.1	0.02564102564102564	64,65,66,67,68,69,70,71,145,149	
P01024_Q931M7	0.1	0.010752688172043012	621,622,637,638,640,1099,1114,1600	110,112
P01730_Q0ED31	0.0	0.0	42	75,76,77,78,79,80,362
B7UI21_Q13158	0.0	0.0		
B7UM99_P16333	0.5882352941176471	0.37037037037037035	469,470,471,472,473,474,475,476,477,478,479,480	282,283,335,371,373
Q15843_Q63KH5	0.2692307692307692	0.25	0,1,2,3,47,48,49,50,67,68,69,70,71,72	99,105,133,134,135,148,149,150,151,152,153,154,168,198,199,200,201,202,203,204,209,210,211,212,213,214,215,225,226,227,228,229,230,231,232,233,236,240
O43521_O57173	0.32967032967032966	0.7317073170731707	142,143,144,145,146,147,148,149,150,151,152,153,154,155,156,157,158,159,160,161,162,163	50,51,52,53,54,55,56,57,58,59,60,61,62,63,64,65,66,67,68,69,70,71,72,78,79,80,81,82,83,84,85,86,87,89,90,91,92,96,99,100,101,102,103,104,105,106,107,108,109,110,111,112,113,114,115,116,117,138,139,140,141,142,143,144,145,146,147,148,149
P03366_P43629	0.0625	0.16666666666666666		95,96,97,179,180,181,182,183,184,185,186,187,267,268,269,270,271,278,279,280,281,282,283,284,285,286,293,294,295,296,297,298
P13198_Q13114	0.12244897959183673	0.5454545454545454		380,382,383,408,410,411,412,413,414,415,416,417,418,419,420,421,422,423,424,425,426,427,428,429,430,431,432,433,434,435,436,437,438,439,440,441,442,443,444,445,446,447,448,454,455,456,457,458,459,460,461,474,475,476,511,512,513,514,515,516,517,518,519,524,525,526,527,528,529,530,531,532,533,534,535,536,537,538,539,540,541,542,543,544,545,546,547,548,549,550,551,552,553,560,561,562,563,564
P63000_Q51451	0.625	0.17543859649122806	64,65,66,67,68,69,70,71	99,100,101,102,103,104,105,227
P63000_Q05608	0.11904761904761904	0.24193548387096775	0,1,2,3,5,6,7,8,9,10,11,14,15,17,18,19,20,21,22,23,24,63,64,65,66,67,68,69,70,71,72,73,74,75	438,439,440,441,442,445,459,461,464,465,466,467,468,469,470,471,472,473,474,475,476,477,478,479,480,481,482,483,484,497,498,499,500,501,502,503,504,505,506,507,508,509,510,531,532,533,534,535,536,537,538,539,540,541,542,543,544,545,546,547,548,592,593,594,595,596,597,598,599,602,603,617,618,619,620,621,622,623,624,632,633,634,635,636,637,638,660,661,662,663,664,701
P0DOX7_P17763	0.0	0.0	74,75,178,179,180,181,182,183,184,195,196,197,198,199,208,209,210	629,634,646,647
P05362_Q7T7N6	0.05905511811023622	0.5769230769230769	57,58,65,66,67,68,69,70,75,76,77,78,79,80,81,82,83,84,85,86,87,88,89,90,91,95,96,97,98,99,100,101,102,142,144,154,156,157,158,159,160,164,166,167,168,169,170,171,172,173,174,175,176,177,178,179,180,181,182,183,184,188,190,191,192,193,194,195,196,197,241,242,243,244,245,246,247,258,259,260,261,262,270,271,272,273,274,275,276,277,278,279,280,281,282,283,284,285,296,297,298,300,350,351,352,353,354,355,356,357,358,359,360,361,362,363,364,365,366,367,375,376,377,378,379,380,381,382,383,384,385,386,387,389,397,398,399,400,401,402,403,404,405,406,407,408,409,410,411,412,413,424,426,427,428,429,430,434,435,436,437,438,439,440,441,442,443,444,445,446,447,448,449,450,451,452,453,454,455,456,457,458,459,460,461,462,463,464,465,466,467,475,476	101,102,103,279,280,281,282,283,284,285,286,287,288,289,290,291,292,293,294,295,320,321,322,323,331,333,334,335,438,439,440,441,442,507,508,509,510,511,512,513,514,515,516,517,518,519,520,521,522,523,524,525,526,527,528,532,534,550,551,552,553
P01889_P12478	0.0	0.0		
P01903_P0A0L3	0.0	0.0	175,176,177,178	183,184,187,188,189,209,210,211,212,213,214,215
P03172_Q15223	0.17346938775510204	0.18681318681318682	47,48,49,50,51,52,53,54,55,56,63,64,65,66,67,68,69,70,71,72,73,74,75,82,83,84,85,86,113,117,118,119,120,125,126,127,128,129,176,177,178,179,209,210,211,215,216,217,218,219,220,221,243,244,245,246,247,248,249,250,251,252,253,257,258,259,260,261,262,263,264,265,266,267,268,269,270,271,272,273,274,275,276,277,278	80,81,82,83,84,213,301,302,303,304,332,333,334
P0CG48_Q99PZ6	0.25	0.15	648,649,650,651,652,655,662,676,677,678	25,27,28,56,57,58,59,60,61,62,63,64,66,121
P0CG48_Q66431	0.20465116279069767	0.9565217391304348	608,609,610,611,612,613,614,615,616,617,618,624,625,626,627,628,629,630,631,634,637,638,639,643,644,645,646,647,648,649,650,651,652,653,654,655,656,657,658,659,660,661,662,663,664,665,666,667,668,672,673,674,675,676,677,678,679,680	1,2,3,4,5,6,7,8,9,10,11,12,13,14,15,16,17,18,19,20,21,22,23,24,25,26,27,28,29,30,31,32,33,34,35,36,37,38,39,40,41,42,43,44,45,46,47,48,49,50,51,52,53,54,55,56,57,58,59,60,61,62,63,64,65,66,67,68,69,70,71,72,73,74,75,76,77,78,79,80,81,82,83,84,85,86,87,88,89,90,91,92,93,94,95,96,97,98,99,100,101,102,103,104,105,106,107,108,109,110,111,112,113,114,115,116,117,118,119,120,121,122,123,124,125,126,127,128,129,130,131,132,133,134,135,136,137,138,139,140,141,142,143,144,145,146,147,148,149,150,151,152,153,154,155,156,157
O89343_P52799	0.0	0.0		
D4QGA2_Q14108	0.0380952380952381	0.3870967741935484	113,160,161,162,163,164,165,166,176,177,178,181,182,230,266,267,268,269,270,271,272,273,274,275,276,277,278,279,280,281,282	36,38,52,53,54,55,56,57,58,59,60,61,62,63,65,68,70,71,72,73,103,104,105,106,107,109,110,126,127,128,129,130,131,132,133,134,135,136,137,138,139,140,141,142,154,155,156,157,158,159,160,161,162,163,164,165,166,167,168,169,170,171,172,173,180,181,182,183,184,185,186,187,188,189,190,191,192,193,194,195,196,197,205,206,207,208,209,210,211,212,213,214,215,216,220,222,224,225,226,227,228,239,240,241,242,243,244,245,246,247,248,249,250,251,252,253,254,256,257,258,261,262,266,267,268,269,270,271,272,273,274,275,276,277,278,279,280,281,282,283,284,285,286,287,288,289,290,291,292,293,294,295,296,297,298,299,300,301,302,303,304,305,306,307,308,309,310,311,312,313,314,315,316,317,318,319,320,321,322,323,324,325,326,327,328,329,330,331,332,333,334,335,336,337,338,339,340,341,342,343,344,345,346,347,348,349,350,351,352,353,354,355,356,357,358,359,360,361,362,363,364,365,366,367,368,369,370,371,372,373,374,375,376,377,378,379,380,381,382,383,384,385,386,387,388,389,390,391,392,393,394,395,396,397,398,399,400,401,402,403,404,405,406,407,408,409,410,411,412,413,414,415,416,417,418,419,420,421,422,423,424,425,426,427
A9PKC6_Q16630	0.29411764705882354	0.23809523809523808	61,64,65,108,109,110,111,112,113,114	275,276,278,279,284,288,289
P04003_W0T1Y4	1.0	0.034482758620689655	85	
P62820_Q5ZSQ3	0.1565217391304348	0.4044943820224719	2,3,4,5,6,7,8,14,25,26,27,28,29,30,31,32,47,48,49,50,51,52,53,70,71,72,73,74,75,76,77,78,79,80,81	210,211,212,213,214,215,216,217,218,219,220,221,222,223,224,225,226,227,236,237,238,239,240,241,242,243,244,245,246,247,248,249,250,251,252,253,254,255,256,257,258,259,260,261,274,275,276,277,288,289,290,291,292,293,294,295,296,297,298,299,300,301,302,303,304,305,306,307,308,309,310,311,312,313,314,315,316,317,318,319,320,321,322,323,324,325,326,327,328,329,330,331,332,333,334,335,339,340,341,342,343,344,345,346,347,348,349,350,351,352,365,366,367,368,369,370,371,396,397,398,399,400,401,402,403,404,405,406,407,408,409,410,411,412,413,414,415,416,417,418,424,425,426,427,428,429,430,431,432,433,434,435,436,437,438,439,440,441,442,444,463,464,465,466,467,468,469,470,471,472,473,474,475,476,477,493,494,495,496,497,498,499,500,501,502,503,504,519,520,521,522,523,524,525,528
P0A6A8_Q9HD34	0.0	0.0		1
P61586_Q8KNY0	0.0	0.0	8	47,103,104
Q16611_Q85295	0.23809523809523808	0.8108108108108109	67,68,69,70,71,72,73,74,75,76,77,78,79,80,81,82,83,84,85,86,87,88,89,90,91	1,2,3,4,5,6,7,8,9,10,11,12,13,14,15,16,17,18,19,20,21,22,23,24,25,26,27,28,29,30,31,32,33,34,35,36,37,38,39,40,41,42,43,44,45,46,47,48,49,50,51,52,53,54,55,56,57,58,59,60,61,75,76,77,78,79,92,93,94,95,96,97,98,99,100,101,102,103,104,105,106,107,108,109,110,111,112,113,114,115,116,117,118,119,120,121,122,123,124,125,126
P12493_P49790	0.4117647058823529	0.19444444444444445	141,142,143,144,145,146,147,309,310,326,327,328	1411,1413,1414,1415,1416
A0A376KDN7_P00748	0.04716981132075472	0.08928571428571429	109,110,111,112,113,114,115,116,117,118,119,120,121,122,123,130,131,132,134,135,136,158,159,160,161,162,163,164,165,166,167,168,169,170,171,172,173,174,175,176,177,178,179,180,181,182,183,184,185,186,187,188,189,190,191,192,193,194,195,196,204,205,207,208,209,210,211,212,213,214,215,216,217,218,219,220,221,222,234,236,238,261,262,263,310,311,318,320,324,325,326,327,328,329,330,331,332,333,334,335,336,337,338,339,340,344	
P01903_P04664	0.0	0.0		
P18465_Q70XD7	0.125	0.09375	24,62,63,64,65,66,67,68,74,75,76,77,85,86,87,88,89,90,271,272,273,294,296,297	
P03300_P15151	0.11004784688995216	0.23469387755102042	162,163,167,176,177,279,280,281,282,283,284,285,286,287,288,289,290,291,292,293,294,295,296,297,303,304,305,306,307,308,309,321,322,323,324,331,332,333,334,335,439,440,441,442,443,444,445,509,510,511,512,513,514,515,516,517,518,519,520,521,522,523,524,525,526,527,528,529,530,599,600,601,602,603,604,605,606,607,608,609,610,611,612,613,614,615,775,776,777,778,779,780,781,782,783,784,785,786,787,788,809	28,29,30,31,73,74,75,76,77,78,79,80,81,82,83,84,85,86,87,88,89,90,91,92,93,94,95,108,109,110,111,130,132,180,181,182,183,184,185,186,187,188,189,190,191,192,193,202,203,204,205,206,207,208,209,210,211,212,213,214,215,216,217,218,219,220,234,236,238,239,240,248,252,253,254,255,256,257,258,276,279,294,295,296,297,298,299,300,301,302,303,304,305,306,307,308,309,310,311,312,317,318,319,320,321,322,323,324
Q9H2E6_V5T923	0.0	0.0	114,115,130,131,132,133,134,135,136,548,549,550	
P08581_P25147	0.11538461538461539	0.045454545454545456	341,413,414,415,416,417,418,428,510,511,512,513,514,515,516,517,518,712,718,721,722,723,724,725,726,727	78,193,198,199,237,240,241,242,243,244,245,246,247,248,249,250,255,266,286,287,289,296,298,299,301,302
O41925_P47992	0.5	0.12	247,248,249,250,282,286,287,288	27,28,29,30
P10844_P21579	0.3076923076923077	0.24242424242424243	571,572,990,991,992,993,994,995,996,1025,1027,1029,1030	35,36,37,38,39,40,41,42,43,44,45,46,47
P06210_P15151	0.11971830985915492	0.20238095238095238	162,163,176,177,192,278,279,280,281,282,283,284,285,286,287,288,289,290,291,292,293,294,295,296,302,303,304,305,306,307,308,320,321,322,323,330,331,332,333,334,437,438,439,440,441,442,443,444,508,509,510,511,512,513,514,515,516,517,518,519,520,521,522,523,524,525,526,527,528,529,550,551,552,553	29,30,31,32,33,73,74,75,76,77,78,79,80,81,82,83,84,87,88,89,90,91,92,93,94,95,108,109,110,111,112,179,180,181,182,183,184,185,186,188,189,190,191,192,193,202,203,204,205,206,207,208,209,210,211,212,213,214,215,216,218,219,220,234,237,238,239,240
O00499_Q8JUX6	0.1	0.04	512,513,514,515,516,517,518,519	1727,1729
P00747_P17811	0.03543307086614173	0.45		28,29,30,31,32,33,34,35,36,37,38,39,40,41,42,43,44,45,46,47,48,49,50,51,52,53,54,55,56,61,62,63,64,65,66,67,68,69,70,71,72,73,74,75,76,77,78,79,80,81,82,83,84,86,87,88,89,90,91,92,93,94,95,96,97,98,99,100,101,102,104,105,106,107,108,109,110,111,112,113,114,115,116,117,118,119,120,121,122,123,124,125,126,127,128,129,130,131,132,133,134,135,136,137,138,139,140,141,142,143,144,145,146,147,148,149,150,151,152,153,154,155,156,157,158,159,160,161,162,163,164,165,166,167,168,169,170,171,172,173,174,175,176,177,178,179,180,181,182,183,184,185,186,187,188,189,190,191,192,193,194,195,196,197,198,199,200,201,202,203,204,205,206,207,208,209,210,211,212,213,214,215,216,217,218,219,220,221,222,223,224,225,226,227,228,229,230,231,232,233,234,235,236,237,238,240,241,242,243,244,245,246,247,248,249,250,251,252,253,254,255,256,257,258,260,261,262,263,264,265,266,267,268,269,270,271,272,273,274,275,276,277,278,279,298,299,300,301,302,303,305,306,307,308
Q06124_Q9RF15	0.0	0.0	2,3,4,9,104,105,106,107,108,109,110,112	
P80098_Q2F862	0.0	0.0		
P0CG48_P19811	0.19230769230769232	0.967741935483871	608,609,610,611,612,613,614,615,616,617,618,623,624,625,626,627,628,629,630,631,632,633,634,635,636,645,646,647,648,649,650,651,652,653,654,655,656,657,658,659,660,661,662,663,664,665,666,667,668,673,674,675,676,677,678,679,680,681,682	260,261,262,263,264,265,266,267,268,269,270,271,272,273,274,275,276,277,278,279,280,281,282,283,284,285,286,287,288,289,290,291,292,293,294,295,296,297,298,299,300,301,302,303,304,305,306,307,308,309,310,311,312,313,314,315,316,317,318,319,320,321,322,323,324,325,326,327,328,329,330,331,332,333,334,335,336,337,338,339,340,341,342,343,344,345,346,347,348,349,350,351,373,374,375,376,377
A8CDU0_P01903	0.6153846153846154	0.5333333333333333	61,62,63,64,65,66,67,68,69,70	27,72,73,74,75,76,77,94,95,96,97,98,99,100,176,177
P01903_Q03909	0.1875	0.08823529411764706	91,92,93,94,95,96,99,101,102,103,104,105,190,192,203,204	
P62979_Q5ZTL4	0.128	0.64	0,1,2,3,4,5,38,39,40,41,42,43,44,47,48,49,50,51,64,66,67,69,70,71	6,7,8,9,10,11,12,13,14,15,16,17,18,19,20,21,22,23,24,25,26,27,28,29,30,31,32,33,34,35,36,37,38,39,40,41,42,43,44,45,46,47,48,49,50,51,52,53,54,55,56,57,58,59,60,61,62,63,64,65,66,67,68,69,70,71,72,74,75,76,77,78,79,80,81,82,83,84,85,86,87,88,89,90,91,92,93,94,95,96,97,98,99,100,101,102,103,104,105,106,107,108,109,110,111,112,113,114,115,116,117,118,119,120,121,122,123,124,125,126,127,128,129,130,131,132,133,134,135,136,137,138,139,140,141,142,143,144,145,146,147,148,149,150,151,152,153,154,155,156,157,158,159,160,161,162,163,164,165,166,167,168,169,170,171,172,173,174,175,176,177,178,179,180,181,182,183,184,185,186,187,188,189,190,191,192,193,194,195,196,197,198,199,200,201,202,203,204,205,206,207,208,209,210,211,212,213,214,215,216,217,218,219,220,221,222,224,225,226,227,228,229,230,231,232,233,234,235,236,237,238,239,240,241,242,243,244,245,246,247,248,249,250,251,252,253,254,255,256,257,258,259,260,261,262,263,264,265,266,267,276,277,278,279,280,281,282,283,284,285,286,296,297,298,299,300,301,302,303,304,305,306,307,308,309,310,311,312,313,314,315,316,317,318,319,320,326,327,328,329,330,331,332,333,334,335,336,337,338,339,340,341,342,343,344,345,346,347,348,349,350,351,352,353,354,355,356,357,358,359,360,361,362,363,364,365,366,367,368,369,370,371,372,373,374,375,376,377,378,379,380
O60885_Q8UN00	0.3064516129032258	0.5135135135135135	599,600,601,602,603,604,605,606,607,608,609,610,611,612,613,614,615,616,617,618,619,620,621,622,623,624,625,626,627,628,629,630,633,637,638,639,640,641,642,643,644,645,646,647,648,651,652,653,654,655,656,657,658,659,660,661,670,671,673,674,676,677	
A7UPX0_S6B2B6	0.0	0.0	127,159,161,162,243,244,245,246,247,248,265,266,268,269,270,271,272	23,24,26,27,41,42,43,44,45,46,52,54,56,178,180,181,211,212,213,214,215,216,217,218,227,228,229,230,231,232,241,242,243,244
P03126_Q96QZ7	0.0	0.0		
C5MK56_Q1HVF7	0.0	0.0		
P02751_P14738	0.9294117647058824	0.4906832298136646	92,93,94,137,227,270,271,272,273	507,508,509,510,511,512,513,514,515,516,517,518,519,520,521,522,523,524,526,527,528,529,530,531,532,533,534,535,536,537,538,539,540,541,542,543,544,545,546,547,548,637,638,639,640,641,642,643,644,645,646,647,648,649,650,651,652,653,654,655,656,657,658,659,660,661,662,663,664,665,666,667,668,669,670,671
Q31610_T2D0U8	0.0	0.0		
P13645_Q7A382	0.033707865168539325	0.09090909090909091		229,230,231,233,261,293,294,295,296,306,307,308,309,310,311,312,313,314,321,322,323,324,325,326,327,328,329,330,331,332,342,343,344,345,346,347,348,352,357,358,359,360,361,362,363,364,365,366,367,368,455,456,457,458,463,464,465,466,467,468,469,470,474,475,476,477,478,479,480,484,488,489,490,491,492,493,503,504,505,506,507,508,509,510,511,512,513,514,515
B0BXR4_P18206	0.2139917695473251	0.65	411,412,413,414,415,416,417,418,419,420,421,424,425,426,428,429,430	0,1,2,3,4,5,6,7,8,9,10,11,12,13,14,15,16,17,18,19,20,21,22,23,24,25,26,27,28,29,30,31,32,33,34,35,36,37,38,39,40,42,43,44,45,46,47,48,49,50,51,52,53,54,55,56,57,58,59,60,61,62,63,64,65,66,67,68,69,70,71,72,73,74,75,76,77,78,79,81,82,88,89,90,91,92,93,94,95,96,97,98,99,100,101,102,103,104,105,106,107,108,115,116,117,119,120,121,122,123,124,125,126,127,128,129,130,131,132,133,134,135,136,137,138,139,140,141,142,143,144,145,146,147,148,149,150,151,152,153,154,155,156,157,158,159,160,163,164,165,166,168,169,170,171,172,173,174,175,176,177,178,179,180,181,182,183,184,185,186,187,188,189,190,191,192,193,194,205,206,207,208,209,210,211,212,213,214,215,216,217,218,219,220,221,222,223,224,225,226,227,230,232,233,234,235,236,237,238,239,240,241,242,243,244,245,246,247,248,249,250,251,252,253,255,256
P03524_P29074	0.25	0.25925925925925924		511,512,513,514,515,516,517,518,519,520,521,522,523,524,525,531,532,533,534,535,536,537,538,581,582,583,584,585
Q56061_Q8IWE5	0.12048192771084337	0.2702702702702703	36,37,38,39,40,41,42,44,45,48,49,50,51,52,53,54,67,72,75,92,93,94,95,96,97,98,99,100,101,102,103,104,105,106,107,108,109,110,111,112,113,114,115,116,117,118,119,120,121,122,123,124,125,126,127,128,129,130,131,132,133,178,179,180,181,182,183,184,185,219,220,221,222,223,224,225	803,804,805,806,807,808,809
Q31610_Q70A36	0.0	0.0	270,271,272,273	
Q99IB8_Q9H8S9	0.19047619047619047	0.37209302325581395	2288,2289,2290,2291,2292,2293,2294	40,41,42,43,44,45,46,47,48,49,50,51,52,53,54,55,56,57,58,59,60,61,62,63,64,65,66,67,68,69,70,71,72,73,74,75,76,77,78,79,80,81,82,83,84,85,86,87,88,91,92,93,94,95,96,97,98,105,106,107,108,109,110,111,112,113,114,115,116,122,123,124,125,126,127,128,129
Q72497_Q99816	0.36	0.375	452,453,455,456,457,458,459,460	1,3,4,5,9,10,11,12,13,14,15,16,17,18,19,56,57
P08603_Q19KF7	0.2857142857142857	0.01680672268907563	351	123,124,180,247,248,249
P06731_Q57254	0.25	0.08823529411764706	39,108,109	110,111,112,113,136,137,138,139,140
P02671_Q7A382	0.057692307692307696	0.2727272727272727		211,212,213,214,215,216,217,218,219,227,228,229,230,231,232,233,234,235,236,257,259,260,261,291,292,293,294,295,296,297,306,307,308,309,310,311,312,313,319,320,321,322,323,324,325,326,327,328,329,330,331,332,333,334,335,338,339,340,341,342,343,344,345,346,347,348,349,350,351,352,353,354,355,356,357,358,359,360,361,362,363,364,365,366,367,368,369,370,371,372,373,374,375,377,379,380,381,382,383,384,408,409,410,411,412,413,431,433,436,437,444,445,446,447,448,452,453,454,455,456,457,458,459,465,466,467,468,469,470,474,475,476,478,488,489,490,491,492,493,494,503,504,505,506,507,508,509,510,511,512,513,514,515,516,517,518
P23827_P48740	0.34375	0.41509433962264153	93,95,96,97,98,99,100,101,102,103,104,105,106,107,109,110,111,112,113,114,115,116,117,118,119,120,121,122,123,124,125,126,127,128,129,130,131,132,133,134,135,136,137,138,139,140,141,142,143,144,145,146,147,148,149,150,151,152,153,154,155,156,157,158	
P78310_Q64823	0.0625	0.07894736842105263	105,106,107,108	285,286,287,288,289,290,291,292,293,301,302,303,304,307,308,309,320,321,322,323,324,325,326,327,328,329,330,331,332,336,337,338,339,340,341,354,355,356,357,358,359,360,361,362
P12504_Q15370	0.25925925925925924	0.5	153,154,155,156,157,158,159,160,161,162,163,164,165,166,167,168,169,170,171,172,173	0,1,2,3,4,81
Q68T42_Q9H3P7	0.25806451612903225	0.3870967741935484	1458,1459,1460,1461,1462,1463,1464,1465,1483	369,370,379,380,381,382,383,384,385,386,389,390,391,392,393,394,395,401,402,403,405,413,414,415,416,417,418,419,420,421,422,423,424,425,431,432,433,435,472,473,474,475,476,477,478,479,480,481,482,483,484,485,486,494,495,496,497,498,499,500,501,502,503,504,505,506,507,508,509,510,511,512,513,514,515,516,517,518,519,520,521,522,523,524
Q66479_Q9H3P7	0.28125	0.45	1457,1458,1459,1460,1462,1463,1464,1465,1466,1467,1470,1474,1475,1476,1482,1483,1484,1485,1486,1487	380,381,382,383,384,385,386,388,389,390,391,392,393,394,395,413,414,415,416,417,418,419,420,421,422,423,424,425,435,473,474,475,476,477,478,479,480,481,482,483,484,485,486,487,488,494,495,496,497,498,499,500,501,502,503,504,505,506,507,508,509,510,511,512,513,514,515,516,517,518,519,520,521,522,523,524
P04229_P0A0M0	0.3333333333333333	0.125	101,105,113,187,189,190,191	159,190
P35968_P52584	0.0	0.0		26,28,29,38,39,40,41,42,43,44,45,65,68,69,81,82,88,113,114,115,116
P05164_Q2G0X2	0.0	0.0		
P30996_P63027	0.25949367088607594	0.5616438356164384	4,5,6,7,8,9,10,11,12,13,14,15,16,17,18,20,21,22,23,24,25,26,30,31,32,33,34,35,36,37,38,39,40,41,42,43,44,45,46,47,48,53,55,56,57,58,59,60,61,62,63,64,66,68,69,70,71,72,73,74,75,76,77,78,79,80,81,82,83,84,85,86,87,88,89,90,91,92,97,100,106,107,108,109,110,111,112,113,114,115,116,117,123,124,126,127,182,231,232,233,234,235,236,237,238,239,240,241,242,243,245,246,288,289,290,291,292,293,294,295,296,297,298,300,301	24,25,26,27,28,29,30,31,32,33,34,35,36,37,38,39,40,41,42,43,44,45,46,47,48,49,50,51,52,53,54,55,56
P13645_Q6GDH2	0.022988505747126436	0.05263157894736842		227,228,229,230,231,232,233,260,261,294,306,307,308,309,310,311,312,313,314,315,321,322,323,324,325,326,327,328,329,330,331,341,342,343,344,345,346,347,348,349,350,352,357,358,360,361,362,363,364,365,366,367,368,461,462,463,464,465,466,467,468,469,470,471,473,475,476,477,478,479,480,484,488,489,490,491,492,493,502,503,504,505,506,507,508,509,510
P18464_P24740	0.0	0.0	25,26,64,74,270,271,272,273,274,294	
P84243_Q1HVJ0	0.0	0.0	93	
P03204_P03989	0.18181818181818182	0.35714285714285715		24,25,26,27,61,62,63,64,65,66,67,68,69,73,74,75,76,77,78,79,80,81,82,83,84,85,86,87,88,89,90,91,92,93,94,95,96,97,98,99,100,101,102,103,107,108,109,110,282,283,284,285,286,287,298
D0ZRB2_P10599	0.08571428571428572	0.03896103896103896	146,147,161,162,163,164,165,166,167,168,169,487,488,604,605,606,607,656,657,658,659,660,693,694	0,1,2,5,6,40,41,46,99,100,101
Q45894_Q496J9	0.016194331983805668	0.125	885,886,887,888,889,890,891,892,893,894,895,896,897,905,906,907,908,909,926,927,928,929,930,931,932,933,934,935,936,937,938,939,940,941,942,943,945,964,965,966,971,972,985,986,987,988,989,990,991,1003,1004,1005,1006,1007,1008,1009,1010,1017,1018,1019,1020,1021,1022,1037,1038,1039,1040,1041,1042,1043,1044,1045,1046,1047,1048,1049,1050,1051,1052,1053,1054,1055,1056,1057,1058,1059,1060,1061,1062,1063,1064,1065,1066,1067,1068,1069,1070,1071,1072,1073,1074,1075,1076,1077,1078,1079,1080,1081,1082,1083,1084,1085,1086,1087,1088,1089,1090,1091,1092,1093,1094,1095,1096,1097,1098,1099,1100,1101,1102,1103,1104,1105,1106,1107,1108,1109,1110,1119,1120,1121,1122,1123,1130,1131,1132,1134,1156,1157,1161,1162,1166,1167,1168,1169,1170,1171,1172,1173,1174,1175,1176,1178,1180,1181,1182,1183,1184,1186,1187,1188,1189,1190,1191,1192,1193,1194,1195,1196,1197,1198,1199,1200,1201,1202,1203,1204,1205,1206,1207,1208,1209,1210,1211,1212,1213,1214,1215,1216,1217,1218,1224,1225,1226,1227,1228,1233,1254,1255,1256,1257,1268,1269,1270,1271,1272,1273,1274,1275,1276,1277,1279,1280,1281,1282,1283,1284,1285,1286,1287,1289,1290	525,526,527,528,529,547,548,549,550,551,552,553,554,561,562,565
P26664_Q8IUC6	0.0	0.0		
P03135_Q8IZA0	0.07692307692307693	0.3611111111111111	266,267,268,269,270,315,316,317,318,319,320,321,337,338,339,340,341,342,343,358,359,360,361,362,363,364,365,366,377,378,379,380,381,382,383,384,385,386,387,388,389,390,392,398,410,411,412,413,414,415,416,417,418,419,420,421,422,423,424,425,426,427,428,429,449,450,451,452,453,454,459,460,461,462,463,464,465,466,467,468,469,470,471,472,473,474,475,476,477,478,479,480,481,482,483,484,490,491,492,493,494,495,496,497,498,499,500,501,502,503,504,505,506,507,508,518,519,520,521,522,523,524,525,526,527,528,529,530,531,532,561,565,570,575,576,577,578,579,580,581,582,583,584,585,586,587,588,589,590,591,592,593,594,595,596,597,598,599,600,601,602,603,610,611,612,613,628,629,630	
P01892_P03485	0.0	0.0		
P04610_Q92831	0.0	0.0		
H6QM92_P24928	0.046341463414634146	0.5135135135135135	0,1,2,3,4,5,6,7,8,9,10,11,12,13,14,15,16,17,27,30,31,32,33,34,35,36,37,38,39,42,43,44,45,46,47,51,52,53,54,55,56,57,58,59,60,61,62,63,64,65,76,77,87,88,107,108,109,110,111,112,113,114,115,120,122,123,124,125,126,127,128,129,157,158,159,160,161,162,163,164,165,166,167,168,169,170,171,172,173,174,175,200,201,202,203,204,205,206,207,208,209,210,211,212,213,214,215,216,217,218,219,220,221,222,223,224,225,226,227,228,229,230,231,239,240,241,242,243,244,245,246,247,248,249,250,251,252,253,254,255,256,257,258,259,260,261,262,263,264,265,266,267,268,269,270,274,275,276,277,278,279,280,281,282,283,284,285,286,287,288,289,290,291,295,297,298,299,300,301,302,303,307,308,309,330,331,332,333,334,335,336,337,338,350,351,352,353,354,358,360,361,362,363,364,365,366,367,368,369,370,371,372,373,374,375,376,377,378,379,380,381,382,383,384,385,386,387,388,389,390,391,392,393,394,395,396,397,398,399,400,401,402,403,404,405,406,407,408,409,410,411,412,413,414,415,416,417,418,419,420,428,429,431,432,436,437,438,443,445,446,447,448,449,450,451,452,453,454,455,456,457,458,459,460,461,462,463,464,468,469,470,471,472,473,474,479,480,481,482,483,484,485,496,497,498,499,500,501,502,509,510,511,512,513,514,515,516,517,518,519,520,521,522,525,526,527,528,533,535,536,537,538,539,542,543,544,545,546,547,548,552,554,555,556,557,558,559,560,561,562,563,575,576,586,587,588,589,590,591,592,593,594,595,596,597,598,599,600,601,602,603,604,605,606,607,608,609,610,611,612,613,614,615,616,617,618,619,620,621,622,623,624,625,627,628,629,630,631,632,633,634,635,636,637,638,639,695,697,698,700	
E5LC01_O60885	0.3076923076923077	0.4	1091,1092,1093,1094,1095,1096,1097,1098,1099,1100,1102	600,601,602,603,622,623,624,625,626,627,628,629,630,631,633,634,635,636,644,645,646,664,666,667,669,670,681,682
P01889_Q6SW59	0.0	0.0		
P63104_Q93SQ3	0.18032786885245902	0.3235294117647059	0,1,4,6,7,8,9,10,11,12,13,23,24,25,26,27,28,29,30,31,32,33,38,39,40,41,42,44,46,47,48,51,52,53,54,68,69,70,71,72,73,74,75,76,77,78,79,80,81,82,83,117,118,119,120,121	422,423,424,425,426
B9V0E2_Q8TCD0	0.0	0.0		47,204,205,206,207,208,209
P13746_R4P6M5	0.0	0.0		
P05534_Q9Q5D4	0.16666666666666666	0.034482758620689655	179,180,181,184,272,273	
Q08FX8_Q16611	0.2283464566929134	0.8529411764705882	2,3,4,5,6,7,8,9,10,11,12,13,14,15,16,17,18,19,20,21,22,23,25,26,27,28,29,30,31,32,33,34,35,36,37,38,39,40,41,42,43,44,45,46,47,48,49,50,51,52,53,54,55,56,57,58,59,60,61,62,63,64,65,66,68,69,70,86,87,88,89,90,97,98,99,100,101,102,103,104,105,106,107,109,111,112,113,114,115,116,117,118,119,120,121,127,128,129,130,131,132,133,134,135,136	68,69,70,71,72,73,74,75,76,77,78,79,80,81,82,83,84,85,86,87,88,89
P05161_Q6TQR6	0.17592592592592593	0.95	79,80,81,82,83,84,85,86,87,88,89,90,91,95,96,97,98,99,100,101,102,103,104,105,119,120,121,122,123,124,125,126,127,128,129,130,131,132,133,134,135,136,137,138,139,140,141,145,146,147,148,149,150,151,152,153	0,1,2,3,4,5,6,7,8,9,10,11,12,13,14,15,16,17,18,19,20,21,22,23,24,25,26,27,28,29,30,31,32,33,34,35,36,37,38,39,40,41,42,43,44,45,46,47,48,49,50,51,52,53,54,55,56,57,58,59,60,61,62,63,64,65,66,67,68,69,70,71,72,73,74,75,76,77,78,79,80,81,82,83,84,85,86,87,88,89,90,91,92,93,94,95,96,97,98,99,100,101,102,103,104,105,106,107,108,109,110,111,112,113,114,115,116,117,118,119,120,123,124,125,126,127,128,129,130,131,132,133,134,135,136,137,138,139,140,141,142,143,144,145,146,147,148,149,150,151,152,153,154,155,156,157,158,159,160,161
F5HF68_Q93009	0.0	0.0		70,71,72,73,76,98,201,202
B2YGA4_P13987	0.3684210526315789	0.09722222222222222	129,131,182,276,277,301,304,305,394,396,493,494	62,90,91,92,93,94,95
O50835_P02751	0.8181818181818182	0.32142857142857145	174,175,176,177,178,179,180,181,182,184,186	
C6UYL8_Q9UQB8	0.09659090909090909	0.7391304347826086	451,452,453,454,455,456,457,458,459,460,461,462	5,6,7,8,9,10,11,12,13,14,15,16,17,18,19,20,21,22,23,24,25,26,27,28,29,30,31,32,33,34,35,36,37,38,39,40,41,42,43,44,45,46,47,48,49,50,51,52,53,57,58,59,60,61,62,63,64,65,66,67,68,69,70,71,72,73,74,75,76,77,78,79,80,81,83,84,85,86,87,88,89,90,102,103,104,105,106,107,108,109,110,111,112,113,114,115,116,117,118,119,120,121,122,123,124,125,126,127,128,129,130,131,132,133,134,135,136,137,138,139,140,158,159,160,161,162,163,164,165,166,167,168,169,170,171,172,173,174,175,176,177,178,179,180,181,182,183,184,185,197,198,199,202,203,207,208,209,210,211,212,213,214,215,216
Q6P0Q8_Q8JJY9	0.2727272727272727	0.1875	1102,1103,1104,1105,1106,1119,1120,1121,1122,1123,1124,1125,1126,1127,1128,1129,1130,1172,1173,1174,1175,1176	
P03205_P04229	0.1	0.07407407407407407	125,126,127,128,130,163,164,165,203,204,205,206,207	62,63,68,70,72,217,218
P05889_P62937	0.15	0.2727272727272727	223,224	0,1,3,6,7,8,10,22,23,24,26,27,51,52,53,54,55,56,57,101,102,103,104,105,106,107,108,111,113,116,117,132,133,134,135,136,137,138
P02679_P14738	0.15441176470588236	0.875	427,428,429,430,431,432	194,195,196,197,198,199,200,201,202,203,204,205,206,207,208,209,210,211,212,213,214,215,216,217,218,219,220,221,223,226,227,228,229,230,231,232,233,234,235,240,241,242,243,244,245,246,247,248,249,250,251,252,253,254,255,256,257,258,259,260,261,262,263,264,265,266,267,271,272,273,277,279,285,286,287,288,289,290,291,292,293,294,295,296,297,298,299,300,301,302,303,304,305,306,307,308,309,310,311,312,313,314,315,316,317,318,319,320,321,322,323,324,325,326,327,328,329,330,331,332,333,334,335,336,337,338,339,340,341,342,343,344,345,346,347,348,349,350,351,352,353,354,355,356,357,360,361,362,363,364,365,366,367,368,369,370,371,372,373,374,375,378,379,380,381,382,383,384,385,386,387,388,396,397,398,399,400,401,402,403,404,405,406,407,408,409,410,411,412,413,414,415,416,417,418,419,420,421,422,423,424,425,426,427,428,429,431,432,433,434,435,436,438,441,442,443,444,445,446,447,448,449,450,451,452,453,454,455,456,457,458,459,460,461,462,463,464,465,466,467,468,469,470,471,472,473,474,475,476,477,478,488,489,490,491,492,493,494,495,496,497,498,499,500,501,502
Q8BES6_Q9H3P7	0.2625	0.3684210526315789	1708,1709,1710,1711	365,366,367,368,369,370,371,372,388,389,390,391,392,393,394,395,396,401,402,403,404,405,406,407,413,414,415,416,417,418,419,420,421,422,423,424,425,430,431,432,433,434,435,473,474,475,476,477,478,479,480,481,482,483,484,486,487,500,505,506,507,508,509,510,511,512,513,514,517,518,519,520,521,522,523,524
P08393_Q93009	0.11627906976744186	0.125		566,567,568,569,570,571,620,621,622,623,624,625,626,627,631,632,633,634,635,636,637,638,639,640,685,686,687,731,732,733,734,736,737,743,744,745,746,747,748,749,839,1005,1074
P17763_S6B291	0.0	0.0	628,629,630,633,634,646,647,648,649	24,51,52,56,101,102,165,166,167,168,169,170,171,172,177,202,203,204,205,206,207,208,219,220,221,222,223
P04862_P42224	0.21052631578947367	0.3902439024390244	111,112,113,114,115,116,117,118,119,120,121,191,192,193,194,195	0,1,4,5,19,20,21,22,23,24,25,26,27,28,29,30,31,32,33,34,35,36,45,46,47,48,49,50,51,52,53,54,55,56,57,58,64,66,67,68,69,70,71,72,73,74,75,76,77,78,79,80,96,97,98,99,100,101,102,103
P01730_Q70145	0.175	0.0958904109589041	42,51,52,53,240,241,242,243,244,245,250,251,252,253,254,255,256,257,368,369,370,371,372,386,387	74,75,76,77,184,185,186,187,188,190,191,192,193,194,358
P0CG47_Q6RCR0	0.2641509433962264	0.2916666666666667	152,190,191,192,193,194,195,196,199,200,201,202,203,204,205,218,219,220,221,222,223,224,225	6,7,8,9,11,12,13,14,17,18,19,20,21,22,23,29,30,31,32,33,34,35,36,37,38,39,40,41,42,43,44,45,46,47,48,49,50,51,52,53,63,64,65,66,67,68,69,70,71,72,73,74,75,76,77,78,79,80,81,82,93,94,95,96,97,98,99,100,101,102,103,110,111,112,113,114,122,123,124,125,126,128,479
A0A0E8IWL6_P68871	0.125	0.10144927536231885	385,386,453,565,566,619,620,621,622,629,630,631,642,643,644,645,646,647,648,650,651,652	1,2,3,82,83,84,85,86,87,99,100,101,102,103,104,105,106,107,108,109,123,124,125,126,127,128,129,130,131,132,133,134,135,139
P14078_Q99816	0.16831683168316833	0.7727272727272727	120,121,122,123,124,125,126,127,128,129	3,4,5,6,7,8,9,10,11,12,13,14,15,16,17,18,19,20,21,22,23,24,25,26,27,28,29,30,31,32,33,34,35,36,37,38,39,40,41,42,43,44,45,46,47,48,49,50,51,52,53,54,55,56,57,58,59,60,61,62,63,64,65,67,68,69,70,71,72,73,74,75,76,77,78,79,80,81,82,83,84,85,90,91,92,93,94,95,96,97,98
Q70AA1_Q9MYI6	0.0	0.0		271,272,273
O60486_Q8JL80	0.0379746835443038	0.06	352,496,729,730,731,732,733,734,746,747,748,749,750,751,752,794,795,796,797,798,799,800,801,802,804,805,806,807,808,809,810,811,812,840,841,842,843,844	126,130,131,132,133,134,135,136,137,146,147,178,179,180,181,182,183,184,185,186,187,188,189,190,192,210,212,214,215,216,263,264,265,266,267,390,391,392,393,394,395
P01892_P0C213	0.0	0.0		
P13423_P58335	0.10989010989010989	0.17543859649122806	105,106,107,108,109,110,111,129,130,131,132,133,134,135,136,137,138,142,143,144,145,146,147,148,149,150,151,152,153,154,155,156,157,158,159,160,161,162,163,164,165,166,175,176,177,178,179,180,181,182,183,184,185,186,202,203,204,205,206,207,208,212,221,222,223,232,238,239,240,298,300,301,691,692,693,694,712,713,714	110,111,112,113,114,115,116,117,207,208,209,210
K9N5Q8_P27487	0.027777777777777776	0.0196078431372549		98,99,100,175,206,208,209,210,235,237,238,239,240,241,242,243,244,245,246,247,248,249,250,252,253,255,256,257,258,259,260,261,289,290,292,567
O41925_P13500	0.37254901960784315	0.3220338983050847	233,234,235,236,242,244,245,246,247,248,249,250,251,252,253,254,268,269,270,271,272,280,281,282,283,284,285,286,287,288,290,291,292,293,378,381	30,31,32,33,34,35,36,37,38,39,56,57,58,59,60
P00747_P15240	0.23076923076923078	0.08571428571428572		84,85,86,88,89,90,91,92,93,94,95,96,97,98,108,109,110,111,112,113,114,140,141,142,143,144
A0A024R962_O50665	0.48484848484848486	0.2711864406779661	433,434,435	39,40,41,42,43,44,45,46,47,48,49,50,51,52,53,54,55,56,57,58,59,60,61,62,63,64,65,67,68,97
D1MPH2_S6B2A6	0.0	0.0	122,123,125,135,166,167,168,169,170,249,250,251,252,253,254,255,256,273,274,275,276,277,278,279	212,213,214,215,240,241
P01903_P04591	0.21052631578947367	0.08333333333333333	84,85,86,87,94,100,101,102,103,104,160,161,162,174,175,176,177,178,205	
P06492_Q00403	0.0891089108910891	0.21428571428571427	464,465,466,467,468,469,470,471,472	111,112,113,114,115,116,117,118,119,120,121,122,123,124,125,126,128,129,130,131,132,133,134,135,136,137,138,139,140,141,142,143,144,145,157,158,159,160,161,162,163,164,165,166,167,168,169,170,171,172,173,174,175,177,178,193,194,195,197,204,205,206,207,208,209,210,211,212,213,214,215,216,217,218,219,220,223,224,225,226,227,228,229,230,231,232,258,259,260,262,263,268
P04591_P62937	0.12222222222222222	0.3793103448275862	132,133,134,165,166,167,168,169,170,171,172,173,220,221,222,223,224,253,254,255,308,309,310,311,312,313,314,315,316,317,325,326,327,328,329	1,2,3,4,5,6,7,8,9,10,15,16,17,21,22,24,27,28,29,32,33,34,35,36,37,38,51,55,56,57,98,99,100,101,102,103,104,105,106,107,108,111,112,113,114,115,116,117,132,133,134,135,136,137,138
P03180_Q13651	0.1897810218978102	0.6666666666666666	26,27,28,29,30,31,32,33,34,35,36,37,38,39,40,41,42,43,44,45,46,47,48,49,50,51,52,53,54,55,56,57,58,59,60,61,62,63,64,65,66,67,68,69,70,71,72,73,74,75,76,77,78,79,80,81,82,83,84,98,99,100,101,102,103,104,105,111,112,148,149,150	38,39,40,41,42,43,44,83,84,85,86,87,88,89,92,93,94,95,96,97,98,99,100,101,102,103,104,105,106,136,137,138,139,140,141,142,143,144,145,146,147,148,149,150,151,152,154,155,156,198,199,200,201,202,203,204,205,206,207,208,209,210,211,212,213
P04229_Q52T95	0.25	0.3333333333333333	97,98,99,100,101,102,103,104,105,109,113,114,115,116,117,119,185,186,187,188,189,190,191,192	121,122,123,126,127,166,167,168
P01892_P04591	0.0	0.0	65,73,74,75,76,254,255,256,257,271,272,273	
A0A0E8IWL6_P00738	0.0	0.0	322,323,324,325,326,327,345,346,347,348,349,350,351,352,353,354,355,356,357,358,359,384,385,386,387,388,389,390,391,435,436,437,438,439,440,441,472,473,583,584,585,586,587,588,589,653	
P0C6H2_Q5MAG5	0.0	0.0		24,25,26,27,74
P03230_Q12933	0.23809523809523808	0.8333333333333334	203,204,205,206,207,208,209	345,346,347,348,349,350,351,352,365,366,367,368,369,370,371,372,373,374,375,376,377,378,444,445,446,447,448,449,450,451,452,453,454,455,456,457,458,459,460,461,462,463,464,465,466,467,468,469,470,471,472,473,474,475,476,477,478,479,480,481,482,483,484,485,486,487,488,489,490,491,492,493,494,495,496,497,498
P89884_Q14457	0.3263157894736842	0.62	1,2,3,4,5,6,7,8,9,10,11,12,13,14,15,16,17,18,19,20,21,22,23,24,25,26,27,28,29,30,31,32,33,34,35,36,37,38,39,40,41,42,43,44,45,46,47,48,49,50,51,52,53,54,55,56,57,58,59,60,61,62,63,64,65,66,67,68,69,70,71,72,73,74,75,76,77,78,79,80,81,82,83,84,85,86,87,88,89,90,91,92	105,117,118
P01730_P20872	0.05714285714285714	0.046511627906976744	49,50,51,52,53,54,55	58,59,60,61,62,63,64,65,72,73,74,75,76,79,84,85,86,87,88,89,90,91,92,356,366,367,380,381
D3HJY4_P31689	0.0	0.0	77,78,162,163	
P03211_Q93009	0.0	0.0		
Q15223_Q69091	0.14473684210526316	0.22916666666666666	80,81,82,83,84,301,302,303,304,332,333	47,49,50,51,52,53,54,55,56,63,64,65,67,68,69,72,73,74,82,83,84,85,86,117,118,119,126,127,128,129,176,177,178,179,215,216,217,218,219,220,222,227,246,247,248,249,250,251,261,262,263,264,265,266,267,268,269,270,271,272,273,274,275,276,277
P03951_P23827	0.31343283582089554	0.2413793103448276		54,91,92,93,94,95,96,97,98,99,100,101,102,104,105,106,107,108,109,110,111,112,113,114,115,116,117,118,119,120,121,122,123,124,125,126,127,128,129,130,131,132,133,134,135,136,137,138,139,140,141,142,143,145,146,147,148,149,150,151,152,153,154,155,156,157,158
P68036_Q6RCR4	0.23529411764705882	0.06153846153846154	0,1,2,3,4,5,34,35,36,37,38,60,76,77,78	19,20
P52630_Q32ZE1	0.06486486486486487	0.375	24,25,26,27,28,29,30,31,32,33,34,35,36,37,38,39,40,46,47,48,49,50,51,52,53,54,55,56,57,58,59,60,61,62,63,64,65,66,77,78,79,82,83,86,87,89,90,136,137,142,143,144,145,146,147,148,149,150,151,152,153,154,155,156,157,158,159,160,161,162,163,164,165,166,167,168,169,170,171,172,173,174,175,176,177,178,179,212,213,214,215,216,217,218,219,232,236,237,239,240,242,243,244,245,246,247,248,249,250,251,255,256,257,258,259,260,261,288,305,306,307,308,309,310,314,315,316,317,318,319,320,321,322,323,324,325,326,327,328,329,330,331,332,333,334,341,342,343,344,345,346,347,348,349,354,355,356,357,359,360,361,362,363,364,365,366,367,368,370,371,372,373,374,375,376,377,378,379,380,381,385,388,389,390,391,392,393,394,395,396,397,398,399,400,401,402,403,404,405,406,407,408,409,420,421,422,423,424,425,426,427,428,429,430,431,432,433,438,440,451,452,453,454,455,456,457,464,491,492,493,494,495,496,497,498,499,500,501,502,503,504,505,506,507,509,510,511,512,513,514,515,522,523,524,525,526,527,528,529,531,564,565,566,567,568,569,570,571,572,573,578,579,580,581,582,583,584,585,666,699,700,702,703,704	2792,2793,2810,2837,2843,2845,2846,2847,2848,2849,2850,2851,2879,2880,2881,2882,2883,2884,2885,2888,2889,2893,2894,2968,2969,2970,2971,2972,2973,2974,2993,2994,2995,2998,2999,3000,3001,3029,3032,3033,3034,3035,3036,3037,3038,3087,3088,3094,3095,3096,3097,3098,3099,3100,3101,3137,3139,3140,3141,3142,3143,3200,3201,3203,3206,3207,3208,3209,3210,3212,3213,3214,3252,3253,3256,3257,3258,3259,3262,3263,3354,3355,3356,3357,3359,3360
Q76RF1_Q9Y6K9	0.11409395973154363	0.4857142857142857	1,2,3,4,5,6,7,8,9,10,12,13,14,15,16,17,18,19,20,21,22,23,24,25,26,27,28,29,30,31,32,33,34,35,36,37,38,39,40,41,42,43,44,45,46,47,48,49,50,51,52,53,54,55,56,57,58,59,60,61,62,63,64,65,66,67,68,69,70,71,72,73,74,75,76,77,78,79,80,81,82,83,84,85,86,87,88,89,90,91,92,93,94,95,96,97,98,99,100,101,102,103,104,105,106,107,108,109,110,111,112,113,114,115,116,117,118,119,120,121,122,123,124,125,126,127,128,129,130,131,132,133,134,135,136,137,138,139,140,141,142,143,144,145,146,147,148,149,150	
P00734_Q846V4	0.22916666666666666	0.11702127659574468		0,1,2,3,4,5,6,62,96,98,107,108,109,110,111,112,113,131,162,163,164,168,171,172,173,174,194,196,197,222,223,224,225,234,235,236,237,255,256,257,258,259,260,261,265,266,267,268
Q99816_Q9IF21	0.3333333333333333	0.4782608695652174	23,24,25,26,27,28,29,76,77,78,98,99,100,101,132,133,134,135,136,137,138,139,140,141,142,143,144	26,27,28,29,32,33
P19508_Q9Y4B6	0.18518518518518517	0.11494252873563218	11,12,13,14,15,16,17,19,20,21,22,23,24,25,26,27,28,29,30,31,32,33,37,39,40,41,42,43,44,45,46,47,48,49,66,67	1072,1073,1074,1075,1076,1077,1078,1079,1080,1081,1082,1083,1084,1085,1388,1389,1390,1391
A0A0D6HCK9_P11215	0.005405405405405406	0.05555555555555555	68,69,70,71,72,73,74,75,81,82,84,86,87,99,100,101,102,103,104,105,106,107,108,109,110,111,120,121,122,123,124,126,128,129,130,131,132,133,134,135,136,137,138,139,140,141,142,143,144,145,146,147,148,149,163,164,165,166,167,168,169,170,171,172,173,174,175,176,177,178,179,182,183,184,185,186,187,188,189,190,191,192,193,194,195,196,197,198,199,200,201,202,203,204,205,213,214,215,216,217,218,219,220,221,225,226,227,228,229,230,231,232,233,234,235,236,237,238,239,240,241,242,243,244,245,246,247,248,249,250,251,252,253,254,255,256,257,258,259,260,261,262,263,264,265,266,267,268,269,270,271,272,273,274,275,276,277,278,279,280,281,282,283,284,285,286,287,288,289,290,291,292,293,313,314,326,327,328,329,330,331,332	190,191,285
P05534_Q9YXL6	0.0	0.0		
P36649_Q00987	0.056074766355140186	0.2727272727272727	41,42,45,46,47,48,49,50,51,52,53,54,55,56,57,58,59,60,66,67,68,69,102,104,105,106,107,108,109,248,249,250,251,252,253,254,255,256,266,267,268,269,270,271,272,273,274,275,290,291,292,293,294,295,344,401,402,403,404,405,406,407,408,409,410,413,469,470,471,472,473,474,475,489,490,491,492,493,494,495	24,25,26,27,28,29,30,31,32,33,34,52,53,54,55,56,57,58,59,60,61,62,63,64,79,99,100
P11207_Q16531	0.0	0.0	79,80,81,82,83,84,85,86,87,88,89,91,93	0,1,4,5,6,7,8,50,86,280,281,282,283,284,286
P04626_P38507	0.023255813953488372	0.03225806451612903	43,108,109,110,111,112,113,114,115,116,117,204,217,218,272,303,319,320,321,322,323,411,414,419,420,466,467,468,469,477,478,484,488,519,520,544,545,546,547,548,549,550,576	
O43521_Q08FX8	0.2828282828282828	0.8235294117647058	146,147,148,149,150,151,152,153,154,155,156,157,158,159,160,161	2,3,4,5,6,7,8,9,10,12,13,14,15,16,17,18,19,20,21,22,23,25,26,27,28,29,30,31,32,33,34,35,36,37,38,40,42,44,45,46,47,48,49,50,51,52,53,54,55,56,57,58,59,60,62,63,65,66,67,68,69,70,71,85,86,87,88,89,90,91,92,113,114,127,129,130,131,132,133,134,135,136,137
P16757_Q29980	0.0	0.0	30,31,32,40,41,42,73,74,75,76,77,78,79,126,127,128	
O95639_P03495	0.17647058823529413	0.15	60,62,81,83,84,85,86,87,96,113,114,115	90,92,93,94,134,168,169,174,175,176,177,178,179,182,183,188,190,192,193,194,195,196
P35962_Q8WUM4	0.1206896551724138	0.2916666666666667	481,482,483,484,485,486,487,488,489	1,2,4,5,6,7,8,9,38,39,40,41,448,449,450,451,452,453,454,457,461,462,567,568,569,570,571,572,630,631,632,633,634,635,636,647,648,649,650,651,652,653,661,662,663,664,665,667,695
P40189_Q98823	0.03773584905660377	0.07407407407407407	99,100,101,102,103,104,105,106,107,143,144,145,146,193,194,195,196,197,198,199,200,201,294,295,296,297,298,299,300,301,302,303,304	38,39,40,41,42,43,44,45,46,47,48,49,50,51,52,53,97,98,99,100
P30460_X2G898	0.0	0.0		
G9EPL4_P62820	0.18461538461538463	0.22641509433962265	343,363,364,365,366,367,368,369,370,481,482,483,570,571,572,573,574,575,576,577,593,594,595,596,597,599,600	6,7,14,15,26,27,28,29,30,31,32,47,48,49,50,51,52,53,70,71,72,73,74,75,76,77,78,79,80,130,131,132,133,134,135,136,137,175
P02751_Q53971	0.74	0.6981132075471698	51,56,82,83,84,85,86,87,88,89,90,91,92,93,94,95,96,97,132,133,134,135,136,137,138,139	1042,1043,1044,1045,1046,1047,1048,1049,1050,1051,1052,1053,1054,1055,1056,1057,1058,1059,1060,1061,1062,1063,1064,1065
A0A1U9IRU2_Q9H6X2	0.0427807486631016	0.13793103448275862	172,173,208,209,253,266,267,268,269,270,271,272,332,333,334,351,352,353,354,355,356,357,358,367,368,369,370,371,372,373,374,375,376,377,378,379,380,381,382,383,384,385,394,395,396,397,398,399,403,404,405,406,407,408,409,434,435,436,437,438,451,452,453,454,535,536,537,538,539,549,550,551,586,587,588,589,590,591,592,601,602,603,604,605,606,607,608,609,610,611,612,613,614,615,616,617,618,619,620,621,622,623,624,634,635,636,637,638,691,692,693,694,695,696,697,698,699,700,705,706,707,708,709,711,724,725,726,727,728,849,850,851,852,853,854,855,856,857,858,859,860,861,862,863,864,865,866,867,869,870,871,872,873,913	47,64,107,108,109,110,111,112,113,114,115,116,145,146,147,148,149,150,205,206,207,208,209,210,211,212,213,214,215,216,217,218,219
P01889_Q70A36	0.0	0.0	24,25,270,271,272,273	
P08631_Q5QGG3	0.06818181818181818	0.08571428571428572	79,80,81	129,130,131,132,133,138,139,140,141,143,144,145,146,147,148,149,177,178,179,180,181,182,183,184,193,194,195,196,197,198,199,200,201,202,203,227,228,229,230,231,232
P78406_Q8B0H7	0.23255813953488372	0.2222222222222222	30,135,136,137,138,139,140,141	48,49,50,51,52,53,54,58,59,60,61,62,63,64,65,75,76,77,78,79,80,81,82,104,105,106,107,108,109,110,111,112,134,135,136
P01892_Q9Q0U7	0.0	0.0		
Q30154_Q8NKX2	0.0	0.0	63,189,190	156,187
P01730_P35961	0.16666666666666666	0.016129032258064516	41,42	190,191,192,357
P16778_Q07812	0.10483870967741936	0.9285714285714286	129,130,131,132,133,134,135,136,137,138,139,140,141,142,143,144,145,146,147,148,149	0,1,2,3,4,5,6,7,8,9,10,11,12,13,14,15,16,17,18,19,20,21,22,23,24,25,26,27,28,29,30,31,32,33,34,35,36,37,38,39,40,41,42,43,44,45,46,47,48,49,50,51,52,53,54,55,56,57,58,59,60,61,62,63,64,65,66,67,68,69,70,71,72,73,74,75,76,77,78,79,80,81,82,83,84,85,86,87,88,107,108,121,122,123,129,132,133,134,182,183,184,185,186
M4NKV9_Q14332	0.10738255033557047	0.48484848484848486	1302,1346,1371,1372,1373,1374,1375,1463,1484,1485,1486,1487,1488,1489,1490,1491,1492,1493,1494,1495,1496,1497,1498,1499,1500,1501,1502,1503,1516,1517,1518,1519,1520,1521,1522,1523,1524,1527,1541,1543,1556,1557,1558,1559,1560,1561,1562,1563,1564,1565,1566,1567,1568,1569,1583,1584,1585,1656,1657,1658,1659,1660,1661,1662,1705,1707,1783,1785,1786,1787,1788,1789,1790,1791,1792,1798,1800,1801,1802,1803,1804	43,44,45,46,47,48,49,50,51,52,53,54,55,56,57,58,77,78,79,80,81,82,83,84,85,86,87,88,89,90,91,92,93,94,95,96,97,98,99,100,101,102,103,104,105,106,107,108,109,110,111,112,113,114,115,116,117,118,119,120,121,122,123,124,125,126,127,128
Q2UW42_S6B291	0.21951219512195122	0.32142857142857145	74,75,76,77,78,79,80,81,82,83,87,91,92,93,95,96,97,98,109,110,111,112,113,114,115	96,98,99,100,101,102,103,202,203,204,205,206,207,208,209,210
B0B999_P0CG47	0.23076923076923078	0.22388059701492538	92,93,94,95,96,97,98,99,100,105,106,111,113,114,115,116,117,118,119,128,129,130,131,132,139,140,141,142,143,144,145,148,149,150,163,199,200,201,202,203,204,205,206,207,208,232,233,234,235,236,237,238,239,240,241,242,243,244,245,316	221,222,223,224,225
D9J353_P30505	0.0	0.0		
Q15843_Q7N439	0.23809523809523808	0.2542372881355932	1,2,38,47,48,49,50,51,52,53,54,55,56,57,58,59,67,68,69,70,71,72,73	63,72,73,74,75,76,77,78,79,80,81,82,83,84,119,120,121,122,123,124,125,134,135,136,137,138,139,147,149,150,198,199,200,201,202,203,204,205,206,207
P26554_Q12959	0.0	0.0		
P0C6H2_Q861F6	0.0	0.0		1,2,3,50,51
P0CG47_Q6TQR6	0.19796954314720813	0.9512195121951219	152,153,154,155,156,157,158,159,160,161,162,189,190,191,192,193,194,195,196,197,198,199,200,201,202,203,204,205,206,207,208,209,210,211,212,216,217,218,219,220,221,222,223,224	6,7,8,9,10,11,12,13,14,15,16,17,18,19,20,21,22,23,24,25,26,27,28,29,30,31,32,33,34,35,36,37,38,39,40,41,42,43,44,45,46,47,48,49,50,51,52,53,54,55,56,57,58,59,60,61,62,63,64,65,66,67,68,69,70,71,72,73,74,75,76,77,78,79,80,81,82,83,84,85,86,87,88,89,90,91,92,93,94,95,96,97,98,99,100,101,102,103,104,105,106,107,108,109,110,111,112,113,114,115,116,117,118,119,120,121,124,125,126,127,128,129,130,131,132,133,134,135,136,137,138,139,140,141,142,143,144,145,146,147,148,149,150,151,152,153,154,155,156,157,158,159,160
O00629_P31345	0.0	0.0		704,731
A0A0C5HAL9_O60563	0.6	0.0410958904109589	0,1,2	30,31
P69905_Q2FG07	0.15	0.07894736842105263	1,2,3,78,79,80,81,96,98,99,100,101,102,103,106,107,118,119,120,121,122,123,124,125,127	385,450,453,619,620,621,622,630,642,643,644,645,646,647,648
P60953_Q9R8E4	0.0	0.0	3	
P05534_Q9YYU8	0.08333333333333333	0.05714285714285714	62,63,64,65,66,67,68,69,70,71,100,102,103,106,144,145,146,147,148,149,150,180,181,271	
P08362_P15529	0.35294117647058826	0.10714285714285714	389,390,392,393,394,395,431,432,494,495,496,497,498,499,500	68,69
O91464_Q9H3P7	0.3191489361702128	0.47619047619047616	1654,1655,1656,1657,1658,1672,1673,1682,1683,1684,1685,1686	367,368,369,370,371,372,388,389,390,391,392,393,394,396,400,401,402,403,404,405,406,407,408,413,414,415,416,417,418,419,420,421,422,423,424,425,430,431,432,433,434,435,473,474,475,476,477,478,479,480,481,482,483,484,485,496,497,498,499,500,502,503,504,505,506,507,508,509,510,511,512,513,514,515,516,517,518,519,520,521,522,523
P05362_V9VEF3	0.17045454545454544	0.2459016393442623	57,58,66,67,68,69,70,75,76,77,78,79,80,81,82,83,84,85,86,87,88,89,90,91,96,98,99,100,101,102	102,176,177,277,278,279,280,281,282,283,284,285,286,287,288,289,290,291,292,293,294,320,321,345,506,507,508,509,510,511,512,513,514,515,516,517,518,519,520,521,522,523,524,525,526,527,531,532,533,535,549,550,551,552,553,780,782,783
P04439_Q9YYU8	0.041666666666666664	0.03333333333333333	61,62,63,64,65,66,67,68,69,70,71,103,108,109,143,144,145,146,147,148,149,150,180,181	
P06463_Q9HD26	0.25	0.03333333333333333		352,353,354,355
O36972_P63098	0.0	0.0		87,88,89,90,91,92,93,94
P62837_Q5X159	0.09565217391304348	0.7586206896551724	0,1,2,3,4,5,6,7,8,9,10,11,12,13,14,15,16,17,18,19,20,21,22,23,24,25,26,27,28,29,30,31,32,33,34,35,36,37,38,39,40,41,42,43,44,45,46,47,48,49,50,51,52,53,54,55,56,57,58,59,60,61,62,63,64,65,66,67,68,69,70,71,72,73,74,75,76,77,78,79	5,6,7,8,9,10,11,12,13,14,15,16,17,18,19,20,21,22,23,24,25,26,27,28,29,30,31,32,33,34,35,36,37,38,39,40,41,42,43,44,45,46,47,48,49,50,51,52,53,54,55,56,57,58,59,60,61,62,63,64,65,66,67,68,69,70,71,72,73,74,75,76,77,78,79,80,81,82,83,84,85,86,87,88,89,90,91,92,117,118,119,120,121,122,123,124,125,126,127,128,129,130,131,132,133,134,135,136,137,138,139,140,141,142,143,144,146,153,154,155,156,157,158,159,160,161,162,163,164,165,166,167,168,169,170,171,172,173,174,175,176,177,178,179,180,181,182,183,184,185
K9N7C7_P0CG47	0.13692946058091288	0.8048780487804879	1484,1513,1514,1515,1516,1517,1518,1519,1520,1521,1522,1523,1524,1525,1526,1527,1528,1529,1530,1531,1532,1533,1534,1535,1536,1537,1538,1539,1540,1541,1542,1543,1544,1545,1546,1547,1548,1549,1550,1551,1595,1596,1597,1598,1599,1600,1601,1602,1603,1605,1630,1631,1632,1633,1634,1635,1636,1639,1640,1641,1642,1643,1644,1645,1646,1647,1648,1649,1650,1651,1652,1653,1654,1655,1656,1657,1658,1659,1662,1663,1664,1665,1666,1667,1668,1669,1670,1671,1672,1673,1674,1675,1676,1677,1678,1679,1680,1681,1682,1683,1684,1685,1686,1687,1688,1689,1690,1691,1692,1693,1694,1695,1696,1697,1698,1699,1700,1701,1702,1703,1704,1705,1706,1707,1708,1709,1710,1711,1712,1713,1714,1715,1717,1718,1719,1720,1721,1722,1723,1724,1725,1726,1727,1728,1729,1737,1738,1739,1740,1741,1742,1743,1744,1753,1758,1761,1762,1763,1764,1765,1768,1770,1771,1772,1773,1774,1775,1776,1782,1783,1784,1786,1787,1789,1790,1791,1792,1793,1794,1795,1796,1797,1798,1799	154,155,156,157,158,159,160,161,162,168,169,170,171,172,173,174,175,176,189,190,191,192,193,194,195,196,197,198,199,200,201,202,203,204,205,206,207,208,209,210,211,212,213,214,215,216,217,218,219,220,221,222,223,224,225,226,227
P01730_Q8Q7Z9	0.0	0.0		86,88,171
P03989_P13285	0.3448275862068966	0.3125	64,65,66,73,74,75,85,86,87,88,89,90,91,92,93,94,96,97,98,99,100,106,107,108,109,110,111,112,271	
P12493_Q16630	0.5517241379310345	0.48484848484848486	213,214,215,307,308,309,310,311,312,313,326,327,328,341,342	275,276,277,278,279,280,281,282,283,284,285,286,287,288
P61586_Q9AJW7	0.125	0.009009009009009009	1,2,3,4	69,70,71,72
P17150_Q13651	0.27927927927927926	0.5961538461538461	34,35,36,37,38,39,40,41,42,43,44,45,46,47,48,49,50,51,52,53,54,55,56,57,58,59,60,61,62,63,64,65,66,67,68,69,70,71,72,73,74,75,76,77,78,79,80,81,82,83,84,85,86,116,117,118,119,120,121,122	42,83,84,85,87,88,89,92,93,94,95,96,97,98,99,100,101,102,103,104,105,137,138,139,140,141,142,143,144,145,146,147,148,149,150,151,152,199,200,201,202,203,204,205,206,207,208,209,210,211,212
P69732_Q8WUM4	0.0	0.0		1,2,3,4,5,6,7,8,41,80,81,82,258,322,381,382,390,391,407,418,422,424,472,483,484,485,486,487
Q2UW42_Q6GMX6	0.19444444444444445	0.3181818181818182	74,75,76,77,78,79,80,81,82,83,87,91,92,93,95,96,97,98,109,110,111,112,113,114,115	98,102,201,202,203,204,205,206,207,208,209
Q05059_Q92956	0.18840579710144928	0.28888888888888886	257,263,275,276,277,278,279,280,281,282	41,42,43,44,45,46,47,48,49,50,51,61,62,64,65,66,67,68,69,70,71,79,81,82,83,84,85,86,87,88,89,100,101,102,103,104,105,106,107,108,109,110,111,112,113,114,115,116,120,121,122,123,124,125,126,127,128,129,132
P01892_Q6SW59	0.0	0.0		
P63000_P74873	0.17582417582417584	0.32653061224489793	0,1,2,3,6,17,18,19,20,21,22,23,24,39,56,62,64,65,66,67,68,69,70,71	166,167,168,169,170,171,172,173,174,175,176,177,196,197,198,199,200,201,202,203,207,208,209,210,211,212,213,229,233,236,238,239,305,306,307,308,309,310,311,312,313,314,315,316,317,318,319,320,322,325,326,327,328,329,330,331,332,336,337,338,339,340,341,342,343,369,370
P03255_P06400	0.0	0.0		652,653
A0A509GV61_F5H747	0.2441860465116279	0.22340425531914893	15,16,17,18,19,20,21,22,29,30,31,32,33,34,35,65,73,74,75,76,77,78,79,151,152,153,154,155,156,157,158,170,171,172,173,174,175,176	0,1,2,3,4,5,6,35,36,37,38,39,40,41,42,43,44,45,46,47,51,52,53,54,55,56,57,58,59,60,64,65,66,67,68,69,70,71,72,73,76,77,142,143,144,145,146,147
P61088_Q8VSD5	0.08695652173913043	0.09302325581395349	0,1,3,4,8,9,10,11,12,13,14,15,16,17,18,22,23,24,25,26,27,28,29,30,31,32,33,34,35,36,37,38,39,40,41,42,56,57,58,59,60,61	69,70,71,72
P52799_Q9IH62	0.0	0.0	35,36,37,38,39,40	331,374,375,376,377,378,390
P07948_P22575	0.6153846153846154	0.48484848484848486	64,120,121,122	169,170,171,172,173,174,175,176,177,178,179,180,181,182,183,184,185,186,187,188,189,190
P08174_Q6W9E5	0.08791208791208792	0.5245901639344263	34,35,36,37,38,39,40,41,42,43,44,45,46,47,48,49,50,51,52,53,54,55,60,61,63,64,68,69,70,71,72,73,74,75,76,77,78,79,80,81,82,83,84,85,87,88,89,90,91,93,95,96,97,98,99,100,101,102,103,110,111,112,113,114,115,117,124,126,127,128,129,130,131,132,133,134,135,136,137,138,139,142,143,144,145,146,147,148,149,150,151,152,153,154,155,156,157,158,159,160,161,162,163,164,165,166,167,168,169,170,171,172,173,174,175,176,177,178,183,184,185,186,187,188,189,190,191,192,193,194,195,196,197,198,199,200,202,203,204,205,206,207,208,209,210,211,212,213,214,215,216,217,218,219,220,221,222,223,224,225,226,227,228,229,230,231,232,233,234,235,236,237,238,239,240,241,242,243,244,246,247,248,249,250,251,252,253,254,255,256,257,258,259,260,261,262,263,264,265,266,267,268,269,270,271,272,273,274,275,276,277,278,283,284	101,102,103,104,105,106,107,108,113,129,130,131,132,133,134,135,162,176,177,178,179,180,181,182,254,255,256,269,270,271,272,273,274,275,276,277,278,279,280,281,282,283,287,292,293,294,295,296,297,298,299,300,301,302,303,309,312,313,314,315,316,317,318,319,322,323,324,325,326,327,328,329,330,331,332,333,334,335,336,337,338,339,340,341,342,343,344,345,346,347,348,349,350,393,394,395,396,397,398,425,426,427,428,429,430,431,432,433,434,444,445,446,487,493,496,497,498,499,500,501,502,503,504,505,506,507,508,509,510,511,512,513,514,515,516,517,523,525,526,527,528,529,538,539,540,541,542,543,550,552
P03437_P04229	0.0	0.0		29,30,31,32,33,188,189,190,191,202,203,204,205,206,215,216,217,218
B6DRA0_Q16630	0.375	0.5454545454545454	213,214,215,217,305,306,307,308,309,310,311,312,326,327,328,329,330,340,341,342	275,276,277,278,279,280,281,282,283,284,285,286
P06437_Q9UKJ1	0.0	0.0		
Q00534_Q01043	0.2727272727272727	0.25806451612903225	27,28,29,30,31,33,52,53,54,55,79,100,101,102,103,104,105,106,114,115,116,117,118,119,120,127,128,129,130,131,132,133,134	7,8,9,10,11,12,13,14,15,16,17,18,19,20,21,22,23,24,25,26,27,28,29,30,31,32,41,44,45,46,47,48,49,50,51,52,53,54,55,56,57,58,59,60,61,72,73,74,75,76,77,78,79,81,82
P0CG48_Q5ZSK8	0.4266666666666667	0.32653061224489793	648,649,650,654,655,656,657,658,659,660,674,675,676,677,678,679,680,681	16,17,18,19,20,21,24,25,26,27,28,29,30,43,44,45,46,47,48,49,50,51,52,53,62,63,65,66,67,68,69,86,89,90,91,92,93,94,95,96,97,112,113,114,115,116,117,118,131,132,133,134,136,137,310,311,315
P61964_Q9YP60	0.2	0.21428571428571427	30,31,32,33,34,35,36,37,38,45,46,87	222,223,224
P62820_Q7DB50	0.5555555555555556	0.05154639175257732	6,7,26,28,29,47,49,50	127
H6A3H4_P13688	0.0	0.0	258	
G4XFJ5_P01730	0.0	0.0	75,76,77,78,79	
P04003_P50468	1.0	0.029411764705882353	85	
P55957_Q85365	0.3559322033898305	0.8936170212765957	80,81,82,83,84,85,86,87,88,89,90,91,92,93,94,95,96,97,98,99,100,102,103,104,105,106,107,108	63,64,65,66,67,68,69,70,71,72,73,74,75,76,77,78,79,80,81,82,83,84,85,86,87,88,89,90,91,92,93,94,95,96,97,98,99,100,101,102,103,104,105,106,107,108,109,110,111,113,114,115,116,117,118,119,120,121,122,123,124,125,126,127,128,129,130,131,132,133,134,135,136,137,138,139,140,141,152,153,154,155,156,157,158,159,160,161,162,163
P03466_P03989	0.0	0.0		298
C5MK56_Q3KSS8	0.0	0.0	24,25,26,73,74,75,76,77,78	
C5ILC1_O60462	0.16666666666666666	0.17857142857142858	89,92,93,110,111,112,113,114,116,117,118,119,120,141,142,143,144,173,174,175,176,177,178,179,187,188,189,190,191	52
K0BRG7_P27487	0.027777777777777776	0.02		98,99,100,175,206,208,209,210,235,237,238,239,240,241,242,243,244,245,246,247,248,249,250,252,253,255,256,257,258,259,260,261,289,290,292,567
P04601_P05534	0.0	0.0		180,181,254,271,273
P01891_Q70626	0.27586206896551724	0.2962962962962963	59,60,61,62,63,64,65,66,67,68,69,70,71,144,145,146,149,152,153,294,295	191,192,193,194,195,196,197,198
B5Z8H1_P13688	0.0	0.0		
A0A0H3B1Q8_Q15843	0.20588235294117646	0.4666666666666667	39,40,41,42,43,44,45,46,47,48,49,50,51,52,55,56,57,58,59,60,61,62,63,64,65,66,67,68,69,70,71,72,73,76,77,78,79,80,81,82,83,84,85,86,87,88,119,120,121,122,123,124,125,126,127,128,129,130,131,132,133,134,135,136,138,162,163,164,171,172,173,174,175,176,177,181,182,184,185,186,187,188,189,190,191,192,193,194,195,202,220,221,222,223	0,1,2,3,4,5,6,7,8,9,21,24,35,36,37,40,41,42,43,44,47,48,49,50,51,52,53,54,55,56,57,58,59,60,66,67,68,69,70,71,72,73
P18465_Q8URG0	0.0	0.0	271,272	
Q07812_Q08FX8	0.18439716312056736	0.8666666666666667	55,56,57,58,59,60,61,62,63,64,65,66,67,68,69,70,71,72,73	2,3,4,5,6,7,8,9,10,11,12,13,14,15,16,17,18,19,20,21,22,23,25,26,27,28,29,30,31,32,33,34,35,36,37,38,39,40,41,42,43,44,45,46,47,48,49,50,51,52,53,54,55,56,57,58,59,60,61,62,63,64,65,66,67,68,69,70,71,84,85,86,87,88,89,90,91,92,93,94,95,96,97,98,99,100,101,102,103,104,105,106,107,108,109,111,112,113,114,115,116,117,118,119,120,121,122,123,124,125,126,127,128,129,130,131,132,133,134,135,136,137
P0DJM0_P12830	0.07936507936507936	0.06578947368421052	100,174,412,413,414,415,416,417,418,419,420,421,422,424,425,426,428,429,430,431,432,433,434,435,436,437,438,439,440,441,442,443,444,445,446,447,448,449,450,451,454,455,456,457,458,459,460,461,462,463,473,474,475,476,477	155,156,157,158,159,160,161,162
Q14116_Q85319	0.19047619047619047	0.10256410256410256	150,151,152,153,154,155,156,157,158,159,160,161	43,46,47,48,49,50,51,52,53
P02671_Q14U76	0.0728476821192053	0.3333333333333333	585	271,272,273,274,275,276,277,278,279,280,364,365,366,367,368,369,370,371,372,373,374,375,376,377,378,379,380,381,382,383,386,388,389,400,401,402,403,404,405,406,407,408,411,412,413,414,415,416,417,423,424,425,426,427,428,432,469,470,471,479,480,481,482,483,484,485,486,487,488,489,490,491,492,493,494,505,506,507,508,509,510,511,512,513,514,515,516,517,518,519,520,521,534,535,536,537,538,545,546,547,548,549,550,551,552,553,554,555,556,557,558,559,560,561,562,563,564,565,566,567,568,569,570,571,572,573,574,575,576,577,578,579,580,581,582,583,584,585,586,587,588,589,590,591,592,593,594,595,596,597
A0A0C5HAL9_P50750	0.0	0.0	2	38
P24928_Q5V8Z9	0.0	0.0		0,1,2,3,4,5,6,7,8,9,10,11,12,13,14,17,18,19,20,21,22,23,24,27,28,29,30,31,32,33,34,35,36,39,40,41,42,43,44,45,46,47,48,49,50,51,52,53,58,59,72,73,74,75,76,77,78,81,85,86,87,88,89,90,91,92,93,94,122,123,124,125,126,127,128,129,130,131,138,139,140,141,142,143,144,145,146,147,148,149,150,152,153,154,155,156,157,158,159,160,161,162,163,164,165,166,167,168,169,170,171,172,173,174,175,176,177,178,179,180,188,189,190,192,195,196,197,198,199,200,201,202,203,204,205,206,207,215,216,217,218,219,220,221,222,223,224,225,226,227,228,229,230,231,232,233,234,235,236,237,238,239,240,241,242,243,244,245,246,247,248,249,251,253,254,255,256,257,258,259,260,261,262,263,264,265,266,267,268,269,270,271,272,273,278,279,280,281,282,283,284,285,286,287,334,335,336,337,338,339,340,346,347,348,350,351,352,353,354,355,356,357,385,396,398,399,400,401,402,417,418,419,420,421,422,423,424,425,426,427,428,429,430,431,432,433,434,435,436,454,455,456,457,458,459,460,461,495,496,497,498,499,500,501,514,515,516,517,518,519,521,530,531,552,553,556,557,558,586,588,592,593,594,595,596,597,598,599,600,601,602,623,638,639,641,642,643,644,646,647,672,673,674,675,676,677,678,679,690,691,692,693,694,699
P31946_Q93SQ1	0.1016949152542373	0.1348314606741573	1,2,3,4,7,8,9,10,11,12,13,25,26,27,28,29,30,31,32,33,40,41,42,43,44,48,49,50,51,52,53,54,55,56,71,72,73,74,75,76,77,78,79,80,81,82,83,84,85,119,120,121,122,123,124,125	232,233,234,235,236,237,238,239,240,263,264,265,292,293,294,295,296,297,298,299,300,301,302,303,310,311,312,313,314,315,316,317,322,323,324,325,326,327,328,329,330,331,332,334,335,336,337,338,339,340,341,342,343,346,347,348,349,350,351,352,409,410
P61088_Q5ZTL4	0.36363636363636365	0.044444444444444446	0,1,2,3,4	0,1,12,13,14,15
O95486_P03522	0.075	0.47368421052631576	345,346,347,348,349,350,351,352,353,354,360,361,362,363,364,365,366,367,368,369,370,371,372,373,374,375,376,395,396,397,398,399,400,401,402,403,404,405,490,491,492,493,617,687,688,689,747,748,749,750,751,773,774,775,776,777,778,779,780,781,782,783,790,791,792,793,794,795,796,827,836,837,838,839,840,841,842,843,844,845,846,847,848,849,850,851,852,862,863,864,865,866,867,868,869,870,871,872,873,938,982,984,985,987,989,990,991,992,993,994,995,996,997	501,502,503,504,505,506,507
P31946_Q9I788	0.14285714285714285	0.14285714285714285	4,5,6,9,10,11,12,25,26,27,28,29,30,31,32,33,35,36,40,41,42,43,44,46,47,48,49,50,51,52,53,54,55,56,75,76,77,79,80,81,82,83,121,122,123	240,241,242,243,244,268,298,299,300,301,331,339,340,362,363,364,386,387,392,393,394,409,413,414,415
P15144_Q1HVK2	0.04477611940298507	0.2903225806451613	67,68,69,70,71,72,74,75,76,77,78,79,80,174,192,193,238,239,240,241,242,243,244,245,246,247,248,249,254,255,271,321,322,323,324,326,327,328,329,330,332,483,484,526,527,531,532,563,564,565,566,567,568,569,570,571,572,573,574,575,576,577,578,579,580,586,587,588,589,590,591,592,593,594,597,598,599,600,601,602,603,604,605,606,607,608,609,610,611,612,613,614,615,616,617,618,619,620,621,622,623,624,625,626,627,628,629,630,631,632,634,635,636,654,655,656,657,658,659,660,661,662,663,664,665,666,667,668,669,670,671,674,676,677,678,759	325,326,327,328,342,343,344,345,346,347,348,349,353,354,355,356,357,358,359,360,363,364,365,366,367,369,370,371,372,373,376,377,378,379,380,382,383,384,385,386,387,388,389,390,391,392,393,394,397,398,399,400,401,402,403,404,405,406,407,408,409,414,415,417,418
P06788_Q15678	0.0	0.0		
P04591_P20039	0.0	0.0		101,102,174,175,176,189,190,191,192
P01730_P19551	0.3333333333333333	0.017857142857142856		192,193,194
P08411_Q13283	0.225	0.2647058823529412	1788,1789,1790,1791,1792,1793,1794,1804,1805,1806	0,1,2,3,4,5,6,7,8,9,10,11,12,13,14,40,41,42,43,44,45,46,128,129,130,131,132,133,134,135
P21579_Q9LBR1	0.34285714285714286	0.375	35,36,37,38,39,40,41,42,43,44,45,46,47,48	899,900,901,987,988,989,990,991,992,993,994,995,996,997,1026,1027,1028,1029,1030,1031,1032
C5MK56_Q3KSS4	0.0	0.0	172	
A0A140GKJ0_Q03519	0.26666666666666666	0.04597701149425287	0,8,9,10,11,12,13,14	151,152,153,154,155,156,157
Q5ZSQ3_Q9H0U4	0.21608040201005024	0.5733333333333334	339,340,341,342,343,344,345,346,347,348,349,350,351,352,353,354,355,356,357,358,359,360,361,362,363,364,365,366,367,368,369,370,371,372,373,374,375,376,377,378,379,380,381,382,383,384,385,387,388,389,390,391,392,393,394,395,396,397,398,399,400,401,402,403,404,405,406,407,408,409,410,411,412,413,414,415,416,417,418,419,420,421,422,424,425,426,427,428,429,430,431,432,433,434,435,436,437,438,439,440,441,442,443,444,445,446,447,448,450,453,457,458,459,460,461,462,463,464,465,466,467,468,469,470,471,472,473,474,475,477,483,485,486,487,488,489,490,491,492,493,494,495,496,497,498,499,500,501,502,503,504,508,510,517,519,520,521,522,523,524,525,526,527,528,529,530,531	3,4,5,11,12,22,23,24,25,26,27,28,29,44,45,46,47,48,49,50,67,68,69,70,71,72,73,74,75,76,77,78
P03126_Q9HD26	0.0	0.0		
P03305_P05161	0.1342281879194631	0.5714285714285714	28,29,30,31,32,33,34,35,36,37,38,39,40,41,42,43,44,45,46,47,48,49,50,51,52,53,54,55,56,57,58,59,60,61,62,63,64,65,66,67,68,69,70,71,72,73,74,75,76,77,78,80,81,96,97,98,99,100,101,102,103,104,105,106,107,108,109,110,111,117,118,119,120,121,122,123,124,128,130,131,132,133,134,135,136,137,148,149,150,151,152,153,154,155,156,157,158,159,160,161,162,163,164,168,171,172	78,79,80,81,82,95,96,97,98,99,100,101,102,103,104,105,106,107,108,109,110,121,122,123,124,125,126,127,128,129,130,131,132,133,134,135,147,148,149,150,151,152,153
A4GWL5_P12830	0.078125	0.07352941176470588	100,174,412,413,414,415,416,417,418,419,420,421,422,424,425,426,428,429,430,431,432,433,434,435,436,437,438,439,440,441,442,443,444,445,446,447,448,449,450,451,454,455,456,457,458,459,460,461,462,463,464,473,474,475,476,477	155,156,157,158,159,160,161,162
P01903_P0A0L5	0.0	0.0	175,176,177,178	183,184,187,188,189,209,210,211,212,213,214,215
P12497_P49792	0.128	0.37209302325581395	132,133,134,135,136,141,142,143,144,145,146,147,148,162,164,165,166,167,176,177,178,179,180,181,182,213,214,215,221,222,223,224,225,226,227,228,229,230,231,232,233,234,235	3056,3057,3058,3059,3060,3061,3062,3063,3064,3065,3066,3070,3071,3076,3077,3081,3082,3083,3084,3085,3086,3087,3088,3089,3090,3091,3092,3093,3094,3095,3096,3097,3098,3099,3100,3101,3102,3103,3104,3105,3106,3107,3108,3109,3111,3112,3113,3114,3115,3116,3117,3118,3119,3131,3132,3133,3134,3135,3141,3142,3143,3144,3146,3162,3163,3164,3165,3166,3167,3169,3171,3172,3173,3174,3175,3176,3177,3192,3195,3196,3197,3198
O43521_P0C736	0.29411764705882354	1.0	140,141,142,143,144,145,146,147,148,149,150,151,152,153,154,155,156,157,158,159,160,161,162	0,1,2,3,4,5,6,7,8,9,10,11,12,13,14,15,16,17,18,19,20,21,22,23,24,25,26,27,28,29,30,31,32,33,34,35,36,37,38,39,40,41,42,43,44,45,46,47,48,49,50,51,52,53,54,55,56,57,58,59,60,61,62,63,64,65,66,67,68,69,70,71,72,73,74,75,76,77,78,79,80,81,82,83,84,85,86,88,89,92,93,94,95,96,97,98,99,100,101,102,103,104,105,106,107,108,109,111,112,113,114,115,132
P03366_P18465	0.13043478260869565	0.0967741935483871		65,66,67,68,69,72,74,75,84,85,86,87,88,89,90,91,257,270,271,272,273,274,294
P30685_Q3KSS4	0.0	0.0		
P11233_P15879	0.0	0.0		143,144,145,153,154
B7SCI5_Q9Y5X3	0.10526315789473684	0.09302325581395349		40,74,75,84,85,86,87,88,89,90,91,92,93,94,95,96,97,98,99,100,101,102,103,104,105,106,107,108,109,110,111,112,113,116,117,118,120,121
Q5ZU83_Q9H8S9	0.14814814814814814	0.05194805194805195	50,51,52,53,54,55,105,106,107,108,109	54,55,56,57,58,59,60,93,94,95,96,98,111,113,146,147
P0C6X9_P0CG47	0.3333333333333333	0.47058823529411764	1825,1826,1827,1828,1829,1830,1831,1832,1833,1834,1835,1836,1837,1838,1839,1840	152,153,154,155,156,157,158,159,160,161,162,163,164,169,170,171,172,173,174,175,176,190,191,192,193,194,195,196,197,198,199,200,201,202,203,204,205,206,207,208,209,210,211,212,216,217,218,219,220,221,222,223,224,225,226,227
P0DJ89_Q9UHR4	0.5555555555555556	0.32608695652173914	267,271,275,277,286,287,288,289,290,291,292,293,294,295,296,297,298,299,300,301,302,303,309,310	399,400,401
P30480_Q70A36	0.0	0.0	24,25,270,271,272,273	
Q6P5S8_Q993A8	0.0	0.0	44,50,51,108,109,110,111,202,203,204,229,230,231,232,233	304,305,306,307,324,325,326,327,328,329
I3XMW8_Q07817	0.35294117647058826	0.6666666666666666	117,118,119,120,121,122,123,124,125,126,127,128,129,130,131,132,133,134	0,1,2,3,4,11,12,13,14,15,16,17,82,83,84,85,86,87,88,89,90,91,92,93,94,95,96,97,98,99,100,101,102,103,104,105,106,107,108,109,110,111,112,113,114,115,116,117,118,119
I0AXC3_Q6N089	0.013513513513513514	0.041666666666666664	241,243,244,245,246,247,248,249,250,268,269,270,271,272,273,274,275,276,277,278,285,286,287,288,289,290,291,292,301,302,303,304,305,306,307,326,327,328,329	23,25,26,42,43,44,46,47,50,171,172,173,174,175,176,177,178,210,211,212,213,214,224,225,226,227,228,229,238,239,240,241,242,243,244
O75475_P12497	0.0	0.0		1348,1349,1350,1351,1352,1353,1354
P01579_Q66793	0.3939393939393939	0.325	34,35,36,37,38,39,40,41,42,43,44,45,46,47,48,49,99	28,30,31,32,72,78,79,80,81,82,187,221,222,223,224,225
P04439_Q9YV12	0.3333333333333333	0.038461538461538464	175,176,177	
B9V0E2_S6B2A6	0.05	0.043478260869565216		24,25,26,44,45,46,56,174,175,176,177,210,211,212,213,214,215,216,229,242
C9JGG1_P06437	0.0	0.0	56,57	
P30466_Q3KSS8	0.24	0.20689655172413793	24,25,26,70,71,72,73,74,75,76,77,78,79,86,87,88,89,90,91,92,93,94,95,96,97	
Q8IZA0_Q9WBP8	0.09836065573770492	0.3333333333333333		266,267,268,269,270,271,360,361,362,363,364,365,383,413,422,423,424,425,426,427,428,429,430,431,432,434,435,436,437,438,439,440,441,454,455,456,457,458,459,460,461,462,463,464,465,466,467,468,470,471,472,473,474,475,476,477,478,479,480,481,482,492,493,494,495,496,497,498,499,500,501,502,503,519,521,522,523,525,528,529,530,531,532,568,569,570,571,572,573,574,594,595,596,597,598,599,600,601,609,610,611,612,613,614,615,616,617,618,619,620,621,622,623,624,625,626,627,628,629,630,631,633
P10415_Q99HR6	0.5172413793103449	0.6818181818181818	92,93,94,96,97,98,99,100,101,102,103,104,105,106,107,108,109,110,111,112,113,114,115,116,117,118,119,120,121,122,123,124,125	109,110,111,112,113,114,115,116,117,118,119,120,121,122,123,124,125,126,127,128,129,130,131,132,133
P24768_Q13618	0.08128544423440454	1.0	0,1,2,3,4,5,6,7,8,9,10,11,12,13,14,15,16,17,18,19,20,21,22,23,24,25,26,27,28,29,30,31,32,33,34,35,36,37,38,39,40,41,42,43,44,45,46,47,48,49,50,51,52,53,54,55,56,57,58,59,61,62,63,64,65,67,68,69,70,71,72,73,74,75,76,77,78,79,80,81,82,83,84,85,86,87,88,89,90,91,92,93,94,95,96,97,98,99,100,101,102,103,104,105,106,107,108,109,110,111,112,113,114,115,116,117,118,119,120,121,122,123,124,125,126,127,128,129,130,131,132,133,134,135,136,137,138,139,140,141,142,143,144,145,146,147,148,149,150,151,152,153,154,155,156,157,158,159,160,161,162,163,164,165,166,167,168,169,170,171,172,173,174,175,176,177,178,179,180,181,182,183,184,185,186,187,188,189,190,191,192,193,194,195	23,24,25,26,27,28,29,30,31,32,33,34,35,36,37,38,39,40,41,42,43,44,45,46,47,48,49,50,51,52,53,54,55,56,57,58,59,60,61,62,63,64,65,66,67,68,69,70,71,72,73,74,75,76,77,78,79,80,81,82,83,84,85,86,87,88,89,90,91,92,93,94,95,96,97,98,99,100,101,102,103,104,105,106,107,108,109,110,111,112,113,114,115,116,117,118,119,120,121,122,123,124,125,126,127,128,129,130,131,132,133,134,135,136,137,138,139,140,141,142,143,144,145,146,147,148,149,150,151,152,153,154,155,156,157,158,159,160,161,162,163,164,165,166,167,168,169,170,171,172,173,174,175,176,177,178,179,180,181,182,183,184,185,186,187,188,189,190,191,192,193,194,195,196,197,198,199,200,201,202,203,204,205,206,207,208,209,210,211,212,213,214,215,216,217,218,219,220,221,222,223,224,225,226,227,228,229,230,231,232,233,234,235,236,237,238,239,240,241,242,243,244,245,246,247,248,249,250,251,252,253,254,255,256,257,258,259,260,261,262,263,264,265,266,267,268,269,270,271,272,273,274,275,276,277,278,279,280,281,282,283,284,285,286,287,288,289,290,291,292,293,294,295,296,297,298,299,300,301,302,303,304,305,306,307,308,309,310,311,312,313,314,315,316,317,323,324,325,343,344,346,347,348,349,350,351,352,353,354,355,356,357,358,359,360,361,362,363,364,365,366,367,368,369,370,371,372,373,374,375,376,377,378,379,380
B7SCI5_Q86XE0	0.0	0.0		86,87,88,104,105,106,107,110
Q8ZNR3_Q9BRZ2	0.15789473684210525	0.1	176,177,178,179,180,181,182,183,184,185,186,328,329,330,331,332,333,334,335	
P0A2N1_Q13164	0.10714285714285714	0.15789473684210525	26,27,28,29,35,36,56,57,58,83,84,85,86,87,88,89,90,202,203,204,205,206,207,208,209,210,211,212	
A2NUT2_P05877	0.05555555555555555	0.14285714285714285	42,54,55,56,109,110,114,201,202,203,204,225,226,227,228,229,230,231	
P01730_P04578	0.11428571428571428	0.05555555555555555	47,48,49	76,77,78,79,80,137,139,141,142,143,144,145,146,147,148,149,182,183,184,185,186,187,188,189,190,192,193,194,195,196,309,310
P78310_Q80S15	0.0	0.0	106,107,108	167,168,169,170,171,172,173,175,176,177,178,179,180,181,182,183,184,185,186,187,188,199,200,201,202,203,204,205,206,207
P03255_Q92793	0.8076923076923077	0.3888888888888889	52,57,58,59,61,63,64,65,66,67,68,69,70,71,72,73,74,75,76,77,78,79,80,81,82,83	
D1CDN2_Q15750	0.0	0.0	1	
P05534_Q9WPU2	0.0	0.0	65,66,67,68,69,70,145,147,148,149,253,254,255,256,257,271,272,273,274,276,277	
Q6I9S9_Q80KM9	0.14646464646464646	0.4915254237288136	33,34,35,36,37,38,39,40,41,85,86,92,93,94,95,96	16,29,30,31,32,33,34,35,36,37,76,77,78,79,80,81,82,83,84,85,86,87,106,107,108,109,110,111,112,113,114,115,116,117,118,119,120,121,122,123,124,125,134,143,144,145,146,147,148,149,150,151,152,153,154,155,156,157,158,159,160,161,162,163,164,165,166,167,168,169,170,171,172,173,174,175,176,177,178,179,180,181,182,183,184,186,187,188,189,190,191,192,193,194,195,196,197,198,199,200,201,202,203,204,205,206,207,208,209,210,211,212,213,214,215,216,217,218,219,220,221,222,223,224,225,226,227,228,229,230,231,232,233,234,235,236,237,238,239,240,241,242,243,244,245,246,247,248,249,250,251,252,253,254,255,256,257,258,259,260,261,262,263,264,267,270,271,272,273,274,275,276,277,278,279,280,281,282,283,284,285,286
P03536_Q04637	0.2826086956521739	0.29545454545454547	205,206,207,208,209,210,211,212,213,214,215,216,217,218,219,220,221,229,230,231,232,233,234,235,241,243,244	179,180,181,182,183,184,185,186,188,189,190,191,192,193,194,195,196,197,198
P02671_Q6GDH2	0.07731958762886598	0.4411764705882353		208,209,210,211,212,213,214,215,216,217,218,219,227,228,229,230,231,232,233,234,235,236,237,257,258,291,292,293,294,295,296,297,306,307,308,309,310,311,312,313,314,319,320,321,322,323,324,325,326,327,328,329,330,331,332,333,334,335,338,339,340,341,342,343,344,345,346,347,348,349,350,351,352,353,354,355,356,357,358,359,360,361,362,363,364,365,366,367,368,369,370,371,372,373,374,375,376,377,378,379,380,381,382,383,384,408,409,410,411,412,413,431,433,436,437,444,445,446,447,448,449,450,451,452,453,454,455,456,457,458,459,460,461,462,463,464,465,466,467,470,471,472,473,474,475,476,477,478,479,480,488,489,490,491,492,493,494,495,503,504,505,506,507,508,509,510,511,512,513,514,515,516,517,518,519,520,521,522,523,524,525,526,527,528,529,530,531,532,533,534,535,536,537,538
J7H333_P52799	0.18235294117647058	0.45588235294117646	242,243,244,245,246,247,327,328,329,333,334,351,352,353,354,355,356,357,358,390,391,392,414,415,416,454,455,456,457,460,468,470,471,472,473,474,475,476,480,481,482,483,484,485,486,487,488,492,494,495,498,502,507,508,513,514,515,516,517,518,519,520,530,531,532,533,534,567,568,569,570,571,572,573,574,575,576,586,587,588,589,590,591,592,593,596,597,598,599,600,601,602,603,608,609,610,611,612,613,614,615,616,617,618,619	72,74,75,76,77,78,79,80,81,82,83,84,85,86,88,92,93,94,95,96,97,98,99,100,101,102,103,104,105,106,107,108,109,110,111,112,113,114,115,116,117,118,121,122,123,125,126,127,128,129,130,131,132,133,134,135,139,140,141,143,144,145,156,157,167
Q99816_Q9YP46	0.2727272727272727	0.2857142857142857	1,3,4,5,9,10,11,12,13,14,15,16,17,18,19,56,57	452,453,456,458,459
Q2HR73_Q93009	0.0	0.0		
P03206_P30460	0.07142857142857142	0.03333333333333333		24,25,26,27,63,65,73,74,75,76,77,78,79,96
P00747_P49054	0.47058823529411764	0.13114754098360656	136,137,138,139,140,141,142,143,213,214,215,216,217,218,219,220,221	
P01552_P01903	0.0	0.0	184,185,186,187,188,189,190,191,210,211,212,214,216,221,222	173,174,175,176,177,178,186,187
P03211_P30685	0.0	0.0		
P19893_P63165	0.4583333333333333	0.88	194,195,196,197,198,199,200,201,202,203,204,205	20,21,33,34,35,36,37,38,39,40,41,42,43,44,45,46,47,48,49,50,51,52,53,67,68,69,70,71,72,73,74,75,87,88,92,93
A7UPX0_Q6PIL8	0.027777777777777776	0.125	113,114,115,161,162,163,242,243,244,245,246,247,248,268,269,270,271	52,53,95,96,200,201,202,203,204,205,206,207,216,217,218,219,220,230,231
P03126_P04637	0.2331288343558282	0.5757575757575758	7,8,9,10,11,12,13,14,15,16,17,18,19,20,21,22,23,24,25,26,27,28,29,30,31,32,33,34,35,36,37,38,39,40,41,42,43,44,45,46,47,48,49,50,51,52,53,54,55,56,57,58,59,60,61,62,63,64,65,66,67,68,69,70,71,72,73,74,75,76,77,78,79,80,81,82,83,84,85,87,88,89,90,91,92,93,94,95,96,97,98,99,100,101,102,104,105,106,107,108,109,110,111,112,113,114,115,116,118,119,120,121,122,123,125,126,127,128,129,130,131,132,133,134,135,136,137,138,139,147,148,149,150,151,152,153,154	126,127,128,129,130,131,132,133,134,135,136,142,143,144,145,146,147,148,155,156,157,158,159,160,161,162
P0CG48_Q5ZTL4	0.14285714285714285	0.10975609756097561	655	0,1,2,3,4,5,6,7,8,9,10,11,12,13,14,15,16,17,18,19,20,21,22,26,27,28,29,30,31,43,44,46,50,51,52,53,54,55,56,57,76,77,78,79,81,82,120,121,127,128,129,163,164,165,168,178,179,180,181,182,183,184
A7UPX0_Q6N089	0.036585365853658534	0.14285714285714285	113,114,115,158,159,160,161,162,163,230,231,232,238,239,240,241,242,243,244,245,246,247,248,252,258,264,265,266,267,268,269,270,271,272,283,284,285,286,287,289,290,300	24,25,26,27,43,44,45,46,47,50,52,53,54,55,100,101,102,175,176,177,178,179,180,209,210,211,212,213,214,215,224,225,226,227,228,229,238,239,240,241
A0A0X9JHC1_P05534	0.0	0.0		
B7MJ81_Q9HD34	0.0	0.0		1
P03169_P30460	0.0	0.0		
O36972_Q08209	0.0	0.0		63,65,69,84,86,87,88,89,90,111,112,113,114,115,116,117,118
O00401_P0DJ89	0.3611111111111111	0.3611111111111111		267,268,269,270,271,272,273,274,275,276,277,278,279,280,281,282,286,287,288,289,290,291,292,293,294,295,296,297,298,299,300,301,302,303,304,305
P01892_P14079	0.0	0.0		
B7UCZ5_P01130	0.057971014492753624	0.24242424242424243	23,25,26,27,28,29,30,31,32,33,34,60,61,113,114,115,116,117,118,119,122,123,124,143,144,163,167,168,169,170,171,172,173,174,175,184,185,186,187,188,189,223,224,225,226,227,256,257,258,259,262,263,264,265,266,267,268,269,276,285,286,287,288,289,290,292,294,295,296,297,298,299,300,301,302,303,305,306,307,308,309,310,311,312,313,314,315,316,317,318,319,320,321,322,323,327,328,329,330,331,347,349,350,351,352,353,354,355,356,357,362,363,364,365,366,367,368,369,370,371,372,373,374,375,386,387,388,389,390,391,392,393,394,410,411,412,413,414	
P05362_Q6VY96	0.04964539007092199	0.4117647058823529	53,54,56,57,58,64,65,66,67,68,69,70,71,74,75,76,77,78,79,80,81,82,83,84,85,86,87,88,89,90,91,94,95,96,97,98,99,100,101,102,103,104,141,142,143,144,145,153,154,155,156,157,158,159,160,161,162,163,164,165,166,167,168,169,170,171,172,173,174,175,176,177,178,179,180,181,182,183,184,185,186,188,190,191,192,193,194,195,196,197,198,230,239,240,241,242,243,244,245,246,247,256,257,258,259,260,261,262,263,264,270,271,272,273,274,275,276,277,278,279,280,281,282,283,284,285,286,287,292,294,295,296,297,298,299,300,301,302,330,350,351,352,353,354,355,356,357,358,359,360,361,362,363,364,365,366,367,368,373,374,375,376,377,378,379,380,381,382,383,384,385,386,387,388,389,390,395,396,397,398,399,400,401,402,403,404,405,406,407,408,409,410,411,412,413,416,417,424,425,426,427,428,429,430,434,435,436,437,438,439,440,441,442,443,444,445,446,447,448,449,450,451,452,453,454,455,456,457,458,459,460,461,462,463,464,465,466,467,469,474,475,476	692,693,694,695,696,697,698,772,773,774,775,776,777,778,779,780,781,782,783,784,785,786,787,788,789,790,791,792,804,805,806,807,808,809,810,811,812,813,814,815
A0A2K9Y515_Q9H3P7	0.23958333333333334	0.3898305084745763	1459,1460,1461,1462,1463,1464,1465,1466,1484	368,369,370,379,380,381,382,383,384,385,386,388,389,390,391,392,393,394,395,396,400,401,402,403,404,405,413,414,415,416,417,418,419,420,422,423,424,431,432,433,434,435,472,473,474,475,476,477,478,479,480,481,482,483,484,485,486,494,495,496,497,498,499,500,501,502,503,504,505,506,507,508,509,511,512,513,514,515,516,517,518,519,520,521,522,523,524
P03206_P30685	0.0	0.0		24,25,26,72,73,74,75,76,77,78
P02786_Q8AZ57	0.03896103896103896	0.07142857142857142	607,609,611,612,617,626,627,628,629,630,631,632,633,634,638,639,641,643,644,645,646,647,648,649,654,655,656,657,658,659,661,663,664,665,666,667,668,669	138,139,158,159,160,161,162,167,168,169,170,171,172,174,175,176,177,178,179,180,181,182,183,184,185,186,187,188,189,190,191,192,193,194,195,196,200,202,215
P18139_P30685	0.0	0.0		
Q13637_Q6EAT3	0.0	0.0		123,124
L7MTK7_P01854	0.0	0.0		
Q786F2_Q96NY8	0.5	0.023529411764705882	390,391,392,393	
P19893_P55854	0.34545454545454546	0.8260869565217391	196,197,198,199,200,201,202,203,204,205	14,15,16,17,18,19,20,21,22,23,24,25,26,28,29,30,31,32,33,34,35,36,37,38,39,40,41,42,43,44,45,46,47,62,63,64,65,66,67,68,69,70,82,83,88
P20963_Q5QGG3	0.28888888888888886	0.6190476190476191	66,67,68,69,70,71,72,73,74,75,76,77	114,115,117,127,128,129,130,131,132,133,134,135,136,137,138,139,140,141,156,157,158,159,160,177,178,179,227,228,229,230,231,232,233
A3EX94_P27487	0.015748031496062992	0.0392156862745098		67,68,69,70,71,72,73,74,95,96,97,98,99,100,101,113,114,115,116,117,118,119,120,121,122,123,124,125,162,163,164,165,166,167,168,169,170,203,204,205,206,207,208,209,210,211,212,221,222,223,224,225,226,227,228,229,230,234,236,237,238,239,240,242,252,253,254,255,256,257,258,259,260,261,295,296,297,298,299,300,301,309,310,311,312,313,314,315,316,317,318,319,354,355,356,357,358,359,360,370,371,372,373,374,375,376,377,378,415,416,417,418,419,420,421,422,467,468,469,471,472,473,748,749,750,751,752
P04229_P12495	0.0	0.0	176,190,191,192	
O00459_Q99AU3	0.0	0.0		146,147
P68036_Q8ZNR3	0.08	0.15384615384615385	0,1,2,3,4,5,10,11,12,13,16,17,18,19,20,21,22,23,24,25,26,27,28,29,30,31,32,33,34,35,36,37,38,39,40,41,49,54,55,56,57,58,59,60,61,62,63,64,73,74,75,76,77,78,79	174,175,176,177,178,179,180,181,182,183,184,185,186,187,188,189,190,191,192,238,298,299,300,303,308,309,310,311,312,313,328,329,330,331,449,450,451,488,489,490,491,492,493,494,667
P15144_Q1HVL8	0.029850746268656716	0.2857142857142857	67,68,69,70,71,72,73,74,75,76,77,78,79,139,140,141,142,143,145,146,174,177,178,179,180,181,182,183,184,185,186,187,188,189,190,191,192,193,194,195,200,201,202,203,204,205,206,239,240,241,242,243,249,250,251,252,253,254,255,256,257,258,259,260,261,262,263,271,315,317,318,327,328,329,330,331,332,333,334,335,336,337,338,339,340,346,348,349,350,461,462,483,484,532,563,564,565,566,567,568,569,570,571,572,573,574,575,576,577,578,579,586,587,588,589,590,591,592,593,598,599,600,601,602,603,604,605,606,607,608,609,610,611,612,613,614,615,616,617,618,619,620,621,622,623,624,625,626,627,628,629,630,631,632,633,634,635,644,645,646,647,648,649,650,651,652,653,654,655,656,657,658,659,660,661,662,663,664,665,666,667,668,669,670,671,672,673,674,675,676,677,678,679,680,681,701,702,703,704,705,706,707,708,709,710,711,712,713,714,715,716,717,718,719,720,721,722,723,753,755,756,757,758,759,760,762,763,764,765,766,767,768,787,788,789,790,791,800,801,802,805,824,825,826,827,828,863,864,865,866,867,868,898,936,937	389,390,391,392,398,399,400,401,402,403,404,405,411
B9V0E2_P0DOX5	0.08333333333333333	0.05	436,440,441,544,624	7,186,187,188,189,190,191
P31345_P52294	0.25	0.0136986301369863	699,731,733,734	
P0CG47_Q6RCR4	0.19696969696969696	0.19696969696969696	150,199,200,201,202,203,204,205,206,218,219,220,221,222,223,224	8,9,10,11,12,13,14,17,18,19,20,21,22,23,24,25,32,33,34,35,36,37,38,39,40,41,42,43,44,163,164,165,166,167,168,169,170,171,172,173,176,177,195,196,197,198,199,307,308,309
A7UPX0_Q6GMX4	0.0196078431372549	0.07142857142857142	110,111,112,113,114,115,116,117,159,160,161,162,163,241,242,243,244,245,246,247,248,265,266,268,269,270,271	45,47,48,49,50,52,95,96,199,200,201,202,203,204,205,206,207,208,219,228,229,230,231,232
O60502_Q0TR53	0.0	0.0		207,236,360,361,388
B0B9A0_P0CG47	0.0	0.0		
P26664_Q7Z434	0.0	0.0	1201,1202,1203,1204,1205	
P20963_P31818	0.2765957446808511	0.5416666666666666	65,66,67,68,69,70,71,72,73,74,75,76	114,115,117,127,128,129,130,131,132,133,134,135,136,137,138,139,140,141,154,155,156,157,158,159,160,177,178,179,180,228,229,230,231,232,233
P08603_Q9JXV4	0.3333333333333333	0.009174311926605505	343,344	217
P62820_Q7BU69	0.23333333333333334	0.09859154929577464	5,6,7,26,28,29,30,31,32,70,71,72,73,74,75,76,79,80	86,87,88,89,90,96,97,98,99,100,101,102
P12497_P62937	0.17582417582417584	0.47058823529411764	132,133,134,140,141,163,164,165,166,167,168,169,170,171,172,199,200,214,215,216,217,218,219,220,221,222,223,224,225,226,229	0,1,2,3,4,5,6,7,8,9,15,16,21,22,23,24,25,26,27,28,29,30,31,32,33,34,35,36,37,38,39,50,51,56,57,99,100,101,102,103,104,105,106,107,108,109,111,112,113,114,115,116,117,132,133,134,135,136,137,138
P12499_P18464	0.125	0.03571428571428571		25,26,174,175,271,272,273,294
P01857_P04488	0.1282051282051282	0.1111111111111111	187,188,189,190,191,192,193,194,195,196,291,292,293,294,295,296,297,298,325	254,257,357,358,359,360,361,374,375,376,377,378,379,380,381,382,383,384,385,386
P01130_P0C2X0	0.04608294930875576	0.2702702702702703	137,138,140,141	0,1,11,12,13,14,15,16,17,98,99,100,101,102,104,105,106,107,108,127,131,151,152,153,154,155,156,157,158,167,168,169,170,171,172,173,174,175,183,184,185,186,187,188,197,198,199,201,202,203,204,205,206,207,208,209,210,211,212,213,216,219,220,221,222,223,224,225,228,238,239,240,241,242,243,244,245,246,247,248,249,250,251,252,253,254,255,256,257,258,259,260,261,262,263,264,265,267,268,269,270,271,272,273,274,275,276,277,278,279,280,281,282,283,284,285,286,287,288,289,290,291,292,293,294,295,296,297,298,299,300,301,302,303,304,305,306,307,309,310,311,312,313,314,315,316,317,318,319,320,321,322,323,324,325,326,327,328,329,330,331,332,333,334,335,336,337,338,339,340,341,342,343,344,345,346,347,348,349,350,351,352,353,354,355,356,357,358,359,360,361,362,363,364,369,370,371,372,373,374,375,382,383,384,385,386,394,395,396,406,407,408,409
O00571_P68466	0.09523809523809523	0.06451612903225806	88	5,36,37,38,39,40,41,42,43,44,56,57,58,59,60,61,62,63,64,94
P62805_Q1HVJ0	0.0	0.0		
O57173_Q16611	0.297029702970297	0.8108108108108109	48,49,50,51,52,53,54,55,56,57,58,59,60,61,62,63,64,65,66,67,68,69,70,71,72,73,74,75,76,77,78,79,80,81,82,83,84,85,86,87,88,89,90,91,92,93,94,95,96,97,98,99,100,101,102,103,104,105,106,107,108,109,110,111,112,113,114,115,116,117,139,140,141,142,143,144,145,146,147,148	69,70,71,72,73,74,75,76,77,79,80,81,82,83,84,85,86,87,88,89,90
P01892_Q9DIT6	0.0	0.0	31,61,62,63,72,73,74,75,76	
P30685_Q1HVF7	0.0	0.0		
Q14653_Q99FX5	0.0	0.0		
P30480_Q90VG9	0.0	0.0		
C5MK56_P03211	0.0	0.0		
P01892_Q3KSU1	0.0	0.0		
H6A3H4_P40198	0.0	0.0	257	108,109
P12977_P30464	0.0	0.0		24,25,26,63,65,72,73,74,75,76,77,78,285,287,297,298,299
B1EF49_P0CG48	0.625	0.14285714285714285	213,238,240,241	608,650,651,652
P18465_Q1KW74	0.1111111111111111	0.0625	24,25,65,66,67,68,72,73,74,75,76,77,90,271,272,273	158,162
Q77DJ5_Q7Z6E9	0.0	0.0	142,143,144,145,146,147,148,149,156,157,158,159,160,161,162,163,164,165,168,169,170,171,172,173,174,175,176,177,178,179,180,181,182,183,184	
P32455_Q8VSC3	0.0	0.0	4,5,6,7,8,9,10,180,258,286,287,288,289,290,291,292,293,359,360,361,362,366,372,375	25,26
G9HS63_Q6N089	0.08333333333333333	0.07692307692307693		46,48,49,52,53,116,228,229,238,239,240,241
P01024_Q89859	0.04081632653061224	0.018018018018018018	306,307,308,309,310,311,312,618,619,620,621,622,623,624,625,626,627,628,635,636,637,638,639,640,641,1099,1447,1448	27,28,29,30,31,32,33,34,35,36,37,38,39,41,62,65,128,129,130,131,132
P03182_Q16611	0.2740740740740741	0.9736842105263158	2,3,4,5,6,7,8,9,10,11,12,13,14,15,16,17,18,19,20,21,22,23,24,25,26,27,28,29,30,31,32,33,34,35,36,37,38,39,40,41,42,43,44,45,46,47,48,49,50,51,52,53,54,55,56,57,58,59,60,61,62,63,64,65,66,67,68,69,70,71,72,73,74,75,76,77,78,79,80,81,82,83,84,85,86,89,90,91,92,95,96,97,98,99,100,101,102,103,104,105,106,107,108,109,111,112,113,114,115,132,141,142	68,69,70,71,72,73,74,75,76,77,78,79,80,81,82,83,84,85,86,87,88,89,90
P01834_Q51918	0.0	0.0	72,73,74	
P02751_Q711B0	0.75	0.34615384615384615	93,94,135,136,137,138,139,140,179,180,181	627,628,634,635,636,637,638,639,640,641,642,643,644
P12504_Q15369	0.0	0.0		
P0DP23_Q5ZTK6	0.0	0.0		
P04003_P16947	1.0	0.019230769230769232	85	
P61006_Q5ZWZ3	0.11162790697674418	0.3116883116883117	11,23,24,25,26,27,28,29,44,45,46,47,48,49,50,67,68,69,70,71,72,73,74,75,76,77	201,202,203,204,206,207,212,220,221,222,223,224,225,226,228,229,230,231,232,233,234,235,236,237,238,239,240,241,242,243,244,245,246,247,248,249,250,251,252,253,254,255,256,257,258,259,260,261,262,263,264,265,266,267,268,269,270,271,272,273,274,275,276,277,287,288,289,290,291,292,293,294,295,296,297,298,299,300,307,309,330,331,332,333,334,335,336,337,353,354,355,356,357,358,359,360,362,364,365,366,367,368,369,370,371,372,373,374,375,376,377,378,379,380,381,382,383,384,385,386,387,388,389,390,391,393,399,435,436,455,458,459,460,461,477,484,485,486,487,489,490,500,501,502,503,504,505,506,507,517,519,520,521,522,523,524,525,526,527,532,534,535,536,537,538,539,540,541,542,543,546,547,548,549,550,551,567,568,569,570,571,572,573,574,575,576,577,578,579
O95484_P01558	0.08333333333333333	0.014285714285714285	7,8,9	212,288,289,291,292,294,297,298,299
O60563_P04608	0.6	0.03614457831325301	30,31	0,1,2
M4STU1_P05161	0.2661290322580645	0.7674418604651163	1484,1513,1514,1515,1516,1517,1518,1519,1520,1521,1522,1523,1524,1525,1526,1527,1528,1529,1530,1531,1532,1533,1534,1535,1536,1537,1538,1539,1540,1541,1542,1543,1544,1545,1546,1547,1548,1549,1550,1551,1558,1563,1564,1572,1574,1578,1579,1580,1582,1583,1584,1585,1586,1587,1593,1594,1595,1596,1597,1598,1599,1600,1601,1602,1603,1604,1605,1606,1607,1608,1609,1612,1613,1629,1630,1631,1632,1633,1634,1635,1636,1639,1640,1641,1642,1643,1644,1645,1648,1649,1650,1651,1652,1653,1654,1655,1656,1657,1658,1659,1662,1663,1664,1665,1666,1667,1668,1669,1670,1671,1672,1673,1674,1675,1676,1677,1678,1679,1680,1681,1682,1683,1684,1685,1686,1687,1688,1689,1690,1691,1692,1693,1694,1695,1696,1697,1698,1699,1700,1701,1702,1703,1704,1705,1706,1707,1708,1709,1710,1711,1712,1713,1714,1715,1716,1717,1718,1719,1720,1721,1722,1723,1724,1725,1726,1727,1728,1729,1741,1748,1750,1751,1758,1759,1762,1763,1774,1784,1790,1791,1792,1793,1794,1795,1796,1797,1798	79,80,81,82,83,84,85,86,87,90,92,94,95,96,97,98,99,100,101,102,103,104,105,107,108,109,120,121,122,123,124,125,126,127,128,129,130,131,132,133,134,135,136,137,138,139,140,141,143,144,145,146,147,148,149,150,151,152,153,154,155
O19626_P03211	0.0	0.0		
P35961_Q6PIL8	0.0	0.0	223,357,375,376,377,378,379,380,381	111,202,203,204,229,230,231,232,233
Q8IZA0_Q9YIJ1	0.0	0.0		255,256,257,258,259,260,261,262,263,276,278,282,328,333,334,351,352,353,354,355,356,357,358,359,364,367,368,369,370,371,372,373,374,375,376,377,378,379,380,381,391,404,405,406,407,408,409,410,413,414,415,416,417,418,419,420,446,447,448,449,450,451,452,453,454,455,456,457,458,459,460,461,462,463,464,465,466,467,468,484,485,486,487,502,586,587,588,589,590,591,603,604,605,606,607,608,609,610,611,612,613,614,615,616,617,618,619,620,621,622,623,624,625,626,627,628,629,631,645,684,685
E5D8F2_Q6ZTQ4	0.0425531914893617	0.12903225806451613	94,95,96,97,98,99,100,101,103,104,105,106,107,108,109,110,111,112,113,114,115,116,117,118,119,120,160,161,162,163,164,165,166,175,209,210,213,215,216,217,218,219,220,221,224,225,274,275,276,277,278,279,280,281,282,283,284,285,286,287,288,289,290,291,314,315,316,317,332,333,334,335,336,337,338,339,340,345,346,347,348,351,352,353,354,355,356,357,358,359,360,361,362,363,364,368,369,370,371,372,373,428,429,430,431,432,433,434,435,436,437,438,445,498,499,500,501,502,503,504,505,506,507,508,509,510,511,512,513,514,515,516,517,518,519,520,521,526,527,540,541,542,543,544,545,566,717,738,739,740,741,742,743,744,745,746,747,748	30,31,32,33,34,35,69,70,71,72,73,74,75,87,88,89,90,91,92,93,94,95,96,97,103,104,105,116,117,119
P01730_Q49DS8	0.0	0.0		
P00588_Q99075	0.17391304347826086	0.14285714285714285	211,212,213,300,303,304,305,306,307,308,309,310,311,334,335,336,337,338,374,375,408,490,491,492,493,494,495,501,502,503,504,505,506,507,508,509,510,518,519,545,547,548	125,144,145,146
P02787_Q9K0U9	0.05016722408026756	0.11278195488721804	25,26,27,28,29,30,31,32,33,107,139,140,141,142,143,144,145,146,147,148,149,150,151,152,175,176,177,178,179,180,181,184,216,217,218,219,220,221,222,223,224,225,234,235,236,237,238,239,240,241,242,243,244,245,353,359,360,361,362,363,364,365,366,367,400,401,402,403,404,405,406,407,410,411,470,471,472,473,474,475,476,477,478,479,480,481,482,483,484,485,486,487,488,489,506,521,523,524,525,526,527,528,529,530,544,545,546,547,556,557,559,560,561,562,563,564,565,566,567,568,569,570,571,572,573,574,575,586,587,600,601,602,603,604,605,606,607,608	50,51,52,53,54,55,56,57,58,61,62,63,64,65,66,67,68,69,70,76,80,81,82,83,84,85,86,87,88,110,111,112,121,122,123,124,140,141,145,146,170,171,172,173,174,175,176,177,178,179,180,181,182,183,184,185,186,187,188,189,190,191,192,193,194,195,196,197,198,199,200,202,203,204,205,206,207,208,209,210,211,233,244,245,246,247,256,257,258,259,260,261,262,263,297,298,299,300,301,302,303,304,305,306,307,308,309,310,311,312,343,344,345,346,347,348,349,350,351,352,353,355,356,357,358,377,378,379,380,381,382,397,398,399,400,401,402,403,435,436,437,438,439,440,441,442,443,444,445,446,450,468,469,470,471,472,473,474,583,620,790
P01892_Q692E0	0.0	0.0	72,73,74,75,76,77	
P13747_P16780	0.0	0.0		
P03077_P08575	0.0	0.0		621,623,713,714,727,876,877,878,879,880,881,937,940,941,976,977,978,979,980,981,982,984,985,1023,1024,1153,1154,1155,1192,1193,1194,1195,1196,1197,1198,1199
P04936_P98155	0.1320754716981132	0.4666666666666667	596,597,598,599,600,601,602,623,624,625,626,627,631,632,749,751,752,754,755	112,113,114,115,116,117,118,121,122,123,126,127,128,129,131,132,133,134,135,136,137,138,139,140,141,142,143,144,145,146,147,148,149,150
P51681_Q70145	0.24050632911392406	0.22093023255813954	0,1,139,141,142,165,166,167,168,169,170,171,172,173,174,175,176,177,178,179,180,181,182,194,226,227,228,229,230,231,232,233,234,235,236,237,238,239,240,241,242,248,249,250,251,252,253,254,255,256,257,258,259,260,261,262,263,264,265,266,267,268,269,270,271	75,77,184,185,186,187,188,190,191,192,193,194,195,196
O75843_Q67953	0.2926829268292683	0.6	664,665,666,667,668,669,670,671,672,673,674,675,677,678,679,680,681,682,683,684,713,714,715,716,717,718,746,747,748,749,750,751,752,753,778	85,86,87,88,89,90
O43521_Q9DHU6	0.34615384615384615	0.5142857142857142	148,149,150,151,152,153,154,155,156,157,158,159	9,10,11,12,13,14,15,17,51,52,53,54,55,56,57,58,59,60,61,63,64,65,66,67,68,69,89,93,95,97,98,99,101,102,103,104,105,106,107,108
A0A0E8IWL6_P69905	0.1	0.07017543859649122	385,450,453,619,620,621,622,630,642,643,644,645,646,647,648	1,2,3,78,79,80,81,96,98,99,100,101,102,103,106,107,118,119,120,121,122,123,124,125,127
P01903_P0A0M0	0.0	0.0	88,99,100,173,176,177,178	159,160,161,163,164,165
