#Pair_id	Score	pDockQ	ESMpDockQ	Precision	Recall	Precision_c1	Recall_c1	Precision_c2	Recall_c2	len_pred_c1	len_pred_c2	len_true_c1	len_true_c2	Ires_c1_pred	Ires_c2_pred	Ires_c1_true	Ires_c2_true
P03502_P05161	-1	-1	0.2288574146209513	0.16666659722225116	0.06896550535077493	0.16666652777789354	0.06666664444445185	0.16666652777789354	0.07142854591837645	12	12	30	28	[40,41,43,45,46,98,101,106,253,256,270,273]	[52,53,57,85,87,127,129,143,144,145,147,149]	[8,14,15,16,18,19,29,32,33,34,36,37,38,39,52,75,84,87,88,91,92,93,94,95,97,98,99,100,101,102]	[8,9,10,11,12,13,36,37,39,44,46,48,49,50,51,52,53,72,74,75,76,77,78,79,80,81,99,101]
P08581_P0DQD2	-1	-1	-1	-1	-1	-1	-1	[]	[]	[]	[]
P06492_P53999	-1	-1	0.056020327616807364	0.39393927456385613	0.27659568583070515	0.29411747404854466	0.24999987500006252	0.4999996875001953	0.29629618655696793	17	16	20	27	[103,104,107,155,158,162,166,167,169,170,173,432,482,483,484,486,488]	[66,67,68,69,70,87,89,90,100,101,120,123,124,125,126,127]	[466,467,470,471,474,476,477,478,479,480,481,482,483,484,485,486,487,488,489,490]	[66,67,68,69,70,75,77,78,80,82,86,88,89,91,92,93,97,98,99,100,101,102,103,104,105,108,109]
G8UZ99_Q9UBQ0	-1	-1	-1	-1	-1	-1	-1	[]	[]	[]	[]
A6QG59_P01024	-1	-1	-1	-1	-1	-1	-1	[]	[]	[]	[]
P08174_Q8JKE8	-1	-1	-1	-1	-1	-1	-1	[]	[]	[]	[]
I0E093_P52799	-1	-1	0.043316176296717974	0.039999992000001594	0.022727270144628393	0.08695648393196351	0.042553182435493095	0.0	0.0	23	27	47	41	[15,17,18,20,49,60,64,67,71,75,78,82,86,150,161,175,176,502,507,563,566,593,632]	[13,21,44,67,68,156,209,210,211,212,213,215,218,222,223,225,228,229,232,236,239,240,243,247,251,254,255]	[223,225,231,253,254,255,258,260,262,263,284,285,286,287,288,289,290,291,295,318,321,322,340,341,343,411,412,413,415,499,500,501,502,514,515,516,539,540,541,542,543,566,567,569,594,595,596]	[27,28,29,30,31,32,41,49,50,51,53,54,55,57,59,93,94,95,96,100,103,108,109,110,111,113,115,116,117,118,119,120,121,122,123,125,127,128,130,166,167]
B9V0E2_Q6PIL8	-1	-1	-1	-1	-1	-1	-1	[]	[]	[]	[]
O10647_P13236	-1	-1	0.09080094173951328	0.33333305555578707	0.0677965986785426	0.16666638888935187	0.025641019066405365	0.4999991666680556	0.1499999250000375	6	6	39	20	[23,59,62,66,68,177]	[28,36,37,41,60,71]	[67,68,69,77,79,80,81,82,83,90,91,92,93,94,96,105,107,109,111,112,156,157,159,161,163,194,196,197,198,199,200,201,202,203,204,231,233,236,238]	[30,31,32,33,36,37,38,39,40,41,43,44,45,46,47,49,54,70,72,73]
P69697_Q9UHB7	-1	-1	0.05408176737473468	0.039370075640151526	0.31249980468762206	0.09803919646290264	0.6249992187509766	0.0	0.0	51	76	8	8	[5,6,7,8,11,12,14,16,17,18,19,23,26,28,29,31,32,33,34,35,36,39,43,44,45,46,47,48,50,51,52,53,54,55,56,57,59,60,62,63,64,65,66,67,68,69,71,72,73,85,86]	[32,33,36,37,39,40,42,43,44,45,73,75,76,78,79,80,81,83,86,94,117,118,119,335,337,339,340,341,342,343,344,345,347,387,388,389,392,393,395,676,677,678,679,681,688,689,692,693,705,709,711,712,713,715,716,717,718,719,722,725,726,727,729,733,734,735,736,737,885,886,887,888,1036,1103,1115,1118]	[1,2,28,29,32,33,38,43]	[55,56,58,61,62,65,66,67]
D0ZVG2_Q16512	-1	-1	-1	-1	-1	-1	-1	[]	[]	[]	[]
P01903_P03437	-1	-1	0.08759564161856899	0.07042252529260207	0.1470587802768293	0.0	0.0	0.13888885030865267	0.38461508875762407	35	36	21	13	[17,20,22,24,26,27,28,29,30,31,33,52,117,119,120,121,133,163,164,165,166,171,173,175,206,208,211,215,219,226,227,230,231,234,238]	[108,292,293,316,318,319,320,321,323,325,326,327,328,348,455,457,459,460,461,462,465,469,472,473,476,477,515,516,517,518,519,522,528,532,536,544]	[32,34,36,49,56,68,76,77,78,79,80,83,86,87,90,91,93,94,97,98,101]	[322,323,324,325,326,327,328,329,330,331,332,333,334]
P24941_P89883	-1	-1	0.728038068208011	0.799999885714302	0.6436780869335532	0.818181570248009	0.6749998312500421	0.7837835719503858	0.6170211453146499	33	37	40	47	[39,40,41,42,43,44,46,49,50,53,56,57,69,71,119,120,121,122,151,152,153,154,155,156,157,178,179,180,181,182,272,276,278]	[1,4,5,7,8,9,11,12,13,14,15,16,19,23,26,30,66,68,104,105,106,107,108,109,110,112,114,126,127,130,134,138,141,142,143,145,151]	[6,7,19,34,36,37,38,39,40,41,42,43,44,46,49,50,52,53,56,57,69,71,73,74,75,119,120,121,122,150,152,153,154,158,179,181,182,272,276,278]	[5,6,7,8,9,10,11,12,13,14,15,16,19,22,23,26,104,105,106,107,108,110,112,114,130,134,138,141,142,143,145,151,154,155,164,177,201,202,205,206,207,226,230,234,237,238,241]
P69905_Q6G8J7	-1	-1	0.06834417164049404	0.0	0.0	0.0	0.0	0.0	0.0	6	5	14	17	[37,38,39,46,97,142]	[31,34,42,880,883]	[5,6,8,9,10,12,13,16,17,19,20,68,72,75]	[125,126,128,129,151,152,154,155,178,179,180,181,182,204,205,210,212]
P19508_Q9Y3Z3	-1	-1	0.17273078534253142	0.1333332888889037	0.1333332888889037	0.19999986666675557	0.1764704844291268	0.06666662222225185	0.07692301775152481	15	15	17	13	[43,61,65,66,69,72,73,76,77,80,84,101,103,104,107]	[13,116,119,145,146,154,156,158,159,161,428,432,449,451,618]	[13,14,15,16,17,18,19,21,22,24,62,63,65,66,69,108,111]	[606,607,608,609,610,611,613,617,618,620,621,622,624]
P01892_Q90VU7	-1	-1	0.27250751003627227	0.0	0.0	0.0	0.0	0.0	0.0	19	14	13	19	[34,36,38,45,47,59,63,72,120,216,217,218,226,230,258,259,260,261,268]	[106,107,114,118,124,126,128,129,130,131,183,184,190,198]	[343,344,345,346,347,348,350,351,352,353,354,355,356]	[70,72,73,74,75,76,77,78,80,81,123,137,138,139,193,196,202,203,204]
O15118_P87666	-1	-1	0.6300837447498288	0.007177033321123605	0.08823526816609759	0.0	0.0	0.015075376126865521	0.16666657407412552	219	199	16	18	[154,155,158,161,170,178,179,180,182,183,224,225,226,228,229,230,233,234,235,236,237,245,249,250,252,253,254,256,257,258,259,260,261,262,263,264,265,266,268,269,271,272,273,275,276,277,278,279,280,281,282,283,284,285,288,289,291,292,293,295,296,297,300,321,323,326,327,351,354,358,359,360,362,363,365,366,368,369,370,371,372,373,374,375,376,377,379,384,385,389,390,392,393,397,400,401,402,403,405,411,469,470,482,540,542,544,545,551,552,553,555,568,569,570,571,572,573,592,600,606,610,613,614,615,617,618,621,655,662,666,669,674,677,679,681,740,744,747,748,751,753,758,762,766,769,773,782,785,794,797,799,800,857,858,861,862,863,868,869,871,873,874,877,880,881,884,888,916,925,928,929,930,931,932,934,936,937,938,940,1017,1018,1020,1021,1026,1027,1028,1032,1039,1041,1044,1046,1047,1049,1050,1053,1056,1057,1059,1060,1064,1067,1071,1077,1083,1087,1092,1093,1095,1096,1097,1099,1100,1103,1104,1111,1114,1115,1121,1217]	[1,2,3,4,5,6,7,8,9,10,11,31,33,34,35,36,37,38,39,40,42,43,45,48,68,69,70,71,72,83,85,86,87,88,89,90,91,92,93,95,96,98,100,172,173,174,175,176,177,180,184,214,216,218,219,220,239,241,242,243,244,246,248,249,250,251,252,253,254,255,256,257,258,259,260,261,262,263,266,298,301,302,306,308,309,310,311,313,314,315,316,317,318,339,340,341,342,343,344,345,346,347,348,349,350,363,364,365,367,368,369,370,372,396,397,398,481,482,484,485,486,489,492,493,494,495,496,520,521,528,529,530,531,532,533,534,535,537,538,539,541,542,543,559,561,562,563,564,565,566,568,569,570,571,572,573,574,575,576,577,578,579,580,581,582,583,584,585,586,587,588,589,590,593,620,621,623,624,626,627,628,630,631,632,634,635,636,644,645,648,652,662,666,667,669,670,673,674,676]	[419,420,421,423,424,425,426,428,499,501,502,503,504,505,506,528]	[79,80,83,87,88,112,113,114,116,118,140,141,142,143,144,145,146,155]
P30460_Q9YRL8	-1	-1	0.0722787602464495	0.0	0.0	0.0	0.0	0.0	0.0	6	4	22	9	[45,258,259,260,261,360]	[7,46,62,66]	[86,87,90,93,94,96,97,100,101,104,108,123,140,170,171,174,176,179,180,183,187,191]	[51,52,53,54,55,56,57,58,59]
O43521_Q6VZT9	-1	-1	0.15539293752320607	0.05263155124655198	0.029411756055365862	0.0	0.0	0.09090900826453795	0.055555524691375174	8	11	16	18	[177,180,181,184,187,188,191,195]	[61,65,84,160,163,164,167,168,170,171,174]	[144,145,146,147,148,149,151,152,153,154,155,156,157,159,160,163]	[47,50,51,55,58,62,65,66,72,75,76,79,80,83,86,88,89,92]
P04501_Q14126	-1	-1	-1	-1	-1	-1	-1	[]	[]	[]	[]
P01555_P62330	-1	-1	0.5412548297201494	0.36842085872586383	0.15555552098766198	0.0	0.0	0.7777769135812072	0.2916665451389395	10	9	21	24	[65,66,71,72,73,93,94,96,97,98]	[34,42,43,45,47,49,51,58,62]	[45,48,49,54,55,57,58,110,111,134,135,138,140,166,167,170,171,175,178,181,182]	[13,15,40,41,42,43,45,46,47,48,49,50,51,60,62,67,69,72,73,75,76,77,79,80]
O60684_P31345	-1	-1	0.1848722095213529	0.028985505145977888	0.04761904195011405	0.057142848979593	0.07692306213018035	0.0	0.0	70	68	52	32	[26,29,30,33,36,37,38,40,41,44,45,48,49,52,55,56,57,58,60,61,64,68,72,75,111,112,113,117,156,161,200,228,242,243,262,267,297,298,301,304,305,306,307,308,309,312,343,348,349,353,389,390,391,392,393,396,431,433,434,481,483,484,485,486,487,488,491,527,528,529]	[4,7,8,11,20,24,50,54,55,56,182,183,186,187,188,189,191,192,194,195,196,197,198,202,206,209,210,213,214,217,219,220,221,222,305,355,356,357,358,360,361,364,365,368,375,379,464,501,503,505,516,520,526,579,580,582,583,585,586,587,600,611,612,613,614,615,616,617]	[106,109,110,111,114,143,147,151,154,155,185,189,193,196,197,228,229,232,239,241,271,274,278,281,282,283,284,316,323,324,325,326,351,354,358,362,365,366,393,396,397,400,404,407,408,436,439,443,450,489,492,493]	[692,693,695,696,697,698,699,701,718,721,735,736,737,738,739,740,741,742,743,744,745,746,747,748,750,751,752,753,754,755,756,757]
P01730_Q993A8	-1	-1	0.2945599482215388	0.0	0.0	0.0	0.0	0.0	0.0	45	31	25	30	[132,135,156,158,159,175,176,177,179,180,181,196,198,200,205,206,213,214,215,216,217,218,220,222,224,226,228,229,230,259,273,275,277,278,279,281,283,343,345,346,367,369,377,379,383]	[45,48,49,52,53,56,57,59,60,61,62,64,108,109,110,111,113,114,115,116,146,147,444,446,481,485,486,542,543,544,545]	[46,48,50,52,54,56,57,58,59,60,65,66,67,68,69,70,71,73,77,84,85,86,88,89,110]	[67,68,69,70,139,222,223,224,225,226,308,309,310,311,314,368,369,370,373,398,399,400,401,402,403,412,415,416,417,419]
P03129_P28749	-1	-1	0.05095011012857482	0.10714283801020749	0.666665925926749	0.2399999040000384	0.7499990625011719	0.0	0.0	25	31	8	1	[4,7,9,10,11,12,13,15,16,17,18,19,20,21,22,23,24,25,26,28,48,50,52,55,57]	[54,100,254,257,327,331,333,334,335,336,337,339,351,355,358,359,361,362,364,365,367,375,378,446,447,448,449,516,910,913,915]	[21,22,23,24,26,27,28,29]	[855]
P01903_Q8NKX2	-1	-1	0.11398063180813606	0.0	0.0	0.0	0.0	0.0	0.0	24	26	4	5	[12,19,22,23,24,25,27,29,32,118,119,120,121,166,171,226,230,233,234,237,238,242,245,248]	[2,6,9,10,13,17,21,58,59,60,61,77,81,84,87,107,108,109,110,111,151,153,155,156,157,180]	[79,80,82,83]	[136,137,138,139,140]
P84243_Q1HVJ0	-1	-1	-1	-1	-1	-1	-1	[]	[]	[]	[]
O14763_Q6RJQ3	-1	-1	0.26813270397501904	0.1973683950831059	0.24193544484912177	0.282051209730459	0.3666665444444852	0.1081080788897084	0.1249999609375122	39	37	30	32	[23,26,29,38,42,45,46,49,52,56,71,74,76,80,106,107,109,110,112,114,115,148,150,151,211,218,225,229,291,294,297,347,350,351,352,378,379,411,417]	[4,14,18,33,38,42,72,73,74,75,76,77,80,101,103,104,107,113,122,123,146,148,149,199,200,201,202,280,283,284,287,288,292,294,295,313,315]	[80,105,106,107,109,110,111,112,114,115,117,118,132,133,134,136,145,146,147,148,149,150,151,154,167,173,174,175,177,179]	[32,33,34,35,36,37,39,40,41,43,48,82,88,94,102,103,105,106,108,109,148,149,150,166,208,231,233,235,236,237,239,240]
P35961_Q5EBM2	-1	-1	-1	-1	-1	-1	-1	[]	[]	[]	[]
P04637_Q0TR53	-1	-1	-1	-1	-1	-1	-1	[]	[]	[]	[]
Q14116_Q9DHU8	-1	-1	0.2245104970674431	0.6399997440001024	0.3555554765432274	0.3999996000004	0.19047609977328583	0.7999994666670223	0.49999979166675346	10	15	21	24	[13,16,18,21,23,25,93,141,143,146]	[50,51,54,56,58,64,66,67,78,80,114,117,119,120,122]	[37,41,42,44,87,89,90,91,92,93,94,95,96,140,141,143,146,149,189,191,192]	[23,48,49,51,52,53,54,56,58,61,62,64,66,67,76,78,80,81,114,116,117,118,119,121]
O60563_P69697	-1	-1	0.19671481473990132	0.5423727894283408	0.38554212222384066	0.41935470343396664	0.2826086342155143	0.6785711862245764	0.5135133747261149	31	28	46	37	[50,53,55,56,57,155,158,168,171,172,175,176,179,258,262,265,334,336,337,338,339,340,341,342,343,345,616,627,631,633,636]	[21,22,23,26,27,28,29,32,35,36,38,39,41,42,43,44,45,46,47,48,49,51,52,53,54,55,57,85]	[39,40,43,46,47,50,51,53,55,56,57,81,94,95,96,97,111,112,113,114,115,155,158,159,162,168,171,172,175,176,180,184,207,245,248,249,250,251,252,255,256,257,258,259,260,261]	[1,2,3,4,5,6,7,10,11,13,14,15,16,17,18,22,24,25,26,27,28,29,32,35,36,38,39,40,41,42,43,44,45,46,47,48,49]
P02768_Q51911	-1	-1	0.6517494305232276	0.0	0.0	0.0	0.0	0.0	0.0	37	24	23	19	[113,117,121,124,128,129,137,138,140,180,183,184,187,208,212,214,221,316,318,443,445,446,449,460,463,464,487,490,491,493,499,532,534,536,540,544,548]	[12,62,63,66,70,123,124,125,127,128,129,181,287,290,291,293,368,369,371,372,373,374,376,380]	[232,236,251,252,253,254,256,257,260,287,291,294,332,338,341,342,344,345,346,347,348,349,353]	[234,236,237,239,240,243,246,247,248,249,251,252,255,256,259,262,263,264,265]
Q05059_Q92956	-1	-1	0.3162220370103498	0.0	0.0	0.0	0.0	0.0	0.0	16	10	20	25	[6,10,13,207,267,270,273,274,275,309,310,311,314,316,317,318]	[86,94,95,98,129,131,139,201,205,227]	[29,32,33,35,36,39,40,42,43,44,45,49,50,51,52,53,54,56,57,58]	[45,46,53,55,56,58,59,61,64,67,68,69,70,71,72,73,74,75,76,77,80,87,112,113,114]
P01903_P0A0L2	-1	-1	0.04629012449685573	0.09999996666667778	0.09999996666667778	0.0	0.0	0.19999986666675557	0.19999986666675557	15	15	15	15	[11,14,18,19,22,24,25,27,29,31,32,34,87,166,171]	[17,18,52,55,59,90,115,118,119,121,125,131,205,226,228]	[38,42,43,44,45,61,62,63,64,82,85,86,89,90,92]	[68,70,71,72,73,74,96,98,105,119,121,122,125,235,238]
I0AXC3_Q8TCD0	-1	-1	0.07964991534045826	0.022727267561984642	0.0714285204081997	0.0	0.0	0.04166664930556279	0.3333322222259259	20	24	11	3	[354,355,357,358,359,360,364,445,449,452,453,454,455,456,505,516,517,518,546,557]	[1,11,14,15,16,17,19,21,29,63,66,67,69,110,112,119,120,121,123,125,126,128,168,224]	[97,135,137,138,139,140,187,188,189,190,275]	[21,47,57]
P03437_P13760	-1	-1	0.07981485874306449	0.04687499267578239	0.09677416233091538	0.0	0.0	0.09374997070313415	0.15789465373965592	32	32	12	19	[235,237,293,295,298,300,337,338,341,342,354,356,357,358,382,445,446,449,450,453,454,455,456,457,463,466,525,526,528,529,530,533]	[1,19,24,25,26,28,31,33,35,37,39,41,42,63,114,118,134,138,139,174,176,177,178,180,182,187,228,229,232,235,236,239]	[322,323,324,325,326,327,328,329,330,331,332,333]	[38,40,42,59,85,86,89,90,96,99,100,106,107,110,111,113,114,118,119]
P12978_Q15326	-1	-1	0.5373427647970214	0.0	0.0	0.0	0.0	0.0	0.0	95	86	9	12	[1,2,4,20,21,22,24,34,35,36,37,38,39,40,41,42,43,44,45,46,91,93,94,159,161,162,163,164,165,177,212,216,217,234,236,247,249,250,251,252,253,254,283,284,285,286,287,288,289,290,291,292,293,294,327,331,332,333,335,336,339,340,341,342,343,344,345,375,376,377,378,409,410,411,412,413,414,415,421,422,423,435,436,437,438,439,445,448,449,450,451,452,455,458,462]	[6,9,43,44,45,46,54,58,67,69,71,76,78,80,81,83,89,90,91,93,125,130,141,146,149,150,168,172,178,236,239,246,250,256,257,259,260,263,265,266,267,268,269,278,279,281,288,289,290,291,292,294,304,305,313,314,316,317,318,319,321,338,340,342,363,368,524,527,528,529,531,532,534,535,536,537,538,539,541,542,543,546,549,550,554,568]	[381,382,383,384,385,386,387,388,389]	[571,572,573,576,583,586,587,590,591,598,599,600]
P03366_P03989	-1	-1	-1	-1	-1	-1	-1	[]	[]	[]	[]
P61077_Q6RCR3	-1	-1	0.0683243488930926	0.0	0.0	0.0	0.0	0.0	0.0	9	7	10	16	[26,27,28,29,32,34,51,70,72]	[437,439,479,482,488,723,724]	[1,4,5,8,59,62,63,94,95,96]	[272,273,281,285,286,287,288,290,292,297,300,301,304,305,308,309]
P13987_Q9LCB8	-1	-1	0.4200954323628961	0.1818180165290759	0.05263156509695655	0.39999920000160005	0.11764698961941787	0.0	0.0	5	6	17	21	[82,83,106,108,109]	[76,114,116,326,399,401]	[67,68,70,71,72,73,82,83,85,86,87,88,90,91,99,100,101]	[92,436,438,440,443,444,445,447,448,449,450,451,452,453,454,477,478,480,482,501,502]
Q49DS8_Q6P5S8	-1	-1	0.057969369044819946	0.030303021120296626	0.49999750001249993	0.0	0.0	0.058823494809708936	0.9999900000999989	16	17	1	1	[14,16,77,80,81,103,104,105,106,107,141,142,143,144,195,198]	[59,61,62,63,64,65,67,70,74,75,76,77,112,113,116,118,120]	[147]	[116]
P0CG47_P0DTD1	-1	-1	-1	-1	-1	-1	-1	[]	[]	[]	[]
P60953_Q06277	-1	-1	-1	-1	-1	-1	-1	[]	[]	[]	[]
P00747_P00779	-1	-1	0.42222451868707667	0.2592592272519472	0.14285713313897053	0.15384611439843218	0.09677417793964871	0.35714277210886375	0.17647056747405088	39	42	62	85	[34,84,85,86,87,89,219,220,222,223,224,225,240,253,254,272,274,286,298,300,301,302,303,304,311,312,318,320,321,323,340,341,601,602,626,628,629,663,738]	[32,33,36,37,39,40,41,42,62,63,64,65,71,252,253,254,291,292,293,313,337,339,341,342,346,347,352,353,358,361,364,365,367,368,369,370,406,418,421,425,429,431]	[575,578,579,580,581,582,583,584,585,586,588,589,601,602,625,627,628,629,630,631,632,634,641,642,643,644,645,646,647,651,656,659,661,662,663,664,706,707,708,709,710,711,712,713,714,715,717,732,733,736,737,738,740,750,751,752,780,782,786,787,788,789]	[38,45,47,49,51,53,54,55,56,57,58,59,60,61,62,63,65,102,112,115,116,117,118,122,124,128,129,130,131,132,133,134,138,140,142,143,144,145,147,149,159,160,162,164,166,168,193,194,195,196,243,244,246,263,264,301,310,311,312,313,314,315,318,320,335,337,338,339,340,342,346,350,351,352,353,354,355,356,358,359,360,365,367,368,369]
P04578_P18465	-1	-1	0.31380813981826716	0.0	0.0	0.0	0.0	0.0	0.0	58	71	8	21	[15,16,17,19,20,21,23,24,25,26,27,28,29,30,31,33,35,45,46,223,225,251,448,450,476,479,480,483,484,490,492,493,495,497,498,499,502,506,507,508,509,510,511,520,527,601,678,681,684,685,688,692,695,699,709,792,795,846]	[11,30,32,34,36,38,39,40,41,45,47,51,55,56,59,71,72,74,77,110,112,114,116,118,120,122,139,143,144,145,212,217,218,226,230,238,240,242,247,249,251,252,253,254,256,258,259,260,261,262,263,268,272,284,286,288,290,291,292,293,294,311,317,318,321,324,325,328,332,333,349]	[2,3,4,5,8,9,10,11]	[86,87,90,93,94,97,98,100,101,104,108,123,140,170,171,174,176,179,183,187,191]
P69332_P78423	-1	-1	0.6277273434549723	0.08791207825141997	0.1333333111111148	0.0	0.0	0.1860464683612864	0.30769218934915793	48	43	34	26	[31,34,35,38,42,46,55,59,63,64,65,73,74,77,81,102,105,106,109,136,138,141,142,145,149,152,153,156,160,163,164,167,168,221,222,225,289,292,293,296,297,299,300,348,351,352,353,354]	[1,4,9,16,19,20,23,24,26,29,31,32,33,35,57,59,186,188,339,342,343,346,347,349,350,351,353,354,357,358,360,361,364,365,368,369,371,372,376,392,394,396,397]	[15,16,17,18,19,20,21,22,23,24,25,26,29,89,92,93,95,96,112,169,170,171,172,173,174,175,176,177,178,266,270,273,274,277]	[26,27,28,29,30,31,32,33,34,35,37,38,39,40,41,42,55,56,57,58,59,60,61,72,73,74]
P63208_Q5ZTL7	-1	-1	0.35039055792424095	0.6249992187509766	0.07246375761394817	0.49999875000312505	0.05263156509695655	0.7499981250046875	0.09677416233091538	4	4	38	31	[33,156,159,163]	[5,8,10,127]	[79,80,81,82,97,101,104,105,108,116,117,120,121,124,127,128,129,130,131,132,135,136,139,140,141,142,143,144,145,149,150,153,154,156,157,158,159,160]	[2,3,4,5,6,8,9,10,13,16,17,19,20,21,22,23,24,25,27,28,29,31,32,33,34,37,41,50,51,54,58]
P05534_Q9WPV9	-1	-1	0.3271951211095738	0.09433960484158399	0.17241373365043666	0.0	0.0	0.2272726239669891	0.49999950000050003	31	22	19	10	[32,34,39,45,47,49,51,56,59,72,112,114,115,116,120,145,214,216,218,219,222,226,228,252,253,259,260,261,266,268,272]	[17,21,34,66,67,68,70,73,123,125,126,128,129,130,131,137,184,186,188,189,193,197]	[90,93,94,97,100,101,104,107,108,123,170,171,174,176,179,180,183,187,194]	[126,127,128,129,130,131,132,133,134,135]
P16778_Q07812	-1	-1	0.034486366952372546	0.09090900826453795	0.0714285204081997	0.0	0.0	0.19999960000080003	0.14285693877580175	6	5	7	7	[168,171,172,182,186,264]	[74,175,186,189,190]	[130,133,135,139,140,143,146]	[74,77,81,84,85,86,127]
P03204_P30685	-1	-1	0.15591738006373682	0.046242771893481395	0.3199998720000512	0.011627905624662135	0.12499984375019532	0.08045976086669415	0.41176446366796254	86	87	8	17	[101,102,137,138,139,185,186,210,280,281,282,285,286,288,289,319,320,402,404,405,407,506,514,515,516,517,518,519,591,592,593,594,620,621,622,624,626,628,629,631,632,644,645,646,647,650,651,652,653,654,656,657,661,663,664,665,666,667,668,669,670,693,733,734,789,807,809,810,811,812,813,814,915,916,917,918,919,920,962,966,967,971,972,973,974,975]	[19,22,26,28,32,36,38,39,40,43,45,53,63,97,100,104,107,108,109,110,111,112,113,114,115,116,118,120,130,132,133,135,139,143,144,145,146,149,151,152,153,155,156,158,159,160,161,162,165,166,168,170,172,173,174,175,178,179,181,218,219,221,222,226,228,235,236,238,243,248,249,250,251,253,254,256,257,258,259,265,266,268,272,274,349,350,351]	[98,99,100,102,103,104,105,106]	[86,90,93,94,97,100,101,104,108,123,170,171,174,176,179,183,187]
P18465_Q70A61	-1	-1	0.06746454842815969	0.09523804988664292	0.0799999680000128	0.0	0.0	0.1999998000002	0.24999968750039064	11	10	17	8	[38,45,59,228,253,256,258,260,261,266,268]	[17,20,28,42,46,50,55,59,62,63]	[87,90,93,97,100,101,104,108,123,170,171,176,179,180,183,187,191]	[48,49,50,51,52,53,54,55]
A0A2R4LVT4_P52630	-1	-1	-1	-1	-1	-1	-1	[]	[]	[]	[]
P01903_P12495	-1	-1	0.41933127464319964	0.019230765532545088	0.029411756055365862	0.0	0.0	0.03703702331962099	0.0714285204081997	25	27	20	14	[18,21,22,23,24,27,29,43,62,63,71,72,75,123,124,125,126,127,154,155,166,179,195,196,197]	[61,62,65,68,69,70,76,79,80,101,105,108,174,265,309,312,465,467,473,480,481,484,485,487,490,491,494]	[34,36,49,56,68,76,77,78,79,80,83,86,87,90,91,93,94,97,98,101]	[167,168,169,170,171,172,173,174,175,176,177,178,179,180]
P03303_Q9H3P7	-1	-1	-1	-1	-1	-1	-1	[]	[]	[]	[]
D3HJY4_P14784	-1	-1	0.05649217374484092	0.057692296597635265	0.2727270247936138	0.11111106995886298	0.3333329629633745	0.0	0.0	27	25	9	2	[21,22,23,27,31,49,50,51,52,54,71,80,82,83,85,86,88,96,98,99,100,120,126,155,159,163,167]	[67,100,101,125,160,214,216,217,330,331,334,337,338,341,408,420,424,425,428,439,441,442,444,534,536]	[66,67,68,69,84,85,86,87,88]	[386,388]
Q6N030_Q8Q7Z9	-1	-1	0.061509386792477985	0.0	0.0	0.0	0.0	0.0	0.0	22	31	1	2	[58,61,62,63,64,65,81,124,125,126,127,131,410,413,415,468,469,470,471,472,476,478]	[26,54,56,57,65,66,67,68,70,71,72,73,74,75,87,90,91,92,93,95,97,98,128,129,131,133,192,193,195,197,198]	[122]	[76,78]
P08581_P25147	-1	-1	-1	-1	-1	-1	-1	[]	[]	[]	[]
P02788_Q54972	-1	-1	0.7271996124777551	0.12121210896847384	0.19047616024187933	0.23529407151096635	0.35294107266439034	0.0	0.0	51	48	34	29	[20,21,22,23,24,32,51,52,57,58,59,63,70,72,278,279,280,281,282,284,285,331,332,379,450,452,462,571,574,575,576,578,579,580,583,584,585,586,588,589,601,648,649,656,657,658,673,674,707,708,710]	[78,79,82,85,86,89,90,341,342,343,344,345,346,347,348,349,350,351,364,368,371,372,374,375,378,380,381,382,383,384,385,386,387,388,389,390,391,392,426,431,476,477,546,548,549,551,583,597]	[21,22,23,24,32,36,39,42,43,46,49,52,55,56,57,58,59,63,66,70,72,110,149,150,251,252,253,265,267,268,340,342,346,349]	[199,200,201,202,203,206,207,210,211,213,214,217,218,220,221,224,251,258,261,262,264,265,266,268,272,275,310,314,318]
M4STU1_P62987	-1	-1	-1	-1	-1	-1	-1	[]	[]	[]	[]
P52948_Q8B0H7	-1	-1	-1	-1	-1	-1	-1	[]	[]	[]	[]
P18010_P18206	-1	-1	-1	-1	-1	-1	-1	[]	[]	[]	[]
P35961_Q6PIL8	-1	-1	0.04959662968736568	0.0	0.0	0.0	0.0	0.0	0.0	29	30	7	9	[25,31,32,46,187,207,208,210,212,214,216,217,369,370,422,423,433,434,435,436,487,490,494,495,578,588,696,699,701]	[7,8,11,12,14,15,16,21,23,59,62,63,64,65,66,114,118,119,120,122,125,164,165,167,182,184,186,187,190,198]	[111,408,410,411,412,413,416]	[48,50,51,53,70,71,74,88,89]
P19551_Q6P5S8	-1	-1	0.0459023439554376	0.01960783929258053	0.14285693877580175	0.0	0.0	0.03846152366864474	0.9999900000999989	25	26	6	1	[20,47,49,105,112,113,115,116,117,118,210,212,213,214,488,490,491,498,501,502,503,505,513,583,584]	[7,13,16,21,28,59,62,63,64,65,67,108,112,113,114,116,117,118,119,120,122,123,146,164,182,187]	[120,200,201,202,203,432]	[116]
O00629_P0C1C7	-1	-1	0.1842873412997156	0.16883114690504586	0.18840576979626525	0.1282050953320268	0.11111108641975856	0.2105262603878262	0.3333331944445023	39	38	45	24	[13,18,20,24,25,27,28,31,39,43,46,49,50,52,102,103,104,108,112,210,296,297,298,306,339,344,379,382,383,386,387,423,424,425,468,469,470,472,475]	[4,8,15,18,19,114,116,126,148,149,150,151,193,215,252,253,254,255,256,257,258,259,260,261,264,266,267,268,270,342,421,422,423,424,425,438,441,442]	[96,100,101,102,103,105,133,137,141,144,145,147,172,179,183,186,187,219,222,229,230,261,264,268,271,299,302,306,313,314,315,316,341,344,345,348,352,355,387,390,397,426,429,433,437]	[421,422,423,424,425,426,427,428,429,430,431,432,433,434,435,436,437,438,439,440,441,442,443,444]
O00629_P0C1C6	-1	-1	0.16826179923218934	0.07608694825141867	0.09722220871913767	0.099999980000004	0.10638295608873274	0.04761903628118183	0.0799999680000128	50	42	47	25	[5,18,19,21,23,24,27,31,32,35,36,39,40,47,53,55,56,57,58,59,133,148,151,155,172,189,190,198,210,241,257,296,297,298,299,338,339,340,341,344,379,381,423,469,470,471,472,474,475,521]	[38,41,42,45,48,49,52,53,55,93,94,95,98,105,107,110,111,112,113,114,115,116,117,118,119,138,213,250,251,253,254,291,296,312,325,341,345,356,416,424,426,446]	[96,97,100,101,102,103,105,133,137,141,144,145,147,172,179,183,186,187,219,222,229,230,261,264,268,271,299,302,306,313,314,315,316,341,344,345,348,352,355,387,390,394,397,426,429,433,437]	[419,420,421,422,423,424,425,426,427,428,429,430,431,432,433,434,435,436,437,438,439,440,441,442,444]
A8CDU0_P04229	-1	-1	0.0895435577461373	0.21951214158240448	0.310344720570786	0.36842085872586383	0.6363630578517656	0.09090904958679565	0.11111104938275035	19	22	11	18	[47,57,59,60,61,62,65,66,68,69,72,73,74,76,84,85,88,92,93]	[28,35,37,39,41,63,114,118,122,131,133,134,135,136,177,178,179,180,181,182,185,187]	[59,60,62,63,64,65,66,67,68,69,70]	[38,40,42,85,86,89,90,93,96,99,100,106,107,110,111,113,114,118]
P0CG48_Q6RCR1	-1	-1	-1	-1	-1	-1	-1	[]	[]	[]	[]
B7TQM6_X5DSL3	-1	-1	0.06092941785327084	0.07407404663924198	0.06451610822061025	0.0	0.0	0.1333332444445037	0.11111104938275035	12	15	13	18	[18,20,21,24,26,51,87,112,113,115,116,118]	[2,6,10,14,41,43,44,75,77,87,90,91,96,97,98]	[138,139,142,143,146,151,152,153,155,159,160,163,167]	[39,41,44,46,48,50,79,149,171,203,205,206,207,217,219,221,223,225]
P36711_P78310	-1	-1	0.244815625889885	0.14285707482996438	0.07499998125000468	0.3333329629633745	0.1764704844291268	0.0	0.0	9	12	17	23	[1,208,448,449,450,451,455,569,571]	[27,28,60,64,117,132,322,323,325,348,354,356]	[415,417,418,425,426,429,450,451,455,487,488,489,494,496,497,498,500]	[48,50,51,52,54,56,68,69,70,73,75,76,80,81,82,83,85,121,123,125,126,127,128]
P01730_Q75760	-1	-1	0.06797048717437834	0.0	0.0	0.0	0.0	0.0	0.0	36	29	26	36	[159,175,177,206,207,208,209,210,214,337,343,345,346,347,348,367,369,374,377,378,379,381,383,385,388,390,404,407,408,411,418,419,422,423,426,458]	[1,12,15,19,491,493,494,495,496,497,498,499,500,501,502,504,516,517,519,520,521,694,698,700,701,708,709,844,847]	[48,49,50,52,54,57,58,59,60,65,66,67,68,69,70,71,73,77,83,84,85,86,88,89,110,113]	[96,123,125,126,192,193,195,276,277,278,279,280,360,361,362,363,365,366,416,418,419,420,421,422,423,446,448,449,450,451,452,460,463,464,465,467]
P01024_P68799	-1	-1	-1	-1	-1	-1	-1	[]	[]	[]	[]
P00742_P23827	-1	-1	0.47891947338767793	0.0	0.0	0.0	0.0	0.0	0.0	8	11	25	18	[28,32,36,39,40,460,464,468]	[81,82,83,85,86,88,156,157,158,159,161]	[254,256,258,259,276,280,316,317,318,319,366,373,395,396,397,416,417,419,438,440,441,442,445,448,449]	[69,70,72,74,76,77,96,98,99,100,101,102,103,105,106,108,109,120]
Q6P5S8_Q8Q7Z9	-1	-1	0.04462795517462737	0.06896549346017466	0.39999920000160005	0.0	0.0	0.1428570408163994	0.49999875000312505	15	14	1	4	[62,138,140,141,143,144,145,159,160,188,189,190,191,192,236]	[27,28,30,32,52,54,59,73,75,76,78,79,88,191]	[116]	[78,79,80,81]
P04637_Q9WYW0	-1	-1	0.6522576911109871	0.258064432882441	0.2162161577794168	0.0	0.0	0.4999996875001953	0.2857141836735058	15	16	9	28	[16,19,32,40,44,95,96,97,99,101,166,167,170,210,211]	[46,49,51,163,164,165,176,179,180,194,195,198,205,206,222,223]	[377,378,379,380,381,382,383,384,385]	[33,34,45,46,48,54,123,125,126,128,160,162,163,164,165,166,168,171,175,192,193,194,195,198,202,217,219,222]
P05893_Q8WUM4	-1	-1	-1	-1	-1	-1	-1	[]	[]	[]	[]
O52623_P60953	-1	-1	0.16380656124577625	0.5789470637120717	0.12941174948097064	0.44444395061783265	0.08695650283554286	0.6999993000007	0.17948713346483755	9	10	46	39	[14,122,124,128,131,159,163,164,165]	[33,34,36,37,39,63,64,67,70,131]	[94,103,105,106,109,112,113,120,121,123,124,128,131,137,150,154,165,166,167,168,169,171,174,175,177,178,179,181,182,185,186,189,191,194,198,215,217,219,222,223,226,227,229,230,233,234]	[1,2,3,5,31,32,34,35,36,38,39,40,41,43,46,47,48,49,51,52,56,57,59,60,61,62,63,64,65,66,67,70,71,74,166,170,174,177,178]
P12499_P18464	-1	-1	-1	-1	-1	-1	-1	[]	[]	[]	[]
P62937_Q72497	-1	-1	0.32756944067761623	0.10526310249310396	0.06060604224059325	0.1818180165290759	0.10526310249310396	0.0	0.0	11	8	19	14	[15,16,17,59,93,118,120,141,144,148,154]	[4,43,45,312,319,477,478,480]	[55,57,59,60,69,71,72,73,74,82,102,103,107,121,125,126,148,149,151]	[217,218,219,220,221,222,223,224,225,226,227,252,253,254]
Q16611_Q85295	-1	-1	0.22451863815296397	0.04166664930556279	0.0270270197224271	0.0	0.0	0.08333326388894677	0.0499999750000125	12	12	17	20	[185,187,188,190,191,194,195,198,201,202,205,206]	[44,143,146,147,149,150,153,154,156,157,160,164]	[70,71,72,73,74,75,77,78,79,80,81,82,84,85,86,89,90]	[36,41,44,47,48,51,54,55,63,66,67,70,71,76,77,78,79,82,126,128]
O43521_P0C6Z1	-1	-1	0.19619700613335425	0.15789465373965592	0.0731707138608015	0.0	0.0	0.2999997000003	0.13043472589794528	9	10	18	23	[177,180,181,184,187,188,191,192,195]	[67,71,93,94,175,178,182,185,186,188]	[141,142,143,144,145,146,147,148,149,151,152,153,155,156,157,159,160,162]	[53,60,61,64,67,68,71,75,76,77,78,82,85,86,89,90,93,97,98,99,100,103,158]
Q77DJ5_Q7Z6E9	-1	-1	-1	-1	-1	-1	-1	[]	[]	[]	[]
P13500_Q2F862	-1	-1	0.06958438287971822	0.2727270247936138	0.058823517877741587	0.33333277777870374	0.09090904958679565	0.19999960000080003	0.03448274673008733	6	5	22	29	[22,28,31,70,71,72]	[67,70,82,83,89]	[32,33,34,36,37,38,39,40,41,43,44,46,47,52,58,68,69,70,72,73,74,75]	[72,74,75,76,77,78,83,85,100,102,104,155,156,157,159,161,163,218,220,221,222,223,224,225,226,227,228,232,258]
P08160_Q14790	-1	-1	0.2586956496858801	0.025641019066405365	0.020408159100375693	0.0	0.0	0.04761902494332146	0.03448274673008733	18	21	20	29	[11,12,13,17,26,28,52,54,160,234,239,240,241,243,265,267,283,284]	[8,12,13,15,17,39,40,43,71,114,130,134,135,136,253,320,329,330,364,407,408]	[2,3,4,5,6,81,82,83,84,85,86,87,250,251,252,253,254,255,258,260]	[253,255,256,257,258,259,261,317,318,319,360,363,365,411,412,413,414,415,416,417,423,427,430,449,453,454,455,456,457]
P01892_P12901	-1	-1	0.28432828946801775	0.0	0.0	0.0	0.0	0.0	0.0	15	12	17	10	[9,11,12,51,145,210,212,216,228,230,258,259,260,261,266]	[99,117,120,121,123,125,127,146,148,152,153,155]	[87,90,93,94,97,100,101,104,108,170,171,174,176,179,183,187,191]	[18,19,20,21,22,23,24,25,26,27]
P46934_Q05128	-1	-1	-1	-1	-1	-1	-1	[]	[]	[]	[]
P15529_Q772X2	-1	-1	0.5948521404027756	0.15384609467457896	0.08510636487098619	0.2857140816327988	0.1599999360000256	0.0	0.0	14	12	25	22	[70,71,72,73,101,109,115,239,255,256,258,260,261,286]	[27,29,30,33,122,123,134,165,172,236,239,240]	[47,59,61,63,64,66,68,69,70,71,72,75,76,77,97,104,107,109,128,129,143,144,145,146,147]	[149,190,192,194,196,208,209,244,245,246,247,248,250,254,276,280,281,282,283,284,285,293]
P68871_Q2FG07	-1	-1	0.3298548172894564	0.0	0.0	0.0	0.0	0.0	0.0	15	15	3	1	[37,38,41,45,50,60,67,88,92,96,97,98,125,126,129]	[9,492,496,500,503,706,708,753,756,757,876,879,882,883,886]	[51,52,53]	[445]
Q16531_Q80IU5	-1	-1	0.6835374434206254	0.14450866216712935	0.624999843750039	0.18749998046875202	0.6666664197531779	0.09090907910271699	0.5384611242606736	96	77	27	13	[16,17,47,50,51,60,62,82,83,115,117,118,119,120,183,214,215,217,234,235,254,255,257,259,276,277,279,307,312,327,328,335,337,340,341,342,343,345,348,351,352,353,382,383,399,440,441,442,644,645,683,685,686,688,689,703,706,718,740,742,745,766,768,769,771,772,773,774,775,776,777,778,779,780,782,785,787,814,836,838,839,840,841,842,871,910,926,927,953,970,972,1003,1033,1077,1079,1080]	[1,2,3,4,5,6,7,8,9,10,11,12,13,14,15,16,18,19,20,21,23,58,59,60,61,62,63,68,69,71,73,74,75,76,77,78,79,80,81,82,83,84,85,86,94,95,96,97,98,99,100,101,102,105,109,130,132,133,134,135,136,137,138,139,140,141,142,143,144,145,146,148,150,151,152,153,154]	[276,327,328,360,381,382,722,787,812,814,836,837,839,840,841,842,843,871,910,912,913,953,970,972,1003,1005,1033]	[88,89,90,91,92,93,94,96,97,98,99,100,101]
P03204_P30481	-1	-1	0.15591738006373682	0.07514450432690727	0.433333188888937	0.06976743374797281	0.5999994000006	0.08045976086669415	0.3499998250000875	86	87	10	20	[101,102,137,138,139,185,186,210,280,281,282,285,286,288,289,319,320,402,404,405,407,506,514,515,516,517,518,519,591,592,593,594,620,621,622,624,626,628,629,631,632,644,645,646,647,650,651,652,653,654,656,657,661,663,664,665,666,667,668,669,670,693,733,734,789,807,809,810,811,812,813,814,915,916,917,918,919,920,962,966,967,971,972,973,974,975]	[19,22,26,28,32,36,38,39,40,43,45,53,63,97,100,104,107,108,109,110,111,112,113,114,115,116,118,120,130,132,133,135,139,143,144,145,146,149,151,152,153,155,156,158,159,160,161,162,165,166,168,170,172,173,174,175,178,179,181,218,219,221,222,226,228,235,236,238,243,248,249,250,251,253,254,256,257,258,259,265,266,268,272,274,349,350,351]	[281,282,283,284,285,286,287,288,289,290]	[86,89,90,93,94,97,100,101,104,108,121,170,171,174,176,179,180,183,187,194]
A4GWM6_P12830	-1	-1	-1	-1	-1	-1	-1	[]	[]	[]	[]
P01892_P12499	-1	-1	0.4789856920695557	0.024390241919492527	0.11111106995886298	0.0517241290130812	0.16666657407412552	0.0	0.0	58	65	18	9	[36,38,39,40,41,43,96,99,100,103,104,107,108,110,111,112,113,114,116,162,166,169,218,222,243,244,245,246,247,248,250,251,272,274,276,277,279,280,295,297,298,299,300,302,304,305,306,307,308,309,310,312,313,317,362,363,364,365]	[5,19,20,24,25,26,27,28,29,30,32,33,92,104,313,317,320,341,399,402,406,408,455,456,457,458,459,460,461,474,475,476,477,478,479,480,481,482,483,484,485,486,487,488,489,490,491,492,493,496,558,583,584,585,586,587,589,591,592,594,710,800,1409,1411,1412]	[87,90,93,94,97,100,101,104,108,121,170,171,174,176,179,183,187,191]	[897,898,899,900,901,902,903,904,905]
P10845_Q496J9	-1	-1	-1	-1	-1	-1	-1	[]	[]	[]	[]
P02787_Q09057	-1	-1	-1	-1	-1	-1	-1	[]	[]	[]	[]
P30481_Q3KSS8	-1	-1	0.1537726487298709	0.0	0.0	0.0	0.0	0.0	0.0	24	27	17	12	[30,32,51,54,120,135,145,160,218,226,228,235,236,253,254,256,258,259,260,261,262,266,268,272]	[13,19,20,21,22,23,26,27,30,34,40,41,43,44,46,48,49,50,51,52,53,54,55,56,64,86,91]	[86,90,93,94,96,97,100,101,108,170,171,176,179,180,183,187,194]	[169,170,171,172,173,174,175,176,177,178,179,180]
Q6JKR9_Q96MU8	-1	-1	-1	-1	-1	-1	-1	[]	[]	[]	[]
P01857_P38507	-1	-1	0.377868993378202	0.0799999680000128	0.07142854591837645	0.1428570408163994	0.1333332444445037	0.0	0.0	14	11	15	13	[2,3,4,90,91,137,138,139,171,227,238,282,283,330]	[6,16,47,51,59,62,69,292,293,476,493]	[131,135,136,137,138,192,193,194,197,313,314,316,317,318,319]	[216,220,221,222,224,225,226,228,229,238,239,243,246]
P18464_P24740	-1	-1	-1	-1	-1	-1	-1	[]	[]	[]	[]
P15144_Q1HVL3	-1	-1	-1	-1	-1	-1	-1	[]	[]	[]	[]
P30685_Q9YYU8	-1	-1	0.16612284968743404	0.020408159100375693	0.03571427295918823	0.0	0.0	0.04761902494332146	0.0999999000001	28	21	18	10	[38,45,47,49,51,56,59,61,70,72,120,214,216,217,226,228,253,254,256,258,259,260,261,263,266,268,304,362]	[13,69,72,106,107,110,113,117,124,126,127,128,129,130,131,135,138,140,142,150,155]	[86,90,93,94,97,100,101,104,108,121,170,171,174,176,179,183,187,191]	[71,72,73,74,75,76,78,79,80,81]
A0A0D6HC73_P11215	-1	-1	-1	-1	-1	-1	-1	[]	[]	[]	[]
P13747_Q0QI92	-1	-1	0.3277370543168023	0.0	0.0	0.0	0.0	0.0	0.0	32	26	20	9	[31,33,35,38,42,44,56,60,113,115,117,209,211,213,223,225,255,256,257,263,265,303,304,314,318,321,322,324,325,328,329,332]	[45,47,49,50,54,55,56,86,87,149,151,166,167,168,170,172,181,188,192,195,196,199,202,203,206,207]	[83,84,87,90,91,94,97,98,101,105,137,164,167,168,173,176,177,180,184,188]	[15,16,17,18,19,20,21,22,23]
P13051_Q936H5	-1	-1	0.21567723356953505	0.099999950000025	0.03174602670697989	0.0	0.0	0.1818180165290759	0.06666664444445185	9	11	33	30	[77,81,84,88,92,119,122,123,132]	[45,48,49,52,56,91,94,99,103,106,107]	[117,120,124,125,153,154,156,157,159,161,173,174,175,177,180,184,219,221,223,224,227,229,256,257,260,276,277,279,280,281,282,284,285]	[22,24,25,26,27,28,29,30,31,33,34,35,37,38,44,50,52,54,55,57,59,62,65,67,87,89,97,98,99,100]
Q8WUM4_Q9WC62	-1	-1	-1	-1	-1	-1	-1	[]	[]	[]	[]
P13746_R4X2K3	-1	-1	0.18637201908050904	0.0	0.0	0.0	0.0	0.0	0.0	46	42	17	11	[34,36,38,39,45,59,63,72,110,111,112,113,114,118,120,143,144,145,146,160,161,216,218,219,220,222,226,228,249,250,251,252,253,254,256,258,260,261,262,268,272,356,358,360,362,363]	[31,48,50,51,52,117,124,125,157,158,160,162,163,169,171,204,250,251,270,412,413,415,417,418,424,427,430,431,432,433,434,435,438,441,442,445,449,481,483,484,488,489]	[86,90,93,94,97,100,101,104,108,123,170,171,174,176,179,183,187]	[188,189,190,191,192,193,194,195,196,197,198]
Q0TR53_Q15750	-1	-1	-1	-1	-1	-1	-1	[]	[]	[]	[]
Q6N030_Q993A8	-1	-1	0.14635892670209616	0.006493506071850255	0.06249996093752441	0.013157893005540393	0.9999900000999989	0.0	0.0	76	78	1	15	[10,14,18,20,58,60,61,62,63,64,65,66,81,82,114,122,123,124,125,127,130,131,152,153,155,157,158,160,161,163,165,190,192,193,194,195,197,199,209,211,307,310,312,335,336,366,367,368,372,403,404,405,406,418,420,426,427,428,431,433,441,461,463,464,465,466,468,469,470,471,472,473,476,478,480,482]	[16,17,25,26,28,29,53,56,60,61,71,72,73,74,75,77,105,106,107,109,110,111,146,147,150,206,207,209,296,300,319,320,321,322,323,324,325,387,446,448,450,451,453,496,500,503,504,506,507,510,524,536,537,538,539,540,541,542,543,544,545,547,548,549,550,551,552,570,571,572,575,576,579,580,582,583,586,588]	[122]	[62,63,65,143,145,362,363,364,365,366,375,377,378,379,380]
P0DTC2_Q9BYF1	-1	-1	0.37092869271565115	0.033268101110213284	0.3541665928819598	0.0069204149854527695	0.07692304733728948	0.06756756452398358	0.6818178719009673	289	222	26	22	[56,61,62,63,106,107,108,109,110,111,112,113,114,115,116,117,118,119,120,121,122,123,124,125,127,129,131,132,133,134,135,137,145,146,147,148,149,150,151,152,153,157,158,159,160,161,162,163,164,165,166,167,169,237,240,241,265,266,267,268,269,270,271,272,273,274,275,277,278,280,284,285,286,287,288,289,290,291,292,293,294,295,296,297,298,299,300,301,302,304,342,347,350,353,354,356,357,396,468,488,490,491,492,495,497,499,505,507,508,509,510,511,512,513,514,515,516,517,518,519,520,521,522,523,539,540,541,542,543,544,545,546,547,548,552,559,573,575,576,577,582,583,584,585,586,587,588,589,590,591,592,593,594,595,596,597,598,599,600,602,603,604,605,606,607,609,611,612,613,614,615,616,617,618,619,620,621,622,623,624,642,644,646,647,648,649,650,651,652,663,670,671,672,673,718,719,720,721,722,723,724,725,726,727,728,729,730,731,741,752,756,833,836,837,838,840,850,851,853,854,855,856,857,858,859,860,861,862,863,865,870,873,903,906,969,974,978,1007,1011,1014,1018,1022,1025,1026,1028,1029,1032,1033,1036,1043,1047,1048,1049,1050,1051,1052,1053,1054,1055,1057,1058,1059,1060,1062,1063,1064,1065,1066,1067,1069,1092,1093,1094,1105,1107,1108,1109,1110,1113,1205,1208,1209,1226,1229,1230,1232,1233,1234,1237]	[14,15,16,17,18,19,20,21,22,23,24,26,27,30,31,34,35,37,38,39,40,41,42,45,47,49,51,53,54,55,56,57,59,60,61,62,63,64,66,67,68,69,70,71,73,74,75,78,79,81,82,84,85,86,87,89,90,91,92,94,95,98,99,101,102,103,104,105,107,109,110,111,112,114,115,117,118,120,121,122,124,125,128,129,131,138,139,143,146,147,175,178,181,182,185,189,192,193,195,196,197,202,205,206,208,210,211,213,214,215,216,218,219,220,221,223,224,225,227,228,231,232,234,238,335,338,339,340,341,342,343,344,345,347,348,349,353,363,387,388,389,394,398,458,462,465,466,467,469,470,471,472,475,476,479,482,483,484,494,495,496,508,509,510,527,559,560,562,564,568,571,572,574,575,576,577,578,580,582,586,608,609,610,621,634,674,675,676,678,731,732,734,735,736,737,738,739,740,741,742,743,745,746,748,749,750,752,753,754,755,756,757,758,768,791,792,794,795,801,803,804,805]	[403,417,445,446,449,453,455,456,473,475,476,477,484,485,486,487,489,490,493,496,498,500,501,502,503,505]	[19,24,27,30,31,34,35,37,38,41,42,45,79,82,83,324,325,326,330,353,354,393]
P15529_P35774	-1	-1	0.5948521404027756	0.15384609467457896	0.1290322164412205	0.2857140816327988	0.19999990000005	0.0	0.0	14	12	20	11	[70,71,72,73,101,109,115,239,255,256,258,260,261,286]	[27,29,30,33,122,123,134,165,172,236,239,240]	[47,48,49,59,61,63,64,65,68,69,70,71,72,74,75,76,77,97,98,101]	[152,208,209,245,247,280,281,282,283,284,285]
P01042_Q8KRB4	-1	-1	0.3972528258930085	0.07692307034845552	0.40909072314058037	0.099999980000004	0.8333319444467593	0.05970148362664423	0.24999984375009765	50	67	6	16	[51,97,98,100,101,131,133,134,135,136,379,381,382,384,385,386,387,388,389,390,391,392,396,476,477,478,479,480,568,569,572,573,576,578,579,581,588,589,591,593,598,600,637,638,639,640,641,642,643,644]	[7,44,50,130,134,135,138,139,141,145,150,151,153,154,221,222,224,252,254,255,256,258,259,263,279,280,281,284,285,287,288,289,290,293,314,315,342,386,387,388,389,392,394,399,400,417,419,423,424,426,428,431,432,435,437,439,442,443,444,472,474,475,476,477,478,479,480]	[381,382,383,384,385,389]	[52,53,54,256,276,303,338,399,401,427,431,452,454,455,456,480]
G9HS63_Q8N5F4	-1	-1	0.0584766375390553	0.02898550304557927	0.11111104938275035	0.0	0.0	0.06060604224059325	0.1999998000002	36	33	8	10	[23,26,30,32,62,63,64,66,70,96,100,103,104,107,108,111,115,117,119,129,165,166,466,467,468,530,532,533,535,537,539,540,541,631,736,740]	[7,8,11,12,15,18,20,27,52,54,58,59,60,61,62,63,64,67,114,115,116,118,165,166,167,177,182,184,185,186,187,189,190]	[170,171,172,173,174,175,177,178]	[47,48,50,52,54,69,84,107,111,113]
D1MPH2_Q6IPQ0	-1	-1	0.08046970630531572	0.021739125708885716	0.3333322222259259	0.0	0.0	0.04545452479339782	0.49999750001249993	24	22	1	2	[98,99,289,291,335,337,344,349,350,351,352,353,356,360,366,367,368,369,370,371,372,374,375,376]	[18,20,57,59,62,64,65,67,70,77,108,112,116,117,118,119,121,123,167,185,187,188]	[179]	[70,71]
C5MK56_P03206	-1	-1	0.10441526937392687	0.0	0.0	0.0	0.0	0.0	0.0	17	18	18	11	[34,36,51,59,72,120,143,144,145,256,258,259,260,261,262,263,266]	[13,15,16,18,19,21,22,23,24,27,30,31,34,40,46,49,91,94]	[86,89,90,93,94,97,100,101,104,108,170,171,174,179,180,183,187,191]	[52,53,54,55,56,57,60,61,62,63,64]
P10845_P60880	-1	-1	-1	-1	-1	-1	-1	[]	[]	[]	[]
P13688_Q8GDI6	-1	-1	0.4052969148657981	0.057692296597635265	0.058823517877741587	0.0	0.0	0.10344824019026201	0.1199999520000192	23	29	26	25	[181,183,184,186,190,208,438,442,446,449,450,452,453,454,493,500,502,503,518,519,520,521,523]	[7,11,15,18,19,92,96,97,98,99,199,200,201,264,265,266,267,268,321,355,362,365,369,462,555,556,557,558,559]	[60,61,63,72,73,74,75,76,78,81,83,84,85,86,88,90,91,92,93,125,126,127,128,129,131,133]	[126,130,133,134,135,136,158,159,161,162,163,166,167,168,260,262,263,264,265,266,281,282,283,284,286]
P03300_Q9H3P7	-1	-1	-1	-1	-1	-1	-1	[]	[]	[]	[]
A0A2A4GXB5_P05164	-1	-1	0.5383854579756763	0.59999970000015	0.19354835587929742	0.9999990000010001	0.399999840000064	0.1999998000002	0.0540540394448542	10	10	25	37	[30,31,32,33,34,36,38,40,44,66]	[67,70,74,78,107,110,111,114,348,351]	[29,30,31,32,33,34,35,36,37,38,39,40,42,44,45,46,49,50,53,62,63,66,70,91,92]	[265,266,267,268,269,270,271,282,346,348,349,351,352,354,355,356,357,358,359,364,365,367,368,379,380,381,382,383,384,386,400,404,405,532,573,576,577]
Q9BXH1_Q9DHU6	-1	-1	0.6703051864388425	0.51724120095131	0.3191488682661982	0.0	0.0	0.9374994140628662	0.5769228550296711	13	16	21	26	[167,168,170,171,172,174,175,176,177,178,179,180,181]	[49,52,53,56,59,60,63,64,80,84,87,88,90,92,93,96]	[130,131,132,133,134,136,137,138,140,141,142,143,144,145,146,147,148,149,151,152,155]	[48,49,52,53,56,59,60,63,65,75,76,79,80,83,84,87,88,90,92,93,96,138,141,142,143,144]
P01579_Q66793	-1	-1	0.33710082249138174	0.24999984375009765	0.09999997500000624	0.22222197530891633	0.09523804988664292	0.2857138775516035	0.10526310249310396	9	7	21	19	[22,48,54,55,58,60,118,154,158]	[97,196,198,239,246,249,250]	[24,25,27,28,32,35,36,41,42,43,44,45,46,47,48,49,50,51,53,60,99]	[45,47,48,49,50,52,73,74,75,78,89,91,93,97,137,192,193,194,196]
P68036_Q3YTH2	-1	-1	0.26880271212495704	0.3333331111112593	0.13888885030865267	0.7142846938790088	0.31249980468762206	0.0	0.0	7	8	16	20	[17,63,96,97,98,100,103]	[9,10,11,13,15,16,17,19]	[2,5,6,9,13,60,62,63,64,92,93,94,96,97,98,100]	[47,49,77,78,79,80,81,82,83,99,100,102,124,128,131,132,149,150,152,154]
O14646_Q38SQ2	-1	-1	-1	-1	-1	-1	-1	[]	[]	[]	[]
P03407_P08631	-1	-1	0.040360837867514834	0.22413789239001855	0.196969667125808	0.4814813031550729	0.4062498730469146	0.0	0.0	27	31	32	34	[1,2,3,4,5,6,7,8,62,74,75,76,77,79,80,81,84,86,90,94,97,98,116,119,128,129,172]	[47,49,50,51,52,54,55,56,58,60,61,65,67,68,70,71,72,73,75,76,78,412,415,416,430,431,468,472,496,497,498]	[68,69,70,71,72,73,74,75,76,77,78,79,80,81,82,84,86,90,94,98,109,117,119,120,121,122,125,127,162,165,168,169]	[86,87,88,89,90,91,92,93,94,95,96,101,113,114,127,130,131,132,147,148,150,153,157,174,175,203,204,205,206,212,214,215,217,218]
P01892_Q03463	-1	-1	-1	-1	-1	-1	-1	[]	[]	[]	[]
P04229_P12495	-1	-1	0.17992525125630437	0.018181814876033656	0.03571427295918823	0.03846152366864474	0.06666662222225185	0.0	0.0	26	29	15	13	[12,15,16,17,18,19,20,21,22,23,25,26,32,37,39,63,118,122,136,138,139,141,177,178,182,236]	[22,23,24,26,91,98,102,212,215,216,311,313,314,336,341,461,467,477,483,485,488,492,493,495,496,497,498,499,501]	[38,40,42,86,89,90,96,99,100,106,107,110,111,114,118]	[167,168,169,170,171,172,173,174,175,176,177,178,181]
P0C1C7_P31947	-1	-1	0.2729646155443602	0.026666663111111585	0.10526310249310396	0.0	0.0	0.0540540394448542	0.1333332444445037	38	37	4	15	[124,125,126,128,130,143,144,148,150,157,158,159,160,162,164,165,167,170,196,198,200,201,202,205,207,211,213,214,218,219,230,232,233,235,293,416,420,421]	[8,12,14,15,16,17,18,20,21,50,54,57,61,67,68,71,72,77,80,195,210,213,214,217,218,221,224,225,228,229,233,235,236,238,239,242,243]	[446,447,448,450]	[49,56,60,122,133,171,175,178,182,219,222,225,226,229,230]
P78423_Q7TDW8	-1	-1	0.06150272444672433	0.020408159100375693	0.043478241965981754	0.0	0.0	0.03571427295918823	0.08333326388894677	21	28	11	12	[70,112,185,187,190,210,275,277,278,279,280,281,282,283,285,286,287,335,338,349,360]	[8,15,25,27,28,30,33,124,173,174,176,178,179,221,222,223,226,227,229,268,269,296,297,298,299,300,302,303]	[40,41,42,43,44,46,47,68,69,71,73]	[167,169,209,225,227,310,311,313,314,315,316,318]
P03466_P03989	-1	-1	0.18059863719884015	0.0	0.0	0.0	0.0	0.0	0.0	40	40	9	20	[145,146,150,176,177,180,184,272,273,274,275,276,277,299,300,301,305,307,308,309,310,311,313,314,344,345,347,355,357,358,359,360,361,463,464,465,466,468,469,476]	[30,36,38,45,47,59,72,112,114,116,120,135,139,143,144,145,146,214,215,216,217,218,219,222,226,249,250,251,252,253,254,256,257,258,259,260,261,266,268,272]	[383,384,385,386,387,388,389,390,391]	[86,90,93,94,97,100,101,108,121,123,140,170,171,174,176,179,180,183,187,191]
O14646_T2F8K6	-1	-1	-1	-1	-1	-1	-1	[]	[]	[]	[]
P01857_P19909	-1	-1	0.3787500846465719	0.0	0.0	0.0	0.0	0.0	0.0	22	18	15	14	[33,35,36,54,55,56,57,63,88,205,234,235,237,239,240,243,249,275,283,284,292,330]	[4,31,32,42,45,46,47,48,50,67,68,121,122,123,124,126,130,522]	[135,136,137,138,194,263,265,268,270,316,317,318,319,320,321]	[394,395,396,398,399,402,403,406,411,412,413,414,415,416]
P62330_Q7DB50	-1	-1	0.22311755176357506	0.08333329861112558	0.05128203813281073	0.09090900826453795	0.0499999750000125	0.07692301775152481	0.05263155124655198	11	13	20	19	[3,6,13,47,49,58,62,69,73,76,79]	[1,2,3,30,32,33,73,77,81,89,138,139,142]	[31,35,37,38,39,40,41,42,43,44,45,48,68,69,72,75,105,125,157,158]	[89,90,111,112,113,148,149,150,151,152,154,183,185,302,306,351,352,353,354]
Q96HN0_Q9YIV0	-1	-1	0.7322515135863469	0.536585234979211	0.8799996480001409	0.4285712244898931	0.8999991000009	0.6499996750001625	0.8666660888892741	21	20	10	15	[12,144,145,148,155,159,162,163,164,166,167,168,170,171,173,174,175,176,177,179,180]	[3,7,10,37,38,41,44,45,49,52,66,70,73,74,77,140,141,142,162,164]	[163,164,166,167,170,171,174,175,178,180]	[3,7,34,37,38,41,44,45,48,49,66,70,73,74,77]
P08174_Q9QP24	-1	-1	0.23128622878780278	0.12499994791668836	0.2727270247936138	0.0714285204081997	0.24999937500156252	0.1999998000002	0.2857138775516035	14	10	4	7	[131,177,183,185,197,198,199,201,203,205,206,208,215,221]	[47,49,272,274,276,277,279,280,282,284]	[177,192,246,266]	[199,205,268,270,271,274,276]
P08411_Q9UN86	-1	-1	-1	-1	-1	-1	-1	[]	[]	[]	[]
P04626_P38507	-1	-1	-1	-1	-1	-1	-1	[]	[]	[]	[]
P01730_Q1PHM6	-1	-1	0.1329119198574841	0.0	0.0	0.0	0.0	0.0	0.0	34	35	21	26	[206,208,213,214,216,217,218,220,260,273,275,276,277,281,283,285,343,345,346,367,369,376,377,378,381,385,388,400,401,404,408,411,412,418]	[19,23,26,27,30,34,115,116,117,405,406,407,408,409,410,411,412,413,414,415,416,419,501,502,504,505,506,507,508,509,510,529,530,697,701]	[50,52,54,57,58,59,60,65,66,67,68,69,70,71,73,77,84,85,88,110,113]	[123,271,276,277,278,279,359,360,361,362,364,365,424,426,428,429,430,454,456,458,459,461,471,474,475,476]
P02679_Q2G015	-1	-1	-1	-1	-1	-1	-1	[]	[]	[]	[]
P04229_P04664	-1	-1	0.04773496147417973	0.11111106995886298	0.10344824019026201	0.0	0.0	0.21428556122459913	0.24999979166684028	13	14	17	12	[28,35,62,63,127,134,137,138,173,174,175,178,180]	[56,57,59,60,62,78,92,274,279,282,310,312,315,326]	[38,40,42,85,86,89,90,96,99,100,106,107,110,111,114,118,119]	[306,307,308,309,310,311,312,313,314,315,316,317]
P69905_Q2FG07	-1	-1	0.07789547031054501	0.0	0.0	0.0	0.0	0.0	0.0	4	5	35	32	[35,95,97,142]	[37,38,44,45,873]	[5,6,8,9,10,12,13,16,17,19,20,42,43,45,46,47,54,55,57,58,61,62,65,68,69,72,73,75,79,82,83,86,87,90,92]	[363,366,368,391,392,394,395,419,420,421,443,444,447,449,492,495,499,503,556,559,561,562,564,567,568,637,638,640,641,643,644,646]
P30460_Q3KST2	-1	-1	0.17402884657416418	0.0	0.0	0.0	0.0	0.0	0.0	79	70	23	9	[26,28,30,34,36,38,39,40,41,45,47,51,54,55,56,59,63,71,72,74,77,106,107,109,110,111,112,113,114,115,116,118,120,122,135,139,141,143,144,145,146,149,151,152,158,160,161,169,214,216,217,218,219,220,226,228,235,236,250,252,253,254,256,257,258,259,260,261,262,263,265,266,268,301,311,315,318,358,360]	[187,188,458,510,513,515,516,517,518,519,520,535,650,651,653,656,657,658,659,660,661,662,663,664,665,667,691,693,695,720,722,723,724,725,732,734,738,778,780,793,802,803,804,805,807,808,824,825,827,856,889,892,895,896,897,898,899,905,906,907,909,918,921,922,923,924,925,926,927,929]	[31,86,87,90,93,94,97,98,100,101,104,108,123,140,170,171,174,176,179,180,183,187,191]	[325,326,327,328,329,330,331,332,333]
P05362_V9VEF3	-1	-1	-1	-1	-1	-1	-1	[]	[]	[]	[]
P0DP24_Q5ZTK6	-1	-1	0.342035785203781	0.4166666280864233	0.4245282618369564	0.5192306693787174	0.47368412742383725	0.3214285140306225	0.36734686380676246	52	56	57	49	[8,9,12,15,16,19,20,37,38,40,41,42,43,45,47,48,51,52,55,56,72,73,75,76,77,79,81,82,84,85,88,89,91,92,93,95,96,97,108,110,112,113,115,116,117,121,124,125,128,145,146,149]	[1,2,4,5,7,8,9,10,11,12,13,14,15,16,18,19,20,24,26,220,221,226,498,501,505,522,524,525,528,770,774,775,776,778,834,835,836,837,838,839,840,841,842,843,844,845,847,848,849,850,851,852,854,855,856,857]	[3,4,6,8,9,11,12,14,15,16,18,19,20,22,23,24,25,26,27,35,38,39,41,61,63,65,66,67,68,77,85,86,89,90,92,93,95,105,106,108,110,113,114,115,116,117,120,121,124,125,128,142,143,145,146,147,148]	[98,99,100,101,102,103,105,106,107,284,479,651,655,657,660,759,763,766,767,770,796,800,801,804,805,808,812,830,831,833,834,835,837,838,839,840,841,842,843,844,845,846,847,848,849,850,851,852,853]
P01024_Q931M7	-1	-1	-1	-1	-1	-1	-1	[]	[]	[]	[]
P01730_Q0ED31	-1	-1	0.16428780125633446	0.0	0.0	0.0	0.0	0.0	0.0	45	44	23	27	[175,176,177,205,206,208,210,212,217,228,279,281,333,334,335,336,337,339,343,345,346,347,348,349,352,354,355,356,365,366,367,369,374,375,376,377,378,379,388,390,411,418,421,425,432]	[25,32,33,116,140,141,142,143,144,145,146,147,148,149,150,152,153,155,178,182,184,186,188,203,204,205,206,207,208,209,210,211,212,213,214,215,217,251,375,377,379,381,413,701]	[47,48,50,52,54,57,58,59,60,65,66,67,68,69,70,71,73,77,84,85,88,110,115]	[281,282,283,284,285,365,366,367,368,370,371,419,420,421,423,424,449,451,452,453,454,455,463,466,467,468,470]
B7UI21_Q13158	-1	-1	0.6703849350580386	0.1499999250000375	0.058823517877741587	0.14285693877580175	0.03448274673008733	0.15384603550304962	0.09090904958679565	7	13	29	22	[1,169,247,248,299,300,301]	[64,65,68,83,106,135,179,180,183,187,190,191,195]	[145,149,150,151,153,154,157,161,179,180,181,182,249,250,251,253,277,278,279,281,283,284,289,292,297,299,303,327,329]	[106,107,109,110,111,113,114,117,118,120,122,123,124,127,130,131,135,136,137,138,167,169]
B7UM99_P16333	-1	-1	0.11678585317335224	0.1923076183432237	0.18518511659810497	0.35714260204099857	0.49999950000050003	0.0	0.0	14	12	10	17	[98,99,102,111,116,229,235,477,478,479,480,481,482,483]	[16,17,19,38,55,108,116,128,150,187,235,236]	[470,472,473,475,476,477,478,479,480,481]	[289,311,312,326,328,329,330,331,342,343,344,355,359,360,362,363,369]
P0DOX7_P17763	-1	-1	-1	-1	-1	-1	-1	[]	[]	[]	[]
O43521_O57173	-1	-1	0.0761436397227293	0.0	0.0	0.0	0.0	0.0	0.0	16	19	19	22	[176,177,180,181,183,184,185,187,188,190,191,192,194,195,197,198]	[3,4,7,10,11,14,17,18,21,25,34,73,77,123,158,160,161,163,164]	[143,144,145,146,147,148,149,150,151,152,153,155,156,157,158,159,160,162,163]	[96,99,100,104,107,110,111,114,117,119,120,121,124,128,132,136,138,139,140,141,144,185]
P03366_P43629	-1	-1	-1	-1	-1	-1	-1	[]	[]	[]	[]
P13198_Q13114	-1	-1	0.3531352871496627	0.0	0.0	0.0	0.0	0.0	0.0	15	20	7	15	[71,72,74,225,250,356,357,358,359,364,365,366,367,370,372]	[15,16,17,18,19,20,25,279,281,282,285,286,295,299,302,303,306,310,506,567]	[204,205,206,207,208,209,210]	[438,457,463,464,465,512,513,515,518,519,530,531,532,533,535]
P63000_Q51451	-1	-1	0.09204907837636114	0.41379296076104805	0.21052627885503877	0.6666662222225186	0.3846152366864474	0.1428570408163994	0.06451610822061025	15	14	26	31	[1,31,33,34,39,40,41,43,52,61,62,63,66,70,73]	[6,7,92,100,104,158,159,160,161,162,312,365,414,415]	[11,12,13,31,32,33,34,35,36,37,38,39,56,61,62,63,64,66,67,69,70,73,104,116,128,132]	[96,97,98,100,101,102,104,105,106,108,109,111,112,115,116,119,133,136,137,140,141,142,146,150,153,154,182,183,186,187,196]
P05362_Q7T7N6	-1	-1	-1	-1	-1	-1	-1	[]	[]	[]	[]
P01889_P12478	-1	-1	0.1532869853867059	0.13888885030865267	0.17241373365043666	0.0	0.0	0.3333331111112593	0.5555549382722909	21	15	20	9	[32,45,47,51,59,72,120,122,135,139,144,152,226,228,256,258,259,260,263,266,268]	[53,54,57,68,69,70,72,74,75,77,78,79,80,82,86]	[86,87,90,93,94,97,100,101,104,108,123,140,170,171,176,179,180,183,187,191]	[78,79,80,81,82,83,84,85,86]
P62805_Q1HVJ0	-1	-1	-1	-1	-1	-1	-1	[]	[]	[]	[]
P01903_P0A0L3	-1	-1	0.06941429515308406	0.0	0.0	0.0	0.0	0.0	0.0	17	19	18	9	[12,16,22,24,25,27,29,31,166,168,226,230,231,234,238,241,242]	[6,10,14,21,59,61,63,166,167,168,207,209,210,231,232,260,262,264,266]	[38,42,43,44,45,61,62,63,64,65,82,83,85,86,89,92,93,96]	[69,71,94,119,121,123,236,239,242]
P03172_Q15223	-1	-1	0.13338263092046437	0.14999996250000935	0.06593405868856497	0.19047609977328583	0.08510636487098619	0.10526310249310396	0.045454535123969284	21	19	47	44	[57,58,60,86,88,89,92,104,107,164,173,213,215,216,217,219,221,223,224,330,331]	[188,223,232,233,234,236,240,418,469,484,485,486,488,490,501,502,509,516,517]	[48,49,50,51,52,61,62,63,64,75,76,77,78,79,101,104,105,107,108,109,110,111,112,113,157,162,164,197,198,223,225,226,231,235,240,241,242,243,245,246,247,248,255,256,259,260,263]	[59,61,63,64,68,73,74,75,76,77,80,84,85,86,87,88,90,94,95,113,115,125,127,128,129,130,131,133,147,149,150,151,152,153,154,176,198,202,208,236,237,238,239,240]
P0CG48_Q99PZ6	-1	-1	0.5316434849008355	0.07142854591837645	0.04999998750000312	0.06666662222225185	0.05263155124655198	0.07692301775152481	0.04761902494332146	15	13	19	21	[453,488,489,519,520,639,640,641,642,643,645,648,679,682,685]	[11,12,13,15,60,162,167,169,171,175,178,179,182]	[614,616,650,652,653,654,655,656,657,659,662,665,666,667,668,676,678,679,680]	[119,120,123,124,126,127,128,130,131,135,162,165,166,170,173,174,177,180,181,184,188]
P01892_Q9DIT6	-1	-1	-1	-1	-1	-1	-1	[]	[]	[]	[]
P0CG48_Q66431	-1	-1	-1	-1	-1	-1	-1	[]	[]	[]	[]
O89343_P52799	-1	-1	0.0612951289183627	0.039999992000001594	0.028169010117040826	0.0	0.0	0.07692304733728948	0.055555540123461075	24	26	35	36	[47,65,69,73,163,164,166,167,169,187,191,192,204,212,258,259,517,518,541,599,600,602,603,604]	[26,27,28,29,31,57,68,113,224,225,228,229,232,236,239,254,302,304,316,318,319,321,327,329,331,333]	[213,237,238,239,240,241,242,244,246,305,388,389,401,402,404,458,490,491,492,501,504,505,506,507,529,530,531,532,533,555,557,559,581,583,588]	[54,55,57,88,92,93,94,96,97,98,100,102,103,104,105,106,108,109,110,111,113,115,116,117,118,119,120,121,122,123,124,125,127,130,148,149]
D4QGA2_Q14108	-1	-1	0.17763921990430412	0.10344824019026201	0.09677416233091538	0.18749988281257324	0.15789465373965592	0.0	0.0	16	13	19	12	[204,205,206,208,210,213,236,384,386,567,569,573,781,782,785,850]	[77,82,305,306,314,315,316,317,347,351,354,357,402]	[138,203,204,206,207,211,213,214,215,216,217,218,222,225,227,228,230,231,323]	[154,155,158,161,162,163,187,189,190,191,192,193]
A9PKC6_Q16630	-1	-1	0.516130787606715	0.1212120844811865	0.19047609977328583	0.0	0.0	0.2222220987655007	0.33333305555578707	15	18	9	12	[115,186,189,219,228,239,240,242,244,256,262,266,267,269,270]	[10,13,22,23,25,26,27,28,30,32,35,36,255,282,283,284,285,287]	[85,89,99,102,106,134,138,139,140]	[276,277,278,279,280,281,283,284,285,286,287,288]
P62820_Q5ZSQ3	-1	-1	0.06802285546601604	0.23076905325457442	0.03370786138113917	0.5999988000024	0.06818180268595393	0.0	0.0	5	8	44	45	[44,75,76,79,193]	[24,147,171,172,173,178,179,219]	[3,5,6,7,8,9,10,11,13,19,20,34,36,38,39,40,41,42,43,44,45,46,47,48,61,65,67,68,69,71,72,73,74,75,77,78,79,82,83,84,85,101,116,175]	[373,376,377,380,407,410,411,414,415,418,421,422,423,424,426,427,428,431,432,434,435,437,438,441,442,444,445,448,449,450,451,452,453,454,456,478,480,483,484,512,516,526,527,530,534]
P0A6A8_Q9HD34	-1	-1	0.7348055787809638	0.8620686682521834	0.9615380917161186	0.8749994531253418	0.9999992857147959	0.8461531952667729	0.9166659027784144	16	13	14	12	[15,30,36,37,38,39,41,42,45,48,49,54,56,57,60,61]	[6,7,10,11,13,14,17,18,21,37,40,41,44]	[15,36,37,38,39,41,42,45,48,49,54,56,57,60]	[6,9,10,13,14,17,18,21,37,40,41,44]
P61586_Q8KNY0	-1	-1	0.7142509027997934	0.7692304733728949	0.3571427933673583	0.5714281632655976	0.3199998720000512	0.9999991666673611	0.3870966493236615	14	12	25	31	[14,15,34,36,38,63,64,65,66,67,68,69,90,134]	[45,49,50,52,100,102,110,151,154,155,180,183]	[5,26,27,33,34,35,36,37,38,39,40,41,42,43,45,54,56,58,61,63,65,66,68,69,72]	[22,45,49,50,51,52,97,100,102,106,109,110,142,148,149,150,151,153,154,155,175,176,179,180,181,182,183,204,206,207,209]
P12493_P49790	-1	-1	-1	-1	-1	-1	-1	[]	[]	[]	[]
A0A376KDN7_P00748	-1	-1	0.32716010833947917	0.12499992187504883	0.03571427933673583	0.33333277777870374	0.07407404663924198	0.0	0.0	6	10	27	29	[43,65,66,67,72,79]	[124,231,233,234,235,236,237,280,281,291]	[67,68,71,72,75,76,81,82,178,179,219,223,226,227,228,233,235,236,238,367,370,371,374,375,378,380,381]	[362,378,380,381,382,431,434,435,436,437,438,439,440,470,472,474,477,478,479,480,481,508,509,510,511,512,513,514,518]
P04608_P50750	-1	-1	0.1328186136235458	0.1538461242603607	0.6666661111115741	0.12499994791668836	0.9999966666777778	0.17857136479594116	0.5555549382722909	24	28	3	9	[2,4,7,8,9,10,11,12,30,32,33,34,35,36,38,39,40,42,43,44,45,47,51,52]	[8,10,11,12,13,52,55,57,58,59,61,64,68,71,72,84,86,96,97,99,139,142,143,144,173,175,176,177]	[9,11,12]	[144,172,173,175,176,177,181,182,183]
P01903_P04664	-1	-1	0.04977709420610737	0.04761902494332146	0.030303021120296626	0.0	0.0	0.11111098765445816	0.07692301775152481	12	9	20	13	[27,28,29,30,113,119,120,121,136,166,171,175]	[62,92,96,224,274,315,321,322,327]	[32,34,36,49,56,68,76,77,78,79,80,83,86,87,90,91,94,97,98,101]	[306,307,308,309,310,311,312,313,314,315,316,317,318]
P18465_Q70XD7	-1	-1	-1	-1	-1	-1	-1	[]	[]	[]	[]
O41925_P47992	-1	-1	0.040035127292071565	0.2666665777778074	0.15999996800000638	0.1333332444445037	0.07407404663924198	0.39999973333351113	0.26086945179589055	15	15	27	23	[6,17,95,145,149,153,156,157,160,186,191,221,223,226,228]	[11,12,18,20,22,24,25,26,27,28,29,30,31,33,54]	[104,105,106,107,108,146,147,149,151,153,165,194,198,250,251,252,261,292,293,294,295,296,297,298,299,381,384]	[28,29,30,31,33,34,35,36,37,38,39,40,41,44,54,64,66,67,68,69,74,75,76]
P10844_P21579	-1	-1	-1	-1	-1	-1	-1	[]	[]	[]	[]
P06210_P15151	-1	-1	-1	-1	-1	-1	-1	[]	[]	[]	[]
O00499_Q8JUX6	-1	-1	-1	-1	-1	-1	-1	[]	[]	[]	[]
P00747_P17811	-1	-1	0.60118272779299	0.099999950000025	0.099999950000025	0.0	0.0	0.1999998000002	0.1818180165290759	10	10	9	11	[212,213,214,216,220,602,625,626,628,629]	[1,58,108,110,171,180,181,182,183,288]	[576,577,578,579,580,581,582,583,585]	[51,60,61,106,108,170,171,179,230,231,235]
P80098_Q2F862	-1	-1	0.0430019468814148	0.3333331746032502	0.14285711370262985	0.49999950000050003	0.2380951247166073	0.1818180165290759	0.07142854591837645	10	11	21	28	[22,24,29,31,32,36,37,58,60,72]	[29,37,39,40,42,62,66,68,70,74,77]	[32,33,34,35,36,37,38,39,40,41,44,46,47,58,68,69,70,72,73,74,75]	[74,75,76,77,78,83,85,100,102,104,156,157,159,161,163,218,220,221,222,223,224,225,226,227,228,233,257,258]
P0CG48_P19811	-1	-1	-1	-1	-1	-1	-1	[]	[]	[]	[]
A8CDU0_P01903	-1	-1	0.0807913183695067	0.1860464683612864	0.2666665777778074	0.28571414965992875	0.49999958333368055	0.09090904958679565	0.11111104938275035	21	22	12	18	[4,6,7,8,18,20,27,62,66,67,69,70,71,72,73,74,75,82,84,85,88]	[24,26,27,28,29,30,31,32,34,51,52,54,69,70,72,73,87,119,120,166,168,175]	[59,60,62,63,64,65,66,67,68,69,70,71]	[34,36,49,76,77,78,79,80,83,86,87,90,91,93,94,97,98,101]
P01903_Q03909	-1	-1	0.09547941480771538	0.04054053506208986	0.08823526816609759	0.0	0.0	0.09374997070313415	0.23076905325457442	42	32	21	13	[16,17,19,20,21,22,24,26,27,28,29,31,33,117,118,119,121,123,126,127,136,160,163,166,171,173,175,201,206,211,212,215,219,222,223,226,230,233,244,245,248,251]	[1,2,5,297,300,303,307,309,320,328,332,335,343,387,458,460,461,464,465,468,471,475,478,509,513,520,523,525,533,537,538,541]	[32,34,36,49,56,68,76,77,78,79,80,83,86,87,90,91,93,94,97,98,101]	[327,328,329,330,331,332,333,334,335,336,337,338,339]
P62979_Q5ZTL4	-1	-1	0.04327620668045057	0.0714285204081997	0.013333331555555793	0.0	0.0	0.14285693877580175	0.026315782548478276	7	7	37	38	[135,136,137,138,140,143,147]	[19,147,173,174,175,179,182]	[6,7,8,9,10,11,18,20,21,22,24,25,28,31,32,33,34,35,36,37,38,39,40,42,44,47,52,53,54,55,57,58,68,70,71,72,73]	[29,31,35,36,39,40,42,43,47,66,69,70,71,72,73,75,76,79,95,99,121,123,126,128,144,145,146,147,148,163,164,166,228,229,230,254,255,256]
Q5ZUV9_Q9GZQ8	-1	-1	0.2805684573266155	0.1521738799622	0.3499998250000875	0.13636357438019348	0.2999997000003	0.16666659722225116	0.3999996000004	22	24	10	10	[3,5,9,10,12,13,15,16,17,18,19,20,21,25,28,29,53,54,56,57,58,359]	[11,18,19,22,23,25,26,27,30,49,51,52,53,55,65,66,69,70,88,90,91,92,94,97]	[25,28,29,33,34,35,379,380,381,427]	[61,62,65,74,75,76,89,90,91,92]
P13051_P14739	-1	-1	0.5868722581058965	0.5199997920000832	0.27659568583070515	0.0	0.0	0.7647054325262161	0.5652171455577628	8	17	24	23	[2,4,5,7,8,10,11,88]	[20,22,23,24,25,28,32,40,45,47,52,54,56,73,75,76,79]	[153,154,156,157,161,174,177,219,221,222,223,224,225,227,256,257,260,277,279,280,281,282,284,285]	[3,18,19,20,21,22,23,24,25,28,31,32,47,54,61,62,63,65,73,75,76,77,79]
A7UPX0_S6B2B6	-1	-1	0.059192049370435984	0.0	0.0	0.0	0.0	0.0	0.0	19	20	13	4	[89,318,321,324,326,329,330,357,407,411,414,418,446,449,513,526,527,530,541]	[6,7,11,18,20,22,63,65,133,137,161,165,198,201,202,203,204,262,266,268]	[131,132,135,138,178,179,180,182,184,185,186,253,255]	[74,79,125,129]
P03126_Q96QZ7	-1	-1	0.2819162462841672	0.035087713142506465	0.0540540394448542	0.06666664444445185	0.1999998000002	0.0	0.0	30	27	10	27	[3,4,10,11,12,13,42,54,62,63,65,72,76,79,83,86,99,101,107,109,118,119,120,129,134,137,144,156,157,158]	[156,157,160,162,165,166,169,170,255,271,273,280,285,287,313,315,328,873,880,883,1345,1370,1371,1381,1382,1407,1410]	[148,149,150,151,152,153,154,155,156,157]	[483,485,486,487,488,490,491,494,499,502,531,532,533,536,540,560,564,565,566,567,568,569,570,571,573,575,576]
C5MK56_Q1HVF7	-1	-1	0.5537231705186405	0.04032257739334053	0.17857136479594116	0.0	0.0	0.07692306508875921	0.45454504132268975	59	65	17	11	[11,12,14,15,30,36,39,40,41,45,47,51,54,55,56,59,61,63,64,65,70,72,74,77,115,116,118,120,122,135,139,141,143,144,145,146,152,173,175,202,205,212,226,228,230,254,256,258,259,263,266,268,302,303,304,305,307,309,352]	[1,2,21,22,23,24,25,26,27,28,40,42,44,111,116,118,143,144,146,147,148,149,150,151,152,155,156,158,159,160,161,218,219,220,221,222,223,234,235,236,237,238,246,247,248,249,250,251,300,301,302,303,404,405,406,408,409,410,411,412,419,422,423,424,491]	[86,90,93,94,97,100,101,104,108,170,171,176,179,180,183,187,191]	[407,408,409,410,411,412,413,414,415,416,417]
P02751_P14738	-1	-1	-1	-1	-1	-1	-1	[]	[]	[]	[]
P13645_Q7A382	-1	-1	-1	-1	-1	-1	-1	[]	[]	[]	[]
B0BXR4_P18206	-1	-1	-1	-1	-1	-1	-1	[]	[]	[]	[]
P03524_P29074	-1	-1	-1	-1	-1	-1	-1	[]	[]	[]	[]
Q786F2_Q96NY8	-1	-1	0.227494687268826	0.0	0.0	0.0	0.0	0.0	0.0	42	36	48	37	[4,5,22,28,36,39,42,43,46,50,52,53,55,56,59,61,62,63,69,72,73,76,77,80,87,132,133,134,135,137,138,140,141,142,143,144,145,147,153,197,203,212]	[214,232,239,241,251,255,256,257,258,346,353,357,360,361,364,368,376,424,428,452,454,455,456,457,458,467,470,497,498,499,500,501,502,503,504,505]	[189,279,280,281,302,316,318,330,332,333,334,335,336,338,387,388,389,391,392,419,420,421,422,458,459,461,462,464,482,483,485,486,498,499,500,505,506,508,530,532,541,543,544,546,547,548,549,550]	[32,33,34,35,36,37,38,39,41,42,43,46,49,51,55,57,58,59,60,61,63,64,81,83,84,85,86,107,130,132,133,134,135,136,137,138,142]
Q99IB8_Q9H8S9	-1	-1	-1	-1	-1	-1	-1	[]	[]	[]	[]
P08603_Q19KF7	-1	-1	-1	-1	-1	-1	-1	[]	[]	[]	[]
O60885_Q8UN00	-1	-1	-1	-1	-1	-1	-1	[]	[]	[]	[]
Q31610_T2D0U8	-1	-1	0.3428592243784641	0.13999997200000558	0.24137922711061136	0.0	0.0	0.3333331746032502	0.7777769135812072	29	21	20	9	[30,32,34,36,38,41,45,47,49,51,54,56,59,72,116,118,120,122,135,139,141,143,144,145,146,256,257,258,259]	[15,18,19,21,22,25,26,29,30,33,34,35,37,38,40,41,42,44,45,46,47]	[86,90,93,94,97,100,101,104,108,123,140,170,171,174,176,179,180,183,187,191]	[34,35,36,37,38,39,40,41,42]
P02671_Q7A382	-1	-1	-1	-1	-1	-1	-1	[]	[]	[]	[]
P78310_Q64823	-1	-1	0.03787478682496266	0.0	0.0	0.0	0.0	0.0	0.0	9	9	16	22	[65,193,332,345,348,351,353,355,358]	[139,287,289,291,293,302,306,308,358]	[19,21,23,24,25,26,27,28,30,31,38,40,96,128,129,134]	[197,198,199,200,201,229,230,239,240,241,242,243,245,247,258,259,261,297,298,331,332,340]
P78406_Q8B0H7	-1	-1	0.11807554843482551	0.07692305719921609	0.06666665185185514	0.13636357438019348	0.13636357438019348	0.0	0.0	22	17	22	23	[62,64,86,88,106,108,129,149,151,171,189,208,213,236,270,338,339,340,341,342,343,344]	[27,45,73,94,97,98,99,100,102,203,204,206,207,208,209,211,228]	[170,171,189,190,191,206,208,209,210,212,239,250,251,254,255,256,257,258,304,305,306,307]	[49,50,51,52,53,54,55,56,57,58,59,60,61,140,144,188,213,215,216,217,218,219,223]
P12504_Q15370	-1	-1	0.12102712074293034	0.09090900826453795	0.0714285204081997	0.0	0.0	0.16666638888935187	0.16666638888935187	5	6	8	6	[8,11,12,15,145]	[32,33,34,35,36,103]	[153,155,163,165,166,167,168,171]	[99,102,103,106,117,118]
Q68T42_Q9H3P7	-1	-1	-1	-1	-1	-1	-1	[]	[]	[]	[]
Q66479_Q9H3P7	-1	-1	-1	-1	-1	-1	-1	[]	[]	[]	[]
P04229_P0A0M0	-1	-1	0.19712861642906807	0.040816318200751385	0.08695648393196351	0.0399999840000064	0.0999999000001	0.04166664930556279	0.07692301775152481	25	24	10	13	[31,33,35,110,111,114,129,131,132,134,135,136,137,138,177,178,179,180,185,187,220,228,231,235,242]	[11,15,18,19,22,25,26,29,33,36,39,40,43,44,46,66,67,68,70,72,73,230,240,241]	[50,94,95,98,99,102,105,106,109,110]	[131,132,133,135,137,139,147,149,151,193,229,230,232]
P35968_P52584	-1	-1	0.163972541583088	0.0	0.0	0.0	0.0	0.0	0.0	23	19	18	15	[2,6,9,13,408,929,1057,1058,1061,1064,1066,1069,1070,1104,1108,1110,1111,1112,1113,1304,1305,1306,1307]	[16,18,19,20,21,22,23,27,30,31,34,70,72,73,74,75,117,122,133]	[133,135,137,196,215,217,218,219,253,255,256,257,274,275,286,288,312,313]	[50,51,53,54,55,56,58,91,93,95,96,97,98,99,101]
P04003_P16947	-1	-1	0.6853600245345836	0.0	0.0	0.0	0.0	0.0	0.0	24	20	23	29	[240,241,243,246,247,248,251,252,253,254,260,262,264,268,276,277,278,280,282,284,286,288,289,290]	[211,212,213,214,215,216,217,218,219,220,221,222,223,224,225,226,227,364,367,370]	[78,86,87,88,89,90,91,109,110,111,112,114,115,117,118,120,121,124,126,127,128,129,161]	[57,58,61,62,63,64,65,66,67,68,69,70,71,72,73,74,75,76,78,79,81,82,83,84,85,86,87,89,90]
P05164_Q2G0X2	-1	-1	0.04218028791955127	0.24999979166684028	0.0434782545683689	0.39999920000160005	0.04999998750000312	0.14285693877580175	0.03448274673008733	5	7	40	29	[304,305,395,576,577]	[9,10,12,13,14,16,31]	[192,265,266,267,268,269,270,271,272,282,332,346,348,349,351,352,355,356,357,358,359,364,365,367,368,379,380,381,382,383,384,386,400,404,405,408,532,573,576,577]	[30,31,32,33,34,35,36,37,38,39,40,41,42,44,46,47,48,51,52,55,65,68,69,72,75,76,90,91,93]
P30996_P63027	-1	-1	-1	-1	-1	-1	-1	[]	[]	[]	[]
Q15843_Q7N439	-1	-1	0.0451924947904663	0.5925923731139359	0.2711863947141704	0.9285707653065962	0.464285548469447	0.23076905325457442	0.09677416233091538	14	13	28	31	[6,8,9,10,34,42,44,47,68,70,71,73,74,81]	[30,32,33,35,36,40,83,184,186,208,210,260,263]	[6,8,9,10,11,12,24,31,32,33,34,35,36,37,38,39,40,42,44,46,47,66,68,70,71,72,73,74]	[80,81,82,83,98,102,105,106,114,115,116,118,119,120,124,125,127,129,130,149,153,180,182,185,208,210,211,215,217,272,274]
P13645_Q6GDH2	-1	-1	-1	-1	-1	-1	-1	[]	[]	[]	[]
P0ABE7_P50052	-1	-1	0.4702446798716111	0.0	0.0	0.0	0.0	0.0	0.0	9	7	4	5	[1,8,15,16,19,22,23,26,71]	[52,59,67,102,106,109,111]	[40,41,43,114]	[35,36,288,289,290]
P03204_P03989	-1	-1	0.15591738006373682	0.03468207892011104	0.21428563775512938	0.0	0.0	0.06896550931430927	0.31578930747931183	86	87	9	19	[101,102,137,138,139,185,186,210,280,281,282,285,286,288,289,319,320,402,404,405,407,506,514,515,516,517,518,519,591,592,593,594,620,621,622,624,626,628,629,631,632,644,645,646,647,650,651,652,653,654,656,657,661,663,664,665,666,667,668,669,670,693,733,734,789,807,809,810,811,812,813,814,915,916,917,918,919,920,962,966,967,971,972,973,974,975]	[19,22,26,28,32,36,38,39,40,43,45,53,63,97,100,104,107,108,109,110,111,112,113,114,115,116,118,120,130,132,133,135,139,143,144,145,146,149,151,152,153,155,156,158,159,160,161,162,165,166,168,170,172,173,174,175,178,179,181,218,219,221,222,226,228,235,236,238,243,248,249,250,251,253,254,256,257,258,259,265,266,268,272,274,349,350,351]	[258,259,260,261,262,263,264,265,266]	[86,89,90,93,94,97,100,101,104,108,123,170,171,176,179,180,183,187,191]
Q45894_Q496J9	-1	-1	-1	-1	-1	-1	-1	[]	[]	[]	[]
P26664_Q8IUC6	-1	-1	-1	-1	-1	-1	-1	[]	[]	[]	[]
P03135_Q8IZA0	-1	-1	-1	-1	-1	-1	-1	[]	[]	[]	[]
P01892_P03485	-1	-1	0.4539571871783897	0.0	0.0	0.0	0.0	0.0	0.0	22	16	17	9	[41,45,63,112,114,115,116,145,212,214,216,218,222,226,230,253,266,268,272,301,304,306]	[71,78,131,134,135,138,139,141,142,146,191,192,194,214,221,222]	[87,90,93,94,97,100,101,104,108,170,171,176,179,180,183,187,191]	[58,59,60,61,62,63,64,65,66]
P0C210_P46934	-1	-1	-1	-1	-1	-1	-1	[]	[]	[]	[]
P04610_Q92831	-1	-1	0.11833824909521509	0.0	0.0	0.0	0.0	0.0	0.0	11	14	8	14	[1,2,3,5,7,8,11,23,41,42,43]	[107,112,137,138,172,176,181,195,393,395,400,401,402,403]	[46,47,48,49,51,52,53,54]	[750,752,753,755,756,757,758,759,762,763,801,802,804,805]
H6QM92_P24928	-1	-1	-1	-1	-1	-1	-1	[]	[]	[]	[]
E5LC01_O60885	-1	-1	-1	-1	-1	-1	-1	[]	[]	[]	[]
P01889_Q6SW59	-1	-1	0.15789041551924804	0.0	0.0	0.0	0.0	0.0	0.0	40	31	21	11	[32,34,36,38,41,45,47,49,51,59,61,63,64,72,109,111,120,144,145,146,160,161,162,218,219,222,226,249,250,253,254,256,257,258,259,260,261,263,266,268]	[217,219,220,221,222,223,225,381,383,386,390,477,482,484,488,493,494,496,497,500,501,503,504,505,510,514,518,521,522,525,528]	[86,87,90,93,94,97,100,101,104,108,123,140,170,171,174,176,179,180,183,187,191]	[265,266,267,268,269,270,271,272,273,274,275]
B9V0E2_Q8TCD0	-1	-1	-1	-1	-1	-1	-1	[]	[]	[]	[]
P24768_Q13618	-1	-1	0.7159777287233109	0.09090904958679565	0.0465116170903216	0.0	0.0	0.1428570408163994	0.09523804988664292	8	14	22	21	[1,2,3,4,6,7,241,243]	[132,133,134,135,136,137,138,141,195,196,420,456,459,460]	[44,45,48,51,53,54,55,56,59,63,66,96,99,100,102,104,131,132,133,134,135,136]	[49,50,51,52,53,54,55,58,59,62,66,68,118,120,121,124,125,128,129,133,134]
P24928_Q5V8Z9	-1	-1	-1	-1	-1	-1	-1	[]	[]	[]	[]
P13746_R4P6M5	-1	-1	0.1489258063087309	0.0	0.0	0.0	0.0	0.0	0.0	37	35	20	10	[32,34,38,110,111,112,114,115,116,118,120,122,139,143,144,145,146,216,218,226,228,230,249,250,251,252,253,254,256,258,260,262,266,268,272,356,357]	[8,52,55,59,130,165,168,171,173,391,392,409,410,411,412,413,414,415,416,417,418,419,422,423,426,427,429,430,434,441,445,448,449,451,488]	[86,87,90,93,94,97,100,101,104,108,123,170,171,176,179,180,182,183,187,191]	[188,189,190,191,192,193,194,196,197,198]
P05534_Q9Q5D4	-1	-1	0.15285598160211034	0.18181812672177977	0.20689648038052402	0.0	0.0	0.3749997656251465	0.5999994000006	17	16	19	10	[51,144,145,146,216,218,226,228,253,254,256,258,259,260,261,262,268]	[13,17,114,118,124,125,129,131,132,133,134,135,136,137,139,140]	[90,93,94,96,97,100,101,104,108,123,170,171,174,179,180,183,187,190,194]	[126,127,128,129,130,131,132,133,134,135]
P05161_Q6TQR6	-1	-1	-1	-1	-1	-1	-1	[]	[]	[]	[]
P0CG47_Q6RCR4	-1	-1	0.402140727044979	0.12280699599877262	0.10606058999081969	0.20689648038052402	0.19354832466183075	0.03571427295918823	0.028571420408165595	29	28	31	35	[1,2,9,10,11,12,14,16,18,29,33,34,63,73,78,80,85,86,87,88,90,109,110,184,191,224,226,227,228]	[66,67,70,71,74,75,78,82,328,333,363,364,366,369,379,417,470,474,609,734,737,761,762,764,765,766,768,771]	[158,160,161,183,184,185,186,187,188,189,191,192,194,197,198,199,200,201,203,211,212,214,218,220,222,223,224,225,226,227,228]	[16,38,42,43,44,45,47,50,51,66,271,273,276,277,278,281,283,284,319,320,321,324,325,433,434,437,438,441,442,443,463,464,503,504,505]
F5HF68_Q93009	-1	-1	0.41593549859611534	0.057142851700680786	0.31578930747931183	0.11538459319527053	0.8571416326548106	0.0	0.0	52	53	7	12	[2,6,12,13,14,22,23,24,33,34,38,40,41,42,43,44,45,47,48,49,50,51,52,53,58,63,66,70,73,77,80,104,128,129,130,131,132,133,153,287,293,294,313,315,318,329,347,349,368,406,407,431]	[1,8,11,12,13,14,128,129,161,201,202,217,277,287,288,289,290,291,411,416,417,418,483,784,788,816,821,824,828,829,830,831,832,833,834,835,858,860,862,863,866,869,871,957,960,961,966,968,1068,1070,1087,1090,1091]	[44,45,46,47,48,49,50]	[102,104,152,153,155,162,164,165,166,167,168,169]
O50835_P02751	-1	-1	-1	-1	-1	-1	-1	[]	[]	[]	[]
P03180_Q13651	-1	-1	0.08257856454511428	0.0	0.0	0.0	0.0	0.0	0.0	6	4	19	20	[68,69,70,124,126,127]	[337,443,446,449]	[30,31,32,34,35,38,39,41,42,45,46,49,50,52,54,55,56,57,58]	[64,65,66,67,69,94,97,115,116,117,119,121,122,164,166,208,210,211,212,213]
P52799_Q9IH62	-1	-1	0.07587954099722391	0.0	0.0	0.0	0.0	0.0	0.0	22	19	31	30	[31,34,211,212,213,214,221,222,225,226,229,230,232,233,236,237,240,244,248,251,254,255]	[42,46,50,57,60,61,64,68,71,72,75,112,113,160,161,162,163,166,554]	[54,55,57,93,94,96,97,98,100,102,103,104,105,106,108,109,110,111,113,115,116,117,118,119,120,121,122,123,124,125,127]	[238,239,240,241,242,305,388,389,401,402,404,458,490,491,492,501,504,505,506,528,530,531,532,533,555,557,559,581,583,588]
C6UYL8_Q9UQB8	-1	-1	0.21582302719303015	0.06578946502770197	0.21739120982990878	0.0	0.0	0.12195118976800248	0.38461508875762407	35	41	10	13	[14,16,42,45,46,47,48,74,76,79,81,83,84,172,173,176,180,185,187,192,245,385,431,432,433,434,435,446,523,528,531,533,534,535,536]	[27,30,34,92,95,99,115,188,192,194,196,198,199,200,202,205,206,209,214,216,217,224,233,344,347,349,388,389,390,470,491,506,507,508,509,510,538,539,540,541,542]	[453,454,455,456,457,458,459,461,462,463]	[108,111,114,115,118,122,188,191,192,193,195,196,199]
P03205_P04229	-1	-1	0.4158136196085622	0.0	0.0	0.0	0.0	0.0	0.0	15	18	12	15	[8,11,12,19,22,23,26,37,76,78,80,81,171,188,207]	[39,107,117,118,121,122,134,178,180,181,232,235,236,239,240,247,250,254]	[104,105,106,107,108,110,111,154,155,157,160,220]	[71,72,73,74,75,77,88,89,91,92,93,94,95,98,101]
Q8IZA0_Q9YIJ1	-1	-1	-1	-1	-1	-1	-1	[]	[]	[]	[]
P05889_P62937	-1	-1	0.6745496514681749	0.07692301775152481	0.04545452479339782	0.0	0.0	0.16666638888935187	0.08333326388894677	7	6	10	12	[65,69,211,214,215,254,312]	[69,73,95,118,125,144]	[218,219,220,221,222,223,224,225,227,229]	[55,57,60,71,72,73,82,102,103,121,126,148]
P02679_P14738	-1	-1	-1	-1	-1	-1	-1	[]	[]	[]	[]
Q8BES6_Q9H3P7	-1	-1	-1	-1	-1	-1	-1	[]	[]	[]	[]
Q56061_Q8IWE5	-1	-1	0.05958579537677049	0.03260869210775086	0.0810810591672813	0.06249998697916938	0.16666657407412552	0.0	0.0	48	44	18	19	[1,8,12,16,21,23,24,26,27,28,29,30,31,32,33,34,35,43,90,91,92,103,104,136,139,149,153,155,156,157,158,159,160,216,219,223,241,243,246,253,254,256,259,260,328,330,331,334]	[9,12,16,20,205,207,457,458,459,460,461,462,463,465,466,471,474,514,516,517,520,548,557,558,559,560,562,563,564,565,566,567,569,570,573,575,577,578,587,590,591,699,703,1019]	[22,23,24,26,55,56,57,58,59,115,118,126,127,128,130,131,132,134]	[822,823,824,827,828,829,830,831,832,833,834,844,846,858,866,869,872,873,874]
K4LC41_P05161	-1	-1	-1	-1	-1	-1	-1	[]	[]	[]	[]
P08393_Q93009	-1	-1	0.4782338665605378	0.04605263006405823	0.3499999125000218	0.06874999570312526	0.8461531952667729	0.020833331886574175	0.11111106995886298	160	144	13	27	[1,2,6,15,17,18,19,25,26,27,28,29,30,31,32,33,35,40,41,42,61,62,63,64,65,66,83,85,86,87,88,89,92,93,94,111,122,211,212,221,248,249,250,255,258,260,261,262,263,264,265,266,267,268,269,270,318,363,365,366,367,368,369,386,387,388,389,390,391,392,393,394,395,435,436,437,438,439,440,442,443,444,445,449,455,464,465,466,467,468,469,470,471,504,506,551,558,559,560,561,562,563,564,565,566,567,568,569,571,610,611,612,613,614,615,616,617,618,619,620,621,624,625,626,627,628,629,630,644,645,646,647,648,649,650,651,653,672,674,675,676,677,680,681,686,717,718,719,720,721,745,747,754,755,756,757,758,759,760,761]	[1,2,3,4,5,6,9,10,11,12,13,161,217,218,219,220,249,250,251,252,253,254,277,278,281,284,285,286,287,288,289,290,291,292,293,294,298,302,376,377,411,412,413,414,415,416,417,418,419,457,458,459,460,461,462,463,464,483,508,510,542,543,545,546,547,548,549,550,551,552,553,554,555,556,557,558,559,560,561,562,564,566,574,577,578,579,580,585,588,590,593,595,598,654,656,801,802,803,804,830,831,832,836,843,844,845,846,847,851,866,867,868,869,870,871,872,873,879,880,882,888,897,905,906,907,945,946,947,966,967,969,1000,1072,1087,1088,1090,1091,1093,1094,1096,1097,1098,1099,1100]	[617,618,619,620,621,622,623,624,625,626,627,628,629]	[546,547,550,626,628,629,630,631,637,681,682,683,684,709,710,738,739,742,744,752,754,755,758,759,760,761,762]
P17763_S6B291	-1	-1	-1	-1	-1	-1	-1	[]	[]	[]	[]
P04862_P42224	-1	-1	0.07580336960040071	0.08333326388894677	0.024390237953600496	0.14285693877580175	0.05263155124655198	0.0	0.0	7	5	19	22	[74,76,125,165,211,214,215]	[130,134,371,480,494]	[119,146,150,151,154,157,158,161,162,164,165,168,172,187,188,190,191,194,195]	[51,54,55,56,58,59,62,65,66,68,69,72,73,75,80,84,87,88,91,92,95,96]
P01730_Q70145	-1	-1	0.11476509255980283	0.0	0.0	0.0	0.0	0.0	0.0	44	37	32	41	[9,12,16,205,206,207,208,209,210,211,212,222,224,279,281,339,343,345,346,347,348,350,352,354,364,365,366,369,374,375,376,377,378,379,381,388,411,412,414,415,416,418,419,422]	[25,26,27,28,29,37,38,39,214,247,248,503,504,505,506,507,508,509,510,511,512,513,514,515,517,624,628,690,693,694,697,698,701,702,704,705,765]	[27,38,40,42,47,48,49,50,52,54,57,58,59,60,65,66,67,68,69,70,71,73,77,83,84,85,86,88,89,91,110,113]	[94,99,121,123,124,125,127,185,189,190,191,192,194,277,278,279,280,281,361,362,363,364,367,418,420,422,423,425,448,449,450,451,452,453,454,455,463,466,467,468,470]
P0CG47_Q6RCR0	-1	-1	-1	-1	-1	-1	-1	[]	[]	[]	[]
P14078_Q99816	-1	-1	-1	-1	-1	-1	-1	[]	[]	[]	[]
Q70AA1_Q9MYI6	-1	-1	0.5048480844040188	0.4782606616257993	0.35483859521335637	0.0999999000001	0.09090900826453795	0.7692301775152481	0.49999975000012503	10	13	11	20	[60,63,64,75,76,78,79,80,81,82]	[90,93,97,100,101,104,174,175,176,178,179,183,187]	[51,52,53,54,55,56,57,58,59,60,61]	[86,87,90,93,97,98,100,101,104,108,123,140,170,171,176,179,180,183,187,191]
O60486_Q8JL80	-1	-1	-1	-1	-1	-1	-1	[]	[]	[]	[]
P01892_P0C213	-1	-1	0.29293376923813125	0.03921567858516106	0.07407404663924198	0.0	0.0	0.08695648393196351	0.22222197530891633	28	23	18	9	[39,41,70,71,72,74,77,112,114,115,116,145,216,218,226,228,230,250,253,256,258,259,260,261,266,358,361,365]	[11,14,39,41,43,53,64,65,69,122,124,144,145,148,222,276,280,286,290,293,294,323,324]	[87,90,93,94,96,97,100,101,104,108,170,171,174,176,179,183,187,191]	[11,12,13,14,15,16,17,18,19]
P13423_P58335	-1	-1	0.5090722768764078	0.019999998666666755	0.061224477301127074	0.03797467873738244	0.10344824019026201	0.0	0.0	79	71	29	20	[58,83,84,85,86,97,136,138,141,142,146,186,187,188,189,190,195,197,198,199,200,201,202,203,207,209,211,218,225,226,227,228,229,230,231,237,238,241,242,244,245,246,247,249,253,254,255,261,265,266,269,271,281,313,315,317,337,339,340,341,490,493,543,546,548,549,553,554,557,558,563,564,566,567,679,711,712,715,716]	[1,2,3,6,7,34,204,207,222,223,236,240,242,270,271,275,276,278,280,382,383,384,385,386,390,393,395,397,408,412,413,414,415,416,429,432,449,451,452,453,454,455,456,457,458,459,460,461,462,463,464,465,466,467,468,469,470,471,474,475,476,477,478,479,480,481,482,483,484,485,486]	[369,370,371,372,373,377,378,675,677,678,679,683,684,685,687,688,691,709,710,711,712,713,714,717,719,723,744,745,746]	[51,53,54,56,57,87,88,111,113,114,115,116,117,119,122,125,152,153,154,158]
K9N5Q8_P27487	-1	-1	0.26035571348228886	0.015968063553531666	0.15686271434064425	0.0	0.0	0.03809523628117922	0.30769218934915793	291	210	25	26	[10,11,12,16,17,18,19,20,21,22,23,24,25,26,27,28,29,30,31,32,33,34,35,36,37,38,39,40,69,70,71,72,73,74,75,76,77,78,82,83,84,85,86,87,88,105,112,113,114,115,116,117,118,119,120,121,122,123,124,132,133,135,136,137,138,139,140,141,142,143,144,145,146,147,148,149,150,151,152,153,154,155,156,157,158,159,160,161,162,163,164,165,166,167,168,169,170,171,172,173,174,175,181,182,183,184,186,187,188,189,190,191,192,193,194,195,196,197,198,199,200,201,202,203,204,205,206,207,208,209,210,211,212,213,214,215,216,217,219,228,230,231,232,233,234,235,236,237,238,239,240,241,242,243,244,245,246,247,248,249,250,251,252,253,254,255,256,257,258,259,260,274,275,276,277,278,279,280,281,282,283,284,285,286,287,288,289,290,291,292,293,295,303,310,311,312,313,314,315,316,317,318,319,320,321,322,323,324,325,326,327,328,332,333,399,441,442,446,476,478,479,480,481,483,485,487,570,571,607,609,610,612,631,632,633,634,635,636,637,639,651,653,654,656,658,677,678,679,788,792,793,794,795,796,797,798,799,833,841,935,1041,1042,1045,1048,1049,1052,1055,1056,1059,1127,1129,1131,1134,1136,1141,1284,1291,1293,1294,1295,1306,1310,1313,1317,1321,1331,1336,1350,1351,1352,1353]	[1,7,10,11,14,17,21,24,25,28,29,32,38,39,40,41,44,46,48,49,50,51,52,54,55,56,57,73,74,75,92,96,99,100,101,119,120,121,122,123,125,126,147,150,151,169,190,191,192,193,205,206,209,231,232,234,235,236,237,239,241,244,245,246,247,248,249,250,251,253,258,260,261,262,292,294,295,296,297,317,318,319,321,322,345,348,349,350,351,352,355,357,358,375,376,378,381,392,393,394,396,405,424,425,471,475,499,502,503,505,506,509,511,512,513,514,520,522,523,525,532,533,548,552,554,559,560,562,572,581,585,588,589,590,592,593,595,596,597,600,601,604,611,629,642,643,644,645,648,658,660,661,666,673,674,675,676,677,678,680,681,682,684,685,689,690,691,693,694,696,697,699,706,707,709,710,712,713,714,717,718,721,724,725,726,727,729,730,731,732,734,736,737,739,741,743,744,745,746,748,749,750,753,754,757,760,761,764,765,766]	[454,455,460,461,462,463,466,499,501,502,510,511,512,513,515,536,537,538,539,540,541,542,553,555,562]	[188,265,267,269,281,284,286,288,291,292,294,295,296,297,298,317,331,333,334,336,338,341,344,346,348,392]
O41925_P13500	-1	-1	0.04657590237314949	0.14285710204082797	0.17857136479594116	0.0	0.0	0.29411747404854466	0.38461508875762407	18	17	15	13	[29,31,120,128,155,157,158,159,160,162,165,319,341,345,356,357,358,359]	[17,19,23,26,27,28,29,31,32,34,36,58,60,67,70,71,72]	[250,261,291,292,293,294,295,296,297,298,299,300,380,381,384]	[32,33,34,36,37,38,39,58,60,61,73,74,75]
P00747_P15240	-1	-1	0.14475114689867555	0.3846152366864474	0.13888886959876812	0.0	0.0	0.6249996093752441	0.27777770061730533	10	16	36	36	[216,250,251,253,254,408,445,601,625,629]	[40,41,42,43,44,45,66,68,69,71,75,77,78,94,96,152]	[562,563,570,571,572,573,576,586,588,589,641,646,647,661,662,663,664,665,679,680,698,715,732,733,736,737,738,740,767,769,770,780,782,783,786,789]	[42,43,44,45,46,47,48,51,55,57,65,66,67,68,71,72,73,75,77,86,89,93,96,97,98,100,101,102,117,119,126,147,149,151,153,155]
A0A024R962_O50665	-1	-1	-1	-1	-1	-1	-1	[]	[]	[]	[]
D1MPH2_S6B2A6	-1	-1	0.03804888217997366	0.0	0.0	0.0	0.0	0.0	0.0	22	27	16	2	[42,47,97,98,99,286,287,289,291,335,346,348,349,351,353,356,359,360,362,371,372,373]	[10,14,18,20,22,61,62,63,64,65,121,123,128,129,130,132,133,136,269,271,272,274,275,278,279,284,286]	[152,154,155,156,158,165,166,179,207,208,211,214,215,246,247,248]	[118,124]
P01903_P04591	-1	-1	0.5336801974037152	0.0	0.0	0.0	0.0	0.0	0.0	20	20	23	14	[24,119,126,127,129,136,152,153,154,155,156,157,158,165,166,177,179,196,197,198]	[90,91,94,97,98,101,102,104,105,108,109,112,129,130,131,132,177,294,357,493]	[32,34,36,49,56,68,76,77,78,79,80,83,86,87,90,91,93,94,96,97,98,100,101]	[299,300,301,302,303,304,305,306,307,308,309,310,311,312]
P06492_Q00403	-1	-1	0.24159978591555406	0.12244895460225415	0.1428571088435455	0.043478241965981754	0.05263155124655198	0.1923076183432237	0.21739120982990878	23	26	19	23	[1,8,64,67,104,110,114,117,125,127,129,180,181,184,188,261,264,265,331,439,447,457,465]	[7,24,25,26,27,28,48,49,129,137,144,170,182,189,193,196,200,203,204,205,207,210,213,237,246,247]	[465,468,469,472,473,475,476,477,479,480,481,483,484,485,486,487,488,489,490]	[178,184,185,187,188,189,190,192,193,194,196,197,200,201,205,248,290,291,293,294,312,314,315]
P04591_P62937	-1	-1	0.5441209372160647	0.1499999250000375	0.10344824019026201	0.0	0.0	0.3333329629633745	0.16666657407412552	11	9	11	18	[26,91,214,215,216,482,484,485,487,488,492]	[91,105,118,120,121,125,148,153,154]	[217,218,219,220,221,222,223,224,225,227,232]	[26,27,28,30,55,60,71,72,73,87,102,103,104,105,121,126,148,149]
P04229_Q52T95	-1	-1	0.03594808086901991	0.0	0.0	0.0	0.0	0.0	0.0	6	10	11	13	[26,35,131,134,136,180]	[26,31,34,35,76,86,87,90,160,214]	[50,51,98,99,102,105,106,109,110,113,114]	[93,94,96,98,100,107,109,169,171,172,204,207,209]
P01892_P04591	-1	-1	0.3518201872287938	0.0	0.0	0.0	0.0	0.0	0.0	15	15	17	8	[59,65,70,72,214,216,218,220,226,228,250,256,260,261,262]	[105,113,254,255,257,312,476,479,483,486,490,496,497,498,500]	[89,90,93,94,97,100,101,104,108,170,171,176,179,180,183,187,191]	[77,78,79,80,81,83,84,85]
P0C6H2_Q5MAG5	-1	-1	0.1902716528144541	0.0	0.0	0.0	0.0	0.0	0.0	13	16	9	18	[4,6,7,8,10,108,112,142,145,146,149,150,154]	[38,39,115,116,212,226,228,230,256,258,260,266,268,363,364,365]	[47,48,49,50,51,52,53,54,55]	[87,90,93,94,97,100,101,104,108,170,171,174,176,179,180,183,187,191]
P03230_Q12933	-1	-1	0.45620968582792737	0.0	0.0	0.0	0.0	0.0	0.0	8	9	7	17	[52,56,228,229,230,231,382,385]	[289,290,298,302,305,323,326,327,330]	[204,205,206,207,208,209,210]	[374,393,399,400,401,447,448,450,453,454,464,465,466,467,468,470,471]
P01730_P20872	-1	-1	0.11311718117764866	0.02564102235371508	0.0465116170903216	0.0	0.0	0.0540540394448542	0.09523804988664292	41	37	22	21	[205,206,207,208,214,217,222,224,228,276,279,281,345,347,364,366,367,369,377,378,379,381,383,385,387,388,390,402,403,404,405,406,407,408,409,410,411,412,415,422,426]	[19,23,211,359,360,361,362,363,365,366,367,368,370,371,372,375,392,394,398,402,405,406,407,428,429,430,705,710,711,713,714,716,723,724,725,726,727]	[45,47,48,49,50,52,65,66,67,68,69,70,71,72,73,77,78,84,85,112,113,114]	[78,83,200,279,281,282,284,369,370,372,373,374,377,421,423,424,425,426,451,465,466]
D3HJY4_P31689	-1	-1	0.24547922695876298	0.0	0.0	0.0	0.0	0.0	0.0	10	8	4	1	[1,3,4,7,23,91,158,159,162,165]	[20,23,24,27,88,92,304,312]	[66,67,68,69]	[380]
P03211_Q93009	-1	-1	0.36823352900687834	0.004132231234205321	0.0499999750000125	0.0	0.0	0.009523808616780132	0.08333326388894677	137	105	8	12	[34,40,41,42,43,45,46,47,48,120,121,122,130,131,133,134,135,136,137,138,139,140,150,151,177,178,179,180,181,182,183,184,185,187,188,189,190,191,197,198,199,200,201,202,203,204,233,234,235,236,245,282,283,284,285,286,287,288,289,290,291,292,293,294,295,303,304,305,306,307,308,309,310,311,312,313,315,317,318,319,320,321,322,323,324,325,326,327,343,344,345,347,415,416,417,419,420,421,422,440,468,469,470,471,472,473,474,475,478,483,487,490,491,513,514,518,567,568,602,603,605,606,615,619,620,621,623,625,626,627,628,629,630,631,632,633,634]	[128,129,159,160,161,162,201,202,217,218,220,251,252,253,254,272,273,277,278,281,283,284,286,287,288,289,290,291,294,295,298,302,409,411,413,414,415,416,417,418,419,422,459,461,462,483,501,505,508,547,550,551,554,555,558,559,561,562,564,566,582,586,587,591,595,598,627,633,654,656,801,802,803,804,805,806,807,808,809,829,830,843,845,846,847,849,850,851,852,866,867,869,871,872,879,880,882,998,1088,1089,1090,1091,1092,1093,1096]	[441,442,443,444,445,446,447,448]	[102,104,152,153,155,162,164,165,166,167,168,169]
Q15843_Q63KH5	-1	-1	0.048028608873531164	0.6428566836737974	0.16071425701531125	0.9999987500015626	0.34782593572785403	0.16666638888935187	0.030303021120296626	8	6	23	33	[6,8,9,10,66,68,71,73]	[10,80,136,137,140,147]	[6,8,9,10,11,31,32,33,34,35,36,37,39,40,42,44,46,47,66,68,71,72,73]	[107,108,109,110,125,126,129,133,139,141,142,143,144,146,147,148,152,153,155,157,158,177,205,210,212,233,234,236,237,241,243,298,300]
Q15223_Q69091	-1	-1	0.2822962891644462	0.048387088969824354	0.06249998697916938	0.0	0.0	0.09677416233091538	0.13043472589794528	31	31	25	23	[45,154,223,236,238,240,244,266,268,270,275,276,298,299,363,366,367,370,371,374,378,381,408,410,416,418,427,469,490,501,504]	[1,4,5,7,8,9,12,16,60,61,128,129,130,219,221,224,225,244,247,278,308,311,313,314,316,318,319,320,351,355,393]	[59,61,63,64,68,73,74,75,76,77,80,82,85,86,87,88,90,91,125,127,129,130,131,132,133]	[48,49,50,51,52,61,63,64,164,223,225,240,241,242,243,245,246,247,248,255,256,259,263]
P03951_P23827	-1	-1	0.5948151922580918	0.41935470343396664	0.14942527018100343	0.4374997265626709	0.1521738799622	0.39999973333351113	0.146341427721603	16	15	46	41	[8,9,10,11,17,104,105,106,434,470,471,473,474,475,476,479]	[52,54,55,70,108,109,110,111,128,152,154,156,160,161,162]	[410,411,413,415,431,434,468,469,470,471,472,473,474,476,477,479,504,507,521,524,525,528,546,547,550,551,552,553,556,557,572,573,575,595,596,597,598,599,601,604,612,613,616,617,620,621]	[29,30,53,54,69,70,71,72,73,74,76,77,78,83,85,86,87,88,89,90,96,98,99,100,101,102,103,105,106,107,108,109,110,112,115,120,122,128,130,132,133]
Q31610_Q70A36	-1	-1	0.07590749731688701	0.0	0.0	0.0	0.0	0.0	0.0	7	4	19	9	[226,228,256,258,261,262,266]	[18,20,51,63]	[86,90,93,94,97,100,101,104,108,123,140,167,170,171,176,179,183,187,191]	[67,68,69,70,71,72,73,74,75]
Q76RF1_Q9Y6K9	-1	-1	0.059219082853059185	0.0	0.0	0.0	0.0	0.0	0.0	1	1	17	18	[115]	[145]	[2,3,6,49,52,53,54,70,71,74,75,76,79,83,87,88,90]	[226,229,230,231,233,234,235,236,237,238,239,240,241,242,243,244,245,246]
P00734_Q846V4	-1	-1	0.07734020681586952	0.09599999616000016	0.26086953686200687	0.0924369670221036	0.24999994318183108	0.0992366336460585	0.27083327690973397	119	131	44	48	[25,28,29,30,32,33,36,37,40,43,44,46,47,48,50,51,52,53,54,55,57,58,61,71,74,75,76,77,78,84,85,87,88,91,92,94,97,98,99,104,107,112,119,121,122,126,127,128,135,136,137,139,141,145,146,148,154,156,161,162,164,172,173,174,178,187,190,195,197,204,206,207,210,211,217,230,231,232,282,287,292,294,295,297,298,299,363,383,385,386,388,409,411,412,413,414,416,433,434,436,437,438,445,446,451,452,455,456,457,461,469,508,512,513,514,517,543,611,615]	[31,35,39,52,55,56,59,60,61,63,64,65,67,68,71,72,75,76,78,79,82,83,104,106,124,135,137,138,139,141,142,144,151,154,199,200,202,204,272,275,276,279,280,287,329,339,341,342,344,346,347,349,350,351,353,354,355,356,357,358,363,364,365,366,369,370,371,373,387,390,397,399,400,401,402,403,404,406,408,429,431,432,433,434,436,437,441,443,444,445,446,447,448,450,451,452,453,456,457,459,466,468,469,470,471,472,473,474,478,479,480,482,492,495,505,507,524,526,530,531,532,557,558,588,613,614,615,617,627,644,654]	[364,367,368,369,384,385,386,387,423,430,431,432,433,434,436,437,440,441,443,469,470,507,508,509,510,511,512,514,515,516,517,518,519,521,522,524,526,541,560,561,562,594,595,596]	[1,2,3,4,5,6,31,35,39,42,46,48,51,52,53,56,59,63,67,70,71,74,77,78,104,105,106,109,183,184,186,187,190,191,193,194,195,197,198,201,203,213,216,217,228,277,278,279]
P19508_Q9Y4B6	-1	-1	0.03657700039211064	0.2682926174896055	0.12643676707623366	0.523809274376536	0.24999994318183108	0.0	0.0	21	20	44	43	[30,34,57,62,63,65,66,67,69,70,71,74,75,77,78,80,81,82,84,85,88]	[283,287,291,292,293,294,296,297,298,299,300,301,303,305,507,611,1215,1217,1218,1222]	[5,6,7,8,9,10,11,12,13,16,24,27,28,31,35,39,44,47,48,51,55,66,69,70,73,74,76,77,78,79,80,81,83,84,85,86,87,88,100,101,103,104,106,109]	[1091,1092,1093,1097,1102,1103,1104,1106,1107,1113,1114,1116,1128,1129,1130,1131,1132,1135,1137,1139,1155,1156,1166,1167,1168,1169,1170,1172,1224,1225,1298,1313,1314,1328,1329,1330,1355,1356,1375,1376,1378,1379,1380]
A0A0D6HCK9_P11215	-1	-1	-1	-1	-1	-1	-1	[]	[]	[]	[]
P05534_Q9YXL6	-1	-1	0.30219390926103923	0.0	0.0	0.0	0.0	0.0	0.0	32	27	20	8	[32,34,45,59,120,143,144,145,212,214,216,226,228,230,258,259,260,261,262,263,266,268,315,318,321,322,333,356,357,358,359,360]	[51,52,54,62,67,71,72,194,195,197,584,585,586,587,604,605,606,607,608,610,611,614,638,641,642,645,680]	[86,90,93,94,97,100,101,104,108,123,170,171,176,179,180,183,187,190,191,194]	[498,499,500,501,502,503,504,505]
P36649_Q00987	-1	-1	0.08447398718125015	0.03921567858516106	0.09090904958679565	0.08695648393196351	0.33333277777870374	0.0	0.0	23	28	6	16	[3,4,6,10,20,22,24,192,291,306,312,365,369,370,373,374,377,378,380,381,392,394,397]	[23,200,202,204,206,207,235,236,245,247,249,254,343,344,346,347,348,349,366,367,368,371,400,471,473,489,490,491]	[361,365,384,397,398,400]	[26,54,55,58,62,67,69,70,72,73,93,94,96,97,100,104]
P11207_Q16531	-1	-1	0.5205043026271814	0.26515149506428065	0.3431372212610567	0.17241376337693734	0.2127659121774655	0.3378377921840821	0.45454537190084143	58	74	47	55	[24,28,45,46,48,51,52,54,55,56,57,58,60,130,131,132,133,135,140,141,144,146,148,177,179,182,183,184,185,186,187,188,189,190,194,196,197,198,199,200,201,202,203,204,205,206,207,208,209,210,211,212,213,214,215,216,217,221]	[47,82,114,115,117,163,234,251,252,254,255,257,276,279,304,307,327,335,342,343,350,381,382,399,403,420,688,689,722,740,742,744,745,746,759,760,762,763,764,765,766,767,768,769,770,771,772,773,774,775,776,777,778,779,780,781,782,784,785,787,812,838,839,841,927,951,953,970,971,972,1003,1033,1079,1080]	[15,16,18,19,21,22,23,24,25,26,27,28,30,31,32,33,34,35,36,38,39,40,41,45,46,118,119,120,121,122,123,124,125,126,127,128,130,131,134,146,148,149,150,216,217,219,220]	[114,117,162,163,183,184,185,327,328,358,360,381,382,722,723,773,774,775,776,777,787,812,814,836,837,838,839,840,841,842,843,844,845,867,871,886,906,907,909,910,913,926,927,928,949,950,951,953,970,972,1003,1005,1033,1080,1081]
O43521_Q08FX8	-1	-1	0.1999545760027034	0.04545452479339782	0.029411756055365862	0.0	0.0	0.09090900826453795	0.05263155124655198	11	11	15	19	[176,178,180,181,183,184,187,188,191,194,198]	[87,145,148,149,152,153,155,156,159,163,170]	[146,147,148,149,151,152,153,155,156,157,158,159,160,162,163]	[41,45,48,53,56,59,60,63,77,80,84,85,87,88,89,90,93,135,138]
B2YGA4_P13987	-1	-1	0.2242453361620614	0.33333277777870374	0.027777773919753623	0.49999875000312505	0.044444434567903424	0.0	0.0	4	2	45	27	[188,192,193,194]	[109,124]	[97,98,99,100,101,193,194,195,196,197,209,302,303,305,306,309,313,315,316,317,318,319,321,322,323,421,423,425,427,430,431,432,434,435,436,437,438,439,440,441,446,465,467,469,489]	[27,29,37,39,41,43,67,70,71,72,73,82,83,85,86,87,88,90,91,92,93,96,97,98,99,101,102]
P16757_Q29980	-1	-1	0.24956460691892507	0.10909088925620194	0.11111109053498323	0.199999920000032	0.1923076183432237	0.033333322222225924	0.03571427295918823	25	30	26	28	[66,70,72,73,74,94,95,100,108,117,125,127,128,129,131,132,134,135,158,161,162,179,193,197,201]	[8,16,24,29,31,33,35,46,48,50,58,62,110,112,114,134,136,137,138,139,157,233,234,248,255,257,258,267,369,371]	[54,55,56,57,59,61,63,65,96,97,108,109,110,112,113,114,116,117,118,119,123,125,160,161,162,163]	[24,26,87,88,90,91,94,95,98,121,122,123,125,127,174,175,178,179,181,182,185,186,188,189,192,193,195,196]
Q6P0Q8_Q8JJY9	-1	-1	-1	-1	-1	-1	-1	[]	[]	[]	[]
O95639_P03495	-1	-1	0.03433691143864946	0.1891891380569897	0.1749999562500109	0.16666657407412552	0.1499999250000375	0.21052620498620792	0.19999990000005	18	19	20	20	[1,4,11,13,97,101,102,133,134,135,136,137,144,247,263,266,268,269]	[1,5,7,8,9,12,13,44,100,108,110,112,124,148,152,153,154,216,220]	[69,70,72,73,74,75,77,88,95,97,98,101,102,104,105,106,107,109,111,112]	[103,105,106,107,108,109,110,121,123,124,125,126,153,155,180,183,184,186,187,189]
P35962_Q8WUM4	-1	-1	-1	-1	-1	-1	-1	[]	[]	[]	[]
P04229_Q03909	-1	-1	0.10332274404220984	0.0333333277777787	0.06896549346017466	0.0	0.0	0.0624999804687561	0.16666652777789354	28	32	17	12	[15,17,19,21,26,28,39,41,63,124,127,129,131,133,134,135,136,138,143,174,177,178,180,187,189,228,242,249]	[6,306,320,325,331,333,340,342,346,347,350,387,397,401,404,454,455,458,460,461,463,465,468,471,475,478,479,513,517,521,523,547]	[38,40,42,85,86,89,90,96,99,100,106,107,110,111,114,118,119]	[327,328,329,330,331,332,333,334,335,336,337,338]
P10147_Q2F862	-1	-1	0.10842669384906564	0.3333331111112593	0.1351350986121355	0.44444395061783265	0.2857140816327988	0.16666638888935187	0.043478241965981754	9	6	14	23	[28,31,51,65,68,69,70,71,72]	[71,74,75,77,78,80]	[31,32,33,35,36,37,38,39,40,43,70,71,72,73]	[78,83,100,102,155,156,157,159,161,163,218,220,221,222,223,224,225,226,227,228,231,232,258]
P40189_Q98823	-1	-1	0.1994795414977629	0.03571427933673583	0.07407404663924198	0.0	0.0	0.07692304733728948	0.16666652777789354	30	26	15	12	[435,442,479,720,721,722,723,724,725,729,730,736,737,738,766,767,769,771,772,774,776,777,815,816,848,852,856,860,868,917]	[15,23,25,26,28,44,48,55,56,63,79,86,117,118,130,134,138,141,145,147,167,200,201,202,203,204]	[164,166,167,186,187,188,189,190,191,192,193,248,250,251,252]	[34,37,38,41,44,120,121,123,124,127,131,134]
P30460_X2G898	-1	-1	0.1786998700057204	0.0	0.0	0.0	0.0	0.0	0.0	9	8	20	9	[30,135,139,146,205,260,261,262,263]	[161,162,610,612,613,614,617,620]	[86,87,90,93,94,97,100,101,104,108,123,140,170,171,174,176,179,180,183,187]	[369,370,371,372,373,374,375,376,377]
G9EPL4_P62820	-1	-1	-1	-1	-1	-1	-1	[]	[]	[]	[]
P01892_Q6SW59	-1	-1	0.24461788290596584	0.05479451304184753	0.13793098692034933	0.0	0.0	0.11764702422146345	0.44444395061783265	39	34	20	9	[23,45,49,51,56,59,63,65,72,109,110,111,120,145,160,161,210,212,217,218,219,220,221,222,226,228,230,250,253,254,256,258,259,260,261,262,266,272,360]	[100,217,219,220,221,222,223,380,381,382,383,386,390,394,410,479,482,484,492,496,497,500,501,504,510,515,517,520,521,524,528,531,539,542]	[87,89,90,93,94,97,100,101,104,108,123,170,171,174,176,179,180,183,187,191]	[495,496,497,498,499,500,501,502,503]
A0A1U9IRU2_Q9H6X2	-1	-1	-1	-1	-1	-1	-1	[]	[]	[]	[]
P01889_Q70A36	-1	-1	0.07590749731688701	0.0	0.0	0.0	0.0	0.0	0.0	7	4	21	9	[226,228,256,258,261,262,266]	[18,20,51,63]	[86,87,90,93,94,97,100,101,104,108,123,140,170,171,174,176,179,180,183,187,191]	[67,68,69,70,71,72,73,74,75]
P08631_Q5QGG3	-1	-1	0.08121892005125586	0.1052631468144056	0.28571420408165593	0.0	0.0	0.21739125708885715	0.4545452479339782	49	46	13	22	[20,21,25,27,28,29,30,31,32,42,43,44,45,46,47,152,172,174,175,177,178,272,383,407,408,409,410,412,414,415,416,417,418,419,420,421,423,430,431,456,462,463,464,465,468,472,497,499,505]	[17,28,35,39,50,55,60,63,64,65,66,67,68,70,80,82,83,84,86,87,90,102,103,104,105,107,108,110,111,112,113,114,117,140,141,149,150,152,158,163,173,178,195,197,199,246]	[87,88,96,109,111,113,114,116,125,127,130,131,132]	[103,104,105,106,107,108,109,110,113,114,115,117,118,122,147,150,153,154,155,223,226,233]
P05534_Q9YYU8	-1	-1	0.27433328288218983	0.07142855442177275	0.09374997070313415	0.0	0.0	0.16666657407412552	0.2999997000003	24	18	22	10	[39,49,51,56,59,72,114,120,144,145,212,214,216,217,218,219,222,226,250,251,258,259,261,272]	[10,13,17,21,30,34,38,45,126,128,129,130,131,135,138,142,144,166]	[31,86,90,93,94,97,100,101,104,108,123,170,171,174,176,179,180,183,187,190,191,194]	[134,135,136,137,138,139,140,141,142,143]
P08362_P15529	-1	-1	0.2683394941887136	0.18181812672177977	0.10714283801020749	0.0	0.0	0.33333314814825105	0.24999989583337673	15	18	32	24	[35,36,39,42,46,49,53,60,145,151,200,202,208,212,271]	[71,72,73,100,101,115,207,318,342,346,350,353,357,360,361,364,368,372]	[448,449,451,460,461,464,469,471,474,477,479,480,481,482,483,485,486,488,495,498,500,501,503,509,521,526,528,541,543,545,547,548]	[68,69,70,71,72,73,74,75,90,92,95,96,97,98,100,101,103,104,113,114,115,117,146,147]
P01730_P35961	-1	-1	0.15728000072475906	0.0	0.0	0.0	0.0	0.0	0.0	45	30	27	33	[135,156,159,160,161,162,175,176,177,205,206,207,208,210,212,213,216,217,218,220,222,224,228,279,281,345,346,347,348,350,364,366,367,377,378,379,381,385,388,390,392,397,400,408,411]	[15,18,19,20,23,31,198,203,227,228,229,230,231,232,233,234,236,237,239,240,242,258,259,260,261,262,263,351,353,663]	[46,47,48,50,52,54,56,57,58,59,60,65,66,67,68,69,70,71,73,77,83,84,85,86,88,89,110]	[101,123,125,126,192,275,276,277,278,279,360,361,362,363,366,412,414,415,416,417,418,419,442,444,445,446,447,448,456,459,460,461,463]
P17150_Q13651	-1	-1	0.12115342114436209	0.12499994791668836	0.057692296597635265	0.23076905325457442	0.09999996666667778	0.0	0.0	13	11	30	22	[1,2,3,4,6,9,12,13,16,64,65,66,104]	[165,187,307,308,309,310,311,334,336,339,372]	[39,40,43,44,46,47,50,51,53,54,57,58,61,62,63,64,65,66,67,68,70,71,72,155,158,159,161,162,165,166]	[64,65,67,69,93,94,97,113,115,116,117,120,121,122,163,164,208,210,211,212,213,215]
P69732_Q8WUM4	-1	-1	0.710681667589377	0.1475409715130351	0.899999550000225	0.1355931973570852	0.9999987500015626	0.15873013353489943	0.8333326388894676	59	63	8	12	[57,61,93,107,142,152,153,154,286,287,303,367,370,372,382,384,387,401,403,404,406,411,412,413,414,418,420,425,426,427,428,429,430,431,432,445,446,447,448,449,450,451,452,456,457,458,459,460,461,462,463,464,465,466,467,468,469,470,481]	[105,107,342,344,356,375,379,386,471,501,504,505,508,574,575,577,590,597,601,669,672,673,675,676,679,682,683,686,701,703,704,706,707,708,710,711,712,713,714,715,750,751,752,753,754,755,756,803,814,824,828,842,844,852,854,861,862,863,864,865,866,867,868]	[456,457,458,459,460,461,462,463]	[386,498,501,505,506,508,669,672,673,676,679,683]
M4NKV9_Q14332	-1	-1	-1	-1	-1	-1	-1	[]	[]	[]	[]
B0B999_P0CG47	-1	-1	0.19523129063668285	0.38095219954657167	0.11940296725328846	0.6363630578517656	0.1842104778393479	0.0999999000001	0.03448274673008733	11	10	38	29	[121,124,127,149,181,182,184,188,191,192,195]	[8,9,73,87,88,108,109,110,183,187]	[93,94,95,96,116,117,118,119,123,153,154,156,175,179,180,181,182,184,185,187,188,189,190,191,192,193,194,195,197,198,199,202,204,280,331,332,333,334]	[154,156,158,159,160,161,162,163,164,166,186,187,188,192,194,196,198,199,200,201,216,218,220,222,223,224,225,226,227]
D9J353_P30505	-1	-1	0.4947666766590324	0.31578930747931183	0.23076914201186846	0.8571416326548106	0.666665925926749	0.0	0.0	7	12	9	17	[3,4,5,6,8,10,12]	[30,32,34,36,45,47,51,120,122,139,146,256]	[2,3,4,5,6,7,8,9,10]	[86,90,93,94,97,100,101,104,108,121,170,171,176,179,180,183,191]
P26554_Q12959	-1	-1	0.42597493234706774	0.0731707138608015	0.10344824019026201	0.15789465373965592	0.2999997000003	0.0	0.0	19	22	10	19	[27,35,55,65,69,72,76,77,80,81,86,87,89,90,91,123,144,147,148]	[52,55,56,60,63,65,66,87,661,662,665,666,668,670,679,680,682,684,847,848,851,855]	[142,143,144,145,146,147,148,149,150,151]	[324,327,328,332,334,337,338,339,340,341,351,352,354,383,384,385,388,389,392]
P0C6H2_Q861F6	-1	-1	0.09180464185295467	0.0	0.0	0.0	0.0	0.0	0.0	20	18	9	17	[28,31,33,35,36,138,141,142,154,156,159,162,168,170,171,174,176,177,185,212]	[12,21,23,48,138,194,202,226,229,232,234,236,237,242,244,339,340,341]	[47,48,49,50,51,52,53,54,55]	[63,66,69,70,73,76,77,80,84,146,147,150,152,155,159,163,167]
P0CG47_Q6TQR6	-1	-1	-1	-1	-1	-1	-1	[]	[]	[]	[]
O00629_P31345	-1	-1	0.4880753551744277	0.12903225112729833	0.2926828911362328	0.12371132745244047	0.2448979092045083	0.13483144552455667	0.36363625344355954	97	89	49	33	[9,12,13,16,19,21,22,23,24,26,27,28,30,31,35,38,39,42,43,46,47,52,53,54,55,56,57,58,59,60,61,62,63,102,103,104,109,146,232,233,256,257,272,273,274,275,294,297,298,299,313,314,315,316,317,320,324,326,329,330,332,333,336,337,338,339,340,341,357,363,366,367,368,371,372,375,379,380,381,382,383,421,423,425,426,460,461,464,467,468,469,470,471,472,519,520,521]	[3,4,7,8,10,11,13,15,16,17,18,19,20,21,22,23,24,25,26,27,28,30,31,32,50,53,54,55,56,58,171,174,175,176,177,178,179,180,181,182,183,184,210,213,214,216,217,218,219,220,221,222,223,224,225,228,305,318,332,361,362,368,369,372,375,379,503,622,709,710,711,712,714,715,717,718,720,739,742,743,744,745,746,747,748,751,752,754,755]	[96,100,102,103,105,133,137,141,144,145,147,175,179,183,186,187,218,222,229,231,261,264,268,271,273,274,299,302,306,313,314,316,341,344,345,348,352,355,386,390,394,397,398,426,429,433,471,472,476]	[691,692,693,695,696,697,698,699,718,721,735,736,737,738,739,740,741,742,744,745,746,747,748,749,750,751,752,753,754,755,756,757,758]
P60953_Q9R8E4	-1	-1	0.12721656699312198	0.3571427295918823	0.15873013353489943	0.7499993750005208	0.29032248699274615	0.06249996093752441	0.03124999023437805	12	16	31	32	[31,32,33,34,36,37,38,39,61,62,63,66]	[41,42,43,44,45,47,49,50,54,74,78,82,89,182,183,184]	[2,3,5,31,32,34,35,36,38,39,40,41,42,43,52,56,57,59,60,61,63,64,65,66,67,69,70,71,73,74,104]	[61,65,66,70,73,77,80,81,89,92,95,96,100,107,123,124,125,127,128,130,133,134,136,137,139,142,155,156,159,160,163,167]
O91464_Q9H3P7	-1	-1	-1	-1	-1	-1	-1	[]	[]	[]	[]
P04439_Q9YYU8	-1	-1	0.27433328288218983	0.0	0.0	0.0	0.0	0.0	0.0	24	18	20	10	[39,49,51,56,59,72,114,120,144,145,212,214,216,217,218,219,222,226,250,251,258,259,261,272]	[10,13,17,21,30,34,38,45,126,128,129,130,131,135,138,142,144,166]	[86,87,90,93,94,96,97,100,101,104,108,123,170,171,174,176,179,183,187,191]	[73,74,75,76,77,78,79,80,81,82]
P06463_Q9HD26	-1	-1	0.19405931354972597	0.0	0.0	0.0	0.0	0.0	0.0	8	9	6	24	[10,58,67,71,75,79,82,133]	[106,109,389,394,397,413,414,417,421]	[153,154,155,156,157,158]	[284,285,286,288,298,301,302,303,304,307,308,309,316,317,319,322,343,345,346,349,350,353,357,366]
O36972_P63098	-1	-1	0.05731727557930505	0.3749998437500651	0.3599998560000576	0.45454504132268975	0.45454504132268975	0.30769207100609924	0.2857140816327988	11	13	11	14	[77,117,120,202,222,225,227,228,229,233,237]	[26,29,47,48,51,84,122,123,124,164,165,167,169]	[219,220,221,222,223,224,225,227,228,229,231]	[51,53,116,118,119,120,121,122,123,124,125,127,128,132]
P62837_Q5X159	-1	-1	0.6984343606789298	0.0	0.0	0.0	0.0	0.0	0.0	19	16	14	15	[10,14,17,20,22,23,24,25,26,27,34,36,38,41,46,47,49,51,147]	[4,10,12,13,16,17,20,21,24,84,87,88,90,91,94,95]	[1,4,5,8,15,59,62,88,91,92,94,95,96,97]	[30,36,38,39,40,41,42,63,64,67,68,70,72,73,75]
K9N7C7_P0CG47	-1	-1	-1	-1	-1	-1	-1	[]	[]	[]	[]
P01730_Q8Q7Z9	-1	-1	0.2704112150719516	0.0	0.0	0.0	0.0	0.0	0.0	16	11	24	6	[176,179,205,206,220,222,224,226,228,230,259,275,277,278,279,281]	[95,96,98,135,136,137,138,139,140,141,143]	[49,50,52,54,56,57,58,59,60,65,66,67,68,69,70,71,73,77,84,85,86,88,89,91]	[72,155,156,157,158,159]
P03989_P13285	-1	-1	0.4908130989570362	0.16666664351852173	0.3749998828125366	0.3243242366691252	0.5217389035917811	0.0	0.0	37	35	23	9	[26,28,86,90,93,94,97,100,103,104,113,176,179,180,183,187,191,210,212,216,230,260,262,303,306,307,308,310,311,314,317,318,321,332,333,336,344]	[1,2,3,4,5,6,7,8,9,10,11,12,13,14,15,18,121,123,134,147,148,149,202,204,207,208,211,215,219,440,441,444,446,471,486]	[49,86,87,89,90,93,94,96,97,100,101,104,108,123,140,170,171,174,176,179,183,187,191]	[236,237,238,239,240,241,242,243,244]
P12493_Q16630	-1	-1	0.49188683083142615	0.13114751948401318	0.34782593572785403	0.0	0.0	0.27586197384069866	0.6153841420121985	32	29	10	13	[26,55,116,117,120,125,208,211,214,215,264,268,272,308,309,310,311,312,314,315,319,351,356,359,360,363,367,483,484,486,487,490]	[5,6,8,10,142,145,146,173,276,279,280,281,282,283,284,286,289,290,291,292,293,294,295,296,297,303,360,361,383]	[185,189,199,202,206,213,234,238,239,240]	[276,277,278,279,280,281,282,283,284,285,286,287,288]
Q2UW42_S6B291	-1	-1	0.38007752269385214	0.043478241965981754	0.03571427295918823	0.0	0.0	0.09090900826453795	0.07692301775152481	12	11	15	13	[75,82,83,117,133,136,137,140,265,266,445,448]	[51,72,73,81,84,120,195,254,330,353,452]	[93,94,97,98,100,101,104,105,107,108,111,115,118,119,123]	[34,35,36,38,79,84,85,88,90,101,103,104,106]
Q2UW42_Q6GMX6	-1	-1	0.47644213483230785	0.0	0.0	0.0	0.0	0.0	0.0	10	14	15	7	[10,75,79,83,266,267,410,412,447,448]	[60,73,75,192,193,194,196,298,299,400,403,404,456,465]	[93,94,97,98,100,101,104,105,107,108,111,115,118,119,123]	[74,76,78,83,87,89,103]
P03255_P06400	-1	-1	0.12429940635027575	0.022522521507994525	0.11627904272580401	0.018518516803841038	0.1999998000002	0.026315787165281827	0.09090906336088989	108	114	10	33	[3,4,5,7,8,9,10,12,13,20,44,47,64,65,66,67,68,69,70,73,74,78,79,80,81,82,83,84,85,86,87,100,101,103,104,105,117,122,129,137,140,142,143,145,146,147,148,150,151,155,156,162,168,169,170,175,177,178,179,180,181,183,184,186,189,198,199,200,206,208,213,214,215,216,217,219,220,221,222,223,224,225,226,227,228,229,246,248,253,256,258,260,262,268,269,270,272,273,276,277,278,279,280,282,284,285,287,288]	[12,13,14,15,16,37,38,39,40,129,133,136,137,139,140,142,145,152,167,170,171,279,282,286,347,350,351,353,354,355,356,357,358,359,360,362,364,365,366,367,368,369,370,371,372,374,376,377,380,383,447,467,468,475,500,503,504,506,544,545,547,548,551,552,555,599,610,611,612,613,614,615,639,656,660,729,730,732,734,735,736,740,785,787,788,789,812,813,814,816,819,822,824,826,828,829,832,835,839,845,877,897,903,904,907,908,911,912,915,919,922,923,924,927]	[40,41,42,43,44,45,46,47,48,49]	[460,463,464,467,468,472,475,476,479,481,530,533,534,537,572,575,643,644,645,646,649,713,714,716,720,722,751,753,757,761,765,769,772]
P61088_Q8VSD5	-1	-1	0.3529769037348799	0.4399998240000704	0.2558138939967688	0.0	0.0	0.9166659027784144	0.4782606616257993	13	12	20	23	[72,74,82,83,124,135,138,139,142,143,146,147,150]	[59,60,84,85,88,92,95,96,142,143,144,171]	[3,4,5,6,7,10,14,64,89,93,94,96,97,98,99,100,102,103,106,107]	[58,59,60,63,84,85,87,88,92,95,96,99,103,105,141,142,143,144,170,172,182,183,184]
Q1HVJ0_Q9UER7	-1	-1	-1	-1	-1	-1	-1	[]	[]	[]	[]
B9V0E2_P0DOX5	-1	-1	-1	-1	-1	-1	-1	[]	[]	[]	[]
P07948_P22575	-1	-1	0.28726298200286565	0.0	0.0	0.0	0.0	0.0	0.0	41	33	17	16	[255,256,257,268,278,279,280,281,328,329,332,362,369,371,388,394,395,396,399,400,401,402,403,404,405,406,408,409,413,416,417,418,423,442,449,450,453,454,457,484,485]	[23,51,52,114,119,120,122,123,124,125,126,127,128,129,130,131,132,133,134,136,137,139,140,143,147,148,151,152,155,156,159,162,166]	[72,73,75,77,78,79,80,81,86,96,97,98,99,112,115,116,117]	[174,175,176,177,178,179,180,181,182,183,184,186,187,188,189,190]
P08174_Q6W9E5	-1	-1	-1	-1	-1	-1	-1	[]	[]	[]	[]
P63104_Q93SQ3	-1	-1	0.08984773996322355	0.05128203813281073	0.058823512110731724	0.0	0.0	0.09523804988664292	0.1818180165290759	18	21	23	11	[16,17,58,61,65,75,193,196,197,200,203,204,211,222,226,229,233,236]	[6,7,12,13,16,17,20,21,23,24,27,30,31,63,416,417,418,420,427,431,432]	[14,19,39,42,45,46,49,50,56,117,120,164,165,166,172,173,176,180,213,216,217,220,224]	[420,421,422,423,424,425,426,427,428,429,430]
P03437_P04229	-1	-1	0.07981485874306449	0.04687499267578239	0.09999996666667778	0.0	0.0	0.09374997070313415	0.16666657407412552	32	32	12	18	[235,237,293,295,298,300,337,338,341,342,354,356,357,358,382,445,446,449,450,453,454,455,456,457,463,466,525,526,528,529,530,533]	[1,19,24,25,26,28,31,33,35,37,39,41,42,63,114,118,134,138,139,174,176,177,178,180,182,187,228,229,232,235,236,239]	[322,323,324,325,326,327,328,329,330,331,332,333]	[38,40,42,85,86,89,90,96,99,100,106,107,110,111,113,114,118,119]
P06437_Q9UKJ1	-1	-1	0.43426291322851435	0.0	0.0	0.0	0.0	0.0	0.0	72	56	7	12	[19,23,26,27,29,30,31,33,34,35,36,37,38,42,43,44,45,46,47,76,132,151,152,153,154,155,186,213,214,215,216,217,265,281,282,286,364,365,367,368,369,402,406,407,443,447,530,588,633,634,635,636,637,652,682,695,734,737,738,767,771,795,799,802,881,891,892,893,894,895,903,904]	[9,10,11,12,13,14,20,60,61,130,132,133,135,169,170,171,172,173,174,195,198,199,207,211,214,217,218,220,221,222,224,226,234,235,236,237,238,244,245,246,247,248,249,250,251,253,254,255,256,269,274,277,278,298,301,303]	[50,51,52,53,54,55,56]	[33,73,74,76,77,117,118,120,121,122,142,148]
Q00534_Q01043	-1	-1	0.7335765545002383	0.7777776992143738	0.8279569002196882	0.7499998557692584	0.8297870574921153	0.8085104662743688	0.8260867769376571	52	47	47	46	[8,49,50,51,52,53,54,56,59,60,62,63,66,67,70,71,82,84,86,88,89,90,134,138,139,140,169,170,171,172,173,174,175,177,194,195,197,198,199,245,246,285,286,290,292,310,311,313,314,315,323,326]	[5,6,7,9,10,11,13,14,15,16,17,18,20,22,23,26,29,30,32,33,36,69,107,108,109,110,111,112,113,115,116,117,129,130,133,134,137,140,141,144,145,146,148,154,171,174,175]	[49,50,51,52,53,54,56,59,60,62,63,66,67,69,70,71,82,84,86,92,134,137,138,139,140,168,169,170,171,172,173,174,175,176,177,178,193,194,195,197,198,199,246,247,286,290,292]	[8,9,10,11,12,13,14,15,16,17,18,19,20,21,22,23,26,29,30,33,69,70,107,108,109,110,111,113,115,116,117,129,133,136,137,141,144,145,146,148,149,150,154,171,174,175]
Q07812_Q9DHU6	-1	-1	0.4950174186921809	0.27777762345687584	0.13157891274239136	0.2999997000003	0.16666657407412552	0.24999968750039064	0.099999950000025	10	8	18	20	[73,74,75,78,169,172,175,176,179,182]	[56,59,152,153,156,159,160,163]	[55,56,58,59,60,62,63,64,65,66,67,68,69,70,71,73,74,75]	[48,52,53,56,59,60,63,80,83,84,87,88,90,92,93,96,138,141,142,144]
P0CG48_Q5ZSK8	-1	-1	0.5887757121760964	0.3454544826446395	0.1938775312369866	0.5357140943878235	0.39473673822717414	0.14814809327848397	0.0666666555555574	28	27	38	60	[389,391,392,413,414,458,467,468,470,488,489,490,565,617,619,639,640,641,642,643,644,645,648,679,680,681,682,684]	[1,2,4,5,6,13,17,20,21,22,25,104,107,109,114,120,122,123,169,172,174,238,239,242,243,323,330]	[614,616,617,618,619,639,640,641,642,643,644,645,647,648,650,652,653,654,655,656,657,659,660,661,662,663,666,672,673,674,676,678,679,680,681,682,683,684]	[17,19,21,22,25,26,29,32,33,49,50,51,52,62,63,65,66,67,68,69,70,71,80,81,143,210,211,212,213,214,216,221,222,257,258,260,261,266,269,270,271,272,276,291,292,293,294,296,299,305,307,310,311,314,315,316,317,318,324,326]
P0DKX7_P62158	-1	-1	-1	-1	-1	-1	-1	[]	[]	[]	[]
P61964_Q9YP60	-1	-1	0.07616714801271487	0.16666638888935187	0.0714285204081997	0.24999937500156252	0.11111098765445816	0.0	0.0	4	2	9	5	[130,131,149,151]	[16,20]	[49,65,89,91,107,131,133,260,322]	[223,224,225,226,227]
P62820_Q7DB50	-1	-1	0.04182347040962415	0.5555552469137517	0.11235953793713056	0.6363630578517656	0.1590908729338925	0.4285708163274053	0.06666665185185514	11	7	44	45	[37,39,41,44,65,70,72,73,190,192,197]	[117,121,124,135,228,304,305]	[6,7,8,9,20,21,33,38,39,40,41,42,43,44,45,46,47,48,49,50,51,52,54,59,61,63,65,70,71,72,73,75,76,79,80,82,94,95,97,111,112,125,128,131]	[60,65,66,68,135,136,166,170,188,189,191,194,195,196,197,198,200,201,204,208,212,231,238,239,240,293,294,296,297,300,301,304,305,308,311,312,315,316,320,322,323,324,326,346,352]
P01903_Q52T95	-1	-1	0.0322780708483521	0.0	0.0	0.0	0.0	0.0	0.0	12	12	1	2	[8,12,15,16,18,19,22,23,24,25,27,136]	[4,43,46,47,49,79,158,162,163,181,184,214]	[80]	[100,103]
G4XFJ5_P01730	-1	-1	0.44798875692602463	0.0	0.0	0.0	0.0	0.0	0.0	24	33	27	22	[32,34,36,37,38,39,40,41,42,43,46,49,120,121,158,162,209,210,211,212,213,214,215,217]	[135,173,175,176,177,205,206,207,208,210,211,212,220,222,224,233,235,247,255,257,264,265,296,300,302,303,305,309,335,336,337,378,379]	[283,284,285,286,287,367,368,369,370,372,373,421,423,425,426,427,451,453,454,455,456,457,465,468,469,470,472]	[48,50,52,54,56,57,58,59,60,65,66,67,68,69,70,71,73,77,84,85,88,110]
P04003_P50468	-1	-1	0.22217503800835495	0.0	0.0	0.0	0.0	0.0	0.0	19	12	18	16	[510,511,513,514,515,516,517,521,540,541,553,556,557,558,559,560,561,562,564]	[19,20,21,22,23,24,25,26,27,28,29,30]	[78,86,87,88,89,90,92,109,110,111,112,114,115,126,128,129,130,161]	[58,59,61,62,64,65,66,68,69,71,72,75,76,78,79,83]
P55957_Q85365	-1	-1	0.251518601775789	0.0	0.0	0.0	0.0	0.0	0.0	11	8	24	23	[42,43,45,116,117,118,119,120,123,168,172]	[12,13,15,16,19,22,25,138]	[81,82,83,84,85,86,87,88,89,90,91,93,94,95,96,97,98,100,101,105,106,107,108,109]	[111,114,118,119,122,125,126,129,130,132,133,135,139,143,151,153,154,155,156,159,196,199,200]
C5MK56_Q3KSS8	-1	-1	0.2142086738345547	0.12244895460225415	0.19999993333335556	0.0	0.0	0.26086945179589055	0.5454540495872277	26	23	19	11	[30,32,36,45,51,54,72,122,135,143,144,145,152,216,218,226,235,236,256,257,258,259,260,261,262,266]	[13,16,19,21,22,23,26,34,40,41,47,48,50,52,53,54,55,56,58,64,91,94,128]	[86,89,90,93,94,97,100,101,104,108,170,171,174,176,179,180,183,187,191]	[52,53,54,55,56,57,60,61,62,63,64]
C5ILC1_O60462	-1	-1	-1	-1	-1	-1	-1	[]	[]	[]	[]
K0BRG7_P27487	-1	-1	0.3025714302337687	0.013157894489513261	0.13999997200000558	0.0	0.0	0.030042917165540035	0.25925916323734693	299	233	23	27	[10,12,18,19,20,21,22,23,24,25,26,27,28,29,30,31,32,33,34,35,36,37,38,39,40,41,45,48,69,70,71,72,73,74,75,76,77,78,84,85,86,87,105,109,112,114,115,116,117,118,119,120,121,122,123,130,132,133,134,137,138,139,140,141,142,143,144,145,146,147,148,149,150,151,152,153,154,155,156,157,158,159,160,161,162,163,164,165,166,167,168,169,170,171,172,173,174,176,178,179,180,181,182,183,184,185,186,187,188,189,190,191,192,193,194,195,196,197,198,199,200,201,202,203,204,205,206,207,208,209,210,211,212,213,214,215,216,219,227,228,230,231,232,233,234,235,236,237,238,239,240,241,242,243,244,245,246,247,248,249,250,251,252,253,254,255,256,257,258,259,272,273,274,275,276,277,278,279,280,281,282,283,284,285,287,288,289,290,291,292,293,295,312,313,314,315,316,317,318,319,320,321,322,323,324,325,326,327,328,329,332,394,399,442,445,446,476,478,480,481,482,483,484,485,568,569,570,571,607,609,630,631,632,633,634,635,636,637,639,648,650,654,656,658,659,677,678,679,681,788,790,792,794,795,796,797,799,801,802,804,807,818,822,871,873,874,935,1041,1042,1048,1052,1055,1056,1059,1127,1129,1130,1131,1134,1136,1138,1284,1293,1295,1299,1302,1303,1306,1309,1310,1313,1317,1321,1326,1331,1336,1350,1352,1353]	[1,7,10,11,13,14,17,20,21,24,25,26,28,29,38,39,40,41,46,48,49,50,51,52,54,55,56,57,73,74,92,96,99,100,101,103,119,120,121,122,123,125,126,144,146,147,149,150,151,169,187,188,189,190,191,192,193,205,206,209,210,231,232,234,235,236,237,238,239,241,244,245,246,247,248,249,250,251,253,258,260,261,262,292,295,296,317,318,319,321,345,348,349,350,351,352,355,357,358,360,361,363,375,376,377,378,381,392,393,394,396,401,406,408,422,423,424,425,452,453,455,471,475,476,496,498,499,501,502,503,505,506,509,511,512,514,516,520,522,523,525,532,533,534,548,552,559,560,562,581,585,588,589,590,592,593,595,596,597,600,601,604,608,611,621,622,629,642,643,644,645,648,658,660,661,666,673,674,675,676,677,678,680,681,682,684,685,689,690,691,693,694,696,697,699,706,707,709,710,712,713,714,717,718,721,724,725,726,727,729,730,731,732,734,736,737,739,741,743,744,745,746,748,749,750,753,754,757,760,761,764,765,766]	[454,455,461,462,463,499,501,502,505,506,510,511,513,515,536,537,538,539,540,542,553,555,562]	[188,227,265,267,269,281,284,286,288,291,292,294,295,296,297,298,317,322,333,334,336,338,341,344,346,348,392]
P30460_Q9YRL3	-1	-1	0.10008549671337855	0.11111098765445816	0.03225805411030513	0.0	0.0	0.24999937500156252	0.11111098765445816	5	4	22	9	[38,258,259,260,266]	[58,62,65,74]	[86,87,90,93,94,96,97,100,101,104,108,123,140,170,171,174,176,179,180,183,187,191]	[51,52,53,54,55,56,57,58,59]
P04601_P05534	-1	-1	0.2719541903923815	0.0	0.0	0.0	0.0	0.0	0.0	26	37	9	21	[1,9,11,12,13,19,22,29,68,69,70,72,73,120,121,122,144,166,193,196,197,199,200,201,202,204]	[14,23,30,32,39,51,111,112,114,115,116,118,120,122,137,139,141,143,144,145,146,216,218,226,228,236,249,250,251,253,254,256,257,258,259,268,272]	[134,135,136,137,138,139,140,141,142]	[31,86,90,93,94,97,100,101,104,108,170,171,174,176,179,180,183,187,190,191,194]
P01891_Q70626	-1	-1	0.161738672181064	0.0	0.0	0.0	0.0	0.0	0.0	54	44	18	9	[38,39,40,41,45,59,62,63,64,65,70,71,72,74,77,114,115,116,118,120,143,144,210,216,218,222,226,228,230,231,253,258,259,260,261,262,263,266,268,272,299,306,311,314,317,318,321,322,325,328,331,332,360,365]	[39,44,46,47,50,53,57,58,59,61,172,173,175,176,178,179,180,181,182,183,184,185,271,273,274,440,511,597,600,601,602,603,655,678,682,685,688,689,692,699,710,772,773,776]	[86,87,90,93,94,97,100,101,104,108,170,171,174,179,180,183,187,191]	[192,193,194,195,196,197,198,199,200]
A0A0H3B1Q8_Q15843	-1	-1	0.07652715753941734	0.46666635555576297	0.11666664722222546	0.0	0.0	0.8749989062513672	0.24137922711061136	7	8	31	29	[101,104,108,110,111,252,254]	[6,8,12,46,47,68,71,73]	[64,66,67,68,83,84,87,90,94,95,105,106,113,114,116,118,119,122,138,139,167,172,196,198,199,203,205,257,259,261,262]	[6,7,8,9,10,11,24,25,28,31,32,33,34,35,36,37,39,40,42,44,46,47,66,68,70,71,72,73,74]
Q07812_Q08FX8	-1	-1	0.29631941280013296	0.0	0.0	0.0	0.0	0.0	0.0	4	5	16	14	[171,172,175,176]	[152,155,156,159,163]	[56,57,58,59,60,62,63,64,65,66,67,68,69,70,71,73]	[53,56,59,60,63,77,78,80,84,85,87,89,93,135]
P0DJM0_P12830	-1	-1	-1	-1	-1	-1	-1	[]	[]	[]	[]
Q14116_Q85319	-1	-1	0.6872158735901821	0.4374998632812927	0.3589742669296751	0.0	0.0	0.8749994531253418	0.6666663492065004	16	16	18	21	[45,60,72,75,76,77,78,79,80,82,84,103,104,105,192,193]	[48,49,51,53,65,67,69,70,79,82,113,114,115,117,118,120]	[37,41,44,87,89,91,93,94,95,96,127,140,141,146,147,149,189,191]	[45,46,48,49,51,53,55,64,65,66,67,69,70,77,113,114,115,116,117,118,120]
P02671_Q14U76	-1	-1	-1	-1	-1	-1	-1	[]	[]	[]	[]
A0A0C5HAL9_P50750	-1	-1	0.09115223646972663	0.11904759070295459	0.35714260204099857	0.14285707482996438	0.5999988000024	0.09523804988664292	0.22222197530891633	21	21	5	9	[1,7,8,10,11,24,25,26,28,29,30,33,34,35,36,38,39,42,43,45,47]	[3,5,8,10,11,12,52,55,58,59,61,64,68,71,72,84,86,96,99,173,179]	[8,9,10,11,12]	[68,144,172,173,175,177,178,181,183]
P31946_Q93SQ1	-1	-1	0.07674567011660038	0.2941175605536586	0.11235953793713056	0.36842085872586383	0.17073166567520348	0.19999986666675557	0.06249998697916938	19	15	41	48	[18,19,20,62,66,69,70,195,202,205,206,213,224,225,228,229,231,233,235]	[1,2,3,6,12,16,19,20,23,30,63,67,419,420,423]	[16,40,41,44,47,48,51,52,58,62,119,122,166,167,171,174,175,178,182,195,198,199,202,203,205,206,207,208,210,211,212,213,214,215,217,218,219,221,222,224,226]	[314,315,316,332,333,348,352,361,363,391,393,394,395,396,397,398,399,404,406,413,414,416,417,418,419,420,421,422,423,424,425,426,427,428,429,430,431,443,444,445,446,447,448,449,450,451,452,453]
P61088_Q5ZTL4	-1	-1	0.043579059264107115	0.0624999804687561	0.02222221975308669	0.0	0.0	0.11764698961941787	0.045454535123969284	15	17	46	44	[68,74,82,83,85,135,139,142,143,145,146,147,149,150,151]	[47,49,51,54,61,175,178,179,182,229,230,232,234,236,395,399,406]	[2,3,4,5,6,7,10,14,33,60,61,63,64,66,88,89,90,91,92,93,94,95,96,97,98,99,100,102,103,104,106,107,110,113,114,116,117,118,119,120,121,122,123,124,127,130]	[40,47,63,64,65,66,69,70,72,126,131,132,186,188,189,191,192,193,195,196,197,198,200,203,204,207,230,254,255,256,257,262,308,309,312,313,315,316,317,318,319,320,321,322]
O95486_P03522	-1	-1	-1	-1	-1	-1	-1	[]	[]	[]	[]
P31946_Q9I788	-1	-1	0.6595894872545812	0.4999999444444506	0.6428570510204212	0.4772726188016775	0.6363634435262292	0.5217390170132571	0.6486484733382504	44	46	33	37	[13,14,16,17,18,19,21,41,44,48,51,52,55,56,59,62,63,66,69,70,181,182,198,199,202,203,205,206,207,208,209,210,213,214,217,218,221,222,224,225,226,229,233,235]	[8,51,53,54,56,57,59,60,61,63,316,317,318,319,335,351,355,365,367,397,398,399,400,401,402,403,408,410,412,416,420,426,429,430,433,434,446,447,448,449,451,452,454,455,456,457]	[44,47,48,51,52,115,122,167,171,174,175,178,195,198,199,202,203,204,205,206,208,210,211,213,214,215,217,218,221,222,224,225,226]	[317,318,319,321,335,336,351,355,365,367,395,397,398,399,400,401,402,403,408,410,416,418,420,421,422,423,424,425,426,427,428,429,430,431,432,433,434]
P15144_Q1HVK2	-1	-1	-1	-1	-1	-1	-1	[]	[]	[]	[]
P06788_Q15678	-1	-1	0.03845930391564787	0.10344824019026201	0.09374997070313415	0.21428556122459913	0.19999986666675557	0.0	0.0	14	15	15	17	[23,24,26,27,28,29,64,66,67,68,69,70,71,100]	[1,846,847,850,853,854,857,858,860,861,863,864,865,867,868]	[59,60,62,63,64,69,71,84,85,87,88,90,91,92,95]	[1026,1027,1029,1030,1041,1043,1044,1045,1046,1047,1057,1068,1070,1095,1098,1102,1106]
P04591_P20039	-1	-1	0.33120233841356245	0.07142854591837645	0.0624999804687561	0.08333326388894677	0.0714285204081997	0.06249996093752441	0.055555524691375174	12	16	14	18	[98,105,108,112,211,214,215,310,335,487,490,491]	[23,25,27,28,29,30,31,32,41,58,63,118,122,136,178,180]	[298,299,300,301,302,303,304,305,306,307,308,309,310,312]	[42,85,86,89,90,93,95,96,99,100,106,107,110,111,113,114,118,119]
P01730_P19551	-1	-1	0.11237865266101271	0.07142855867347166	0.07142855867347166	0.0	0.0	0.13793098692034933	0.1333332888889037	27	29	26	30	[156,158,159,160,176,177,205,206,222,224,226,228,259,278,279,345,346,367,375,376,377,378,383,385,387,408,414]	[27,43,116,117,118,267,333,353,354,355,356,358,360,362,363,364,365,366,368,409,411,413,416,419,420,495,496,498,715]	[46,48,50,52,54,56,57,58,59,60,65,66,67,68,69,70,71,73,77,83,84,85,86,88,89,110]	[124,125,126,127,194,277,278,279,280,281,363,364,365,366,369,423,424,425,428,429,430,453,455,456,457,467,470,471,472,474]
P08411_Q13283	-1	-1	-1	-1	-1	-1	-1	[]	[]	[]	[]
P21579_Q9LBR1	-1	-1	-1	-1	-1	-1	-1	[]	[]	[]	[]
C5MK56_Q3KSS4	-1	-1	0.5808143449764523	0.0	0.0	0.0	0.0	0.0	0.0	56	54	19	11	[12,13,16,25,26,28,30,32,39,51,53,54,63,65,66,81,82,85,111,114,115,116,120,122,134,135,139,143,144,145,146,149,151,152,158,160,161,210,218,226,228,233,234,235,236,249,250,252,253,256,257,258,259,268,351,354]	[6,8,72,84,85,116,117,118,132,133,134,135,179,180,181,230,233,234,235,236,237,238,239,240,241,242,243,244,245,246,247,248,249,250,251,262,264,265,267,303,305,306,307,308,309,310,311,313,403,529,530,555,570,571]	[86,90,93,94,97,100,101,104,108,123,170,171,174,176,179,180,183,187,191]	[407,408,409,410,411,412,413,414,415,416,417]
Q08FX8_Q16611	-1	-1	0.11520946078895583	0.0	0.0	0.0	0.0	0.0	0.0	7	6	17	17	[149,153,156,159,163,167,170]	[187,191,194,198,202,205]	[41,48,52,53,56,59,60,63,77,80,84,85,87,89,90,93,135]	[71,72,73,74,75,77,78,79,80,81,82,83,84,85,86,88,89]
A0A140GKJ0_Q03519	-1	-1	0.5274315069821379	0.3529409688582536	0.06896550931430927	0.24999968750039064	0.05263156509695655	0.44444395061783265	0.08163263640150277	8	9	38	49	[1,11,12,15,71,72,80,83]	[250,254,332,337,340,355,369,373,417]	[2,4,5,8,9,12,13,15,16,17,18,19,20,21,22,23,24,26,27,29,30,33,36,37,40,41,44,45,46,47,48,49,50,51,52,53,54,55]	[166,207,211,215,218,238,241,242,244,245,246,247,248,249,250,251,252,254,255,258,259,262,266,269,270,273,310,314,318,373,377,380,381,384,417,418,421,422,424,425,428,432,433,435,436,442,477,479,520]
P03126_Q9HD26	-1	-1	0.09068678800455315	0.07692304733728948	0.06451610822061025	0.16666652777789354	0.2857138775516035	0.0	0.0	12	14	7	24	[83,84,85,86,91,128,129,130,131,136,154,158]	[208,211,212,215,219,380,381,382,384,386,388,390,392,412]	[152,153,154,155,156,157,158]	[284,285,286,288,298,301,302,303,304,308,309,311,314,316,317,319,343,345,349,350,353,357,366,368]
P03305_P05161	-1	-1	-1	-1	-1	-1	-1	[]	[]	[]	[]
A4GWL5_P12830	-1	-1	-1	-1	-1	-1	-1	[]	[]	[]	[]
B5Z8H1_P13688	-1	-1	0.1944477396245073	0.0	0.0	0.0	0.0	0.0	0.0	16	16	28	27	[7,10,70,74,312,316,329,358,427,428,431,437,551,553,565,570]	[39,41,42,43,44,56,182,183,448,451,455,459,493,518,520,525]	[122,126,129,130,131,155,156,157,158,159,163,165,166,167,169,170,171,173,174,175,176,260,262,263,264,285,286,287]	[35,61,63,73,74,75,76,78,81,83,84,85,86,88,90,91,92,93,125,126,127,128,129,130,131,132,133]
P01903_P0A0L5	-1	-1	0.06941429515308406	0.0	0.0	0.0	0.0	0.0	0.0	17	19	19	20	[12,16,22,24,25,27,29,31,166,168,226,230,231,234,238,241,242]	[6,10,14,21,59,61,63,166,167,168,207,209,210,231,232,260,262,264,266]	[38,42,43,44,45,61,62,63,64,65,80,82,83,85,86,89,92,93,96]	[69,70,71,72,73,74,94,96,105,119,121,123,124,125,135,234,236,238,239,242]
P68036_Q6RCR4	-1	-1	0.10316173599686751	0.49999972222237654	0.1384615171597666	0.666665925926749	0.17647053633219517	0.3333329629633745	0.09677416233091538	9	9	34	31	[5,9,13,16,17,96,97,98,103]	[66,123,127,128,130,132,441,443,444]	[2,5,6,9,13,31,33,34,36,52,54,56,58,59,60,63,64,67,69,71,73,81,82,84,94,96,97,98,100,119,120,121,123,124]	[45,62,136,137,139,168,170,186,187,190,191,192,193,284,296,297,298,299,301,308,315,316,339,340,342,343,346,440,441,443,444]
P12497_P49792	-1	-1	-1	-1	-1	-1	-1	[]	[]	[]	[]
P03366_P18465	-1	-1	-1	-1	-1	-1	-1	[]	[]	[]	[]
P30685_Q3KSS4	-1	-1	0.5414932810563624	0.026666664888889007	0.1333332888889037	0.0434782545683689	0.15789465373965592	0.012345677488187963	0.09090900826453795	69	81	19	11	[30,32,34,38,39,40,41,45,47,56,59,61,63,72,85,100,103,107,108,109,110,111,112,114,116,118,120,122,135,139,141,143,144,145,146,151,152,155,158,160,166,169,170,181,182,216,217,218,226,228,253,256,257,258,259,261,262,263,268,302,303,304,305,307,354,355,356,357,358]	[35,36,37,38,39,131,153,157,170,171,172,173,174,176,177,178,180,183,184,185,200,201,214,217,218,219,220,221,224,225,226,227,228,254,255,256,260,262,263,264,265,284,285,286,287,288,289,290,291,292,293,294,295,305,306,307,308,309,310,311,312,313,314,315,316,317,318,414,526,527,529,530,552,553,554,555,569,570,571,573,574]	[86,90,93,94,97,100,101,104,108,121,170,171,174,176,179,180,183,187,191]	[407,408,409,410,411,412,413,414,415,416,417]
P11233_P15879	-1	-1	0.5161929117530132	0.3461537130178027	0.2093022769064472	0.8181810743808415	0.40909072314058037	0.0	0.0	11	15	22	21	[22,23,45,47,71,74,75,77,99,103,106]	[28,29,31,32,33,34,35,36,38,39,40,164,165,166,244]	[22,23,24,45,46,70,71,72,73,74,75,76,79,97,99,102,103,106,107,109,110,113]	[89,91,92,93,94,96,97,98,99,101,102,105,106,109,113,168,220,247,248,249,250]
B7SCI5_Q9Y5X3	-1	-1	0.10152272915968641	0.0	0.0	0.0	0.0	0.0	0.0	6	6	18	25	[1,5,8,54,61,75]	[182,186,200,203,210,214]	[111,112,113,114,115,116,117,118,120,121,125,126,127,128,129,130,131,132]	[34,36,37,38,39,40,41,42,46,48,66,103,106,107,125,126,129,132,133,136,137,140,144,169,170]
Q5ZU83_Q9H8S9	-1	-1	0.32697630042007786	0.24999995192308616	0.16883114690504586	0.0	0.0	0.464285548469447	0.33333324786326973	24	28	38	39	[12,40,41,44,46,245,246,247,364,729,730,732,733,765,766,768,769,784,786,787,788,789,887,892]	[1,3,4,5,22,27,37,38,39,40,43,55,59,77,81,82,85,105,107,113,123,127,128,129,130,134,136,168]	[102,104,107,144,145,148,149,152,203,204,229,258,276,278,279,282,283,286,289,293,297,316,317,318,319,420,421,444,447,448,451,452,453,454,455,456,459,463]	[36,37,38,39,40,43,44,46,48,49,51,55,56,59,62,63,66,67,69,70,73,74,76,77,78,123,127,129,134,168,171,172,173,174,175,176,177,178,185]
A0A0C5HAL9_O60563	-1	-1	0.1819718512519184	0.34782593572785403	0.10958902608369506	0.7272720661163036	0.2352940484429269	0.0	0.0	11	12	34	39	[8,14,15,16,35,36,39,43,45,69,71]	[11,26,72,73,78,139,142,145,473,474,523,525]	[1,2,3,4,5,6,7,10,11,13,14,15,16,17,18,22,25,26,27,28,29,30,32,35,36,38,39,40,42,43,44,45,46,47]	[39,40,43,46,47,50,51,53,55,56,57,81,95,96,97,111,112,155,158,159,162,168,171,172,175,176,180,184,207,248,249,250,251,252,255,256,259,260,261]
P0DJ89_Q9UHR4	-1	-1	0.2676144655191593	0.09803919646290264	0.10869562854442857	0.0	0.0	0.17857136479594116	0.21739120982990878	23	28	23	23	[1,2,3,4,5,6,7,8,10,13,14,21,22,159,204,206,246,248,249,325,328,329,331]	[186,190,197,200,201,204,205,212,351,353,354,355,374,376,377,394,395,396,421,422,424,432,443,447,450,451,485,495]	[280,282,283,284,285,289,290,291,292,293,294,295,296,297,298,300,301,302,303,304,305,306,309]	[347,348,350,355,356,357,358,370,371,375,376,377,378,380,385,386,387,388,389,391,393,395,396]
P30480_Q70A36	-1	-1	0.07817463763133665	0.0	0.0	0.0	0.0	0.0	0.0	6	4	21	9	[226,228,256,258,261,266]	[18,20,51,63]	[86,87,90,93,94,97,100,101,104,108,123,140,170,171,174,176,179,180,183,187,191]	[67,68,69,70,71,72,73,74,75]
Q6P5S8_Q993A8	-1	-1	0.12098808059573984	0.02531645249158829	0.24999968750039064	0.022727267561984642	0.9999900000999989	0.028571420408165595	0.14285693877580175	44	35	1	7	[14,16,17,19,21,57,59,62,63,64,65,67,77,106,116,117,118,125,138,140,141,143,144,145,146,149,151,153,155,157,159,160,164,184,186,187,188,189,192,198,202,229,235,236]	[12,15,17,19,28,30,53,56,57,60,61,62,300,329,382,383,384,385,439,440,441,442,445,448,481,485,493,530,531,533,534,542,543,544,545]	[116]	[62,63,145,146,147,148,377]
I3XMW8_Q07817	-1	-1	0.037682638791763076	0.0	0.0	0.0	0.0	0.0	0.0	10	8	14	22	[9,59,61,63,67,71,133,134,136,138]	[209,212,213,216,220,224,227,230]	[118,119,120,121,123,124,125,126,127,128,129,130,131,132]	[96,97,100,101,104,105,108,109,111,112,126,129,130,132,133,136,138,139,193,194,195,196]
I0AXC3_Q6N089	-1	-1	0.14889549914057296	0.0	0.0	0.0	0.0	0.0	0.0	62	62	19	5	[38,238,295,296,299,300,301,302,303,305,306,307,308,328,331,337,342,343,344,345,349,352,353,356,357,364,368,369,371,372,373,374,407,432,435,438,439,442,463,470,471,473,474,476,477,478,482,484,485,488,491,504,514,517,518,519,521,535,538,542,546,550]	[3,6,10,11,13,14,15,16,17,18,19,20,22,58,60,61,62,63,64,65,66,112,119,120,123,126,128,129,130,131,134,177,190,191,192,193,194,195,196,197,198,199,205,268,269,272,320,321,326,372,374,375,376,377,379,380,381,383,395,417,432,464]	[73,75,78,93,94,96,97,98,99,138,149,151,157,158,160,161,162,165,271]	[75,76,79,121,125]
O75475_P12497	-1	-1	-1	-1	-1	-1	-1	[]	[]	[]	[]
P0C6X9_P0CG47	-1	-1	-1	-1	-1	-1	-1	[]	[]	[]	[]
P04439_Q9YV12	-1	-1	-1	-1	-1	-1	-1	[]	[]	[]	[]
B9V0E2_S6B2A6	-1	-1	-1	-1	-1	-1	-1	[]	[]	[]	[]
C9JGG1_P06437	-1	-1	0.14533149597367404	0.03571427295918823	0.09090900826453795	0.09090900826453795	0.24999937500156252	0.0	0.0	11	17	4	7	[14,16,17,18,19,20,22,30,75,77,136]	[94,96,151,152,154,217,310,314,369,390,392,393,445,446,447,448,565]	[33,76,77,142]	[50,51,52,53,54,55,56]
Q8IZA0_Q9WBP8	-1	-1	-1	-1	-1	-1	-1	[]	[]	[]	[]
B7SCI5_Q86XE0	-1	-1	0.19116156203424386	0.0	0.0	0.0	0.0	0.0	0.0	4	4	14	18	[72,76,99,100]	[182,185,230,233]	[111,112,113,114,115,116,117,118,120,125,127,128,129,130]	[29,31,32,33,34,35,36,37,101,102,104,120,124,128,131,132,135,139]
Q8ZNR3_Q9BRZ2	-1	-1	-1	-1	-1	-1	-1	[]	[]	[]	[]
A2NUT2_P05877	-1	-1	0.146611822900771	0.015384613017751844	0.14285693877580175	0.028571420408165595	0.3333322222259259	0.0	0.0	35	30	3	4	[8,12,18,20,58,60,61,62,63,64,105,107,116,117,118,120,146,147,149,150,151,152,154,158,181,183,185,186,187,188,195,198,200,202,204]	[34,52,53,55,56,58,60,380,382,383,440,442,444,509,510,588,591,592,596,602,633,636,637,640,641,644,645,648,651,655]	[52,111,117]	[314,315,316,317]
P10415_Q99HR6	-1	-1	0.035516297109607964	0.15384603550304962	0.045454535123969284	0.14285693877580175	0.04545452479339782	0.16666638888935187	0.04545452479339782	7	6	22	22	[107,207,209,213,216,217,218]	[87,94,97,99,105,112]	[104,107,108,111,112,118,120,124,125,128,132,133,136,137,139,140,143,144,145,146,201,202]	[110,111,112,116,117,119,120,121,122,123,124,125,126,127,128,129,130,131,132,133,134,135]
P01730_P04578	-1	-1	0.11876992997395205	0.0909090771349883	0.1016948980178139	0.0	0.0	0.19999993333335556	0.17647053633219517	36	30	25	34	[8,135,156,158,159,160,161,162,175,176,177,179,180,181,205,206,220,222,226,227,228,337,345,346,348,367,374,375,377,378,379,383,409,412,423,426]	[1,4,16,40,266,267,302,335,353,354,355,356,357,358,360,362,363,364,365,366,367,368,369,370,371,417,418,419,671,674]	[48,50,52,54,56,57,58,59,60,65,66,67,68,69,70,71,73,77,83,84,85,86,88,89,110]	[123,124,125,126,127,196,278,279,280,281,282,283,365,366,367,368,370,371,425,426,427,429,430,432,455,457,458,459,460,469,472,473,474,476]
P78310_Q80S15	-1	-1	0.051065391655414065	0.0270270197224271	0.0232558085451608	0.0	0.0	0.055555524691375174	0.04761902494332146	19	18	22	21	[62,63,64,65,163,169,170,171,173,193,194,195,353,354,355,356,358,362,364]	[15,16,27,29,55,57,58,59,60,61,62,63,76,79,81,82,127,129]	[48,50,51,52,54,56,66,67,69,70,73,75,78,80,82,83,85,121,123,125,126,128]	[36,38,39,45,46,47,50,69,71,72,76,77,110,111,116,118,119,121,122,196,198]
P03255_Q92793	-1	-1	-1	-1	-1	-1	-1	[]	[]	[]	[]
D1CDN2_Q15750	-1	-1	0.3302505434215405	0.019999996000000797	0.0714285204081997	0.03846152366864474	0.11111098765445816	0.0	0.0	26	24	9	5	[16,19,123,124,170,195,196,231,318,377,423,427,430,431,433,435,442,446,453,457,460,462,465,466,468,469]	[11,12,13,38,39,44,45,46,48,72,142,153,156,160,350,398,399,400,401,402,403,404,405,406]	[14,44,197,198,228,229,230,231,232]	[392,393,394,395,396]
P20963_Q5QGG3	-1	-1	0.03415647743180252	0.13333330370371027	0.28571414965992875	0.1499999250000375	0.37499953125058594	0.1199999520000192	0.23076905325457442	20	25	8	13	[3,7,11,72,75,76,79,83,86,87,90,142,145,152,153,156,157,159,161,164]	[15,19,23,26,30,34,37,42,124,127,128,129,132,133,136,139,140,143,146,150,152,165,171,173,207]	[64,68,71,72,74,75,76,77]	[122,126,127,128,130,132,137,138,141,144,145,148,149]
P05534_Q9WPU2	-1	-1	0.16007955925528697	0.12499994791668836	0.10714281887756469	0.0	0.0	0.24999979166684028	0.2999997000003	12	12	18	10	[45,51,56,59,72,118,253,258,259,260,261,266]	[59,72,121,122,123,124,125,126,127,135,137,138]	[90,93,94,97,100,101,104,108,123,170,171,176,180,183,187,190,191,194]	[133,134,135,136,137,138,139,140,141,142]
Q6I9S9_Q80KM9	-1	-1	0.6504640858911573	0.011235953793713057	0.01694914966963565	0.023809518140590916	0.043478241965981754	0.0	0.0	42	47	23	36	[1,4,9,16,19,20,23,24,31,32,33,35,186,188,210,336,339,340,343,346,347,350,353,354,357,360,361,364,365,368,369,372,376,385,386,387,388,389,390,391,393,395]	[35,38,44,52,55,59,60,62,63,64,65,66,73,74,77,80,81,84,87,88,91,94,95,97,98,129,133,136,138,141,142,145,149,218,220,221,222,226,289,292,293,297,299,300,352,353,354]	[34,35,36,37,38,39,40,41,47,54,55,56,57,58,59,60,61,64,69,71,72,73,74]	[17,18,19,20,21,22,23,24,25,26,29,33,89,93,96,111,112,170,172,173,174,175,177,178,180,182,185,188,244,255,261,266,270,273,274,277]
P03536_Q04637	-1	-1	0.04296015450520618	0.08064515912244197	0.6818180268595393	0.1182795635333568	0.8461535207101843	0.043010750375766106	0.4444441975310014	186	186	26	18	[1,2,3,4,5,7,8,10,11,14,17,21,24,28,31,32,36,37,38,39,52,56,57,58,59,60,61,62,63,64,68,69,71,72,73,75,76,77,80,81,82,83,84,85,86,87,88,89,90,91,94,95,98,101,105,109,114,115,118,121,124,125,126,127,128,129,130,131,132,133,134,135,137,138,143,162,163,164,165,166,167,168,169,170,172,173,176,177,180,192,193,195,196,197,198,199,200,201,202,203,204,205,206,207,208,209,210,211,212,213,214,216,217,218,220,221,222,224,225,228,229,231,232,235,236,238,239,240,242,243,244,245,246,247,248,249,250,251,252,253,254,257,259,260,261,262,263,264,265,266,267,268,276,278,280,282,283,284,285,286,287,288,289,290,291,292,293,294,295,296,297,299,300,302,303,304,306,307,308,309,310,311,312,313,314,315]	[1,2,4,5,6,7,8,102,103,106,108,119,120,121,122,123,124,146,147,149,150,151,152,153,181,182,183,184,185,186,187,188,189,191,196,240,241,242,243,244,245,247,281,282,283,284,285,290,309,311,312,447,448,449,493,494,495,504,505,506,507,509,510,511,516,517,518,519,520,523,524,576,577,578,579,580,581,582,583,584,585,586,587,588,589,590,662,675,702,703,704,705,706,707,713,714,715,716,717,718,719,720,726,727,729,731,732,734,735,737,738,739,740,741,742,743,744,745,746,747,750,751,752,753,754,755,756,757,758,759,761,762,763,765,766,769,770,774,775,777,778,781,782,784,785,787,789,790,792,799,804,825,828,830,1022,1039,1040,1057,1059,1060,1063,1065,1066,1067,1068,1069,1070,1078,1079,1080,1081,1082,1132,1182,1183,1184,1185,1186,1187,1188,1189,1190,1191,1334,1335,1339]	[257,258,261,265,287,291,292,294,295,296,297,298,299,301,302,303,304,305,307,308,309,310,311,312,313,315]	[175,176,177,178,179,180,181,182,183,184,185,186,189,192,195,196,197,199]
P02671_Q6GDH2	-1	-1	-1	-1	-1	-1	-1	[]	[]	[]	[]
J7H333_P52799	-1	-1	0.03939111463649252	0.0	0.0	0.0	0.0	0.0	0.0	35	39	35	33	[36,60,61,64,68,69,70,71,74,78,81,85,88,92,96,109,112,113,116,170,171,178,179,180,181,182,183,184,185,186,187,189,213,281,284]	[3,8,10,12,17,20,21,24,169,177,217,218,219,221,222,223,225,227,228,229,231,232,233,234,235,236,237,238,239,240,242,243,246,253,297,298,299,300,324]	[261,262,263,264,325,405,406,407,408,409,423,424,426,479,511,512,513,518,520,522,523,525,526,527,551,552,553,554,576,578,580,602,605,606,621]	[54,55,57,75,77,93,94,96,98,100,102,103,104,105,106,108,109,110,111,113,115,116,117,118,119,120,121,122,123,125,127,130,142]
Q99816_Q9YP46	-1	-1	0.3902655280981659	0.0	0.0	0.0	0.0	0.0	0.0	21	17	13	8	[115,116,118,121,284,285,286,288,289,290,291,292,293,294,295,296,298,382,385,388,389]	[102,104,105,108,109,111,112,113,116,216,289,290,494,496,498,499,500]	[34,58,63,64,67,68,69,95,96,98,142,143,145]	[453,454,456,457,458,459,460,461]
Q2HR73_Q93009	-1	-1	0.194395226812349	0.028938905821900136	0.29032248699274615	0.03680981369264947	0.46153810650914884	0.020270268900657508	0.16666657407412552	163	148	13	18	[152,153,154,155,156,157,158,159,160,161,162,163,164,165,167,170,180,183,186,188,205,206,207,208,209,210,220,221,222,223,224,225,226,230,231,233,235,248,274,276,278,279,280,281,302,303,304,306,307,318,319,321,322,323,324,333,335,345,360,362,364,375,377,379,382,383,384,385,386,387,403,404,405,409,411,412,413,414,446,447,448,449,450,467,469,470,471,472,480,482,483,484,485,486,487,488,489,490,491,492,493,494,495,501,504,505,506,507,508,509,532,535,536,538,540,541,542,559,560,561,566,567,570,628,632,638,657,658,660,661,673,691,704,705,706,707,731,732,733,765,806,807,811,834,837,839,865,870,871,872,873,875,876,881,887,888,889,890,892,902,907,908,911]	[9,10,11,12,13,14,15,16,17,128,129,131,155,157,159,160,161,162,201,202,217,218,219,220,251,252,253,254,277,278,281,283,284,285,286,287,288,289,290,291,292,293,294,298,302,306,309,416,417,418,419,457,458,459,460,461,462,463,464,483,506,510,543,550,551,553,554,555,556,557,558,559,560,561,562,563,566,595,655,656,657,801,803,804,805,807,841,842,843,844,845,846,847,849,851,852,854,857,858,859,862,863,866,867,869,870,871,872,875,879,880,882,883,888,889,891,892,893,895,897,906,907,909,911,914,915,924,928,945,946,947,958,960,961,963,964,965,966,967,969,1089,1090,1091,1092,1093,1094,1095,1096]	[203,204,205,206,207,208,209,210,211,212,213,214,216]	[83,84,104,135,150,151,152,153,155,161,162,163,164,165,166,167,168,169]
P03206_P30460	-1	-1	0.2800045246188155	0.01562499755859413	0.033333322222225924	0.03448274673008733	0.12499984375019532	0.0	0.0	29	35	8	22	[13,18,19,21,22,23,25,28,32,33,35,36,45,46,47,48,50,51,52,57,60,62,64,75,94,97,101,123,192]	[30,32,36,38,39,45,47,51,56,59,72,115,116,118,120,122,135,139,143,144,145,146,218,226,249,250,252,254,256,258,259,260,261,262,263]	[190,191,192,193,194,195,196,197]	[86,87,89,90,93,94,97,98,100,101,104,108,123,140,170,171,176,179,180,183,187,191]
P01552_P01903	-1	-1	0.056914171271721006	0.05263156509695655	0.04878047590720099	0.10526310249310396	0.09090904958679565	0.0	0.0	19	19	22	19	[2,3,6,23,24,25,50,52,54,56,58,61,66,81,230,233,234,235,239]	[21,23,27,28,29,30,31,32,34,49,78,87,166,168,230,233,234,237,238]	[69,70,71,72,73,74,96,105,118,119,121,122,123,124,125,138,234,236,238,239,242,245]	[38,42,43,44,45,61,62,63,64,65,80,82,83,85,86,89,92,93,96]
P03211_P30685	-1	-1	0.3675810325531226	0.05454544462810097	0.09677416233091538	0.12499994791668836	0.2727270247936138	0.0	0.0	24	31	11	20	[6,7,8,17,263,264,265,266,267,323,397,404,406,410,411,414,470,471,472,473,474,500,532,615]	[32,38,39,40,41,82,116,120,122,144,145,146,160,216,226,228,254,256,258,268,303,304,305,306,307,310,311,318,358,360,362]	[407,408,409,410,411,412,413,414,415,416,417]	[86,90,93,94,97,100,101,104,108,121,123,170,171,174,176,179,180,183,187,191]
P19893_P63165	-1	-1	0.04114955221671568	0.23076905325457442	0.1199999520000192	0.4999991666680556	0.2999997000003	0.0	0.0	6	7	10	15	[199,202,204,491,524,530]	[45,49,53,59,60,98,101]	[195,196,197,198,199,200,201,202,204,206]	[21,31,32,33,34,35,36,37,39,41,42,43,46,50,54]
A7UPX0_Q6PIL8	-1	-1	0.11392942872339298	0.0	0.0	0.0	0.0	0.0	0.0	17	20	6	2	[62,68,237,318,321,352,356,357,358,361,392,393,396,397,400,401,404]	[14,16,18,21,23,67,76,77,106,108,119,120,122,164,182,183,184,185,186,187]	[144,170,171,172,205,209]	[50,53]
P03126_P04637	-1	-1	0.675882715372536	0.12857141020408425	0.13636361570248245	0.2647058044982928	0.2812499121094024	0.0	0.0	34	36	32	34	[17,18,39,40,42,57,58,60,62,72,75,76,77,79,80,81,82,83,84,86,87,88,101,107,114,129,131,136,137,138,142,153,154,157]	[7,10,11,13,14,17,18,19,21,22,24,25,26,27,28,30,32,35,36,37,39,40,41,42,43,44,45,47,49,50,53,54,177,178,181,243]	[12,13,14,15,17,18,20,21,24,25,30,31,46,47,50,51,53,54,56,76,79,80,83,84,99,101,105,107,116,119,120,152]	[100,101,102,103,104,105,106,110,114,115,116,117,118,119,122,128,129,130,131,144,146,186,187,188,201,202,226,227,267,268,286,289,290,292]
P0CG48_Q5ZTL4	-1	-1	0.6416401606479774	0.09356724872610385	0.39024385484831037	0.14857142008163313	0.6666664957265395	0.03592814156118913	0.13953485127096482	175	167	39	43	[160,161,163,183,184,185,186,187,188,189,192,223,225,230,235,237,239,240,242,244,260,261,262,263,306,308,310,313,314,315,316,318,335,336,337,338,339,367,368,386,388,389,390,391,392,404,405,408,411,412,413,414,415,416,417,418,419,420,422,424,448,450,451,452,453,454,455,456,458,460,462,465,466,467,468,470,472,474,475,476,478,480,481,485,487,488,489,490,491,492,493,495,496,508,509,510,511,513,514,519,520,527,529,530,532,534,536,541,543,546,548,550,552,554,556,557,560,561,563,564,565,566,567,568,569,570,571,572,581,583,584,585,595,596,603,604,605,606,610,612,617,618,619,620,622,624,626,627,628,632,633,636,637,639,640,641,642,643,644,645,646,647,648,650,660,661,662,663,665,666,668,680,681,682,685]	[17,21,25,26,27,28,29,30,31,32,33,34,35,36,37,38,39,40,167,168,169,170,171,172,173,174,176,177,178,181,182,185,189,192,195,196,199,201,208,211,212,213,216,220,232,234,235,236,237,238,239,240,241,243,245,246,248,264,268,269,270,272,273,274,275,276,277,278,279,280,281,282,283,286,293,294,295,296,297,298,300,301,302,303,304,305,306,307,308,309,310,314,317,318,319,320,321,322,323,324,325,327,329,335,336,339,340,341,342,343,344,345,346,347,348,350,351,352,353,354,355,356,357,359,360,361,363,364,365,366,367,368,370,371,372,374,375,377,378,379,381,382,384,385,387,388,389,390,391,393,395,399,402,403,407,408,409,412,416,419,424,425,428,432,459,463,474]	[614,615,616,617,618,619,628,629,630,632,633,636,639,640,641,642,643,644,645,646,647,648,650,652,654,655,661,662,663,665,666,674,676,678,679,680,681,682,683]	[29,31,35,36,39,40,42,43,46,47,64,65,66,69,70,71,72,73,75,76,79,95,99,121,123,126,128,144,145,147,148,163,164,165,166,228,229,230,254,255,256,257,262]
B7MJ81_Q9HD34	-1	-1	0.7348055787809638	0.8965514149822708	0.8965514149822708	0.8749994531253418	0.8749994531253418	0.9230762130182977	0.9230762130182977	16	13	16	13	[15,30,36,37,38,39,41,42,45,48,49,54,56,57,60,61]	[6,7,10,11,13,14,17,18,21,37,40,41,44]	[36,37,38,39,40,41,42,44,45,48,49,54,56,57,60,61]	[6,7,9,10,13,14,17,18,21,37,40,41,44]
P03169_P30460	-1	-1	0.49355831967838476	0.0	0.0	0.0	0.0	0.0	0.0	37	41	9	22	[154,155,156,164,255,259,310,340,341,344,345,348,356,382,383,385,386,387,390,392,395,409,410,412,413,414,415,416,417,418,419,420,421,422,423,424,427]	[28,30,32,34,36,38,41,45,47,49,51,54,56,59,65,72,118,120,122,126,139,144,145,146,160,161,226,236,253,256,257,258,259,260,261,266,268,301,304,306,310]	[199,200,201,202,203,204,205,206,207]	[86,87,90,93,94,97,98,100,101,104,108,123,140,170,171,174,176,179,180,183,187,191]
O36972_Q08209	-1	-1	0.7031719861462159	0.4761904006046983	0.5454544462810097	0.41379296076104805	0.49999979166675346	0.5294116089965856	0.5806449739854923	29	34	24	31	[6,80,82,84,117,120,156,184,190,192,195,197,198,199,201,202,204,205,206,207,208,209,210,211,212,213,215,218,221]	[19,73,100,104,173,193,194,208,214,216,218,219,270,271,273,275,288,290,296,297,298,299,318,327,328,329,330,331,332,333,335,338,490,506]	[205,206,207,208,209,210,211,212,213,214,215,216,217,218,219,220,221,227,228,229,230,231,232,234]	[104,124,194,275,288,290,297,298,299,310,312,313,314,316,318,327,328,329,330,331,332,333,335,336,338,341,344,352,353,356,360]
O00401_P0DJ89	-1	-1	0.589355847146805	0.11111110339506226	0.4444443209876886	0.20270267531044928	0.7499996250001875	0.01428571224489825	0.06249996093752441	74	70	20	16	[53,55,57,101,103,116,125,129,132,179,181,182,194,197,200,208,210,211,214,221,226,235,237,238,239,240,241,242,245,247,250,251,254,256,257,258,260,261,262,266,270,271,272,273,275,277,310,312,313,335,341,347,348,349,350,351,356,357,359,382,385,388,433,434,437,471,474,478,481,482,485,489,495,497]	[4,7,8,9,10,12,13,14,15,16,17,18,19,22,24,26,31,32,34,47,48,49,50,51,56,62,67,68,72,73,151,152,154,155,157,159,165,166,206,209,222,224,227,228,231,262,275,301,302,303,304,306,313,315,316,317,318,319,321,322,323,325,326,329,331,332,333,334,335,336]	[230,231,234,235,237,238,239,240,241,242,244,245,250,251,254,257,258,261,262,268]	[268,269,270,271,272,274,275,276,278,282,284,285,286,287,288,290]
P01892_P14079	-1	-1	0.17890727672038806	0.0	0.0	0.0	0.0	0.0	0.0	22	18	20	9	[39,41,45,114,115,116,143,144,145,210,216,218,219,222,226,230,253,260,261,262,268,272]	[53,65,66,67,112,161,163,164,166,173,175,176,211,290,294,314,315,323]	[87,89,90,93,94,96,97,100,101,104,108,121,170,171,174,176,179,183,187,191]	[11,12,13,14,15,16,17,18,19]
B7UCZ5_P01130	-1	-1	-1	-1	-1	-1	-1	[]	[]	[]	[]
P05362_Q6VY96	-1	-1	-1	-1	-1	-1	-1	[]	[]	[]	[]
A0A2K9Y515_Q9H3P7	-1	-1	-1	-1	-1	-1	-1	[]	[]	[]	[]
P03206_P30685	-1	-1	0.2800045246188155	0.07812498779297065	0.11111108641975856	0.17241373365043666	0.21739120982990878	0.0	0.0	29	35	23	22	[13,18,19,21,22,23,25,28,32,33,35,36,45,46,47,48,50,51,52,57,60,62,64,75,94,97,101,123,192]	[30,32,36,38,39,45,47,51,56,59,72,115,116,118,120,122,135,139,143,144,145,146,218,226,249,250,252,254,256,258,259,260,261,262,263]	[52,53,54,55,56,57,58,59,60,61,62,63,64,77,78,79,80,81,82,83,84,85,86]	[86,89,90,93,94,97,100,101,104,108,121,123,170,171,174,175,176,179,180,183,187,191]
P02786_Q8AZ57	-1	-1	0.05439355165723802	0.011173183733341691	0.04761903628118183	0.0	0.0	0.020618554575406744	0.11111104938275035	82	97	24	18	[2,20,23,24,27,28,72,74,76,77,78,79,80,81,82,83,84,85,86,88,89,90,94,95,96,98,99,101,102,103,104,105,106,107,108,109,110,111,112,113,114,115,116,118,121,185,186,187,310,311,312,316,317,318,319,320,394,397,399,400,470,472,473,476,477,641,662,664,666,667,668,669,670,672,673,676,740,754,756,757,759,760]	[1,24,27,31,38,43,47,51,58,60,61,62,63,78,85,86,87,88,89,90,91,92,93,95,98,100,177,179,181,182,184,185,188,189,191,192,193,206,207,208,210,211,212,213,214,215,216,218,234,235,238,239,240,241,242,243,248,257,258,260,261,264,265,267,268,269,270,271,272,274,283,336,339,340,343,344,346,347,348,350,351,352,353,354,355,357,358,419,422,423,426,430,431,432,433,436,464]	[193,197,204,207,208,209,210,211,212,213,214,215,217,293,294,340,343,344,347,348,350,362,370,371]	[97,111,113,114,115,116,117,119,122,123,169,170,171,211,212,223,226,228]
P18139_P30685	-1	-1	0.2613992524564697	0.0	0.0	0.0	0.0	0.0	0.0	27	29	17	18	[186,349,373,375,383,384,385,386,387,404,465,467,468,470,471,472,473,474,475,476,477,481,494,520,521,522,524]	[30,39,59,111,114,115,116,120,135,139,141,143,144,145,146,160,161,162,165,216,230,250,256,306,308,311,314,315,318]	[113,114,115,116,117,118,119,120,121,178,179,180,181,182,183,184,185]	[86,90,93,94,97,100,101,104,108,121,170,171,174,176,179,183,187,191]
Q13637_Q6EAT3	-1	-1	0.5843755351930638	0.6315786149586237	0.1818181542699766	0.49999950000050003	0.15624995117189025	0.7777769135812072	0.20588229238756103	10	9	32	34	[47,48,49,51,53,55,65,76,213,217]	[38,40,42,145,146,179,181,182,185]	[39,43,46,47,49,53,54,55,56,57,58,59,60,61,62,63,64,66,74,76,78,80,81,83,84,85,87,88,92,93,94,97]	[34,37,38,39,41,43,72,77,78,79,80,81,82,83,114,144,145,146,147,148,149,150,171,176,178,179,181,182,185,194,195,197,198,199]
L7MTK7_P01854	-1	-1	-1	-1	-1	-1	-1	[]	[]	[]	[]
P19893_P55854	-1	-1	0.04099081539452047	0.1199999520000192	0.13043472589794528	0.23076905325457442	0.3333329629633745	0.0	0.0	13	12	9	14	[49,50,199,201,204,327,329,358,359,360,362,529,530]	[55,58,88,90,91,92,93,95,97,98,101,103]	[195,196,197,198,199,200,201,202,204]	[16,26,27,28,29,30,32,34,36,37,38,41,45,49]
A3EX94_P27487	-1	-1	-1	-1	-1	-1	-1	[]	[]	[]	[]
O00459_Q99AU3	-1	-1	0.2447196821735696	0.15686271434064425	0.12698410682791955	0.0	0.0	0.3199998720000512	0.2352940484429269	26	25	29	34	[10,12,13,14,27,28,52,53,74,76,120,458,462,464,465,469,472,473,476,477,490,641,662,683,702,709]	[1,9,13,17,20,91,92,93,94,95,96,98,100,106,124,130,131,134,135,140,172,176,180,183,193]	[438,442,445,449,450,452,562,564,565,566,568,569,571,572,573,575,576,577,578,579,580,582,583,584,587,588,589,592,595]	[87,88,89,91,95,96,98,99,100,101,102,103,113,118,135,137,138,140,142,143,145,161,162,163,164,165,166,167,168,169,170,171,172,173]
P68036_Q8ZNR3	-1	-1	0.48232116783470264	0.42105240997241583	0.1538461242603607	0.5555549382722909	0.199999920000032	0.2999997000003	0.11111106995886298	9	10	25	27	[1,5,94,96,98,103,106,107,110]	[122,123,125,126,128,732,733,735,736,767]	[1,2,5,6,9,60,63,64,80,92,93,94,96,97,98,100,117,118,120,121,122,123,124,127,130]	[510,512,513,516,517,522,525,527,529,548,549,563,564,566,573,574,575,576,577,578,680,728,729,732,733,767,768]
P15144_Q1HVL8	-1	-1	-1	-1	-1	-1	-1	[]	[]	[]	[]
P31345_P52294	-1	-1	0.13871911015526106	0.08108107377647984	0.12328765434415694	0.09999998333333611	0.23076914201186846	0.058823517877741587	0.06382977365323965	60	51	26	47	[4,8,11,54,55,170,177,208,212,216,217,227,281,282,285,293,299,304,305,308,312,320,375,376,379,382,383,385,386,387,388,389,391,394,440,443,444,447,448,449,500,522,523,524,668,670,681,684,685,688,692,695,696,699,700,703,709,710,711,753]	[3,4,5,8,9,12,17,22,25,27,30,31,34,37,38,45,67,69,71,72,74,79,113,114,115,163,202,244,245,248,249,250,253,254,285,287,291,393,395,435,437,487,488,489,490,491,493,494,536,537,538]	[692,693,695,696,697,699,703,704,718,721,735,737,738,739,740,741,748,749,750,751,752,753,754,755,756,757]	[111,113,116,145,149,153,156,157,187,191,195,198,199,234,241,243,273,276,280,283,284,285,286,318,325,327,328,360,364,367,368,369,370,398,399,402,406,409,410,438,441,445,494,506,507,508,509]
P52630_Q32ZE1	-1	-1	-1	-1	-1	-1	-1	[]	[]	[]	[]
A7UPX0_Q6GMX4	-1	-1	0.15066544834342932	0.019999996000000797	0.0714285204081997	0.0	0.0	0.03703702331962099	0.19999960000080003	23	27	9	5	[55,62,237,321,322,323,324,356,357,358,361,362,365,389,392,393,396,400,403,527,530,534,538]	[7,8,11,18,20,27,59,61,62,65,67,77,106,108,117,121,123,124,126,147,148,184,185,186,187,189,201]	[137,138,141,142,170,176,178,179,180]	[50,114,116,117,118]
O60502_Q0TR53	-1	-1	-1	-1	-1	-1	-1	[]	[]	[]	[]
B0B9A0_P0CG47	-1	-1	0.2911863650215612	0.0	0.0	0.0	0.0	0.0	0.0	5	4	26	21	[151,154,157,158,391]	[9,85,87,88]	[165,167,168,169,170,191,192,225,226,227,228,259,260,262,263,265,266,267,269,270,271,274,343,395,396,397]	[159,160,161,163,186,187,188,189,192,194,196,199,200,201,220,222,223,224,225,226,227]
P26664_Q7Z434	-1	-1	-1	-1	-1	-1	-1	[]	[]	[]	[]
P20963_P31818	-1	-1	0.06116923647798969	0.1351350986121355	0.20833324652781396	0.16666657407412552	0.3333329629633745	0.10526310249310396	0.1333332444445037	18	19	9	15	[43,46,47,50,51,53,71,72,75,79,82,83,111,153,157,159,161,164]	[17,18,21,25,29,111,118,121,122,125,126,138,139,142,146,240,242,243,246]	[64,65,68,71,72,74,75,76,77]	[102,103,104,126,127,128,130,132,137,138,141,144,145,148,149]
P08603_Q9JXV4	-1	-1	-1	-1	-1	-1	-1	[]	[]	[]	[]
P03300_P15151	-1	-1	-1	-1	-1	-1	-1	[]	[]	[]	[]
P62820_Q7BU69	-1	-1	0.14018641061136403	0.43478241965981757	0.14084505058520413	0.8181810743808415	0.27272719008266966	0.08333326388894677	0.026315782548478276	11	12	33	38	[39,41,44,46,47,48,65,73,76,79,82]	[52,55,56,59,60,263,264,267,269,312,318,320]	[20,21,33,38,39,40,41,42,43,44,45,46,47,48,49,50,61,63,65,70,71,72,73,75,76,80,94,95,97,125,128,131,156]	[148,172,173,175,177,180,181,184,188,189,191,192,194,195,196,223,224,227,228,280,281,284,290,293,294,297,298,301,304,305,309,310,312,314,315,316,348,350]
Q06124_Q9RF15	-1	-1	-1	-1	-1	-1	-1	[]	[]	[]	[]
P12497_P62937	-1	-1	0.7263454429254567	0.2542372450445347	0.44117634083048796	0.0	0.0	0.4838708116545769	0.7894732686982796	28	31	15	19	[290,354,356,357,359,360,361,363,364,366,367,368,369,370,371,1197,1200,1293,1338,1339,1376,1377,1378,1402,1403,1404,1405,1406]	[54,55,58,59,69,70,71,72,73,82,84,87,88,89,91,102,103,104,105,106,107,123,124,125,126,140,143,144,148,151,155]	[136,217,218,219,220,221,222,223,224,225,226,227,252,253,254]	[55,57,59,60,69,71,72,73,82,102,103,104,107,121,125,126,148,149,151]
P01857_P04488	-1	-1	0.33211365924215525	0.058823512110731724	0.044444434567903424	0.11111104938275035	0.08695648393196351	0.0	0.0	18	16	23	22	[34,35,36,54,88,89,138,194,225,238,239,240,243,272,275,278,283,292]	[91,147,283,293,294,296,305,364,365,366,391,472,512,515,546,550]	[131,135,136,137,138,139,141,171,190,192,193,194,197,198,265,268,269,313,316,317,318,319,321]	[225,227,243,245,246,247,248,249,251,316,318,319,320,321,322,324,338,339,340,341,342,347]
P23827_P48740	-1	-1	0.29328138001867193	0.33333277777870374	0.037735841936633596	0.6666644444518518	0.04347825141777143	0.0	0.0	3	3	46	7	[10,86,87]	[170,342,343]	[29,30,51,52,53,54,57,59,69,70,72,73,74,76,77,78,79,83,85,86,87,88,89,90,96,98,99,100,101,102,103,104,105,106,107,108,115,120,121,122,123,124,128,130,132,133]	[644,646,668,669,672,689,690]
P01130_P0C2X0	-1	-1	0.28898270736248527	0.021052630470914185	0.1081080788897084	0.011235953793713057	0.058823494809708936	0.029702967356141845	0.1499999250000375	89	101	17	20	[131,164,168,169,170,171,172,174,199,200,201,211,213,214,217,219,220,221,237,238,239,240,250,251,252,254,272,274,277,345,348,349,355,357,358,359,360,361,362,363,474,494,495,513,514,515,516,538,539,541,549,550,551,552,553,554,557,558,559,561,581,582,592,593,594,595,596,597,600,602,703,714,721,759,760,761,762,763,764,765,766,767,827,828,845,846,847,848,852]	[32,33,36,75,76,77,78,142,143,144,145,146,147,148,149,150,151,152,154,155,156,161,162,163,175,176,177,189,190,191,192,193,194,230,233,249,250,251,252,253,254,255,256,257,259,276,277,280,281,282,283,286,290,293,294,295,296,298,299,300,304,308,317,318,319,320,340,341,344,347,348,350,364,365,367,370,371,375,377,378,379,380,381,385,392,394,395,396,397,398,399,400,401,402,405,406,419,420,421,422,423]	[111,112,120,123,124,125,126,127,128,129,130,131,132,133,140,143,144]	[8,9,10,11,47,48,51,179,182,183,184,209,342,344,347,350,352,353,354,355]
P63000_P74873	-1	-1	0.23617022724387116	0.6666662962965021	0.2448979092045083	0.7777769135812072	0.31818167355378474	0.5555549382722909	0.18518511659810497	9	9	22	27	[31,32,33,34,36,63,64,73,74]	[114,162,163,167,170,171,174,220,442]	[11,12,13,31,32,33,34,35,36,37,38,61,62,63,64,67,70,116,119,128,131,132]	[167,170,171,174,181,196,197,199,200,203,204,205,209,210,212,213,216,217,220,243,245,246,249,250,251,255,259]
O00571_P68466	-1	-1	0.1724082432409268	0.0	0.0	0.0	0.0	0.0	0.0	19	14	8	23	[354,358,359,362,387,388,449,450,451,474,520,547,548,550,551,643,648,652,659]	[47,66,72,78,91,96,107,110,111,113,115,143,146,147]	[82,83,84,85,86,87,88,89]	[10,11,12,13,15,16,17,27,28,31,35,45,86,118,121,122,123,124,125,126,127,128,129]
O57173_Q16611	-1	-1	0.06104823618900447	0.0	0.0	0.0	0.0	0.0	0.0	8	8	21	16	[205,209,212,213,215,216,219,220]	[187,188,190,191,194,195,198,202]	[96,99,100,103,104,107,110,111,114,115,118,120,124,128,132,136,138,139,140,141,144]	[70,71,72,73,74,75,77,78,81,82,83,84,85,86,88,89]
P30685_Q1HVF7	-1	-1	0.4552758208777818	0.06249999511718788	0.27586197384069866	0.0	0.0	0.11764704152249389	0.7272720661163036	60	68	18	11	[26,28,30,32,34,36,38,39,40,41,45,47,49,51,53,54,55,56,59,61,64,68,70,71,72,74,77,111,115,116,118,120,122,126,134,135,139,141,143,144,145,146,149,151,152,158,202,210,218,219,226,233,234,236,256,259,261,262,263,265]	[132,133,141,143,144,145,146,147,148,149,150,151,152,156,157,158,159,160,161,162,163,164,165,177,178,179,180,181,182,183,199,200,201,202,203,204,205,206,210,222,223,224,225,226,227,228,229,249,250,258,316,317,318,403,404,406,407,408,409,410,411,413,414,417,529,530,570,571]	[86,90,93,94,97,100,101,104,108,170,171,174,176,179,180,183,187,191]	[407,408,409,410,411,412,413,414,415,416,417]
Q14653_Q99FX5	-1	-1	0.09907111187815756	0.0540540394448542	0.09523804988664292	0.10526310249310396	0.16666652777789354	0.0	0.0	19	18	12	9	[42,74,78,81,82,86,139,140,142,143,144,233,260,269,270,288,313,314,315]	[44,45,46,68,69,70,71,73,75,76,77,78,80,304,326,388,390,393]	[211,257,260,263,267,288,290,292,349,350,351,360]	[482,483,484,485,486,487,488,490,491]
P00747_P49054	-1	-1	0.5785557655747238	0.03921568242983506	0.06557375974200659	0.07999998400000319	0.1599999360000256	0.0	0.0	50	52	25	36	[169,170,172,220,223,225,226,273,275,276,277,278,279,281,282,291,331,332,346,348,350,351,352,353,354,355,356,357,369,388,400,402,404,413,414,417,422,423,424,425,601,602,625,626,627,628,629,661,662,663]	[24,28,33,36,37,39,40,42,43,44,45,46,48,49,51,52,53,55,56,59,62,63,65,176,179,180,182,183,184,185,186,187,188,189,190,191,192,193,194,196,197,198,202,205,208,209,213,215,216,220,387,388]	[210,212,214,215,216,217,218,219,220,222,223,224,225,226,227,237,238,239,240,241,250,251,252,253,254]	[85,86,87,88,90,91,92,93,94,95,96,97,98,99,100,101,102,103,104,105,106,107,108,109,110,111,112,113,114,115,117,118,119,121,122,125]
P30480_Q90VG9	-1	-1	0.25093333343064567	0.0599999880000024	0.09999996666667778	0.0	0.0	0.13043472589794528	0.3333329629633745	27	23	21	9	[30,32,34,36,38,41,45,47,49,51,56,59,72,120,135,143,144,145,146,216,217,218,253,254,256,258,268]	[10,13,17,21,42,43,44,45,48,50,51,52,53,54,55,57,58,59,60,61,69,74,77]	[86,87,90,93,94,97,100,101,104,108,123,140,170,171,174,176,179,180,183,187,191]	[69,70,71,72,73,74,75,76,77]
C5MK56_P03211	-1	-1	0.573455445920561	0.016393441279226123	0.0624999804687561	0.0	0.0	0.029850741813322115	0.1818180165290759	55	67	21	11	[28,30,36,38,41,45,47,51,53,54,59,64,65,66,72,80,81,82,118,122,132,133,134,135,143,144,145,146,151,152,158,159,160,161,185,216,218,222,226,235,236,253,254,256,258,259,263,268,272,306,350,351,352,353,360]	[67,68,70,75,83,104,106,118,119,120,135,136,137,138,139,140,147,148,149,151,152,153,157,158,159,160,161,170,171,173,174,175,176,177,178,179,180,181,182,188,189,190,191,192,193,194,195,196,237,292,293,302,303,304,305,306,307,308,309,310,311,401,402,403,406,408,411]	[86,89,90,93,94,97,100,101,104,108,121,140,170,171,174,176,179,180,183,187,191]	[407,408,409,410,411,412,413,414,415,416,417]
P01892_Q3KSU1	-1	-1	0.2498268713949015	0.0	0.0	0.0	0.0	0.0	0.0	32	33	16	9	[23,26,39,40,41,47,135,139,143,144,145,146,210,216,226,228,236,249,250,251,252,253,254,256,257,258,262,272,306,311,362,363]	[9,11,13,28,80,81,83,84,85,86,87,88,90,93,95,99,100,101,103,104,109,110,112,113,227,228,356,358,359,360,387,390,391]	[89,90,93,94,97,100,101,104,108,170,171,176,179,183,187,191]	[300,301,302,303,304,305,306,307,308]
H6A3H4_P40198	-1	-1	0.4432720090168184	0.0	0.0	0.0	0.0	0.0	0.0	27	23	32	26	[12,13,15,16,320,323,332,335,337,341,344,345,347,348,351,440,520,522,523,539,557,559,564,565,566,584,606]	[39,41,52,54,56,104,167,170,171,173,174,178,181,229,233,236,239,240,241,242,243,244,245]	[122,126,130,131,133,155,156,157,158,163,165,166,167,169,170,171,173,174,175,176,260,262,263,264,265,266,283,284,285,286,390,391]	[61,63,73,74,75,76,78,81,83,84,85,86,88,90,91,92,93,123,125,127,128,129,130,131,132,133]
P02751_Q53971	-1	-1	-1	-1	-1	-1	-1	[]	[]	[]	[]
Q30154_Q8NKX2	-1	-1	0.11392598406115625	0.0	0.0	0.0	0.0	0.0	0.0	35	33	13	15	[6,7,11,13,15,17,19,28,30,31,33,35,38,39,40,42,63,118,131,132,133,134,136,178,182,185,187,235,239,242,246,249,250,253,257]	[3,6,7,10,17,21,28,31,73,74,75,108,109,110,111,112,136,137,138,140,141,151,153,157,161,164,165,168,176,205,206,209,220]	[50,51,98,99,102,105,106,109,110,112,113,114,116]	[130,132,134,142,144,145,189,190,191,192,193,194,227,228,232]
P62805_P75960	-1	-1	0.3694904582306128	0.2857138775516035	0.09523804988664292	0.0	0.0	0.49999875000312505	0.1428570408163994	3	4	7	14	[45,95,99]	[5,9,191,220]	[13,14,15,16,18,19,20]	[190,191,192,193,194,197,201,218,219,220,221,228,232,245]
P12977_P30464	-1	-1	0.21799625701376482	0.0	0.0	0.0	0.0	0.0	0.0	80	78	9	17	[47,49,99,187,188,189,190,191,464,465,466,469,493,495,497,498,499,500,501,502,503,504,505,507,508,510,516,517,518,519,520,642,644,647,664,665,666,667,668,669,670,671,674,676,677,678,681,683,684,685,714,716,717,730,731,732,733,734,736,762,764,828,837,899,900,919,921,922,923,926,927,930,931,932,933,934,935,936,937,938]	[26,30,32,34,36,38,39,40,41,42,45,47,49,51,53,54,56,59,63,64,65,72,106,109,110,111,112,113,114,115,116,118,120,122,135,139,141,143,144,145,146,149,152,160,205,207,216,218,222,226,228,230,233,234,235,236,238,249,250,253,254,256,257,258,259,260,261,262,263,265,266,268,272,347,348,349,350,360]	[406,407,408,409,410,411,412,413,414]	[86,89,90,93,97,100,101,104,108,170,171,174,176,179,183,187,191]
B1EF49_P0CG48	-1	-1	0.7222606005704432	0.05128204470743016	0.11428568163266238	0.05714284081633119	0.10526310249310396	0.0465116170903216	0.12499992187504883	35	43	19	16	[1,2,3,5,6,9,12,13,16,40,42,66,67,68,70,72,73,74,75,76,78,79,80,81,82,83,261,338,346,347,350,353,354,357,358]	[160,161,162,163,237,238,239,260,261,262,263,313,336,344,375,377,379,382,384,392,394,396,404,408,411,413,418,432,454,475,476,480,513,605,624,656,657,659,660,661,662,663,666]	[214,215,216,219,220,224,227,239,241,242,258,261,334,335,338,341,342,343,344]	[616,617,644,648,650,652,655,656,657,676,678,679,680,681,682,683]
P32455_Q8VSC3	-1	-1	0.5149801422603444	0.2399999040000384	0.146341427721603	0.49999958333368055	0.299999850000075	0.0	0.0	12	13	20	21	[18,20,46,71,72,102,104,105,137,140,158,161]	[225,229,325,328,329,480,487,504,505,508,512,515,519]	[46,47,48,102,103,104,105,109,110,131,132,135,136,137,140,141,143,147,150,151]	[40,42,62,64,65,67,81,83,86,88,103,106,108,123,125,126,146,163,166,187,190]
P03406_P06241	-1	-1	0.06622405420373034	0.2380951247166073	0.15624995117189025	0.45454504132268975	0.31249980468762206	0.0	0.0	11	10	16	16	[77,80,82,86,90,94,105,108,112,187,188]	[50,51,52,53,161,166,192,198,501,515]	[70,71,72,73,74,75,76,77,82,86,90,93,94,113,117,118]	[91,92,93,94,95,96,97,98,99,100,118,119,132,135,136,137]
P01024_Q89859	-1	-1	-1	-1	-1	-1	-1	[]	[]	[]	[]
P03182_Q16611	-1	-1	0.14866131186397838	0.09090900826453795	0.026315782548478276	0.16666638888935187	0.0499999750000125	0.0	0.0	6	5	20	18	[63,64,171,174,175,178]	[187,191,194,195,198]	[53,56,57,60,61,64,68,71,75,76,82,85,86,89,90,97,98,99,100,103]	[70,71,72,73,74,75,76,77,78,79,81,82,83,84,85,86,88,89]
P01834_Q51918	-1	-1	0.37349845470808707	0.0	0.0	0.0	0.0	0.0	0.0	8	9	1	14	[1,28,30,36,49,95,96,97]	[27,28,29,30,638,654,657,660,843]	[35]	[480,489,491,492,493,494,495,496,505,508,509,512,513,516]
P02751_Q711B0	-1	-1	-1	-1	-1	-1	-1	[]	[]	[]	[]
P12504_Q15369	-1	-1	0.4839974922851072	0.8918916508400943	0.5593219390979763	0.8749994531253418	0.6363633471075695	0.9047614739231077	0.5135133747261149	16	21	22	37	[107,108,140,141,142,143,144,145,146,148,149,150,152,153,155,157]	[76,79,80,83,84,86,87,88,89,90,92,93,95,97,100,101,104,107,108,111,112]	[140,141,142,143,144,145,146,148,149,150,151,152,153,154,155,157,159,162,167,168,169,171]	[25,42,43,44,45,66,68,69,73,76,77,79,80,83,84,85,86,89,90,92,93,95,96,97,98,99,100,101,102,103,104,105,107,108,109,111,112]
P0DP23_Q5ZTK6	-1	-1	0.342035785203781	0.3611110776749002	0.364485947244304	0.4615383727810821	0.38095232048375866	0.26785709502551874	0.34090901342976965	52	56	63	44	[8,9,12,15,16,19,20,37,38,40,41,42,43,45,47,48,51,52,55,56,72,73,75,76,77,79,81,82,84,85,88,89,91,92,93,95,96,97,108,110,112,113,115,116,117,121,124,125,128,145,146,149]	[1,2,4,5,7,8,9,10,11,12,13,14,15,16,18,19,20,24,26,220,221,226,498,501,505,522,524,525,528,770,774,775,776,778,834,835,836,837,838,839,840,841,842,843,844,845,847,848,849,850,851,852,854,855,856,857]	[3,4,5,6,8,9,11,12,14,15,18,19,20,22,23,24,25,26,27,28,32,35,38,39,40,41,43,53,54,55,58,59,60,61,75,76,77,78,79,81,82,83,84,85,86,97,98,100,101,102,104,105,106,107,109,110,112,113,114,115,120,141,142]	[99,100,101,102,103,105,106,107,108,321,479,651,654,655,657,660,756,759,763,770,796,798,800,801,804,805,808,812,830,833,834,835,836,837,838,839,840,841,842,843,844,845,847,848]
P61006_Q5ZWZ3	-1	-1	0.5115712143341753	0.6785713073979808	0.4935064294147494	0.7096771904267127	0.5238093990930002	0.6399997440001024	0.4571427265306495	31	25	42	35	[2,5,8,10,17,18,36,37,38,39,41,42,43,45,47,58,60,62,67,70,72,73,75,76,79,80,82,92,128,191,201]	[101,291,399,403,406,407,410,413,414,415,416,418,421,425,428,432,435,436,439,442,521,529,532,533,536]	[8,10,17,18,26,30,32,34,35,36,37,38,39,41,42,43,44,45,46,60,62,67,69,70,72,73,76,77,79,91,92,93,94,104,108,109,122,125,127,128,129,130]	[228,232,275,278,282,295,299,399,403,406,410,413,414,425,428,432,435,439,442,443,452,521,525,528,529,532,534,536,541,544,545,548,549,552,556]
O95484_P01558	-1	-1	0.06197989287870287	0.24999989583337673	0.08571427346938951	0.5999994000006	0.1621621183345626	0.0	0.0	10	14	37	33	[36,38,39,40,41,42,43,45,58,154]	[51,53,54,55,56,78,80,82,84,86,88,134,136,179]	[35,38,39,40,41,42,44,46,48,53,55,57,61,63,64,65,67,68,69,70,71,72,74,75,76,145,146,148,149,150,151,152,153,154,155,156,158]	[213,216,217,218,219,220,222,223,224,225,227,229,230,231,252,254,256,257,258,282,283,284,286,302,306,309,310,311,313,315,317,318,319]
O60563_P04608	-1	-1	0.14918527921383676	0.30769226035503683	0.2985074181332212	0.25714278367349036	0.2812499121094024	0.3666665444444852	0.31428562448982156	35	30	32	35	[46,50,53,55,56,158,168,171,172,175,258,262,265,334,336,337,338,339,340,341,342,343,605,607,627,630,631,634,636,641,644,687,690,693,724]	[12,20,21,23,26,28,32,33,35,38,39,41,42,43,44,45,47,49,50,51,52,53,54,55,56,57,59,61,65,69]	[39,40,43,46,47,50,51,53,55,56,57,81,95,96,97,111,112,155,158,159,171,172,175,176,180,184,245,248,249,250,251,261]	[1,2,3,4,5,6,7,10,11,13,14,15,16,17,18,22,23,25,26,27,29,30,32,35,36,38,39,40,42,43,44,45,46,47,48]
M4STU1_P05161	-1	-1	-1	-1	-1	-1	-1	[]	[]	[]	[]
O19626_P03211	-1	-1	0.5230721256169497	0.023255812150712235	0.09677416233091538	0.0	0.0	0.042857136734694753	0.2727270247936138	59	70	20	11	[11,12,14,15,16,26,28,30,32,39,41,45,47,49,51,54,56,59,61,63,64,65,70,72,116,120,122,134,135,139,141,143,144,145,146,149,152,158,160,210,236,249,250,251,252,253,254,256,257,258,259,261,263,272,304,306,308,311,318]	[9,11,12,13,14,15,16,89,90,91,92,94,105,151,152,153,154,155,156,170,171,172,173,174,175,176,177,178,179,180,181,202,203,204,205,206,207,208,209,210,211,212,213,228,231,232,233,234,235,236,237,245,246,247,265,266,269,273,274,275,276,284,285,286,305,409,411,414,423,499]	[86,90,93,94,97,100,101,104,108,121,123,170,171,174,176,179,180,183,187,191]	[407,408,409,410,411,412,413,414,415,416,417]
E5D8F2_Q6ZTQ4	-1	-1	-1	-1	-1	-1	-1	[]	[]	[]	[]
P01730_Q49DS8	-1	-1	0.17885295094645381	0.03124999023437805	0.022222217283951712	0.0	0.0	0.0714285204081997	0.0499999750000125	18	14	25	20	[205,215,216,217,218,220,224,228,271,273,276,277,278,279,281,283,285,286]	[63,64,65,66,67,69,70,71,77,134,135,138,141,142]	[46,48,50,52,54,56,57,58,59,60,65,66,67,68,69,70,71,73,77,84,85,86,88,89,110]	[9,10,11,90,91,92,93,96,138,140,143,168,170,172,173,182,185,186,187,189]
P00588_Q99075	-1	-1	0.04339881236185185	0.02564102235371508	0.03571427933673583	0.0	0.0	0.05263156509695655	0.08333329861112558	40	38	32	24	[10,17,21,24,26,27,28,29,31,37,174,177,225,226,227,228,230,232,234,235,348,357,358,360,361,364,365,367,368,371,372,376,379,386,389,393,396,397,400,404]	[9,11,13,16,17,19,20,21,23,25,26,29,30,33,34,37,39,42,80,139,146,147,148,150,153,154,155,157,162,164,165,166,168,169,173,176,177,183]	[350,351,413,414,416,421,423,462,465,492,494,496,497,499,500,502,504,536,537,538,539,540,547,548,550,551,553,554,555,556,558,562]	[112,115,120,122,123,124,125,126,127,128,129,130,131,133,134,135,136,137,138,139,140,141,142,147]
P02787_Q9K0U9	-1	-1	-1	-1	-1	-1	-1	[]	[]	[]	[]
P01892_Q692E0	-1	-1	0.19848279618431178	0.09433960484158399	0.16666661111112963	0.0	0.0	0.17241373365043666	0.49999950000050003	24	29	20	10	[215,216,217,220,298,301,303,304,306,307,311,315,318,322,326,329,333,356,357,358,359,360,362,363]	[1,3,7,8,9,10,11,12,14,54,57,58,61,62,65,66,69,70,91,95,99,102,103,106,124,125,126,128,130]	[86,87,89,90,93,94,97,100,101,104,108,170,171,174,176,179,180,183,187,191]	[60,61,62,63,64,65,66,67,68,69]
P13747_P16780	-1	-1	0.28338022688987247	0.0	0.0	0.0	0.0	0.0	0.0	24	22	21	9	[35,209,211,213,223,225,227,250,251,253,255,256,257,258,263,265,304,314,318,321,324,325,328,332]	[36,43,45,46,47,48,49,50,58,60,62,64,85,170,188,192,195,199,202,203,205,206]	[83,84,87,90,91,94,97,98,101,105,137,164,167,168,171,173,176,177,180,184,188]	[15,16,17,18,19,20,21,22,23]
P61077_Q99PZ6	-1	-1	0.6227064433082324	0.0	0.0	0.0	0.0	0.0	0.0	10	12	14	21	[32,53,70,72,80,81,122,141,144,145]	[13,14,15,16,18,19,21,61,63,66,70,74]	[2,4,5,8,59,62,63,91,92,94,95,96,98,101]	[46,47,49,77,78,79,80,81,82,83,99,100,102,124,128,131,132,149,150,152,154]
P03077_P08575	-1	-1	-1	-1	-1	-1	-1	[]	[]	[]	[]
G9HS63_Q6N089	-1	-1	-1	-1	-1	-1	-1	[]	[]	[]	[]
P04936_P98155	-1	-1	-1	-1	-1	-1	-1	[]	[]	[]	[]
P51681_Q70145	-1	-1	0.09324940517746824	0.0	0.0	0.0	0.0	0.0	0.0	36	29	45	41	[28,36,39,43,218,219,222,224,225,227,228,229,231,232,235,239,242,246,247,274,277,278,285,288,292,295,299,300,302,305,309,324,326,327,351,352]	[5,8,12,19,23,26,29,30,37,522,523,524,525,526,527,530,533,537,612,617,667,673,745,749,752,756,759,760,763]	[1,2,3,4,5,7,11,12,13,15,16,24,25,26,29,86,89,90,92,93,105,108,109,163,170,172,173,174,175,177,178,179,180,181,182,184,187,191,194,251,258,276,279,280,283]	[117,119,121,191,192,194,196,198,203,204,205,302,303,304,305,306,307,308,309,310,311,312,313,314,315,316,319,320,321,322,323,324,415,416,425,427,429,430,431,432,433]
O75843_Q67953	-1	-1	0.702874027874033	0.05113636073088859	0.4499997750001125	0.09473683213296503	0.6428566836737974	0.0	0.0	95	81	14	6	[9,13,16,17,18,19,20,21,22,23,24,58,59,60,61,62,63,65,68,80,81,84,88,91,92,95,96,97,98,99,118,122,125,129,153,156,157,160,164,168,193,204,205,245,255,259,283,284,291,295,299,322,323,324,327,328,331,335,364,365,368,399,400,403,407,435,436,437,440,522,526,529,558,559,561,562,563,566,590,629,668,714,716,717,718,719,725,727,756,758,760,762,769,778,782]	[1,2,5,9,12,13,16,17,18,19,20,22,23,24,26,27,30,31,32,34,37,38,39,40,41,42,43,45,50,51,52,54,57,58,70,72,74,76,77,78,79,81,83,84,85,108,112,115,116,117,118,119,120,121,122,127,162,163,165,166,167,168,169,170,171,173,174,177,178,179,180,187,198,206,210,246,248,249,252,253,291]	[714,715,716,717,718,719,720,723,725,756,758,760,773,775]	[86,87,88,89,90,91]
O43521_Q9DHU6	-1	-1	0.21209933995596603	0.04545452479339782	0.028571420408165595	0.0	0.0	0.08333326388894677	0.05263155124655198	10	12	16	19	[180,183,184,187,190,191,194,195,197,198]	[90,153,156,157,160,163,164,167,168,170,171,174]	[144,145,147,148,149,151,152,153,154,155,156,157,158,159,160,162]	[48,49,52,53,56,59,60,63,76,80,83,84,87,90,91,92,93,96,138]
A0A0E8IWL6_P69905	-1	-1	0.4269684752364973	0.22857136326532476	0.14035085257002586	0.0	0.0	0.42105240997241583	0.2666665777778074	16	19	27	30	[28,31,32,593,861,862,863,864,865,866,873,876,879,880,883,886]	[20,21,24,32,35,36,38,46,47,55,59,62,73,83,87,91,100,104,108]	[362,363,365,366,368,369,391,392,394,395,419,420,421,443,444,447,449,451,495,499,556,559,561,564,638,640,641]	[5,6,8,9,10,12,13,16,17,20,45,46,54,55,58,61,62,65,68,69,72,73,75,82,83,87,91,92,119,121]
P01903_P0A0M0	-1	-1	0.04234917804892291	0.0	0.0	0.0	0.0	0.0	0.0	10	10	4	3	[14,18,19,21,23,25,27,28,231,238]	[8,9,12,27,32,36,40,43,44,69]	[79,80,82,83]	[142,143,144]
