#Pair_id	Precision	Recall	Precision_c1	Recall_c1	Precision_c2	Recall_c2	len_pred_c1	len_pred_c2	len_true_c1	len_true_c2	Ires_c1_pred	Ires_c2_pred	Ires_c1_true	Ires_c2_true
P03502_P05161	0.3529409688582536	0.1034482580261624	0.38461508875762407	0.16666661111112963	0.24999937500156252	0.03571427295918823	13	4	30	28	[23,30,31,33,34,36,38,42,43,83,89,90,91]	[10,114,123,149]	[8,14,15,16,18,19,29,32,33,34,36,37,38,39,52,75,84,87,88,91,92,93,94,95,97,98,99,100,101,102]	[8,9,10,11,12,13,36,37,39,44,46,48,49,50,51,52,53,72,74,75,76,77,78,79,80,81,99,101]
P08581_P0DQD2	0.024390241919492527	0.03571428146258554	0.0	0.0	0.4999991666680556	0.07142855442177275	117	6	42	42	[205,231,232,234,238,239,240,242,389,392,393,394,395,396,497,554,555,556,670,672,695,696,710,1046,1054,1055,1057,1059,1060,1061,1062,1064,1068,1077,1079,1081,1082,1103,1104,1105,1106,1116,1117,1118,1119,1120,1122,1123,1126,1127,1129,1130,1132,1133,1135,1136,1137,1143,1159,1161,1162,1170,1171,1172,1173,1174,1175,1177,1180,1194,1198,1199,1200,1201,1203,1214,1215,1216,1217,1219,1231,1232,1233,1234,1238,1239,1240,1260,1261,1278,1279,1281,1282,1285,1286,1288,1289,1290,1291,1294,1298,1303,1304,1306,1307,1343,1344,1345,1346,1347,1348,1349,1351,1352,1353,1354,1355]	[243,254,271,286,290,299]	[301,331,332,334,335,369,372,373,375,376,425,426,427,431,469,470,471,472,559,562,590,592,593,595,597,599,600,602,604,607,609,611,612,613,614,615,639,641,643,644,645,646]	[80,82,84,85,102,104,106,124,126,128,145,151,167,170,173,189,194,211,212,214,217,233,234,236,238,239,241,270,271,272,273,274,275,277,284,286,297,299,301,310,312,314]
P06492_P53999	0.3749998828125366	0.2553190946129586	0.0	0.0	0.59999970000015	0.4444442798354519	12	20	20	27	[54,70,79,148,237,240,244,247,264,334,338,341]	[65,66,68,70,74,75,76,77,81,85,89,98,100,101,102,103,109,117,120,121]	[466,467,470,471,474,476,477,478,479,480,481,482,483,484,485,486,487,488,489,490]	[66,67,68,69,70,75,77,78,80,82,86,88,89,91,92,93,97,98,99,100,101,102,103,104,105,108,109]
A6QG59_P01024	0.13253010451444525	0.27499993125001715	0.49999875000312505	0.099999950000025	0.1139240362121473	0.4499997750001125	4	79	20	20	[116,123,127,142]	[198,228,229,261,270,560,576,577,592,593,594,595,596,597,599,600,688,704,709,743,769,770,771,773,794,795,796,797,800,801,803,805,806,807,809,811,813,814,815,816,817,818,820,826,834,836,837,838,936,999,1002,1009,1032,1035,1036,1038,1039,1040,1042,1043,1054,1055,1057,1058,1060,1062,1070,1091,1094,1096,1098,1182,1184,1260,1264,1265,1266,1482,1483]	[103,106,107,110,127,128,130,131,134,135,138,139,141,142,148,152,156,159,163,164]	[1026,1029,1030,1032,1035,1039,1042,1043,1050,1090,1091,1094,1095,1096,1097,1098,1156,1157,1160,1161]
P08174_Q8JKE8	0.20560745741986378	0.4489795002082652	0.3142856693877615	0.8799996480001409	0.0	0.0	70	37	25	24	[43,44,66,137,159,160,165,167,168,170,171,173,174,175,176,177,178,179,180,181,189,191,192,194,195,197,198,199,205,207,208,209,210,212,213,214,215,216,217,219,221,222,224,226,227,237,238,240,241,242,245,246,247,248,250,252,255,258,259,260,261,262,263,264,266,270,271,273,275,277]	[28,30,31,32,50,53,89,95,99,104,107,163,169,186,262,343,344,345,367,371,437,455,456,481,491,492,493,502,600,604,605,617,718,734,740,753,765]	[165,166,167,168,170,171,173,174,175,176,177,187,189,190,191,192,194,222,245,246,247,248,250,263,266]	[211,213,217,220,223,225,226,227,228,229,230,231,232,233,234,236,390,391,393,395,837,839,843,845]
I0E093_P52799	0.7777769135812072	0.07954544550619937	0.0	0.0	0.8749989062513672	0.17073166567520348	1	8	47	41	[508]	[117,118,119,120,121,122,123,124]	[223,225,231,253,254,255,258,260,262,263,284,285,286,287,288,289,290,291,295,318,321,322,340,341,343,411,412,413,415,499,500,501,502,514,515,516,539,540,541,542,543,566,567,569,594,595,596]	[27,28,29,30,31,32,41,49,50,51,53,54,55,57,59,93,94,95,96,100,103,108,109,110,111,113,115,116,117,118,119,120,121,122,123,125,127,128,130,166,167]
A0A140GKJ0_Q03518	0.10810809836863979	0.23529407151096635	0.2999997000003	0.13636357438019348	0.08910890206842553	0.310344720570786	10	101	22	29	[9,12,18,22,26,29,30,34,41,44]	[252,256,264,266,270,276,293,296,299,300,303,325,329,330,332,336,344,345,346,350,367,374,389,390,392,393,396,397,400,408,411,414,417,420,424,428,429,431,432,434,435,436,438,439,440,441,442,443,466,468,473,477,480,481,483,484,487,488,489,491,492,494,497,505,508,509,512,522,525,528,532,536,537,540,573,582,600,614,616,618,620,634,635,638,646,647,649,653,661,662,684,698,701,702,704,731,732,734,761,764,767]	[1,2,5,6,9,10,14,16,19,20,24,28,31,32,34,36,38,44,45,48,51,52]	[340,346,354,357,358,361,365,369,409,410,413,416,417,425,428,431,432,434,435,464,468,471,472,512,513,516,519,520,527]
B9V0E2_Q6PIL8	0.0	0.0	0.0	0.0	0.0	0.0	11	5	4	5	[427,433,517,529,562,621,625,626,629,636,638]	[62,64,120,140,191]	[430,431,432,434]	[52,53,70,71,112]
O10647_P13236	0.4999998437500488	0.2711863947141704	0.9999900000999989	0.025641019066405365	0.4838708116545769	0.7499996250001875	1	31	39	20	[200]	[27,28,29,30,31,32,33,34,36,37,38,39,40,41,47,49,51,52,53,55,56,57,59,61,68,69,70,71,72,73,74]	[67,68,69,77,79,80,81,82,83,90,91,92,93,94,96,105,107,109,111,112,156,157,159,161,163,194,196,197,198,199,200,201,202,203,204,231,233,236,238]	[30,31,32,33,36,37,38,39,40,41,43,44,45,46,47,49,54,70,72,73]
P69697_Q9UHB7	0.09999998333333611	0.3749997656251465	0.3333329629633745	0.37499953125058594	0.058823517877741587	0.37499953125058594	9	51	8	8	[11,14,26,28,32,33,34,35,47]	[9,10,11,13,15,16,39,41,48,50,51,52,53,54,55,56,57,58,59,60,330,331,332,335,343,344,916,917,919,920,927,931,964,968,972,975,979,982,989,1053,1054,1056,1057,1083,1086,1090,1091,1097,1104,1105,1108]	[1,2,28,29,32,33,38,43]	[55,56,58,61,62,65,66,67]
D0ZVG2_Q16512	0.04761902494332146	0.0270270197224271	0.0	0.0	0.0499999750000125	0.05263155124655198	1	20	18	19	[374]	[182,625,626,704,705,708,710,764,768,774,775,824,825,829,833,836,837,847,891,892]	[247,248,266,268,286,288,306,308,323,325,326,343,346,364,366,368,392,394]	[128,132,139,142,146,149,164,167,168,171,174,175,177,178,181,182,185,188,189]
P01903_P03437	0.029411756055365862	0.029411756055365862	0.0	0.0	0.033333322222225924	0.07692301775152481	4	30	21	13	[100,113,126,166]	[27,28,29,30,32,33,230,294,309,316,324,339,370,401,407,408,409,410,411,412,425,428,429,435,436,437,439,440,453,518]	[32,34,36,49,56,68,76,77,78,79,80,83,86,87,90,91,93,94,97,98,101]	[322,323,324,325,326,327,328,329,330,331,332,333,334]
P12506_P27487	0.0	0.0	0.0	0.0	0.0	0.0	0	3	3	7	[]	[248,724,731]	[1,2,3]	[125,126,205,209,357,547,630]
P24941_P89883	0.523809274376536	0.12643676707623366	0.5833328472226273	0.1749999562500109	0.44444395061783265	0.08510636487098619	12	9	40	47	[40,42,46,49,50,71,73,161,206,207,208,209]	[88,104,108,109,118,119,122,142,143]	[6,7,19,34,36,37,38,39,40,41,42,43,44,46,49,50,52,53,56,57,69,71,73,74,75,119,120,121,122,150,152,153,154,158,179,181,182,272,276,278]	[5,6,7,8,9,10,11,12,13,14,15,16,19,22,23,26,104,105,106,107,108,110,112,114,130,134,138,141,142,143,145,151,154,155,164,177,201,202,205,206,207,226,230,234,237,238,241]
P69905_Q6G8J7	0.11538457100593423	0.09677416233091538	0.0	0.0	0.9999966666777778	0.1764704844291268	23	3	14	17	[32,36,37,38,39,79,93,95,96,97,100,104,108,111,115,119,120,121,123,124,127,128,131]	[125,128,129]	[5,6,8,9,10,12,13,16,17,19,20,68,72,75]	[125,126,128,129,151,152,154,155,178,179,180,181,182,204,205,210,212]
P19508_Q9Y3Z3	0.09523804988664292	0.06666664444445185	0.11764698961941787	0.11764698961941787	0.0	0.0	17	4	17	13	[9,22,41,42,43,44,46,47,50,69,74,76,77,80,81,83,84]	[145,146,158,450]	[13,14,15,16,17,18,19,21,22,24,62,63,65,66,69,108,111]	[606,607,608,609,610,611,613,617,618,620,621,622,624]
P01892_Q90VU7	0.25714278367349036	0.2812499121094024	0.0	0.0	0.4736839612189678	0.4736839612189678	16	19	13	19	[32,41,45,49,51,120,226,228,230,256,258,259,260,261,262,266]	[68,69,70,71,72,73,74,75,76,77,78,89,112,116,121,123,166,167,191]	[343,344,345,346,347,348,350,351,352,353,354,355,356]	[70,72,73,74,75,76,77,78,80,81,123,137,138,139,193,196,202,203,204]
O15118_P87666	0.056603770024920126	0.2647058044982928	0.0	0.0	0.0697674364521367	0.49999972222237654	30	129	16	18	[241,355,378,609,622,625,626,629,630,633,634,637,662,677,678,684,747,751,769,798,799,820,1083,1111,1115,1144,1199,1207,1215,1234]	[40,41,42,43,51,52,53,55,57,59,60,63,68,77,80,83,84,89,91,92,93,94,95,96,97,100,101,102,103,104,106,119,120,130,133,134,136,137,138,139,140,141,142,143,144,146,155,159,164,172,182,183,511,512,513,514,515,516,517,518,519,528,529,530,531,532,533,534,535,536,537,538,539,540,541,542,543,545,547,551,554,557,558,559,560,561,562,563,564,565,566,567,568,569,570,571,572,573,574,575,576,578,579,580,582,584,585,586,587,588,589,590,591,592,593,594,595,596,597,598,599,600,601,602,603,604,605,606,607]	[419,420,421,423,424,425,426,428,499,501,502,503,504,505,506,528]	[79,80,83,87,88,112,113,114,116,118,140,141,142,143,144,145,146,155]
P50750_P69697	0.043478241965981754	0.0714285204081997	0.0	0.0	0.07692301775152481	0.19999960000080003	10	13	9	5	[27,29,30,55,61,68,72,112,188,316]	[11,16,17,26,27,28,32,33,34,35,36,47,50]	[144,172,173,175,177,178,181,182,183]	[7,8,9,11,12]
P30460_Q9YRL8	0.0	0.0	0.0	0.0	0.0	0.0	22	0	22	9	[32,34,41,45,47,51,59,120,143,144,146,228,230,253,256,257,258,259,260,261,262,266]	[]	[86,87,90,93,94,96,97,100,101,104,108,123,140,170,171,174,176,179,180,183,187,191]	[51,52,53,54,55,56,57,58,59]
O43521_Q6VZT9	0.8235289273359251	0.41176458477512207	0.8235289273359251	0.8749994531253418	0.0	0.0	17	0	16	18	[146,147,148,149,150,151,152,153,154,155,156,157,158,159,160,162,163]	[]	[144,145,146,147,148,149,151,152,153,154,155,156,157,159,160,163]	[47,50,51,55,58,62,65,66,72,75,76,79,80,83,86,88,89,92]
P04501_Q14126	0.0	0.0	0.0	0.0	0.0	0.0	0	24	27	28	[]	[50,51,52,74,97,99,100,103,116,120,152,153,154,158,163,263,292,301,345,386,409,443,462,576]	[145,146,147,148,150,179,182,183,185,186,187,188,190,192,261,262,263,264,265,266,268,289,293,294,295,296,297]	[171,173,174,175,207,208,209,212,214,215,221,223,224,225,226,228,231,360,361,362,363,364,365,366,367,368,369,370]
P01555_P62330	0.620689441141572	0.3999999111111308	0.0	0.0	0.6428569132653881	0.7499996875001302	1	28	21	24	[161]	[31,34,37,38,39,40,41,42,43,45,46,47,48,50,67,69,72,73,75,76,77,79,80,110,111,133,150,153]	[45,48,49,54,55,57,58,110,111,134,135,138,140,166,167,170,171,175,178,181,182]	[13,15,40,41,42,43,45,46,47,48,49,50,51,60,62,67,69,72,73,75,76,77,79,80]
O60684_P31345	0.29629618655696793	0.0952380839002281	0.46666635555576297	0.13461535872781563	0.08333326388894677	0.03124999023437805	15	12	52	32	[113,189,239,274,297,301,316,325,326,327,330,367,368,492,495]	[285,421,425,457,458,562,575,628,630,631,632,753]	[106,109,110,111,114,143,147,151,154,155,185,189,193,196,197,228,229,232,239,241,271,274,278,281,282,283,284,316,323,324,325,326,351,354,358,362,365,366,393,396,397,400,404,407,408,436,439,443,450,489,492,493]	[692,693,695,696,697,698,699,701,718,721,735,736,737,738,739,740,741,742,743,744,745,746,747,748,750,751,752,753,754,755,756,757]
P01730_Q993A8	0.0	0.0	0.0	0.0	0.0	0.0	0	8	25	30	[]	[57,144,156,159,163,164,189,382]	[46,48,50,52,54,56,57,58,59,60,65,66,67,68,69,70,71,73,77,84,85,86,88,89,110]	[67,68,69,70,139,222,223,224,225,226,308,309,310,311,314,368,369,370,373,398,399,400,401,402,403,412,415,416,417,419]
P03129_P28749	0.0	0.0	0.0	0.0	0.0	0.0	0	6	8	1	[]	[542,549,861,880,931,1018]	[21,22,23,24,26,27,28,29]	[855]
P01903_Q8NKX2	0.0	0.0	0.0	0.0	0.0	0.0	5	1	4	5	[30,100,108,113,166]	[130]	[79,80,82,83]	[136,137,138,139,140]
P84243_Q1HVJ0	0.0	0.0	0.0	0.0	0.0	0.0	20	1	6	9	[67,70,75,79,106,107,110,111,114,115,116,117,118,120,122,123,126,127,130,131]	[1263]	[41,43,45,49,50,53]	[390,391,516,547,564,565,567,568,569]
O14763_Q6RJQ3	0.4047618083900456	0.274193504162338	0.5384613313610264	0.466666511111163	0.18749988281257324	0.09374997070313415	26	16	30	32	[99,106,107,109,110,111,112,114,115,118,124,125,126,136,152,154,157,160,161,162,164,165,167,169,173,179]	[70,113,174,180,182,183,193,199,200,201,202,206,208,226,235,236]	[80,105,106,107,109,110,111,112,114,115,117,118,132,133,134,136,145,146,147,148,149,150,151,154,167,173,174,175,177,179]	[32,33,34,35,36,37,39,40,41,43,48,82,88,94,102,103,105,106,108,109,148,149,150,166,208,231,233,235,236,237,239,240]
P35961_Q5EBM2	0.05063290498317658	0.30769207100609924	0.08163263640150277	0.33333305555578707	0.0	0.0	49	30	12	1	[36,37,38,39,40,41,42,43,44,52,67,70,71,74,123,124,125,126,127,128,129,155,156,157,158,159,174,190,192,193,194,196,197,198,216,217,242,305,307,309,311,312,317,321,410,417,421,481,483]	[58,62,63,64,65,134,306,307,308,309,311,337,339,340,369,370,398,399,400,401,402,404,423,424,426,428,429,432,434,472]	[119,121,196,198,406,407,408,409,410,419,421,424]	[130]
P04637_Q0TR53	0.048387088969824354	0.19999986666675557	0.048387088969824354	0.4285708163274053	0.0	0.0	62	0	7	8	[19,23,93,101,103,114,115,117,119,120,123,136,137,139,140,146,147,148,167,170,171,174,177,178,180,181,183,188,201,202,205,207,209,210,211,212,225,227,228,231,233,241,243,244,247,248,264,280,283,328,338,340,341,342,343,344,345,346,347,348,384,385]	[]	[145,146,147,148,149,150,151]	[189,299,300,370,401,402,404,490]
Q14116_Q9DHU8	0.299999850000075	0.13333330370371027	0.0	0.0	0.8571416326548106	0.24999989583337673	13	7	21	24	[105,116,121,122,126,144,145,157,158,176,178,179,180]	[49,50,51,52,54,56,81]	[37,41,42,44,87,89,90,91,92,93,94,95,96,140,141,143,146,149,189,191,192]	[23,48,49,51,52,53,54,56,58,61,62,64,66,67,76,78,80,81,114,116,117,118,119,121]
O60563_P69697	0.3333332592592757	0.18072286979242533	0.2222221604938443	0.17391300567108572	0.7777769135812072	0.1891891380569897	36	9	46	37	[57,122,124,127,128,131,134,135,138,139,142,145,146,149,158,159,162,163,172,207,209,210,211,213,214,215,216,217,224,231,232,239,253,254,256,258]	[11,14,26,28,32,33,34,35,47]	[39,40,43,46,47,50,51,53,55,56,57,81,94,95,96,97,111,112,113,114,115,155,158,159,162,168,171,172,175,176,180,184,207,245,248,249,250,251,252,255,256,257,258,259,260,261]	[1,2,3,4,5,6,7,10,11,13,14,15,16,17,18,22,24,25,26,27,28,29,32,35,36,38,39,40,41,42,43,44,45,46,47,48,49]
P02768_Q51911	0.02499999375000156	0.023809518140590916	0.0	0.0	0.49999750001249993	0.05263155124655198	38	2	23	19	[57,105,106,107,109,110,113,132,133,134,135,137,194,199,387,441,443,445,449,487,490,491,492,493,521,522,523,524,525,528,529,530,532,534,536,547,551,589]	[218,239]	[232,236,251,252,253,254,256,257,260,287,291,294,332,338,341,342,344,345,346,347,348,349,353]	[234,236,237,239,240,243,246,247,248,249,251,252,255,256,259,262,263,264,265]
Q05059_Q92956	0.15384603550304962	0.044444434567903424	0.0	0.0	0.1818180165290759	0.0799999680000128	2	11	20	25	[245,278]	[52,70,86,87,90,94,98,103,126,127,128]	[29,32,33,35,36,39,40,42,43,44,45,49,50,51,52,53,54,56,57,58]	[45,46,53,55,56,58,59,61,64,67,68,69,70,71,72,73,74,75,76,77,80,87,112,113,114]
P01903_P0A0L2	0.0	0.0	0.0	0.0	0.0	0.0	4	1	15	15	[100,108,113,166]	[159]	[38,42,43,44,45,61,62,63,64,82,85,86,89,90,92]	[68,70,71,72,73,74,96,98,105,119,121,122,125,235,238]
I0AXC3_Q8TCD0	0.042553182435493095	0.1428570408163994	0.044444434567903424	0.1818180165290759	0.0	0.0	45	2	11	3	[28,30,31,32,33,34,45,73,110,112,117,140,153,173,174,175,187,230,238,289,293,309,316,324,327,339,358,363,366,370,372,407,408,411,428,436,437,438,439,449,451,453,478,482,506]	[61,123]	[97,135,137,138,139,140,187,188,189,190,275]	[21,47,57]
P03437_P13760	0.17142852244899356	0.19354832466183075	0.058823494809708936	0.08333326388894677	0.27777762345687584	0.2631577562327599	17	18	12	19	[28,29,30,32,33,316,324,401,407,408,411,428,429,436,437,439,518]	[37,38,47,48,82,85,107,114,117,118,131,149,177,179,180,181,182,185]	[322,323,324,325,326,327,328,329,330,331,332,333]	[38,40,42,59,85,86,89,90,96,99,100,106,107,110,111,113,114,118,119]
P12978_Q15326	0.23076914201186846	0.28571414965992875	0.0	0.0	0.23076914201186846	0.49999958333368055	0	26	9	12	[]	[191,221,222,225,229,230,231,278,280,288,289,291,294,313,341,348,560,561,562,571,572,573,576,577,587,590]	[381,382,383,384,385,386,387,388,389]	[571,572,573,576,583,586,587,590,591,598,599,600]
P03366_P03989	0.0	0.0	0.0	0.0	0.0	0.0	82	18	10	22	[502,503,505,506,507,508,545,546,548,549,550,551,552,553,554,581,591,592,595,596,597,598,599,600,601,602,603,604,613,614,615,621,651,652,685,687,688,689,690,691,692,693,694,735,737,739,825,827,868,900,914,917,945,980,1003,1006,1017,1019,1020,1021,1099,1138,1139,1140,1141,1142,1149,1155,1238,1254,1258,1261,1287,1290,1291,1305,1306,1309,1336,1337,1357,1360]	[32,41,45,51,72,226,228,230,253,255,256,257,258,259,260,261,262,266]	[263,264,265,266,267,268,269,270,271,272]	[49,86,87,89,90,93,94,97,100,101,104,108,123,140,170,171,174,176,179,183,187,191]
P61077_Q6RCR3	0.11111108024692215	0.15384609467457896	0.11428568163266238	0.3999996000004	0.0	0.0	35	1	10	16	[14,15,17,19,20,22,25,26,27,28,32,34,49,51,59,62,72,81,87,91,92,95,96,104,105,108,112,114,116,117,118,119,121,122,125]	[336]	[1,4,5,8,59,62,63,94,95,96]	[272,273,281,285,286,287,288,290,292,297,300,301,304,305,308,309]
P13987_Q9LCB8	0.24999989583337673	0.15789469529086964	0.27272714876038695	0.3529409688582536	0.0	0.0	22	2	17	21	[32,33,36,37,43,45,46,47,48,49,58,59,66,67,72,78,80,85,86,87,90,92]	[489,518]	[67,68,70,71,72,73,82,83,85,86,87,88,90,91,99,100,101]	[92,436,438,440,443,444,445,447,448,449,450,451,452,453,454,477,478,480,482,501,502]
B6DRA0_Q16630	0.024390237953600496	0.04545452479339782	0.055555524691375174	0.0999999000001	0.0	0.0	18	23	10	12	[142,143,170,189,195,218,219,220,221,222,224,225,227,244,253,276,283,348]	[87,90,91,93,94,110,111,113,115,116,118,119,120,121,122,124,126,150,155,159,160,162,164]	[185,189,199,202,206,209,234,238,239,240]	[276,277,278,279,280,281,282,283,284,285,286,287]
Q49DS8_Q6P5S8	0.12499984375019532	0.49999750001249993	0.3333322222259259	0.9999900000999989	0.0	0.0	3	5	1	1	[132,136,147]	[50,62,64,120,140]	[147]	[116]
P0CG47_P0DTD1	0.01851851508916387	0.019999996000000797	0.0	0.0	0.028571420408165595	0.03448274673008733	19	35	21	29	[8,9,10,11,12,14,33,34,40,68,70,71,72,74,84,85,124,125,150]	[1064,1153,1178,1669,1700,1831,3417,3485,3498,3557,3909,3919,4180,4269,4272,4372,4424,4469,4657,4901,5218,5295,5392,5529,5541,5554,5569,5577,5756,6548,6556,6784,6803,7020,7043]	[158,160,194,196,198,199,200,201,203,206,214,215,216,218,220,222,223,224,225,226,227]	[1672,1674,1720,1724,1725,1726,1727,1729,1730,1733,1737,1750,1758,1760,1762,1766,1769,1770,1771,1785,1786,1788,1810,1811,1827,1831,1832,1833,1834]
P60953_Q06277	0.31249980468762206	0.06756755843681643	0.31249980468762206	0.15151510560148312	0.0	0.0	16	0	33	41	[44,45,46,47,48,49,63,64,65,66,67,70,152,153,166,174]	[]	[5,12,13,27,30,31,32,33,34,35,36,38,39,56,61,62,63,64,66,67,70,71,73,74,86,88,128,132,185,187,188,189,190]	[3530,3531,3533,3534,3535,3536,3537,3538,3539,3541,3543,3546,3548,3551,3552,3555,3556,3557,3559,3560,3563,3665,3666,3667,3668,3669,3670,3671,3672,3674,3675,3717,3720,3721,3722,3723,3724,3758,3759,3760,3761]
P00747_P00779	0.16666657407412552	0.02040816187699579	0.11764698961941787	0.032258059313216236	0.9999900000999989	0.011764704498270058	17	1	62	85	[106,140,143,156,157,159,160,170,172,179,223,261,422,423,622,732,737]	[63]	[575,578,579,580,581,582,583,584,585,586,588,589,601,602,625,627,628,629,630,631,632,634,641,642,643,644,645,646,647,651,656,659,661,662,663,664,706,707,708,709,710,711,712,713,714,715,717,732,733,736,737,738,740,750,751,752,780,782,786,787,788,789]	[38,45,47,49,51,53,54,55,56,57,58,59,60,61,62,63,65,102,112,115,116,117,118,122,124,128,129,130,131,132,133,134,138,140,142,143,144,145,147,149,159,160,162,164,166,168,193,194,195,196,243,244,246,263,264,301,310,311,312,313,314,315,318,320,335,337,338,339,340,342,346,350,351,352,353,354,355,356,358,359,360,365,367,368,369]
P04578_P18465	0.0	0.0	0.0	0.0	0.0	0.0	193	19	8	21	[35,36,37,38,39,40,41,42,43,44,45,47,53,57,61,68,71,72,73,74,76,78,79,80,81,91,93,96,97,103,105,106,107,108,111,112,113,114,115,116,117,118,119,120,121,122,123,124,125,126,127,154,155,157,158,159,176,177,193,196,197,198,199,200,201,203,204,205,206,207,208,211,213,214,215,216,217,218,220,221,222,223,241,244,246,249,302,315,330,368,371,382,392,417,418,419,420,421,425,426,427,430,432,434,435,436,437,439,444,445,446,447,448,484,485,487,488,489,494,542,544,545,548,549,550,551,552,553,554,555,557,558,559,561,562,563,564,565,566,567,568,569,571,572,573,574,576,577,579,580,581,582,583,584,586,587,590,591,592,593,594,595,596,597,598,599,600,601,631,638,645,653,660,661,663,666,668,669,670,671,672,673,675,676,677,678,679,680,681,682,683,684,709]	[32,34,36,41,45,51,56,226,228,230,253,256,257,258,259,260,261,262,266]	[2,3,4,5,8,9,10,11]	[86,87,90,93,94,97,98,100,101,104,108,123,140,170,171,174,176,179,183,187,191]
P69332_P78423	0.09090906336088989	0.049999991666668055	0.0	0.0	0.4285708163274053	0.11538457100593423	26	7	34	26	[38,45,46,49,53,81,84,88,131,153,157,164,198,199,206,228,231,235,238,239,242,243,246,249,289,293]	[44,45,49,51,61,72,73]	[15,16,17,18,19,20,21,22,23,24,25,26,29,89,92,93,95,96,112,169,170,171,172,173,174,175,176,177,178,266,270,273,274,277]	[26,27,28,29,30,31,32,33,34,35,37,38,39,40,41,42,55,56,57,58,59,60,61,72,73,74]
P63208_Q5ZTL7	0.5555553497943149	0.2173912728418445	0.6086953875237445	0.3684209556786958	0.24999937500156252	0.03225805411030513	23	4	38	31	[81,83,87,88,98,101,102,104,105,108,109,116,120,121,123,124,125,126,127,128,129,130,141]	[20,65,91,127]	[79,80,81,82,97,101,104,105,108,116,117,120,121,124,127,128,129,130,131,132,135,136,139,140,141,142,143,144,145,149,150,153,154,156,157,158,159,160]	[2,3,4,5,6,8,9,10,13,16,17,19,20,21,22,23,24,25,27,28,29,31,32,33,34,37,41,50,51,54,58]
P05534_Q9WPV9	0.0	0.0	0.0	0.0	0.0	0.0	21	0	19	10	[32,41,45,51,56,59,120,146,226,228,230,255,256,257,258,259,260,261,262,266,298]	[]	[90,93,94,97,100,101,104,107,108,123,170,171,174,176,179,180,183,187,194]	[126,127,128,129,130,131,132,133,134,135]
Q99816_Q9IF21	0.07499998125000468	0.13043472589794528	0.07499998125000468	0.21428556122459913	0.0	0.0	40	0	14	9	[43,64,66,68,69,91,92,93,110,112,129,130,133,234,236,238,252,253,256,263,291,317,318,319,325,326,329,340,341,343,344,353,356,357,360,364,368,371,374,376]	[]	[33,34,58,63,68,69,92,95,98,139,142,143,144,145]	[27,28,29,30,31,32,33,34,35]
P16778_Q07812	0.0	0.0	0.0	0.0	0.0	0.0	0	15	7	7	[]	[78,79,94,98,105,106,107,133,134,136,139,147,151,158,159]	[130,133,135,139,140,143,146]	[74,77,81,84,85,86,127]
P03204_P30685	0.0	0.0	0.0	0.0	0.0	0.0	0	20	8	17	[]	[32,34,41,47,51,56,59,120,226,228,230,253,256,257,258,259,260,261,262,266]	[98,99,100,102,103,104,105,106]	[86,90,93,94,97,100,101,104,108,123,170,171,174,176,179,183,187]
P18465_Q70A61	0.0	0.0	0.0	0.0	0.0	0.0	19	0	17	8	[32,34,36,41,45,51,56,226,228,230,253,256,257,258,259,260,261,262,266]	[]	[87,90,93,97,100,101,104,108,123,170,171,176,179,180,183,187,191]	[48,49,50,51,52,53,54,55]
A0A2R4LVT4_P52630	0.2399999040000384	0.07407406492912778	0.39999920000160005	0.05128203813281073	0.19999990000005	0.09523807256236366	5	20	39	42	[2541,2649,3264,3313,3364]	[29,61,82,84,171,172,175,176,288,379,402,406,409,459,460,651,657,672,676,696]	[2536,2537,2538,2540,2541,2557,2558,2600,2623,2624,2625,2626,2627,2628,2764,2851,2852,2853,2978,2979,2982,2984,3208,3213,3216,3248,3250,3251,3360,3363,3364,3366,3367,3368,3369,3370,3371,3372,3373]	[165,168,169,171,172,175,176,179,180,182,183,185,191,192,193,195,197,198,200,201,202,203,204,205,207,208,211,212,215,218,219,222,225,229,289,290,292,299,302,303,306,310]
P01903_P12495	0.34782593572785403	0.2352940484429269	0.16666657407412552	0.1499999250000375	0.9999980000040001	0.35714260204099857	18	5	20	14	[52,54,68,69,70,78,98,100,104,105,107,108,113,121,123,126,166,193]	[172,173,174,175,176]	[34,36,49,56,68,76,77,78,79,80,83,86,87,90,91,93,94,97,98,101]	[167,168,169,170,171,172,173,174,175,176,177,178,179,180]
P03303_Q9H3P7	0.09090908339594352	0.18644064636599214	0.0	0.0	0.19298242228378557	0.3333332323232629	64	57	26	33	[48,49,50,56,57,82,89,91,95,96,98,99,104,106,107,119,163,185,186,252,261,331,334,343,351,352,353,368,452,453,477,478,481,483,487,488,489,512,552,601,605,621,637,722,733,736,741,744,756,820,821,822,823,824,825,1464,1617,1621,1748,1798,1869,1942,2104,2134]	[248,249,252,253,256,257,259,260,261,263,264,266,270,272,275,278,279,283,286,287,289,290,291,292,293,369,371,372,373,374,375,376,399,401,402,406,415,417,423,424,425,432,443,446,475,476,481,482,483,484,490,501,511,512,514,515,516]	[1444,1446,1447,1450,1454,1457,1458,1459,1462,1463,1466,1469,1470,1471,1472,1473,1474,1475,1476,1477,1478,1479,1480,1481,1482,1483]	[373,374,375,376,377,379,382,386,395,396,399,400,401,402,403,404,405,406,407,408,410,414,415,417,503,511,522,523,524,525,526,527,528]
D3HJY4_P14784	0.0	0.0	0.0	0.0	0.0	0.0	3	0	9	2	[23,137,141]	[]	[66,67,68,69,84,85,86,87,88]	[386,388]
Q6N030_Q8Q7Z9	0.04347825141777143	0.6666644444518518	0.0	0.0	0.1428570408163994	0.9999950000249999	32	14	1	2	[58,62,64,66,129,130,131,133,305,306,307,308,310,336,338,339,368,369,397,398,399,400,401,403,422,423,425,427,428,431,433,471]	[76,78,82,86,89,90,92,94,96,97,98,99,117,122]	[122]	[76,78]
P02788_Q54972	0.0	0.0	0.0	0.0	0.0	0.0	0	0	34	29	[]	[]	[21,22,23,24,32,36,39,42,43,46,49,52,55,56,57,58,59,63,66,70,72,110,149,150,251,252,253,265,267,268,340,342,346,349]	[199,200,201,202,203,206,207,210,211,213,214,217,218,220,221,224,251,258,261,262,264,265,266,268,272,275,310,314,318]
M4STU1_P62987	0.44186036235805526	0.36538454511835666	0.0	0.0	0.48717936226170194	0.8260865973536533	4	39	29	23	[1494,1674,1675,1677]	[6,8,9,10,11,12,14,16,31,32,33,34,35,36,37,40,42,44,45,46,47,48,49,51,58,60,62,63,64,65,66,68,70,71,72,73,74,75,76]	[1590,1638,1643,1644,1645,1646,1648,1649,1652,1653,1656,1678,1682,1686,1689,1690,1691,1705,1706,1708,1710,1715,1730,1731,1754,1755,1756,1757,1758]	[4,8,39,42,44,46,47,48,49,51,52,54,62,63,64,65,66,70,71,72,73,74,75]
P52948_Q8B0H7	0.0	0.0	0.0	0.0	0.0	0.0	20	2	5	5	[164,165,185,187,200,201,202,204,205,208,739,742,744,748,803,811,831,836,851,882]	[94,159]	[171,172,173,174,177]	[50,52,53,54,56]
P18010_P18206	0.2023809282879847	0.19101121449312197	0.6153841420121985	0.19047614512472733	0.12676054552668373	0.19148932095971893	13	71	42	47	[493,495,497,499,503,505,506,569,573,574,576,577,626]	[22,25,50,53,57,60,80,113,126,130,143,144,146,147,149,150,152,153,154,155,156,158,159,162,163,173,176,177,180,192,196,210,224,228,231,246,249,253,607,611,750,761,765,798,799,802,986,989,993,1013,1016,1017,1024,1031,1038,1051,1055,1058,1061,1062,1064,1065,1068,1069,1072,1089,1090,1093,1096,1097,1100]	[489,490,491,492,493,495,496,497,498,499,500,501,502,503,504,505,506,507,508,509,510,511,610,611,612,613,615,616,617,618,619,620,622,623,624,625,626,627,628,629,630,631]	[7,8,10,11,12,14,15,16,19,20,22,23,26,32,33,35,37,38,39,40,43,46,47,50,53,54,56,57,60,61,105,108,109,112,115,116,119,123,126,130,177,179,180,181,185,188,189]
P35961_Q6PIL8	0.01562499755859413	0.06249996093752441	0.01694914966963565	0.14285693877580175	0.0	0.0	59	5	7	9	[34,35,36,37,38,39,40,41,42,43,45,52,67,70,71,74,75,78,79,102,113,123,124,125,126,127,128,129,155,156,157,158,159,160,174,190,193,194,195,196,197,202,204,209,210,212,216,217,242,307,311,312,317,323,410,426,427,429,481]	[62,64,120,140,191]	[111,408,410,411,412,413,416]	[48,50,51,53,70,71,74,88,89]
P19551_Q6P5S8	0.055555524691375174	0.14285693877580175	0.07692301775152481	0.16666638888935187	0.0	0.0	13	5	6	1	[198,199,202,211,212,214,216,218,219,220,244,435,437]	[50,62,64,120,140]	[120,200,201,202,203,432]	[116]
O00629_P0C1C7	0.9047614739231077	0.275362278933003	0.8461531952667729	0.24444439012346886	0.9999987500015626	0.3333331944445023	13	8	45	24	[133,137,144,145,146,179,264,306,313,316,390,397,478]	[426,427,428,429,431,432,433,435]	[96,100,101,102,103,105,133,137,141,144,145,147,172,179,183,186,187,219,222,229,230,261,264,268,271,299,302,306,313,314,315,316,341,344,345,348,352,355,387,390,397,426,429,433,437]	[421,422,423,424,425,426,427,428,429,430,431,432,433,434,435,436,437,438,439,440,441,442,443,444]
O00629_P0C1C6	0.8461531952667729	0.15277775655864492	0.8461531952667729	0.23404250339521201	0.0	0.0	13	0	47	25	[133,137,144,145,146,179,264,306,313,316,390,397,478]	[]	[96,97,100,101,102,103,105,133,137,141,144,145,147,172,179,183,186,187,219,222,229,230,261,264,268,271,299,302,306,313,314,315,316,341,344,345,348,352,355,387,390,394,397,426,429,433,437]	[419,420,421,422,423,424,425,426,427,428,429,430,431,432,433,434,435,436,437,438,439,440,441,442,444]
A8CDU0_P04229	0.16666661111112963	0.17241373365043666	0.0	0.0	0.16666661111112963	0.27777762345687584	0	30	11	18	[]	[11,12,15,16,20,36,37,38,46,47,48,61,82,85,101,107,114,117,118,120,131,149,172,177,178,179,180,181,182,185]	[59,60,62,63,64,65,66,67,68,69,70]	[38,40,42,85,86,89,90,93,96,99,100,106,107,110,111,113,114,118]
P0CG48_Q6RCR1	0.042553182435493095	0.021978019562854993	0.0	0.0	0.39999920000160005	0.032786879871003295	42	5	30	61	[160,237,388,389,391,422,429,440,442,448,450,453,454,456,460,464,465,466,467,468,489,498,502,503,518,526,527,529,530,532,536,540,541,543,566,578,580,581,602,603,605,606]	[601,826,827,912,939]	[614,615,616,617,618,619,641,642,643,644,645,647,648,650,652,654,655,656,657,659,662,674,676,678,679,680,681,682,683,684]	[258,260,262,263,265,272,408,410,411,412,414,451,453,454,456,459,460,461,462,471,501,533,535,536,537,541,542,543,544,547,548,550,551,674,676,677,678,689,692,698,701,705,708,709,711,714,752,819,821,825,826,827,828,848,849,851,852,853,854,855,881]
B7TQM6_X5DSL3	0.16666638888935187	0.03225805411030513	0.16666638888935187	0.07692301775152481	0.0	0.0	6	0	13	18	[23,24,112,115,157,160]	[]	[138,139,142,143,146,151,152,153,155,159,160,163,167]	[39,41,44,46,48,50,79,149,171,203,205,206,207,217,219,221,223,225]
P36711_P78310	0.0	0.0	0.0	0.0	0.0	0.0	2	6	17	23	[440,444]	[138,139,142,144,145,169]	[415,417,418,425,426,429,450,451,455,487,488,489,494,496,497,498,500]	[48,50,51,52,54,56,68,69,70,73,75,76,80,81,82,83,85,121,123,125,126,127,128]
P01730_Q75760	0.0	0.0	0.0	0.0	0.0	0.0	0	31	26	36	[]	[39,40,52,60,71,72,75,77,79,80,510,511,513,514,518,539,561,562,564,565,568,571,572,578,582,586,616,620,629,651,654]	[48,49,50,52,54,57,58,59,60,65,66,67,68,69,70,71,73,77,83,84,85,86,88,89,110,113]	[96,123,125,126,192,193,195,276,277,278,279,280,360,361,362,363,365,366,416,418,419,420,421,422,423,446,448,449,450,451,452,460,463,464,465,467]
P01024_P68799	0.12048191319495022	0.24390237953600497	0.1139240362121473	0.4499997750001125	0.24999937500156252	0.04761902494332146	79	4	20	21	[198,228,229,261,270,560,576,577,592,593,594,595,596,597,599,600,688,704,709,743,769,770,771,773,794,795,796,797,800,801,803,805,806,807,809,811,813,814,815,816,817,818,820,826,834,836,837,838,936,999,1002,1009,1032,1035,1036,1038,1039,1040,1042,1043,1054,1055,1057,1058,1060,1062,1070,1091,1094,1096,1098,1182,1184,1260,1264,1265,1266,1482,1483]	[116,124,142,160]	[1026,1029,1030,1032,1035,1039,1042,1043,1050,1090,1091,1094,1095,1096,1097,1098,1156,1157,1160,1161]	[103,106,107,110,127,128,130,131,134,135,138,139,141,142,148,152,156,159,163,164,165]
P00742_P23827	0.1081080788897084	0.0930232341806432	0.24999979166684028	0.1199999520000192	0.0399999840000064	0.055555524691375174	12	25	25	18	[279,313,334,336,342,368,372,396,397,416,430,431]	[36,41,42,43,44,46,54,57,116,120,124,126,128,144,146,147,148,149,150,151,152,153,154,156,157]	[254,256,258,259,276,280,316,317,318,319,366,373,395,396,397,416,417,419,438,440,441,442,445,448,449]	[69,70,72,74,76,77,96,98,99,100,101,102,103,105,106,108,109,120]
Q6P5S8_Q8Q7Z9	0.05263155124655198	0.19999960000080003	0.0	0.0	0.0714285204081997	0.24999937500156252	5	14	1	4	[50,62,64,120,140]	[76,78,82,86,89,90,92,94,96,97,98,99,117,122]	[116]	[78,79,80,81]
P04637_Q9WYW0	0.1551723870392436	0.2432431775018439	0.042553182435493095	0.22222197530891633	0.6363630578517656	0.2499999107143176	47	11	9	28	[19,23,93,103,114,115,117,119,120,167,170,171,174,177,178,198,212,221,224,225,243,244,247,248,264,280,289,326,327,328,330,333,335,337,338,340,341,342,343,344,345,346,348,349,350,384,385]	[26,29,31,33,34,36,162,163,165,192,194]	[377,378,379,380,381,382,383,384,385]	[33,34,45,46,48,54,123,125,126,128,160,162,163,164,165,166,168,171,175,192,193,194,195,198,202,217,219,222]
P05893_Q8WUM4	0.07692301775152481	0.029411756055365862	0.0	0.0	0.07692301775152481	0.04761902494332146	0	13	13	21	[]	[314,316,317,318,319,320,321,337,585,675,676,696,697]	[485,486,487,488,489,490,491,492,494,495,496,498,499]	[383,386,387,390,494,498,501,505,506,508,509,665,668,669,672,673,676,679,682,683,686]
O52623_P60953	0.7857140051021411	0.2588234989619413	0.7368417174517277	0.3043477599244	0.8888879012356653	0.20512815253124292	19	9	46	39	[109,150,154,158,159,165,166,168,169,171,185,186,191,192,194,199,203,222,223]	[39,41,43,45,62,63,66,67,70]	[94,103,105,106,109,112,113,120,121,123,124,128,131,137,150,154,165,166,167,168,169,171,174,175,177,178,179,181,182,185,186,189,191,194,198,215,217,219,222,223,226,227,229,230,233,234]	[1,2,3,5,31,32,34,35,36,38,39,40,41,43,46,47,48,49,51,52,56,57,59,60,61,62,63,64,65,66,67,70,71,74,166,170,174,177,178]
P12499_P18464	0.0853658432480679	0.2499999107143176	0.10294116133218215	0.8749989062513672	0.0	0.0	68	14	8	20	[495,496,497,534,535,537,538,539,540,541,542,543,570,581,583,602,603,604,610,613,640,652,676,677,678,679,680,681,682,714,716,717,718,719,720,721,723,724,728,745,746,747,748,749,752,753,806,816,850,889,897,905,934,968,969,990,991,992,994,995,996,998,1006,1009,1014,1123,1127,1128]	[32,41,51,56,59,146,228,230,256,258,259,261,262,266]	[716,717,718,719,720,721,722,723]	[86,87,90,93,94,97,100,101,104,108,123,140,170,171,176,179,180,183,187,191]
P62937_Q72497	0.0	0.0	0.0	0.0	0.0	0.0	0	5	19	14	[]	[348,349,351,352,356]	[55,57,59,60,69,71,72,73,74,82,102,103,107,121,125,126,148,149,151]	[217,218,219,220,221,222,223,224,225,226,227,252,253,254]
Q16611_Q85295	0.1999998000002	0.0540540394448542	0.12499984375019532	0.058823494809708936	0.49999750001249993	0.0499999750000125	8	2	17	20	[80,88,123,124,126,173,174,178]	[70,133]	[70,71,72,73,74,75,77,78,79,80,81,82,84,85,86,89,90]	[36,41,44,47,48,51,54,55,63,66,67,70,71,76,77,78,79,82,126,128]
O43521_P0C6Z1	0.7647054325262161	0.31707309339680645	0.7647054325262161	0.7222218209878772	0.0	0.0	17	0	18	23	[146,147,148,149,150,151,152,153,154,155,156,157,158,159,160,162,163]	[]	[141,142,143,144,145,146,147,148,149,151,152,153,155,156,157,159,160,162]	[53,60,61,64,67,68,71,75,76,77,78,82,85,86,89,90,93,97,98,99,100,103,158]
Q77DJ5_Q7Z6E9	0.08695648393196351	0.0799999680000128	0.1428570408163994	0.1333332444445037	0.0	0.0	14	9	15	10	[144,169,195,218,219,224,225,228,237,250,251,252,253,261]	[14,36,63,73,257,260,261,262,265]	[197,198,199,200,203,206,209,213,222,225,229,230,231,234,237]	[557,558,559,560,561,562,563,564,565,566]
P13500_Q2F862	0.8499995750002125	0.33333326797386903	0.8421048199448317	0.7272723966943652	0.9999900000999989	0.03448274673008733	19	1	22	29	[31,32,33,34,36,37,38,39,40,47,57,58,60,69,70,72,73,74,75]	[224]	[32,33,34,36,37,38,39,40,41,43,44,46,47,52,58,68,69,70,72,73,74,75]	[72,74,75,76,77,78,83,85,100,102,104,155,156,157,159,161,163,218,220,221,222,223,224,225,226,227,228,232,258]
P08160_Q14790	0.25999994800001036	0.265306068304884	0.0	0.0	0.25999994800001036	0.4482757074911354	0	50	20	29	[]	[122,227,231,249,252,255,258,261,265,275,283,298,301,303,320,334,343,349,350,360,363,364,365,366,367,368,392,395,396,399,401,406,407,408,413,415,416,417,423,427,430,431,444,448,459,463,467,471,472,473]	[2,3,4,5,6,81,82,83,84,85,86,87,250,251,252,253,254,255,258,260]	[253,255,256,257,258,259,261,317,318,319,360,363,365,411,412,413,414,415,416,417,423,427,430,449,453,454,455,456,457]
P01892_P12901	0.0	0.0	0.0	0.0	0.0	0.0	16	0	17	10	[32,41,45,49,51,120,226,228,230,256,258,259,260,261,262,266]	[]	[87,90,93,94,97,100,101,104,108,170,171,174,176,179,183,187,191]	[18,19,20,21,22,23,24,25,26,27]
P46934_Q05128	0.015873013353489944	0.055555524691375174	0.019999996000000797	0.0999999000001	0.0	0.0	50	13	10	8	[545,549,553,620,622,623,624,625,626,634,638,852,868,942,947,977,991,1002,1003,1009,1010,1013,1023,1024,1035,1045,1046,1048,1049,1099,1102,1115,1126,1229,1232,1233,1248,1254,1255,1258,1261,1263,1264,1265,1266,1282,1286,1287,1307,1310]	[113,117,138,139,140,143,165,166,167,169,170,171,187]	[849,853,855,857,859,861,864,865,866,868]	[8,9,10,11,13,14,15,16]
A0A0C5HAL9_Q9UHB7	0.030769226035503687	0.33333277777870374	0.1428570408163994	0.6666644444518518	0.0	0.0	14	51	3	3	[10,11,13,14,17,22,25,26,27,28,32,33,35,36]	[9,10,11,13,15,16,39,41,48,50,51,52,53,54,55,56,57,58,59,60,330,331,332,335,343,344,916,917,919,920,927,931,964,968,972,975,979,982,989,1053,1054,1056,1057,1083,1086,1090,1091,1097,1104,1105,1108]	[28,29,32]	[61,62,64]
P15529_Q772X2	0.0	0.0	0.0	0.0	0.0	0.0	3	6	25	22	[82,161,209]	[167,168,172,256,260,319]	[47,59,61,63,64,66,68,69,70,71,72,75,76,77,97,104,107,109,128,129,143,144,145,146,147]	[149,190,192,194,196,208,209,244,245,246,247,248,250,254,276,280,281,282,283,284,285,293]
P68871_Q2FG07	0.0	0.0	0.0	0.0	0.0	0.0	14	2	3	1	[35,36,37,38,40,41,42,44,98,100,101,102,105,109]	[349,365]	[51,52,53]	[445]
Q16531_Q80IU5	0.31249980468762206	0.12499996875000781	0.15384603550304962	0.07407404663924198	0.9999966666777778	0.23076905325457442	13	3	27	13	[117,185,360,400,430,561,562,635,723,812,926,949,951]	[93,94,96]	[276,327,328,360,381,382,722,787,812,814,836,837,839,840,841,842,843,871,910,912,913,953,970,972,1003,1005,1033]	[88,89,90,91,92,93,94,96,97,98,99,100,101]
P03204_P30481	0.0	0.0	0.0	0.0	0.0	0.0	0	19	10	20	[]	[32,41,45,49,51,59,72,146,228,230,253,256,257,258,259,260,261,262,266]	[281,282,283,284,285,286,287,288,289,290]	[86,89,90,93,94,97,100,101,104,108,121,170,171,174,176,179,180,183,187,194]
A4GWM6_P12830	0.0	0.0	0.0	0.0	0.0	0.0	7	1	40	26	[403,406,449,463,464,465,467]	[763]	[85,104,107,126,129,150,151,168,170,172,190,192,210,211,213,216,235,237,238,255,259,282,301,321,323,326,342,343,347,348,364,365,367,369,387,389,409,411,483,485]	[157,158,159,160,168,169,170,171,172,173,174,177,179,181,184,201,202,203,206,208,211,213,215,217,218,246]
P01892_P12499	0.023809520975057025	0.07407404663924198	0.0	0.0	0.029411760380623472	0.22222197530891633	16	68	18	9	[32,41,45,49,51,120,226,228,230,256,258,259,260,261,262,266]	[495,496,497,534,535,537,538,539,540,541,542,543,570,581,583,602,603,604,610,613,640,652,676,677,678,679,680,681,682,714,716,717,718,719,720,721,723,724,728,745,746,747,748,749,752,753,806,816,850,889,897,905,934,968,969,990,991,992,994,995,996,998,1006,1009,1014,1123,1127,1128]	[87,90,93,94,97,100,101,104,108,121,170,171,174,176,179,183,187,191]	[897,898,899,900,901,902,903,904,905]
P02787_Q09057	0.49999750001249993	0.009523808616780132	0.0	0.0	0.9999900000999989	0.018181814876033656	1	1	50	55	[93]	[153]	[46,47,48,50,51,52,284,288,291,292,299,300,308,368,369,371,372,375,376,378,379,380,389,391,452,509,515,518,520,521,522,523,524,530,532,541,544,545,546,566,567,568,569,571,573,635,636,644,645,646]	[72,73,74,77,95,96,98,114,115,116,120,130,139,140,141,142,153,154,163,166,168,170,177,178,188,189,214,215,219,220,223,224,225,226,227,231,239,242,243,246,247,284,285,286,287,325,342,343,345,369,416,623,628,659,680]
P30481_Q3KSS8	0.0	0.0	0.0	0.0	0.0	0.0	19	0	17	12	[32,41,45,49,51,59,72,146,228,230,253,256,257,258,259,260,261,262,266]	[]	[86,90,93,94,96,97,100,101,108,170,171,176,179,180,183,187,194]	[169,170,171,172,173,174,175,176,177,178,179,180]
Q6JKR9_Q96MU8	0.04615383905325553	0.07142855442177275	0.019230765532545088	0.0499999750000125	0.15384603550304962	0.09090904958679565	52	13	20	22	[33,34,84,107,119,127,163,169,185,186,234,250,318,334,335,338,348,351,359,361,429,446,447,448,473,476,483,484,490,496,498,510,525,611,628,629,630,631,632,633,721,738,740,752,756,771,772,773,774,792,825,1715]	[57,62,69,189,191,210,214,217,239,241,274,307,308]	[207,208,209,210,211,212,564,664,669,725,727,732,773,776,777,778,780,781,783,784]	[50,51,65,88,89,90,104,105,106,108,124,126,140,141,178,187,189,191,192,194,201,203]
P01857_P38507	0.0270270197224271	0.03571427295918823	0.0	0.0	0.06666662222225185	0.07692301775152481	22	15	15	13	[117,118,119,120,121,122,148,150,151,152,153,178,179,180,181,182,209,210,211,212,213,215]	[44,45,47,48,49,51,54,164,166,167,170,171,185,199,225]	[131,135,136,137,138,192,193,194,197,313,314,316,317,318,319]	[216,220,221,222,224,225,226,228,229,238,239,243,246]
P18464_P24740	0.0	0.0	0.0	0.0	0.0	0.0	14	54	17	9	[32,41,51,56,59,146,228,230,256,258,259,261,262,266]	[487,488,489,526,527,528,529,530,531,532,533,534,535,562,563,575,601,602,632,633,641,643,644,666,668,669,671,672,673,674,716,720,790,795,808,842,881,926,960,961,983,986,987,988,990,998,1001,1006,1115,1119,1120,1121,1122,1123]	[86,90,93,94,97,100,101,104,108,123,170,171,174,176,183,187,191]	[1168,1169,1170,1171,1172,1173,1174,1175,1176]
P15144_Q1HVL3	0.0	0.0	0.0	0.0	0.0	0.0	2	2	17	14	[838,839]	[367,368]	[241,242,243,244,286,288,289,290,291,292,306,310,311,312,315,318,319]	[310,312,313,314,315,316,317,318,319,355,356,403,404,405]
P30685_Q9YYU8	0.04545452479339782	0.03571427295918823	0.0	0.0	0.49999750001249993	0.0999999000001	20	2	18	10	[32,34,41,47,51,56,59,120,226,228,230,253,256,257,258,259,260,261,262,266]	[76,77]	[86,90,93,94,97,100,101,104,108,121,170,171,174,176,179,183,187,191]	[71,72,73,74,75,76,78,79,80,81]
A0A0D6HC73_P11215	0.019230765532545088	0.025641019066405365	0.0	0.0	0.04761902494332146	0.0499999750000125	31	21	19	20	[72,73,99,100,102,156,160,161,162,166,168,169,170,171,172,176,178,190,192,194,195,196,197,198,199,200,201,231,260,268,271]	[222,262,330,334,335,336,337,339,341,428,451,453,579,595,623,726,769,773,775,868,870]	[143,145,146,210,212,214,215,292,321,323,341,343,345,346,347,348,349,350,351]	[159,160,162,194,223,224,260,261,262,263,264,265,267,269,270,289,292,293,294,295]
P13747_Q0QI92	0.0	0.0	0.0	0.0	0.0	0.0	18	0	20	9	[29,31,38,42,48,140,141,142,223,225,227,253,255,256,257,258,259,263]	[]	[83,84,87,90,91,94,97,98,101,105,137,164,167,168,173,176,177,180,184,188]	[15,16,17,18,19,20,21,22,23]
P13051_Q936H5	0.59999970000015	0.19047616024187933	0.7499993750005208	0.27272719008266966	0.37499953125058594	0.09999996666667778	12	8	33	30	[112,157,177,221,223,260,280,281,284,285,286,288]	[54,57,67,90,96,103,105,106]	[117,120,124,125,153,154,156,157,159,161,173,174,175,177,180,184,219,221,223,224,227,229,256,257,260,276,277,279,280,281,282,284,285]	[22,24,25,26,27,28,29,30,31,33,34,35,37,38,44,50,52,54,55,57,59,62,65,67,87,89,97,98,99,100]
Q8WUM4_Q9WC62	0.15384603550304962	0.08695648393196351	0.15384603550304962	0.1333332444445037	0.0	0.0	13	0	15	8	[314,316,317,318,319,320,321,337,585,675,676,696,697]	[]	[379,494,498,501,505,506,508,669,672,673,675,676,679,683,686]	[480,481,482,483,485,486,487,489]
P13746_R4X2K3	0.06249996093752441	0.03571427295918823	0.0	0.0	0.9999900000999989	0.09090900826453795	15	1	17	11	[32,41,45,51,226,228,230,256,257,258,259,260,261,262,266]	[193]	[86,90,93,94,97,100,101,104,108,123,170,171,174,176,179,183,187]	[188,189,190,191,192,193,194,195,196,197,198]
Q0TR53_Q15750	0.16666638888935187	0.0714285204081997	0.0	0.0	0.19999960000080003	0.19999960000080003	1	5	9	5	[553]	[391,393,481,482,484]	[189,190,219,370,401,402,404,487,490]	[392,393,394,395,396]
Q6N030_Q993A8	0.06818180268595393	0.18749988281257324	0.0	0.0	0.24999979166684028	0.19999986666675557	32	12	1	15	[58,62,64,66,129,130,131,133,305,306,307,308,310,336,338,339,368,369,397,398,399,400,401,403,422,423,425,427,428,431,433,471]	[143,147,151,156,157,159,161,163,164,366,380,382]	[122]	[62,63,65,143,145,362,363,364,365,366,375,377,378,379,380]
P0DTC2_Q9BYF1	0.14814809327848397	0.08333331597222583	0.19999990000005	0.15384609467457896	0.0	0.0	20	7	26	22	[28,43,59,200,226,245,445,449,486,489,519,562,592,633,754,765,837,855,1013,1138]	[345,419,426,432,534,536,549]	[403,417,445,446,449,453,455,456,473,475,476,477,484,485,486,487,489,490,493,496,498,500,501,502,503,505]	[19,24,27,30,31,34,35,37,38,41,42,45,79,82,83,324,325,326,330,353,354,393]
P15529_P35774	0.0	0.0	0.0	0.0	0.0	0.0	1	6	20	11	[161]	[167,168,172,256,260,319]	[47,48,49,59,61,63,64,65,68,69,70,71,72,74,75,76,77,97,98,101]	[152,208,209,245,247,280,281,282,283,284,285]
P01042_Q8KRB4	0.0	0.0	0.0	0.0	0.0	0.0	0	0	6	16	[]	[]	[381,382,383,384,385,389]	[52,53,54,256,276,303,338,399,401,427,431,452,454,455,456,480]
G9HS63_Q8N5F4	0.0	0.0	0.0	0.0	0.0	0.0	3	5	8	10	[39,71,74]	[67,105,116,139,150]	[170,171,172,173,174,175,177,178]	[47,48,50,52,54,69,84,107,111,113]
D1MPH2_Q6IPQ0	0.0	0.0	0.0	0.0	0.0	0.0	4	10	1	2	[95,103,181,226]	[59,62,63,65,142,145,147,157,159,201]	[179]	[70,71]
C5MK56_P03206	0.0	0.0	0.0	0.0	0.0	0.0	19	31	18	11	[32,34,41,45,47,51,56,59,228,230,253,256,257,258,259,260,261,262,266]	[180,181,187,188,189,190,192,193,194,195,196,197,199,200,201,202,203,206,212,213,214,216,217,218,220,221,222,224,225,230,231]	[86,89,90,93,94,97,100,101,104,108,170,171,174,179,180,183,187,191]	[52,53,54,55,56,57,60,61,62,63,64]
P13688_Q8GDI6	0.49999750001249993	0.01960783929258053	0.9999900000999989	0.03846152366864474	0.0	0.0	1	1	26	25	[63]	[341]	[60,61,63,72,73,74,75,76,78,81,83,84,85,86,88,90,91,92,93,125,126,127,128,129,131,133]	[126,130,133,134,135,136,158,159,161,162,163,166,167,168,260,262,263,264,265,266,281,282,283,284,286]
P03300_Q9H3P7	0.05263157548476477	0.1355931973570852	0.0	0.0	0.14035085257002586	0.258064432882441	95	57	28	31	[23,24,25,26,27,28,29,30,31,32,33,34,53,56,68,69,72,73,74,75,77,78,81,82,95,104,107,119,163,167,169,185,186,270,332,343,352,353,354,360,361,362,363,367,375,376,377,378,380,381,447,462,465,466,490,491,496,501,502,525,565,623,625,626,627,643,706,752,757,763,788,849,850,852,1285,1319,1323,1324,1327,1447,1450,1451,1492,1675,1676,1689,1764,1768,1831,1834,1844,1971,2134,2164,2194]	[248,249,252,253,256,257,259,260,261,263,264,266,270,272,275,278,279,283,286,287,289,290,291,292,293,369,371,372,373,374,375,376,399,401,402,406,415,417,423,424,425,432,443,446,475,476,481,482,483,484,490,501,511,512,514,515,516]	[1474,1475,1477,1478,1481,1482,1485,1486,1487,1490,1491,1494,1497,1498,1499,1500,1501,1502,1503,1504,1505,1506,1507,1508,1509,1510,1511,1512]	[373,375,377,379,386,390,392,393,395,396,399,400,401,402,403,404,405,406,408,413,415,417,497,507,522,523,524,525,526,527,528]
A0A2A4GXB5_P05164	0.18965513971463108	0.1774193262226893	0.7142846938790088	0.199999920000032	0.11764703575548317	0.1621621183345626	7	51	25	37	[42,46,50,55,66,70,79]	[172,173,176,179,188,189,192,195,196,197,198,199,200,206,207,212,213,222,225,226,227,228,251,252,253,255,258,261,262,267,268,269,270,275,279,313,316,320,321,327,328,330,331,332,356,404,436,440,605,677,678]	[29,30,31,32,33,34,35,36,37,38,39,40,42,44,45,46,49,50,53,62,63,66,70,91,92]	[265,266,267,268,269,270,271,282,346,348,349,351,352,354,355,356,357,358,359,364,365,367,368,379,380,381,382,383,384,386,400,404,405,532,573,576,577]
Q9BXH1_Q9DHU6	0.583333090277879	0.29787227704845165	0.9166659027784144	0.523809274376536	0.24999979166684028	0.11538457100593423	12	12	21	26	[135,136,137,138,140,141,142,143,144,145,147,148]	[11,14,17,34,53,59,60,62,115,119,122,126]	[130,131,132,133,134,136,137,138,140,141,142,143,144,145,146,147,148,149,151,152,155]	[48,49,52,53,56,59,60,63,65,75,76,79,80,83,84,87,88,90,92,93,96,138,141,142,143,144]
P01579_Q66793	0.09523804988664292	0.04999998750000312	0.058823494809708936	0.04761902494332146	0.24999937500156252	0.05263155124655198	17	4	21	19	[51,67,71,75,123,126,127,129,130,131,132,133,134,136,137,143,154]	[47,166,213,216]	[24,25,27,28,32,35,36,41,42,43,44,45,46,47,48,49,50,51,53,60,99]	[45,47,48,49,50,52,73,74,75,78,89,91,93,97,137,192,193,194,196]
P68036_Q3YTH2	0.571427755103207	0.11111108024692215	0.7499981250046875	0.18749988281257324	0.3333322222259259	0.0499999750000125	4	3	16	20	[63,64,86,93]	[74,86,99]	[2,5,6,9,13,60,62,63,64,92,93,94,96,97,98,100]	[47,49,77,78,79,80,81,82,83,99,100,102,124,128,131,132,149,150,152,154]
O14646_Q38SQ2	0.1818180165290759	0.11764698961941787	0.1818180165290759	0.1818180165290759	0.0	0.0	11	0	11	6	[323,325,370,373,380,393,418,423,1274,1275,1278]	[]	[272,290,295,324,325,400,402,408,423,425,428]	[224,225,226,227,228,230]
A0A129J378_Q9GZQ8	0.0	0.0	0.0	0.0	0.0	0.0	1	18	3	8	[29]	[25,28,38,76,80,84,85,86,89,90,94,97,100,105,116,117,118,119]	[12,13,34]	[2,3,5,10,36,46,48,50]
P03407_P08631	0.38775502290713815	0.2878787442607963	0.5454543801653393	0.5624998242188048	0.06249996093752441	0.029411756055365862	33	16	32	34	[61,62,70,73,74,75,76,77,78,79,80,81,82,93,94,113,116,117,120,122,125,127,130,133,135,143,169,170,171,175,177,195,202]	[175,213,376,419,431,477,478,497,500,505,506,509,510,517,518,519]	[68,69,70,71,72,73,74,75,76,77,78,79,80,81,82,84,86,90,94,98,109,117,119,120,121,122,125,127,162,165,168,169]	[86,87,88,89,90,91,92,93,94,95,96,101,113,114,127,130,131,132,147,148,150,153,157,174,175,203,204,205,206,212,214,215,217,218]
P01892_Q03463	0.0	0.0	0.0	0.0	0.0	0.0	16	12	21	9	[32,41,45,49,51,120,226,228,230,256,258,259,260,261,262,266]	[2434,2443,2452,2521,2530,2749,2786,2822,2895,2899,2903,2922]	[87,89,90,93,94,97,100,101,104,108,123,170,171,174,176,179,180,182,183,187,191]	[1073,1074,1075,1076,1077,1078,1079,1080,1081]
P04229_P12495	0.25714278367349036	0.32142845663269404	0.1333332888889037	0.2666664888890074	0.9999980000040001	0.38461508875762407	30	5	15	13	[11,12,15,16,20,36,37,38,46,47,48,61,82,85,101,107,114,117,118,120,131,149,172,177,178,179,180,181,182,185]	[172,173,174,175,176]	[38,40,42,86,89,90,96,99,100,106,107,110,111,114,118]	[167,168,169,170,171,172,173,174,175,176,177,178,181]
P0C1C7_P31947	0.027777770061730538	0.05263155124655198	0.0	0.0	0.03571427295918823	0.06666662222225185	8	28	4	15	[426,427,428,429,431,432,433,435]	[8,9,12,15,16,18,20,21,31,54,58,61,62,65,77,79,83,84,87,91,97,101,104,105,138,141,142,229]	[446,447,448,450]	[49,56,60,122,133,171,175,178,182,219,222,225,226,229,230]
P78423_Q7TDW8	0.2857138775516035	0.08695648393196351	0.2857138775516035	0.1818180165290759	0.0	0.0	7	0	11	12	[44,45,49,51,61,72,73]	[]	[40,41,42,43,44,46,47,68,69,71,73]	[167,169,209,225,227,310,311,313,314,315,316,318]
P03466_P03989	0.023809518140590916	0.03448274673008733	0.04166664930556279	0.11111098765445816	0.0	0.0	24	18	9	20	[43,78,82,83,105,149,161,162,165,204,205,206,208,329,365,370,388,395,397,400,415,428,429,480]	[32,41,45,51,72,226,228,230,253,255,256,257,258,259,260,261,262,266]	[383,384,385,386,387,388,389,390,391]	[86,90,93,94,97,100,101,108,121,123,140,170,171,174,176,179,180,183,187,191]
O14646_T2F8K6	0.1818180165290759	0.11764698961941787	0.1818180165290759	0.1818180165290759	0.0	0.0	11	0	11	6	[323,325,370,373,380,393,418,423,1274,1275,1278]	[]	[272,290,295,324,325,400,402,408,423,425,428]	[224,225,226,227,228,230]
P01857_P19909	0.030303021120296626	0.03448274673008733	0.0	0.0	0.09090900826453795	0.0714285204081997	22	11	15	14	[117,118,119,120,121,122,148,150,151,152,153,178,179,180,181,182,209,210,211,212,213,215]	[259,260,268,273,274,330,377,400,404,416,474]	[135,136,137,138,194,263,265,268,270,316,317,318,319,320,321]	[394,395,396,398,399,402,403,406,411,412,413,414,415,416]
P62330_Q7DB50	0.0	0.0	0.0	0.0	0.0	0.0	0	0	20	19	[]	[]	[31,35,37,38,39,40,41,42,43,44,45,48,68,69,72,75,105,125,157,158]	[89,90,111,112,113,148,149,150,151,152,154,183,185,302,306,351,352,353,354]
Q96HN0_Q9YIV0	0.523809274376536	0.4399998240000704	0.5999994000006	0.5999994000006	0.45454504132268975	0.3333331111112593	10	11	10	15	[166,167,168,169,170,171,172,173,174,175]	[10,16,19,48,56,58,70,73,74,77,191]	[163,164,166,167,170,171,174,175,178,180]	[3,7,34,37,38,41,44,45,48,49,66,70,73,74,77]
P08174_Q9QP24	0.07142855442177275	0.2727270247936138	0.12499984375019532	0.24999937500156252	0.058823512110731724	0.2857138775516035	8	34	4	7	[178,179,181,189,197,198,203,246]	[67,70,101,102,160,163,165,166,168,169,171,177,178,180,181,182,188,196,197,199,200,201,202,203,204,205,206,207,208,211,249,250,252,255]	[177,192,246,266]	[199,205,268,270,271,274,276]
P08411_Q9UN86	0.18749988281257324	0.14285707482996438	0.0	0.0	0.2727270247936138	0.23076905325457442	5	11	8	13	[255,256,257,258,259]	[10,13,17,18,32,56,63,86,109,113,130]	[1785,1786,1787,1788,1789,1790,1791,1792]	[6,10,14,18,22,29,32,33,58,122,123,124,125]
P04626_P38507	0.0532544347186725	0.29032248699274615	0.058441554646652294	0.3461537130178027	0.0	0.0	154	15	26	5	[33,35,37,39,40,44,64,66,67,88,90,118,121,122,157,159,165,170,176,178,180,181,182,183,184,186,187,192,194,202,203,257,266,267,270,272,274,276,277,278,279,308,310,316,317,378,417,420,446,447,451,452,470,472,473,497,499,500,502,503,507,509,512,513,535,537,538,550,556,557,559,561,562,579,580,582,594,595,713,714,716,717,718,721,722,723,724,725,727,728,729,730,733,735,742,744,745,746,756,759,764,765,768,769,772,777,790,791,792,818,820,821,824,827,831,857,882,883,884,897,925,926,927,930,934,936,937,938,939,940,942,943,945,948,949,950,952,953,956,957,960,961,962,964,965,977,980,981,982,984,985,988,990,991]	[44,45,47,48,49,51,54,164,166,167,170,171,185,199,225]	[394,395,398,401,417,418,419,420,423,426,427,449,451,452,456,507,508,509,512,523,524,525,526,537,538,539]	[217,247,248,249,250]
P01730_Q1PHM6	0.029411756055365862	0.021276591217746547	0.0	0.0	0.06666662222225185	0.03846152366864474	19	15	21	26	[102,128,129,130,131,132,137,138,140,142,144,145,147,148,167,168,170,367,377]	[200,204,209,210,211,212,216,217,218,219,242,419,422,429,433]	[50,52,54,57,58,59,60,65,66,67,68,69,70,71,73,77,84,85,88,110,113]	[123,271,276,277,278,279,359,360,361,362,364,365,424,426,428,429,430,454,456,458,459,461,471,474,475,476]
P02679_Q2G015	0.021739125708885716	0.0232558085451608	0.023809518140590916	0.11111098765445816	0.0	0.0	42	4	9	34	[170,205,225,226,227,229,231,233,236,239,240,242,243,244,250,258,280,282,319,320,321,322,323,325,341,376,379,381,382,383,384,386,397,398,399,400,401,402,403,422,423,425]	[270,303,460,516]	[425,426,427,428,429,430,431,432,433]	[246,247,251,252,253,254,255,256,286,287,288,289,291,292,293,326,338,374,375,389,506,518,519,520,521,522,523,524,526,527,528,529,530,531]
P04229_P04664	0.16666661111112963	0.17241373365043666	0.16666661111112963	0.29411747404854466	0.0	0.0	30	0	17	12	[11,12,15,16,20,36,37,38,46,47,48,61,82,85,101,107,114,117,118,120,131,149,172,177,178,179,180,181,182,185]	[]	[38,40,42,85,86,89,90,96,99,100,106,107,110,111,114,118,119]	[306,307,308,309,310,311,312,313,314,315,316,317]
P69905_Q2FG07	0.0399999840000064	0.014925370906661057	0.043478241965981754	0.028571420408165595	0.0	0.0	23	2	35	32	[32,36,37,38,39,79,93,95,96,97,100,104,108,111,115,119,120,121,123,124,127,128,131]	[349,365]	[5,6,8,9,10,12,13,16,17,19,20,42,43,45,46,47,54,55,57,58,61,62,65,68,69,72,73,75,79,82,83,86,87,90,92]	[363,366,368,391,392,394,395,419,420,421,443,444,447,449,492,495,499,503,556,559,561,562,564,567,568,637,638,640,641,643,644,646]
P30460_Q3KST2	0.0	0.0	0.0	0.0	0.0	0.0	22	0	23	9	[32,34,41,45,47,51,59,120,143,144,146,228,230,253,256,257,258,259,260,261,262,266]	[]	[31,86,87,90,93,94,97,98,100,101,104,108,123,140,170,171,174,176,179,180,183,187,191]	[325,326,327,328,329,330,331,332,333]
P05362_V9VEF3	0.018518516803841038	0.032786879871003295	0.04999998750000312	0.07692304733728948	0.0	0.0	40	68	26	35	[34,43,45,67,76,80,194,195,196,197,198,311,331,332,333,334,351,353,354,355,356,357,358,359,361,363,367,368,370,372,373,374,375,381,397,401,402,408,418,420]	[29,30,31,32,44,49,50,53,58,82,89,91,95,104,107,119,160,163,169,185,186,260,265,269,343,349,351,352,353,354,359,360,361,362,366,374,376,377,379,380,445,462,463,464,488,489,499,500,502,510,563,621,623,624,645,646,744,755,760,766,779,781,791,794,852,853,854,855]	[52,54,55,56,57,61,62,63,66,67,68,69,70,71,72,73,74,76,77,79,93,95,97,98,99,100]	[206,207,208,209,211,234,235,236,237,238,240,519,520,521,522,745,746,747,748,795,796,803,804,805,806,807,808,809,810,814,815,816,817,818,864]
P0DP24_Q5ZTK6	0.5833328472226273	0.06603772961908211	0.7499990625011719	0.10526313942751939	0.24999937500156252	0.020408159100375693	8	4	57	49	[15,19,20,88,92,93,100,117]	[495,518,532,801]	[3,4,6,8,9,11,12,14,15,16,18,19,20,22,23,24,25,26,27,35,38,39,41,61,63,65,66,67,68,77,85,86,89,90,92,93,95,105,106,108,110,113,114,115,116,117,120,121,124,125,128,142,143,145,146,147,148]	[98,99,100,101,102,103,105,106,107,284,479,651,655,657,660,759,763,766,767,770,796,800,801,804,805,808,812,830,831,833,834,835,837,838,839,840,841,842,843,844,845,846,847,848,849,850,851,852,853]
P05534_Q9YYU3	0.0	0.0	0.0	0.0	0.0	0.0	21	0	23	10	[32,41,45,51,56,59,120,146,226,228,230,255,256,257,258,259,260,261,262,266,298]	[]	[83,86,87,90,93,94,97,100,101,104,108,123,170,171,174,176,179,180,183,187,190,191,194]	[143,144,145,146,147,148,149,150,151,152]
P01024_Q931M7	0.20588229238756103	0.1590908729338925	0.0799999680000128	0.08333329861112558	0.5555549382722909	0.24999987500006252	25	9	24	20	[198,228,229,261,270,560,576,577,592,593,594,595,596,597,599,600,743,837,1109,1266,1400,1428,1432,1482,1483]	[41,42,62,73,77,83,84,87,91]	[573,576,577,578,579,580,751,752,753,754,756,757,759,760,762,765,766,792,794,797,827,918,920,922]	[61,68,69,70,71,72,73,76,77,80,81,83,84,87,93,103,107,110,111,114]
P01730_Q0ED31	0.0	0.0	0.0	0.0	0.0	0.0	19	6	23	27	[102,128,129,130,131,132,137,138,140,142,144,145,147,148,167,168,170,367,377]	[52,67,71,74,223,417]	[47,48,50,52,54,57,58,59,60,65,66,67,68,69,70,71,73,77,84,85,88,110,115]	[281,282,283,284,285,365,366,367,368,370,371,419,420,421,423,424,449,451,452,453,454,455,463,466,467,468,470]
B7UI21_Q13158	0.4782606616257993	0.21568623221838581	0.33333277777870374	0.06896549346017466	0.5294114532873805	0.40909072314058037	6	17	29	22	[123,126,153,234,284,324]	[6,24,25,26,106,110,113,117,120,123,134,135,136,137,163,166,172]	[145,149,150,151,153,154,157,161,179,180,181,182,249,250,251,253,277,278,279,281,283,284,289,292,297,299,303,327,329]	[106,107,109,110,111,113,114,117,118,120,122,123,124,127,130,131,135,136,137,138,167,169]
B7UM99_P16333	0.028571420408165595	0.03703702331962099	0.0	0.0	0.03846152366864474	0.058823494809708936	9	26	10	17	[40,41,42,43,44,45,46,48,70]	[8,10,11,12,21,30,32,38,39,41,50,54,55,56,114,115,118,129,136,138,140,143,158,159,284,311]	[470,472,473,475,476,477,478,479,480,481]	[289,311,312,326,328,329,330,331,342,343,344,355,359,360,362,363,369]
P0DOX7_P17763	0.058823494809708936	0.058823494809708936	0.0	0.0	0.0714285204081997	0.09090900826453795	3	14	6	11	[42,44,87]	[388,412,541,551,580,581,653,678,993,999,1078,1547,1629,1647]	[1,27,28,32,49,93]	[580,583,585,587,607,608,609,610,641,664,665]
P18465_Q8URG0	0.0	0.0	0.0	0.0	0.0	0.0	19	0	18	9	[32,34,36,41,45,51,56,226,228,230,253,256,257,258,259,260,261,262,266]	[]	[86,87,90,93,97,100,101,104,108,123,141,170,171,176,179,183,187,191]	[19,20,21,22,23,24,25,26,27]
O43521_O57173	0.4285713411078895	0.5121949970256104	0.941175916955343	0.8421048199448317	0.15624995117189025	0.2272726239669891	17	32	19	22	[146,147,148,149,150,151,152,153,154,155,156,157,158,159,160,162,163]	[54,62,64,65,66,68,69,70,72,75,76,79,94,95,104,109,110,111,113,114,116,144,157,158,159,160,163,164,166,167,170,171]	[143,144,145,146,147,148,149,150,151,152,153,155,156,157,158,159,160,162,163]	[96,99,100,104,107,110,111,114,117,119,120,121,124,128,132,136,138,139,140,141,144,185]
P03366_P43629	0.0	0.0	0.0	0.0	0.0	0.0	82	2	4	8	[502,503,505,506,507,508,545,546,548,549,550,551,552,553,554,581,591,592,595,596,597,598,599,600,601,602,603,604,613,614,615,621,651,652,685,687,688,689,690,691,692,693,694,735,737,739,825,827,868,900,914,917,945,980,1003,1006,1017,1019,1020,1021,1099,1138,1139,1140,1141,1142,1149,1155,1238,1254,1258,1261,1287,1290,1291,1305,1306,1309,1336,1337,1357,1360]	[34,53]	[246,247,248,249]	[136,137,186,187,220,221,300,303]
P13198_Q13114	0.1923076183432237	0.2272726239669891	0.0	0.0	0.1923076183432237	0.3333331111112593	0	26	7	15	[]	[399,403,404,406,407,409,410,414,415,419,438,441,449,450,464,465,467,469,481,482,484,485,487,513,528,530]	[204,205,206,207,208,209,210]	[438,457,463,464,465,512,513,515,518,519,530,531,532,533,535]
P63000_Q51451	0.6818178719009673	0.2631578485687985	0.7857137244901968	0.4230767603550922	0.4999993750007813	0.1290322164412205	14	8	26	31	[32,34,38,39,52,56,63,64,65,66,67,70,73,74]	[104,105,150,183,363,393,394,400]	[11,12,13,31,32,33,34,35,36,37,38,39,56,61,62,63,64,66,67,69,70,73,104,116,128,132]	[96,97,98,100,101,102,104,105,106,108,109,111,112,115,116,119,133,136,137,140,141,142,146,150,153,154,182,183,186,187,196]
P05362_Q7T7N6	0.027777773919753623	0.07692304733728948	0.02499999375000156	0.09090900826453795	0.03124999023437805	0.06666662222225185	40	32	11	15	[34,43,45,67,76,80,194,195,196,197,198,311,331,332,333,334,351,353,354,355,356,357,358,359,361,363,367,368,370,372,373,374,375,381,397,401,402,408,418,420]	[89,95,104,107,119,163,185,186,261,463,464,465,489,490,500,501,503,524,564,619,620,621,749,754,757,760,773,785,845,846,847,849]	[57,66,67,68,69,70,95,97,98,99,100]	[207,208,211,235,236,237,241,431,518,520,521,522,523,524,569]
P63000_Q05608	0.7499996250001875	0.24193544484912177	0.8571422448983965	0.3999998666667111	0.4999991666680556	0.09374997070313415	14	6	30	32	[32,34,38,39,52,56,63,64,65,66,67,70,73,74]	[591,624,628,657,671,695]	[32,34,35,36,38,39,56,61,62,63,64,66,67,69,70,73,74,87,88,91,94,95,133,134,135,140,141,144,147,148]	[573,574,577,578,580,581,585,586,587,588,591,592,595,596,598,599,601,602,621,623,624,627,628,630,631,634,678,685,688,689,706,713]
P01889_P12478	0.0	0.0	0.0	0.0	0.0	0.0	21	0	20	9	[32,34,41,45,51,56,59,120,216,226,228,230,255,256,257,258,259,260,261,262,266]	[]	[86,87,90,93,94,97,100,101,104,108,123,140,170,171,176,179,180,183,187,191]	[78,79,80,81,82,83,84,85,86]
P62805_Q1HVJ0	0.0	0.0	0.0	0.0	0.0	0.0	8	1	4	6	[92,93,94,95,96,97,98,99]	[1263]	[100,101,102,103]	[390,461,462,547,548,549]
P01903_P0A0L3	0.0	0.0	0.0	0.0	0.0	0.0	4	2	18	9	[30,100,113,166]	[118,203]	[38,42,43,44,45,61,62,63,64,65,82,83,85,86,89,92,93,96]	[69,71,94,119,121,123,236,239,242]
P03172_Q15223	0.5111109975308894	0.2527472249728324	0.46666635555576297	0.14893613852422583	0.5333331555556148	0.36363628099175427	15	30	47	44	[52,53,63,84,86,89,95,162,166,183,220,245,248,259,263]	[48,50,52,54,55,56,57,58,61,63,75,77,80,85,86,87,88,90,101,102,104,110,125,127,129,130,131,132,133,135]	[48,49,50,51,52,61,62,63,64,75,76,77,78,79,101,104,105,107,108,109,110,111,112,113,157,162,164,197,198,223,225,226,231,235,240,241,242,243,245,246,247,248,255,256,259,260,263]	[59,61,63,64,68,73,74,75,76,77,80,84,85,86,87,88,90,94,95,113,115,125,127,128,129,130,131,133,147,149,150,151,152,153,154,176,198,202,208,236,237,238,239,240]
P0CG48_Q99PZ6	0.0232558085451608	0.02499999375000156	0.0	0.0	0.9999900000999989	0.04761902494332146	42	1	19	21	[160,237,388,389,391,422,429,440,442,448,450,453,454,456,460,464,465,466,467,468,489,498,502,503,518,526,527,529,530,532,536,540,541,543,566,578,580,581,602,603,605,606]	[127]	[614,616,650,652,653,654,655,656,657,659,662,665,666,667,668,676,678,679,680]	[119,120,123,124,126,127,128,130,131,135,162,165,166,170,173,174,177,180,181,184,188]
P01892_Q9DIT6	0.0	0.0	0.0	0.0	0.0	0.0	16	12	19	20	[32,41,45,49,51,120,226,228,230,256,258,259,260,261,262,266]	[2426,2434,2443,2452,2463,2521,2530,2822,2899,2902,2903,2922]	[87,89,90,93,94,97,100,101,104,108,170,171,174,176,179,180,183,187,191]	[1406,1407,1408,1409,1410,1411,1412,1413,1414,1415,1807,1808,1809,1810,1811,1812,1813,1814,1815,1816]
P0CG48_Q66431	0.0232558085451608	0.021739125708885716	0.0	0.0	0.9999900000999989	0.04166664930556279	42	1	22	24	[160,237,388,389,391,422,429,440,442,448,450,453,454,456,460,464,465,466,467,468,489,498,502,503,518,526,527,529,530,532,536,540,541,543,566,578,580,581,602,603,605,606]	[99]	[614,615,616,617,618,644,648,650,652,654,655,656,657,659,660,676,678,679,680,681,682,683]	[10,11,12,13,14,18,20,38,77,78,80,81,82,98,99,100,102,120,128,129,131,146,149,150]
O89343_P52799	0.9999990909099173	0.15492955564372454	0.9999966666777778	0.08571426122449678	0.9999987500015626	0.2222221604938443	3	8	35	36	[241,242,305]	[117,118,119,120,121,122,123,124]	[213,237,238,239,240,241,242,244,246,305,388,389,401,402,404,458,490,491,492,501,504,505,506,507,529,530,531,532,533,555,557,559,581,583,588]	[54,55,57,88,92,93,94,96,97,98,100,102,103,104,105,106,108,109,110,111,113,115,116,117,118,119,120,121,122,123,124,125,127,130,148,149]
D4QGA2_Q14108	0.13793098692034933	0.1290322164412205	0.23529397923883574	0.21052620498620792	0.0	0.0	17	12	19	12	[84,104,106,107,127,139,163,169,185,186,200,214,217,218,230,233,251]	[70,72,73,74,77,79,82,84,104,134,166,354]	[138,203,204,206,207,211,213,214,215,216,217,218,222,225,227,228,230,231,323]	[154,155,158,161,162,163,187,189,190,191,192,193]
A9PKC6_Q16630	0.026315782548478276	0.04761902494332146	0.06666662222225185	0.11111098765445816	0.0	0.0	15	23	9	12	[38,39,41,42,43,45,70,71,89,95,118,119,124,125,127]	[87,90,91,93,94,110,111,113,115,116,118,119,120,121,122,124,126,150,155,159,160,162,164]	[85,89,99,102,106,134,138,139,140]	[276,277,278,279,280,281,283,284,285,286,287,288]
P04003_W0T1Y4	0.0	0.0	0.0	0.0	0.0	0.0	28	0	13	16	[82,110,120,121,141,142,143,144,145,146,147,148,172,173,558,567,568,569,570,571,572,573,574,575,576,578,579,581]	[]	[86,87,88,89,90,109,111,112,114,115,117,118,130]	[55,56,59,60,62,63,66,67,69,70,73,74,76,77,80,81]
P62820_Q5ZSQ3	0.7142852040819971	0.11235953793713056	0.7692301775152481	0.22727267561984643	0.0	0.0	13	1	44	45	[42,43,44,47,48,70,72,73,75,76,79,82,163]	[614]	[3,5,6,7,8,9,10,11,13,19,20,34,36,38,39,40,41,42,43,44,45,46,47,48,61,65,67,68,69,71,72,73,74,75,77,78,79,82,83,84,85,101,116,175]	[373,376,377,380,407,410,411,414,415,418,421,422,423,424,426,427,428,431,432,434,435,437,438,441,442,444,445,448,449,450,451,452,453,454,456,478,480,483,484,512,516,526,527,530,534]
P0A6A8_Q9HD34	0.2799998880000448	0.2692306656805132	0.9999950000249999	0.1428570408163994	0.21739120982990878	0.4166663194447338	2	23	14	12	[41,45]	[10,14,18,26,27,28,31,34,35,37,38,41,65,67,68,69,71,72,75,76,79,81,82]	[15,36,37,38,39,41,42,45,48,49,54,56,57,60]	[6,9,10,13,14,17,18,21,37,40,41,44]
Q5ZXN6_Q9H0U4	0.11111108641975856	0.0526315734072028	0.03225805411030513	0.020833328993056458	0.2857140816327988	0.08510636487098619	31	14	48	47	[368,438,439,452,455,473,475,476,477,479,480,481,483,484,490,524,554,576,670,680,707,711,759,763,770,780,784,785,789,792,793]	[39,40,41,43,45,62,69,70,72,73,74,76,79,160]	[45,94,103,104,106,140,141,142,143,144,145,146,147,233,508,531,534,535,536,537,560,564,586,587,588,598,599,620,621,631,633,634,657,658,664,668,669,670,691,701,702,734,736,737,739,740,741,742]	[27,30,31,32,33,34,35,36,37,38,41,52,53,64,67,75,76,77,78,79,101,102,105,108,109,110,124,125,126,127,128,133,137,141,146,153,154,155,156,157,159,160,164,167,168,170,171]
P61586_Q8KNY0	0.7499990625011719	0.10714283801020749	0.7142846938790088	0.199999920000032	0.9999900000999989	0.03225805411030513	7	1	25	31	[58,66,68,69,72,75,105]	[180]	[5,26,27,33,34,35,36,37,38,39,40,41,42,43,45,54,56,58,61,63,65,66,68,69,72]	[22,45,49,50,51,52,97,100,102,106,109,110,142,148,149,150,151,153,154,155,175,176,179,180,181,182,183,204,206,207,209]
P12493_P49790	0.12280699599877262	0.22580637877213589	0.12195118976800248	0.2380951247166073	0.12499992187504883	0.1999998000002	41	16	21	10	[139,141,142,143,145,150,153,170,171,189,195,199,214,215,217,218,219,225,228,244,253,254,264,275,276,277,283,315,316,332,333,347,348,349,351,352,353,363,366,489,493]	[727,729,730,731,732,733,734,736,738,740,741,743,744,745,1413,1415]	[170,173,185,186,189,195,198,199,202,238,239,267,268,271,272,275,305,308,309,310,314]	[1410,1411,1412,1413,1414,1415,1416,1417,1418,1419]
A0A376KDN7_P00748	0.36363625344355954	0.21428567602041498	0.33333322222225925	0.37037023319620993	0.6666644444518518	0.06896549346017466	30	3	27	29	[43,44,55,56,64,65,67,68,75,78,79,81,98,99,100,126,178,179,233,235,237,238,240,241,245,294,295,300,308,380]	[185,378,380]	[67,68,71,72,75,76,81,82,178,179,219,223,226,227,228,233,235,236,238,367,370,371,374,375,378,380,381]	[362,378,380,381,382,431,434,435,436,437,438,439,440,470,472,474,477,478,479,480,481,508,509,510,511,512,513,514,518]
P04608_P50750	0.06666662222225185	0.08333326388894677	0.07692301775152481	0.3333322222259259	0.0	0.0	13	2	3	9	[11,16,17,20,26,27,28,32,33,35,36,47,49]	[27,188]	[9,11,12]	[144,172,173,175,176,177,181,182,183]
P01903_P04664	0.16666657407412552	0.09090906336088989	0.16666657407412552	0.1499999250000375	0.0	0.0	18	0	20	13	[52,54,68,69,70,78,98,100,104,105,107,108,113,121,123,126,166,193]	[]	[32,34,36,49,56,68,76,77,78,79,80,83,86,87,90,91,94,97,98,101]	[306,307,308,309,310,311,312,313,314,315,316,317,318]
P18465_Q70XD7	0.0	0.0	0.0	0.0	0.0	0.0	19	44	21	11	[32,34,36,41,45,51,56,226,228,230,253,256,257,258,259,260,261,262,266]	[665,667,671,672,673,703,714,739,740,741,742,743,744,745,830,861,879,894,913,938,941,943,952,964,1031,1032,1053,1054,1057,1058,1059,1061,1069,1071,1072,1073,1077,1086,1099,1186,1189,1190,1193,1194]	[86,87,90,93,97,98,100,101,104,108,123,141,170,171,174,176,179,180,183,187,191]	[162,163,164,165,166,167,168,169,170,171,172]
Q9H2E6_V5T923	0.17391296786392701	0.11764702422146345	0.21052620498620792	0.2857140816327988	0.0	0.0	19	4	14	20	[109,162,190,191,193,243,246,286,287,288,290,291,319,320,321,322,415,417,432]	[1406,1425,1556,1632]	[102,105,106,108,109,110,111,113,114,141,189,190,191,193]	[1434,1438,1466,1467,1468,1469,1471,1488,1489,1490,1491,1493,1495,1504,1511,1596,1598,1599,1600,1601]
O41925_P47992	0.5789470637120717	0.2199999560000088	0.0	0.0	0.6470584429067983	0.4782606616257993	2	17	27	23	[159,274]	[26,27,28,29,33,34,35,38,39,41,42,44,50,56,61,64,66]	[104,105,106,107,108,146,147,149,151,153,165,194,198,250,251,252,261,292,293,294,295,296,297,298,299,381,384]	[28,29,30,31,33,34,35,36,37,38,39,40,41,44,54,64,66,67,68,69,74,75,76]
P10844_P21579	0.0	0.0	0.0	0.0	0.0	0.0	24	40	21	12	[11,13,14,87,442,493,527,531,564,575,589,603,614,626,657,672,740,818,842,878,918,922,923,1011]	[154,173,174,197,199,200,201,204,206,208,210,234,235,239,252,258,286,305,306,307,308,323,333,337,339,341,343,347,350,351,368,388,389,396,398,399,400,401,403,405]	[1113,1115,1116,1117,1118,1176,1178,1183,1185,1188,1191,1192,1194,1197,1199,1201,1203,1204,1244,1245,1246]	[37,39,40,43,44,46,47,48,50,51,52,53]
P06210_P15151	0.057142848979593	0.04761904195011405	0.0	0.0	0.3999996000004	0.1052631301939131	60	10	46	38	[24,26,27,28,29,30,31,32,34,91,95,104,107,119,163,167,169,185,186,269,340,351,352,353,359,360,361,362,374,375,376,377,379,383,446,461,463,464,465,489,490,495,500,501,511,524,564,622,625,626,751,756,762,775,777,787,848,849,850,851]	[124,126,128,129,176,245,253,254,256,283]	[207,208,209,210,240,397,398,399,400,402,403,407,424,426,431,433,434,437,483,521,522,523,529,569,570,669,680,681,684,685,687,689,692,744,746,792,800,801,802,804,805,806,809,812,813,860]	[30,57,61,63,68,70,71,72,73,74,75,76,79,81,82,83,84,85,86,87,88,90,95,99,100,101,114,116,117,124,126,128,129,130,132,133,134,199]
O00499_Q8JUX6	0.0	0.0	0.0	0.0	0.0	0.0	59	3	14	11	[29,30,31,32,33,36,60,61,64,67,68,71,74,75,78,82,85,86,88,89,92,93,94,109,113,120,127,128,131,132,134,144,145,148,151,155,158,207,210,211,214,215,218,232,233,235,236,238,239,240,242,243,246,253,264,517,519,522,523]	[1142,1205,1446]	[529,531,534,535,536,556,557,559,560,561,562,583,587,588]	[1730,1731,1732,1733,1734,1735,1736,1737,1739,1740,1742]
P00747_P17811	0.0	0.0	0.0	0.0	0.0	0.0	24	4	9	11	[106,140,143,149,156,160,170,172,179,196,199,223,258,260,261,262,264,422,423,622,629,711,732,737]	[95,134,154,199]	[576,577,578,579,580,581,582,583,585]	[51,60,61,106,108,170,171,179,230,231,235]
P80098_Q2F862	0.31578939058173927	0.2448979092045083	0.2972972169466981	0.523809274376536	0.9999900000999989	0.03571427295918823	37	1	21	28	[28,29,31,32,33,36,37,38,39,40,47,49,50,51,52,53,54,55,56,57,58,60,62,69,70,71,78,79,80,81,87,88,90,91,92,93,94]	[224]	[32,33,34,35,36,37,38,39,40,41,44,46,47,58,68,69,70,72,73,74,75]	[74,75,76,77,78,83,85,100,102,104,156,157,159,161,163,218,220,221,222,223,224,225,226,227,228,233,257,258]
P0CG48_P19811	0.0	0.0	0.0	0.0	0.0	0.0	42	35	14	17	[160,237,388,389,391,422,429,440,442,448,450,453,454,456,460,464,465,466,467,468,489,498,502,503,518,526,527,529,530,532,536,540,541,543,566,578,580,581,602,603,605,606]	[1078,1082,1084,1178,1181,1202,1259,2412,2451,2470,2496,2497,2536,2641,2665,2712,2714,2724,2762,2854,2869,2872,2873,2910,2914,2915,2916,2962,2963,2972,3000,3006,3007,3029,3032]	[616,617,648,650,652,655,657,676,678,679,680,681,682,683]	[268,290,291,293,295,296,297,313,314,315,316,317,328,331,347,351,353]
A8CDU0_P01903	0.11111104938275035	0.06666664444445185	0.0	0.0	0.11111104938275035	0.11111104938275035	0	18	12	18	[]	[52,54,68,69,70,78,98,100,104,105,107,108,113,121,123,126,166,193]	[59,60,62,63,64,65,66,67,68,69,70,71]	[34,36,49,76,77,78,79,80,83,86,87,90,91,93,94,97,98,101]
P01903_Q03909	0.11111104938275035	0.058823512110731724	0.0	0.0	0.1428570408163994	0.15384603550304962	4	14	21	13	[100,108,113,166]	[100,121,146,235,243,299,329,330,427,430,433,434,441,444]	[32,34,36,49,56,68,76,77,78,79,80,83,86,87,90,91,93,94,97,98,101]	[327,328,329,330,331,332,333,334,335,336,337,338,339]
P62979_Q5ZTL4	0.48780475907200993	0.2666666311111158	0.49999986111114963	0.4864863550036878	0.39999920000160005	0.05263156509695655	36	5	37	38	[31,32,33,34,35,36,37,39,40,42,44,45,46,47,48,49,51,58,60,62,63,64,66,68,70,71,72,73,74,85,103,105,106,108,137,142]	[164,188,198,211,255]	[6,7,8,9,10,11,18,20,21,22,24,25,28,31,32,33,34,35,36,37,38,39,40,42,44,47,52,53,54,55,57,58,68,70,71,72,73]	[29,31,35,36,39,40,42,43,47,66,69,70,71,72,73,75,76,79,95,99,121,123,126,128,144,145,146,147,148,163,164,166,228,229,230,254,255,256]
Q5ZUV9_Q9GZQ8	0.15384603550304962	0.099999950000025	0.0	0.0	0.15384603550304962	0.1999998000002	0	13	10	10	[]	[38,53,76,80,84,85,86,88,89,116,117,118,119]	[25,28,29,33,34,35,379,380,381,427]	[61,62,65,74,75,76,89,90,91,92]
P13051_P14739	0.7142852040819971	0.2127659121774655	0.6666661111115741	0.3333331944445023	0.9999950000249999	0.08695648393196351	12	2	24	23	[100,112,132,157,177,221,223,280,281,284,285,288]	[22,47]	[153,154,156,157,161,174,177,219,221,222,223,224,225,227,256,257,260,277,279,280,281,282,284,285]	[3,18,19,20,21,22,23,24,25,28,31,32,47,54,61,62,63,65,73,75,76,77,79]
A7UPX0_S6B2B6	0.0	0.0	0.0	0.0	0.0	0.0	34	12	13	4	[21,22,23,24,25,26,28,47,111,173,221,308,314,330,337,338,340,341,356,357,361,364,395,399,405,420,431,432,434,435,437,438,482,516]	[60,65,66,68,134,135,261,262,263,264,265,267]	[131,132,135,138,178,179,180,182,184,185,186,253,255]	[74,79,125,129]
P03126_Q96QZ7	0.026315782548478276	0.0270270197224271	0.11111098765445816	0.0999999000001	0.0	0.0	9	29	10	27	[39,54,76,83,86,87,91,144,148]	[645,647,651,659,661,697,703,845,854,856,869,872,873,879,880,881,901,902,905,906,1154,1167,1171,1172,1173,1174,1175,1213,1216]	[148,149,150,151,152,153,154,155,156,157]	[483,485,486,487,488,490,491,494,499,502,531,532,533,536,540,560,564,565,566,567,568,569,570,571,573,575,576]
C5MK56_Q1HVF7	0.0	0.0	0.0	0.0	0.0	0.0	19	0	17	11	[32,34,41,45,47,51,56,59,228,230,253,256,257,258,259,260,261,262,266]	[]	[86,90,93,94,97,100,101,104,108,170,171,176,179,180,183,187,191]	[407,408,409,410,411,412,413,414,415,416,417]
P02751_P14738	0.0	0.0	0.0	0.0	0.0	0.0	0	0	70	38	[]	[]	[96,98,100,101,105,108,109,111,116,119,121,124,126,129,130,131,132,133,134,135,136,137,138,142,156,158,159,163,173,174,175,176,177,178,179,180,181,182,184,185,187,189,203,205,209,216,218,219,220,221,222,223,224,225,226,227,228,234,235,248,264,265,266,267,268,269,270,271,272,274]	[508,509,510,511,512,513,514,515,516,517,518,519,520,521,522,523,524,525,526,527,655,656,657,658,659,660,661,662,663,664,665,666,667,668,669,670,671,672]
P13645_Q7A382	0.0	0.0	0.0	0.0	0.0	0.0	181	0	11	22	[200,202,203,204,205,206,207,209,210,211,213,214,216,217,218,219,220,221,222,223,224,225,226,227,228,229,230,231,232,233,234,235,236,237,238,239,240,241,242,243,244,245,246,247,248,249,250,251,252,253,254,255,256,257,258,259,260,261,262,263,264,265,266,267,268,269,270,271,272,273,274,275,276,277,278,279,280,281,282,283,284,286,287,288,290,291,352,354,355,356,357,358,359,360,361,362,364,365,366,367,368,369,370,371,372,373,374,375,376,377,378,379,380,381,382,383,384,385,386,387,388,389,390,391,392,393,394,395,396,397,398,399,400,401,402,403,404,405,406,407,408,409,410,411,412,413,414,415,417,418,420,421,422,423,424,425,426,427,428,429,431,432,433,434,435,436,437,438,439,440,441,442,443,444,445,446,447,448,449,450,451]	[]	[477,478,479,480,481,482,483,484,485,486,487]	[235,236,270,271,281,282,283,328,360,366,519,520,521,522,523,525,526,527,528,529,530,531]
B0BXR4_P18206	0.15909089101239873	0.17499997812500273	0.3529409688582536	0.14999996250000935	0.1126760404681633	0.19999995000001247	17	71	40	40	[179,194,195,196,197,204,208,232,234,287,340,420,423,424,425,427,428]	[22,25,50,53,57,60,80,113,126,130,143,144,146,147,149,150,152,153,154,155,156,158,159,162,163,173,176,177,180,192,196,210,224,228,231,246,249,253,607,611,750,761,765,798,799,802,986,989,993,1013,1016,1017,1024,1031,1038,1051,1055,1058,1061,1062,1064,1065,1068,1069,1072,1089,1090,1093,1096,1097,1100]	[412,413,414,416,417,418,419,420,421,423,424,425,426,427,428,429,430,431,432,434,812,813,814,815,817,818,819,820,821,822,824,825,826,827,828,829,831,832,833,834]	[8,11,12,13,15,16,19,22,23,25,26,34,35,36,37,38,39,40,43,46,47,50,53,54,56,57,60,61,64,105,108,112,115,116,119,123,126,127,130,181]
P03524_P29074	0.31249980468762206	0.18518511659810497	0.0	0.0	0.31249980468762206	0.31249980468762206	0	16	11	16	[]	[527,540,546,555,557,558,559,580,584,587,664,667,686,760,761,879]	[512,513,514,515,517,519,520,521,522,523,524]	[526,527,529,531,532,533,537,538,545,546,579,580,581,583,584,587]
Q786F2_Q96NY8	0.4444441975310014	0.09411763598616046	0.2727270247936138	0.06249998697916938	0.7142846938790088	0.1351350986121355	11	7	48	37	[200,201,330,331,334,336,376,383,534,555,594]	[86,132,133,134,136,150,211]	[189,279,280,281,302,316,318,330,332,333,334,335,336,338,387,388,389,391,392,419,420,421,422,458,459,461,462,464,482,483,485,486,498,499,500,505,506,508,530,532,541,543,544,546,547,548,549,550]	[32,33,34,35,36,37,38,39,41,42,43,46,49,51,55,57,58,59,60,61,63,64,81,83,84,85,86,107,130,132,133,134,135,136,137,138,142]
Q99IB8_Q9H8S9	0.15384609467457896	0.0930232341806432	0.11111098765445816	0.0714285204081997	0.1764704844291268	0.10344824019026201	9	17	14	29	[2290,2448,2449,2450,2452,2464,2465,2537,2804]	[36,37,40,50,51,52,55,66,67,69,70,74,77,78,91,92,178]	[2284,2285,2286,2287,2288,2289,2290,2291,2292,2293,2295,2296,2297,2298]	[91,92,93,94,96,97,98,99,106,108,117,153,154,157,164,167,171,176,177,178,180,181,184,199,202,206,207,210,211]
Q72497_Q99816	0.061538452071007374	0.16666659722225116	0.0	0.0	0.09999997500000624	0.2666664888890074	25	40	9	15	[142,143,144,170,187,194,195,196,218,221,222,224,225,227,228,253,276,277,278,279,348,349,351,352,356]	[43,64,66,68,69,91,92,93,110,112,129,130,133,234,236,238,252,253,256,263,291,317,318,319,325,326,329,340,341,343,344,353,356,357,360,364,368,371,374,376]	[453,454,455,456,457,458,459,460,461]	[34,58,63,64,67,68,69,92,94,95,96,98,142,143,145]
P08603_Q19KF7	0.14285707482996438	0.04166666087963043	0.0	0.0	0.4285708163274053	0.07499998125000468	14	7	32	40	[90,93,106,119,177,179,239,383,420,479,481,903,960,963]	[47,48,50,110,111,112,164]	[336,337,338,339,340,342,343,344,350,351,352,353,354,356,358,359,360,365,366,367,368,369,371,373,388,390,392,393,402,403,404,405]	[62,65,66,67,109,110,111,112,114,118,141,144,145,146,147,153,155,157,159,160,161,165,223,225,226,227,228,229,233,235,237,244,245,246,247,249,265,267,272,274]
O60885_Q8UN00	0.08108107012417971	0.1621621183345626	0.08108107012417971	0.27272714876038695	0.0	0.0	74	0	22	15	[68,69,72,76,78,81,90,91,92,93,95,96,99,100,120,124,127,134,137,138,141,142,144,145,148,152,155,158,167,170,171,355,362,370,371,374,378,381,382,385,386,387,388,391,392,393,396,397,409,416,417,420,423,424,430,436,437,441,444,448,452,453,608,609,611,612,628,630,631,632,635,651,665,669]	[]	[612,615,616,619,620,623,627,628,630,631,634,635,638,649,650,651,652,653,654,655,656,657]	[1719,1720,1721,1722,1724,1726,1727,1728,1729,1730,1731,1732,1733,1734,1735]
Q31610_T2D0U8	0.0	0.0	0.0	0.0	0.0	0.0	19	0	20	9	[32,34,41,45,49,51,56,216,226,228,230,256,257,258,259,260,261,262,266]	[]	[86,90,93,94,97,100,101,104,108,123,140,170,171,174,176,179,180,183,187,191]	[34,35,36,37,38,39,40,41,42]
P06731_Q57254	0.33333277777870374	0.058823512110731724	0.49999750001249993	0.06249996093752441	0.24999937500156252	0.055555524691375174	2	4	16	18	[61,63]	[29,39,40,70]	[63,72,74,75,76,78,83,90,91,92,93,123,125,127,129,131]	[43,47,55,61,64,66,68,70,109,110,111,112,113,125,127,128,130,132]
P02671_Q7A382	0.0	0.0	0.0	0.0	0.0	0.0	58	0	12	21	[60,70,73,74,77,78,81,84,85,88,89,92,93,95,105,106,108,109,110,112,113,114,116,137,141,142,145,146,148,149,151,152,154,155,157,158,160,164,165,166,168,169,175,178,188,190,204,208,226,694,712,713,716,717,720,777,788,823]	[]	[334,335,336,337,338,339,340,341,342,343,344,345]	[235,236,237,238,270,271,281,283,326,328,360,383,503,505,519,520,521,522,523,525,526]
P78310_Q64823	0.0	0.0	0.0	0.0	0.0	0.0	7	7	16	22	[138,139,142,144,145,165,169]	[213,215,216,218,266,291,308]	[19,21,23,24,25,26,27,28,30,31,38,40,96,128,129,134]	[197,198,199,200,201,229,230,239,240,241,242,243,245,247,258,259,261,297,298,331,332,340]
P78406_Q8B0H7	0.0	0.0	0.0	0.0	0.0	0.0	5	8	22	23	[159,214,284,338,340]	[94,96,97,98,99,152,154,159]	[170,171,189,190,191,206,208,209,210,212,239,250,251,254,255,256,257,258,304,305,306,307]	[49,50,51,52,53,54,55,56,57,58,59,60,61,140,144,188,213,215,216,217,218,219,223]
P12504_Q15370	0.10714281887756469	0.21428556122459913	0.0	0.0	0.37499953125058594	0.4999991666680556	20	8	8	6	[6,7,8,9,10,11,12,15,16,30,43,44,70,73,108,109,145,146,147,148]	[15,70,93,97,99,100,102,103]	[153,155,163,165,166,167,168,171]	[99,102,103,106,117,118]
Q68T42_Q9H3P7	0.10309277287703372	0.16129029656608118	0.0	0.0	0.17543856571253233	0.2941175605536586	40	57	28	34	[53,56,57,95,104,107,163,169,185,186,241,246,250,327,331,353,422,437,440,441,465,466,475,476,477,487,543,590,594,595,596,607,733,736,749,762,764,815,1466,1474]	[248,249,252,253,256,257,259,260,261,263,264,266,270,272,275,278,279,283,286,287,289,290,291,292,293,369,371,372,373,374,375,376,399,401,402,406,415,417,423,424,425,432,443,446,475,476,481,482,483,484,490,501,511,512,514,515,516]	[1453,1456,1457,1460,1464,1467,1468,1469,1472,1473,1476,1479,1480,1481,1482,1483,1484,1486,1487,1488,1489,1490,1491,1492,1493,1494,1495,1496]	[373,374,375,377,379,382,386,390,392,393,395,396,399,400,401,402,403,404,406,408,410,414,415,417,497,507,511,522,523,524,525,526,527,528]
Q66479_Q9H3P7	0.16923074319527026	0.18333330277778287	0.24999968750039064	0.07692304733728948	0.1578947091412791	0.2647058044982928	8	57	26	34	[887,910,912,956,1475,1476,1480,1484]	[248,249,252,253,256,257,259,260,261,263,264,266,270,272,275,278,279,283,286,287,289,290,291,292,293,369,371,372,373,374,375,376,399,401,402,406,415,417,423,424,425,432,443,446,475,476,481,482,483,484,490,501,511,512,514,515,516]	[1458,1459,1466,1469,1470,1471,1472,1474,1475,1478,1481,1482,1483,1484,1485,1486,1487,1488,1489,1490,1491,1492,1493,1494,1495,1496]	[373,375,377,379,382,386,390,391,392,395,396,399,400,401,402,403,404,405,406,408,410,413,414,415,417,507,514,522,523,524,525,526,527,528]
P04229_P0A0M0	0.0	0.0	0.0	0.0	0.0	0.0	30	2	10	13	[11,12,15,16,20,36,37,38,46,47,48,61,82,85,101,107,114,117,118,120,131,149,172,177,178,179,180,181,182,185]	[142,143]	[50,94,95,98,99,102,105,106,109,110]	[131,132,133,135,137,139,147,149,151,193,229,230,232]
P35968_P52584	0.0	0.0	0.0	0.0	0.0	0.0	42	13	18	15	[151,329,742,743,816,819,820,821,823,825,826,836,841,842,844,854,874,880,881,891,894,896,921,1021,1023,1027,1048,1054,1061,1078,1079,1080,1081,1082,1104,1107,1108,1109,1122,1126,1137,1165]	[27,29,30,31,42,60,61,70,72,73,75,89,115]	[133,135,137,196,215,217,218,219,253,255,256,257,274,275,286,288,312,313]	[50,51,53,54,55,56,58,91,93,95,96,97,98,99,101]
P04003_P16947	0.10714281887756469	0.057692296597635265	0.10714281887756469	0.13043472589794528	0.0	0.0	28	0	23	29	[82,110,120,121,141,142,143,144,145,146,147,148,172,173,558,567,568,569,570,571,572,573,574,575,576,578,579,581]	[]	[78,86,87,88,89,90,91,109,110,111,112,114,115,117,118,120,121,124,126,127,128,129,161]	[57,58,61,62,63,64,65,66,67,68,69,70,71,72,73,74,75,76,78,79,81,82,83,84,85,86,87,89,90]
P05164_Q2G0X2	0.21428567602041498	0.1739130182734756	0.15686271434064425	0.19999995000001247	0.7999984000032001	0.13793098692034933	51	5	40	29	[172,173,176,179,188,189,192,195,196,197,198,199,200,206,207,212,213,222,225,226,227,228,251,252,253,255,258,261,262,267,268,269,270,275,279,313,316,320,321,327,328,330,331,332,356,404,436,440,605,677,678]	[46,48,52,72,81]	[192,265,266,267,268,269,270,271,272,282,332,346,348,349,351,352,355,356,357,358,359,364,365,367,368,379,380,381,382,383,384,386,400,404,405,408,532,573,576,577]	[30,31,32,33,34,35,36,37,38,39,40,41,42,44,46,47,48,51,52,55,65,68,69,72,75,76,90,91,93]
P30996_P63027	0.3787878213957846	0.34246570651154706	0.0	0.0	0.3787878213957846	0.8064513527576281	0	66	42	31	[]	[30,31,32,33,34,35,36,37,38,39,40,41,42,43,44,45,46,47,48,49,50,51,52,53,54,56,57,60,61,62,63,64,66,67,68,69,70,71,72,73,74,75,76,77,78,80,81,82,83,84,85,86,87,88,89,90,91,92,93,94,95,96,97,98,99,110]	[16,17,26,28,29,33,38,41,42,52,53,54,113,131,132,133,138,145,147,148,164,168,171,172,173,175,179,184,244,263,308,310,311,315,316,318,319,322,347,398,399,400]	[25,26,27,28,29,30,31,32,33,34,35,36,37,38,39,40,41,42,43,44,45,46,48,49,50,52,53,54,55,56,57]
Q15843_Q7N439	0.7878785491277123	0.4406778914105269	0.8076919970415396	0.7499997321429528	0.7142846938790088	0.16129027055152564	26	7	28	31	[6,8,9,10,11,34,35,36,37,39,40,42,44,46,47,48,49,54,68,70,71,72,73,74,75,76]	[110,115,116,127,208,210,262]	[6,8,9,10,11,12,24,31,32,33,34,35,36,37,38,39,40,42,44,46,47,66,68,70,71,72,73,74]	[80,81,82,83,98,102,105,106,114,115,116,118,119,120,124,125,127,129,130,149,153,180,182,185,208,210,211,215,217,272,274]
P13645_Q6GDH2	0.0	0.0	0.0	0.0	0.0	0.0	181	0	14	24	[200,202,203,204,205,206,207,209,210,211,213,214,216,217,218,219,220,221,222,223,224,225,226,227,228,229,230,231,232,233,234,235,236,237,238,239,240,241,242,243,244,245,246,247,248,249,250,251,252,253,254,255,256,257,258,259,260,261,262,263,264,265,266,267,268,269,270,271,272,273,274,275,276,277,278,279,280,281,282,283,284,286,287,288,290,291,352,354,355,356,357,358,359,360,361,362,364,365,366,367,368,369,370,371,372,373,374,375,376,377,378,379,380,381,382,383,384,385,386,387,388,389,390,391,392,393,394,395,396,397,398,399,400,401,402,403,404,405,406,407,408,409,410,411,412,413,414,415,417,418,420,421,422,423,424,425,426,427,428,429,431,432,433,434,435,436,437,438,439,440,441,442,443,444,445,446,447,448,449,450,451]	[]	[499,500,501,502,503,504,505,506,507,508,509,510,511,512]	[235,236,237,270,271,281,283,328,360,366,383,384,519,520,521,522,523,525,526,527,528,529,530,531]
P0ABE7_P50052	0.0	0.0	0.0	0.0	0.0	0.0	8	36	4	5	[60,61,68,76,78,82,85,88]	[49,52,53,55,56,59,60,63,64,88,92,111,112,115,148,150,151,169,173,180,217,221,222,225,226,232,263,266,267,270,271,274,277,313,316,320]	[40,41,43,114]	[35,36,288,289,290]
P03204_P03989	0.0	0.0	0.0	0.0	0.0	0.0	0	18	9	19	[]	[32,41,45,51,72,226,228,230,253,255,256,257,258,259,260,261,262,266]	[258,259,260,261,262,263,264,265,266]	[86,89,90,93,94,97,100,101,104,108,123,170,171,176,179,180,183,187,191]
D0ZRB2_P10599	0.31818167355378474	0.09090907910271699	0.12499992187504883	0.04761903628118183	0.8333319444467593	0.14285710204082797	16	6	42	35	[424,442,453,541,544,545,546,547,548,632,634,636,649,650,653,665]	[30,31,33,34,36,60]	[171,182,184,186,187,203,205,207,208,226,228,229,231,247,250,252,270,271,273,291,292,312,331,334,355,424,432,452,453,454,455,456,457,458,459,460,461,462,463,464,467,505]	[4,6,30,31,34,36,37,39,40,41,43,44,47,48,56,58,59,60,61,63,64,67,68,71,72,73,74,88,89,90,91,92,93,94,96]
Q45894_Q496J9	0.0	0.0	0.0	0.0	0.0	0.0	11	0	18	14	[11,13,21,75,497,568,612,623,668,689,893]	[]	[953,954,955,1122,1137,1138,1139,1141,1142,1143,1144,1145,1146,1153,1156,1292,1294,1295]	[539,541,555,556,557,558,559,560,561,562,563,564,565,567]
P26664_Q8IUC6	0.022222217283951712	0.058823494809708936	0.03846152366864474	0.09090900826453795	0.0	0.0	26	19	11	6	[1032,1033,1034,1035,1036,1043,1044,1047,1100,1124,1125,1126,1139,1154,1186,1187,2434,2443,2515,2521,2530,2749,2895,2899,2902,2922]	[28,59,395,410,411,423,431,432,433,434,436,467,474,477,479,492,518,519,522]	[1067,1083,1149,1158,1162,1163,1181,1182,1183,1184,1186]	[367,368,369,370,371,372]
P03135_Q8IZA0	0.0540540394448542	0.055555540123461075	0.0	0.0	0.2857138775516035	0.11111104938275035	30	7	18	18	[228,231,333,334,336,337,369,371,392,393,394,397,399,402,404,437,438,439,441,442,443,477,601,602,623,625,628,671,694,698]	[411,416,427,440,451,462,660]	[263,264,265,266,267,268,269,271,382,383,384,385,498,499,502,503,507,511]	[405,406,409,413,414,417,427,429,431,432,434,435,436,437,438,439,442,462]
P01892_P03485	0.11538457100593423	0.11538457100593423	0.0	0.0	0.2999997000003	0.3333329629633745	16	10	17	9	[32,41,45,49,51,120,226,228,230,256,258,259,260,261,262,266]	[51,59,62,66,75,78,91,107,134,135]	[87,90,93,94,97,100,101,104,108,170,171,176,179,180,183,187,191]	[58,59,60,61,62,63,64,65,66]
P0C210_P46934	0.019999996000000797	0.05263155124655198	0.0	0.0	0.019999996000000797	0.0999999000001	0	50	9	10	[]	[545,549,553,620,622,623,624,625,626,634,638,852,868,942,947,977,991,1002,1003,1009,1010,1013,1023,1024,1035,1045,1046,1048,1049,1099,1102,1115,1126,1229,1232,1233,1248,1254,1255,1258,1261,1263,1264,1265,1266,1282,1286,1287,1307,1310]	[116,117,118,119,120,121,122,123,124]	[847,849,851,857,859,861,864,866,867,868]
P04610_Q92831	0.06896549346017466	0.09090904958679565	0.0	0.0	0.08695648393196351	0.1428570408163994	6	23	8	14	[26,27,32,33,34,35]	[498,516,524,527,528,532,536,582,583,584,587,588,592,611,612,636,746,762,763,765,766,786,790]	[46,47,48,49,51,52,53,54]	[750,752,753,755,756,757,758,759,762,763,801,802,804,805]
H6QM92_P24928	0.0	0.0	0.0	0.0	0.0	0.0	38	174	24	13	[11,12,24,51,74,105,173,176,205,217,232,239,242,249,298,315,374,376,378,388,429,430,431,432,466,469,507,512,529,572,577,578,581,582,585,597,671,676]	[13,15,16,18,73,82,85,113,260,262,264,266,301,323,324,325,326,329,330,331,332,334,335,337,346,349,353,358,359,360,364,366,383,387,393,396,397,414,422,423,426,430,431,461,466,469,478,479,480,497,500,509,510,513,518,551,554,561,562,565,576,580,582,621,636,681,682,685,686,687,688,689,690,693,729,730,732,734,735,763,771,775,776,779,780,796,799,800,801,802,808,809,811,812,813,827,828,829,830,831,832,833,836,837,840,841,843,844,845,846,847,848,849,850,851,852,854,855,858,859,875,876,889,1029,1067,1070,1101,1102,1105,1106,1107,1108,1109,1110,1112,1115,1116,1117,1132,1135,1175,1176,1177,1179,1197,1199,1202,1251,1284,1286,1287,1344,1368,1369,1371,1372,1388,1395,1408,1410,1416,1417,1420,1421,1437,1458,1461,1463,1468,1471,1473,1474,1475,1482]	[285,287,289,291,313,412,439,440,443,444,447,449,522,543,544,545,546,547,548,552,554,607,608,610]	[1713,1714,1715,1716,1718,1719,1720,1721,1722,1723,1725,1726,1727]
E5LC01_O60885	0.05405404674945314	0.1333332888889037	0.0	0.0	0.05405404674945314	0.23529397923883574	0	74	13	17	[]	[68,69,72,76,78,81,90,91,92,93,95,96,99,100,120,124,127,134,137,138,141,142,144,145,148,152,155,158,167,170,171,355,362,370,371,374,378,381,382,385,386,387,388,391,392,393,396,397,409,416,417,420,423,424,430,436,437,441,444,448,452,453,608,609,611,612,628,630,631,632,635,651,665,669]	[1086,1087,1088,1089,1090,1091,1092,1093,1094,1095,1096,1097,1098]	[612,615,616,619,623,627,630,631,634,649,650,651,652,653,654,655,657]
P01889_Q6SW59	0.04545452479339782	0.03124999023437805	0.0	0.0	0.9999900000999989	0.09090900826453795	21	1	21	11	[32,34,41,45,51,56,59,120,216,226,228,230,255,256,257,258,259,260,261,262,266]	[270]	[86,87,90,93,94,97,100,101,104,108,123,140,170,171,174,176,179,180,183,187,191]	[265,266,267,268,269,270,271,272,273,274,275]
B9V0E2_Q8TCD0	0.0	0.0	0.0	0.0	0.0	0.0	11	2	3	2	[427,433,517,529,562,621,625,626,629,636,638]	[61,123]	[430,432,434]	[57,74]
P24768_Q13618	0.37931021403096066	0.2558138939967688	0.38461508875762407	0.2272726239669891	0.3749997656251465	0.28571414965992875	13	16	22	21	[20,22,37,41,44,48,52,53,55,100,181,188,189]	[54,59,62,66,121,128,379,380,464,465,510,544,545,546,709,751]	[44,45,48,51,53,54,55,56,59,63,66,96,99,100,102,104,131,132,133,134,135,136]	[49,50,51,52,53,54,55,58,59,62,66,68,118,120,121,124,125,128,129,133,134]
P24928_Q5V8Z9	0.0	0.0	0.0	0.0	0.0	0.0	174	74	7	13	[13,15,16,18,73,82,85,113,260,262,264,266,301,323,324,325,326,329,330,331,332,334,335,337,346,349,353,358,359,360,364,366,383,387,393,396,397,414,422,423,426,430,431,461,466,469,478,479,480,497,500,509,510,513,518,551,554,561,562,565,576,580,582,621,636,681,682,685,686,687,688,689,690,693,729,730,732,734,735,763,771,775,776,779,780,796,799,800,801,802,808,809,811,812,813,827,828,829,830,831,832,833,836,837,840,841,843,844,845,846,847,848,849,850,851,852,854,855,858,859,875,876,889,1029,1067,1070,1101,1102,1105,1106,1107,1108,1109,1110,1112,1115,1116,1117,1132,1135,1175,1176,1177,1179,1197,1199,1202,1251,1284,1286,1287,1344,1368,1369,1371,1372,1388,1395,1408,1410,1416,1417,1420,1421,1437,1458,1461,1463,1468,1471,1473,1474,1475,1482]	[7,10,11,24,30,73,86,87,89,90,97,101,133,151,152,185,188,202,203,206,211,214,224,229,230,232,239,243,245,248,267,323,352,360,364,371,372,373,374,375,376,381,384,385,387,388,389,393,394,395,424,430,431,470,528,545,559,565,566,568,569,578,579,582,583,590,594,596,597,608,609,675,677,720]	[1719,1720,1721,1722,1723,1726,1727]	[412,413,414,415,440,441,444,445,448,488,605,628,631]
P13746_R4P6M5	0.06249996093752441	0.033333322222225924	0.0	0.0	0.9999900000999989	0.0999999000001	15	1	20	10	[32,41,45,51,226,228,230,256,257,258,259,260,261,262,266]	[193]	[86,87,90,93,94,97,100,101,104,108,123,170,171,176,179,180,182,183,187,191]	[188,189,190,191,192,193,194,196,197,198]
P05534_Q9Q5D4	0.0	0.0	0.0	0.0	0.0	0.0	21	0	19	10	[32,41,45,51,56,59,120,146,226,228,230,255,256,257,258,259,260,261,262,266,298]	[]	[90,93,94,96,97,100,101,104,108,123,170,171,174,179,180,183,187,190,194]	[126,127,128,129,130,131,132,133,134,135]
A0A0X9JHC1_P05534	0.0	0.0	0.0	0.0	0.0	0.0	0	21	11	24	[]	[32,41,45,51,56,59,120,146,226,228,230,255,256,257,258,259,260,261,262,266,298]	[99,100,101,102,103,104,105,106,107,108,109]	[31,83,86,87,90,93,94,97,100,101,104,108,123,170,171,174,176,179,180,183,187,190,191,194]
P05161_Q6TQR6	0.5999988000024	0.07499998125000468	0.49999875000312505	0.11764698961941787	0.9999900000999989	0.043478241965981754	4	1	17	23	[10,114,123,149]	[99]	[87,89,90,91,120,123,128,130,132,133,149,151,152,153,154,155,156]	[10,11,12,13,14,16,18,20,77,78,80,81,82,98,99,101,102,120,128,131,146,149,150]
P0CG47_Q6RCR4	0.0	0.0	0.0	0.0	0.0	0.0	24	2	31	35	[8,9,10,11,12,14,33,34,40,68,70,71,72,74,80,84,85,86,87,124,125,147,149,150]	[199,704]	[158,160,161,183,184,185,186,187,188,189,191,192,194,197,198,199,200,201,203,211,212,214,218,220,222,223,224,225,226,227,228]	[16,38,42,43,44,45,47,50,51,66,271,273,276,277,278,281,283,284,319,320,321,324,325,433,434,437,438,441,442,443,463,464,503,504,505]
F5HF68_Q93009	0.04736841855955692	0.4736839612189678	0.0	0.0	0.04945054673348644	0.7499993750005208	8	182	7	12	[98,148,149,162,163,166,169,170]	[77,91,94,104,112,124,126,128,129,131,133,135,150,151,152,153,157,160,164,165,166,167,168,169,198,199,200,205,206,218,219,220,246,248,249,250,251,253,254,277,281,284,286,287,288,289,293,294,295,297,298,301,302,305,306,309,310,312,313,314,315,317,325,335,336,337,338,339,340,342,343,344,346,351,353,355,356,357,358,359,361,362,365,366,369,370,371,372,374,375,376,377,378,382,383,384,385,386,387,390,407,409,410,411,412,413,414,415,417,418,419,423,424,426,430,432,434,435,438,439,440,442,461,462,464,483,484,491,495,501,521,546,554,558,564,573,576,586,587,588,590,592,593,595,597,611,612,613,614,617,629,653,654,655,657,667,668,693,695,696,697,700,722,723,724,725,779,793,797,807,808,810,818,820,836,852,854,870,871,872,873,875]	[44,45,46,47,48,49,50]	[102,104,152,153,155,162,164,165,166,167,168,169]
O50835_P02751	0.0	0.0	0.0	0.0	0.0	0.0	0	0	11	17	[]	[]	[176,178,179,180,181,182,183,184,185,186,187]	[96,100,101,116,119,121,130,131,132,133,134,135,136,137,138,173,174]
P03180_Q13651	0.13888885030865267	0.1282050953320268	0.14285710204082797	0.2631577562327599	0.0	0.0	35	1	19	20	[34,38,41,45,58,59,60,70,74,76,78,82,83,85,86,87,118,122,135,147,148,149,150,151,152,153,154,155,156,157,158,159,160,161,162]	[82]	[30,31,32,34,35,38,39,41,42,45,46,49,50,52,54,55,56,57,58]	[64,65,66,67,69,94,97,115,116,117,119,121,122,164,166,208,210,211,212,213]
P52799_Q9IH62	0.9090900826453795	0.1639343993550165	0.9999987500015626	0.258064432882441	0.6666644444518518	0.06666664444445185	8	3	31	30	[117,118,119,120,121,122,123,124]	[205,242,305]	[54,55,57,93,94,96,97,98,100,102,103,104,105,106,108,109,110,111,113,115,116,117,118,119,120,121,122,123,124,125,127]	[238,239,240,241,242,305,388,389,401,402,404,458,490,491,492,501,504,505,506,528,530,531,532,533,555,557,559,581,583,588]
C6UYL8_Q9UQB8	0.1639343993550165	0.43478241965981757	0.9999950000249999	0.1999998000002	0.1355931973570852	0.6153841420121985	2	59	10	13	[457,458]	[29,30,31,34,37,38,40,41,44,47,48,50,51,52,53,55,56,58,59,62,107,110,111,114,115,118,128,136,162,166,184,187,190,191,192,194,195,198,199,201,202,212,221,223,225,227,228,236,279,282,383,410,411,413,423,424,429,430,431]	[453,454,455,456,457,458,459,461,462,463]	[108,111,114,115,118,122,188,191,192,193,195,196,199]
P03205_P04229	0.04761903628118183	0.07407404663924198	0.08333326388894677	0.08333326388894677	0.033333322222225924	0.06666662222225185	12	30	12	15	[99,101,111,185,186,187,188,189,191,198,210,211]	[11,12,15,16,20,36,37,38,46,47,48,61,82,85,101,107,114,117,118,120,131,149,172,177,178,179,180,181,182,185]	[104,105,106,107,108,110,111,154,155,157,160,220]	[71,72,73,74,75,77,88,89,91,92,93,94,95,98,101]
Q8IZA0_Q9YIJ1	0.0	0.0	0.0	0.0	0.0	0.0	7	27	18	25	[411,416,427,440,451,462,660]	[221,324,325,327,328,360,385,386,387,389,390,395,397,429,430,431,434,464,465,592,615,616,617,618,660,683,687]	[305,348,349,350,351,353,354,356,357,371,374,375,376,378,393,397,399,400]	[318,319,478,531,532,533,534,535,538,540,541,542,543,544,545,546,547,693,697,698,704,708,710,712,713]
P05889_P62937	0.5454540495872277	0.27272714876038695	0.0	0.0	0.5454540495872277	0.49999958333368055	0	11	10	12	[]	[55,58,69,71,73,81,103,120,121,148,149]	[218,219,220,221,222,223,224,225,227,229]	[55,57,60,71,72,73,82,102,103,121,126,148]
P02679_P14738	0.06382977365323965	0.06249998697916938	0.023809518140590916	0.0999999000001	0.39999920000160005	0.05263156509695655	42	5	10	38	[170,205,225,226,227,229,231,233,236,239,240,242,243,244,250,258,280,282,319,320,321,322,323,325,341,376,379,381,382,383,384,386,397,398,399,400,401,402,403,422,423,425]	[357,425,486,488,497]	[424,425,426,427,428,429,430,431,432,433]	[219,220,221,222,223,254,255,256,257,259,261,266,268,269,304,306,338,341,342,343,351,357,471,473,489,490,491,493,494,495,496,497,498,499,500,501,502,503]
Q8BES6_Q9H3P7	0.228070135426292	0.228070135426292	0.0	0.0	0.228070135426292	0.4062498730469146	0	57	25	32	[]	[248,249,252,253,256,257,259,260,261,263,264,266,270,272,275,278,279,283,286,287,289,290,291,292,293,369,371,372,373,374,375,376,399,401,402,406,415,417,423,424,425,432,443,446,475,476,481,482,483,484,490,501,511,512,514,515,516]	[1682,1683,1684,1685,1686,1687,1688,1689,1690,1691,1692,1693,1697,1698,1701,1702,1704,1705,1706,1707,1708,1709,1710,1711,1712]	[372,373,374,375,376,377,378,379,392,395,396,399,400,401,402,403,404,406,408,410,417,481,483,485,490,492,523,524,525,526,527,528]
Q56061_Q8IWE5	0.2380951247166073	0.1351350986121355	0.24999937500156252	0.055555524691375174	0.23529397923883574	0.21052620498620792	4	17	18	19	[36,39,130,253]	[786,787,789,810,811,812,813,814,815,816,818,827,831,848,863,866,869]	[22,23,24,26,55,56,57,58,59,115,118,126,127,128,130,131,132,134]	[822,823,824,827,828,829,830,831,832,833,834,844,846,858,866,869,872,873,874]
K4LC41_P05161	0.04761903628118183	0.030769226035503687	0.026315782548478276	0.026315782548478276	0.24999937500156252	0.03703702331962099	38	4	38	27	[1488,1494,1495,1587,1674,1675,1677,1678,4248,4249,4252,4253,4256,4257,4258,4259,4266,4271,4277,4279,4280,4282,4284,4285,4286,4288,4294,4317,4321,4323,4326,4328,4355,4356,4358,4361,4362,4363]	[10,114,123,149]	[1546,1550,1551,1555,1590,1610,1638,1643,1644,1645,1646,1648,1649,1652,1653,1656,1657,1670,1678,1682,1683,1686,1689,1690,1691,1692,1704,1705,1706,1708,1710,1715,1731,1754,1755,1756,1757,1758]	[27,31,34,56,57,85,87,123,125,127,128,129,130,132,133,134,139,143,144,145,147,151,152,153,154,155,156]
P08393_Q93009	0.01098901038521921	0.04999998750000312	0.0	0.0	0.01098901038521921	0.07407404663924198	0	182	13	27	[]	[77,91,94,104,112,124,126,128,129,131,133,135,150,151,152,153,157,160,164,165,166,167,168,169,198,199,200,205,206,218,219,220,246,248,249,250,251,253,254,277,281,284,286,287,288,289,293,294,295,297,298,301,302,305,306,309,310,312,313,314,315,317,325,335,336,337,338,339,340,342,343,344,346,351,353,355,356,357,358,359,361,362,365,366,369,370,371,372,374,375,376,377,378,382,383,384,385,386,387,390,407,409,410,411,412,413,414,415,417,418,419,423,424,426,430,432,434,435,438,439,440,442,461,462,464,483,484,491,495,501,521,546,554,558,564,573,576,586,587,588,590,592,593,595,597,611,612,613,614,617,629,653,654,655,657,667,668,693,695,696,697,700,722,723,724,725,779,793,797,807,808,810,818,820,836,852,854,870,871,872,873,875]	[617,618,619,620,621,622,623,624,625,626,627,628,629]	[546,547,550,626,628,629,630,631,637,681,682,683,684,709,710,738,739,742,744,752,754,755,758,759,760,761,762]
P17763_S6B291	0.055555540123461075	0.15384603550304962	0.1428570408163994	0.1999998000002	0.0	0.0	14	22	10	3	[388,412,541,551,580,581,653,678,993,999,1078,1547,1629,1647]	[62,63,252,253,254,255,256,258,284,286,287,288,289,315,316,317,345,346,347,348,349,351]	[580,581,583,610,614,620,662,663,664,665]	[76,78,118]
P04862_P42224	0.1818180165290759	0.04878047590720099	0.24999968750039064	0.10526310249310396	0.0	0.0	8	3	19	22	[126,129,132,133,136,161,165,193]	[28,172,356]	[119,146,150,151,154,157,158,161,162,164,165,168,172,187,188,190,191,194,195]	[51,54,55,56,58,59,62,65,66,68,69,72,73,75,80,84,87,88,91,92,95,96]
P01730_Q70145	0.09090907024793857	0.05479451304184753	0.0	0.0	0.1599999360000256	0.09756095181440198	19	25	32	41	[102,128,129,130,131,132,137,138,140,142,144,145,147,148,167,168,170,367,377]	[34,35,36,37,38,39,40,41,50,65,69,122,123,124,194,195,196,198,200,204,313,314,416,423,427]	[27,38,40,42,47,48,49,50,52,54,57,58,59,60,65,66,67,68,69,70,71,73,77,83,84,85,86,88,89,91,110,113]	[94,99,121,123,124,125,127,185,189,190,191,192,194,277,278,279,280,281,361,362,363,364,367,418,420,422,423,425,448,449,450,451,452,453,454,455,463,466,467,468,470]
P0CG47_Q6RCR0	0.0399999840000064	0.010416665581597335	0.0	0.0	0.19999960000080003	0.014492751522789634	20	5	27	69	[8,9,10,11,12,14,33,34,40,68,70,71,72,74,80,84,85,147,149,150]	[147,275,478,960,1012]	[158,159,160,161,162,163,186,187,188,189,192,194,196,197,198,199,200,201,218,220,222,223,224,225,226,227,228]	[7,8,11,14,16,17,18,21,33,34,36,38,39,43,45,58,63,65,66,67,68,681,696,700,707,708,711,715,718,719,720,721,774,829,831,835,836,837,858,859,862,863,864,865,890,891,950,953,954,956,957,960,961,962,963,1014,1016,1017,1021,1183,1184,1186,1187,1189,1190,1191,1193,1194,1195]
A0A0E8IWL6_P68871	0.3333331111112593	0.07246375761394817	0.9999900000999989	0.030303021120296626	0.2857140816327988	0.11111108024692215	1	14	33	36	[365]	[35,36,37,38,40,41,42,44,98,100,101,102,105,109]	[363,365,366,368,369,391,392,394,395,419,420,421,443,444,445,449,451,492,495,499,556,561,562,564,567,568,637,639,640,641,643,644,646]	[3,6,7,9,10,11,13,14,17,18,41,42,44,45,46,51,52,53,59,60,63,64,67,73,74,77,78,80,87,88,91,92,96,97,98,145]
P14078_Q99816	0.058823520761246945	0.1818180991735913	0.0	0.0	0.09999997500000624	0.2857140816327988	28	40	8	14	[1181,1185,1198,1201,1221,1233,1236,1272,1278,1290,1293,1295,1298,1312,1313,1314,1316,1317,1350,1351,1354,1358,1359,1414,1432,1434,1435,1436]	[43,64,66,68,69,91,92,93,110,112,129,130,133,234,236,238,252,253,256,263,291,317,318,319,325,326,329,340,341,343,344,353,356,357,360,364,368,371,374,376]	[122,124,125,126,127,128,129,130]	[34,58,63,64,67,68,69,92,95,96,142,143,144,145]
Q70AA1_Q9MYI6	0.043478241965981754	0.03225805411030513	0.9999900000999989	0.09090900826453795	0.0	0.0	1	22	11	20	[56]	[32,34,36,41,45,47,51,72,146,226,228,230,253,255,256,257,258,259,260,261,262,266]	[51,52,53,54,55,56,57,58,59,60,61]	[86,87,90,93,97,98,100,101,104,108,123,140,170,171,176,179,180,183,187,191]
O60486_Q8JL80	0.0	0.0	0.0	0.0	0.0	0.0	7	1	22	28	[1225,1227,1272,1274,1275,1278,1283]	[249]	[131,151,152,171,193,197,198,199,200,202,213,214,216,217,218,219,220,222,224,272,350,351]	[95,96,99,124,125,126,127,129,131,141,142,144,146,147,196,199,200,201,202,204,205,206,292,295,296,299,302,303]
P01892_P0C213	0.0	0.0	0.0	0.0	0.0	0.0	16	0	18	9	[32,41,45,49,51,120,226,228,230,256,258,259,260,261,262,266]	[]	[87,90,93,94,96,97,100,101,104,108,170,171,174,176,179,183,187,191]	[11,12,13,14,15,16,17,18,19]
P13423_P58335	0.0	0.0	0.0	0.0	0.0	0.0	3	3	29	20	[353,445,456]	[74,203,211]	[369,370,371,372,373,377,378,675,677,678,679,683,684,685,687,688,691,709,710,711,712,713,714,717,719,723,744,745,746]	[51,53,54,56,57,87,88,111,113,114,115,116,117,119,122,125,152,153,154,158]
K9N5Q8_P27487	0.08411214167176245	0.17647055363322478	0.0	0.0	0.08653845321745642	0.3461537130178027	3	104	25	26	[274,346,347]	[40,50,51,52,54,139,140,234,235,237,239,241,242,243,244,245,246,247,248,249,250,251,253,258,260,261,283,288,291,294,331,333,334,336,338,348,350,351,369,378,379,386,388,391,395,396,399,400,436,437,438,439,440,441,442,489,490,501,502,503,505,513,518,521,533,535,536,537,538,539,615,616,617,622,684,689,690,693,696,697,713,714,717,718,720,721,722,724,725,727,729,730,731,732,733,734,736,737,746,750,753,754,757,761]	[454,455,460,461,462,463,466,499,501,502,510,511,512,513,515,536,537,538,539,540,541,542,553,555,562]	[188,265,267,269,281,284,286,288,291,292,294,295,296,297,298,317,331,333,334,336,338,341,344,346,348,392]
O41925_P13500	0.0	0.0	0.0	0.0	0.0	0.0	2	1	15	13	[159,274]	[31]	[250,261,291,292,293,294,295,296,297,298,299,300,380,381,384]	[32,33,34,36,37,38,39,58,60,61,73,74,75]
P00747_P15240	0.3999998000001	0.11111109567901449	0.2666664888890074	0.11111108024692215	0.7999984000032001	0.11111108024692215	15	5	36	36	[386,422,423,483,562,602,622,625,629,673,674,711,732,737,738]	[46,48,89,93,139]	[562,563,570,571,572,573,576,586,588,589,641,646,647,661,662,663,664,665,679,680,698,715,732,733,736,737,738,740,767,769,770,780,782,783,786,789]	[42,43,44,45,46,47,48,51,55,57,65,66,67,68,71,72,73,75,77,86,89,93,96,97,98,100,101,102,117,119,126,147,149,151,153,155]
A0A024R962_O50665	0.0	0.0	0.0	0.0	0.0	0.0	1	0	28	31	[433]	[]	[388,390,392,393,395,396,398,401,402,403,404,405,406,407,409,410,411,413,417,418,419,420,428,439,441,443,444,445]	[47,50,51,54,55,57,58,59,61,62,63,64,65,66,67,68,69,70,71,72,73,124,126,136,180,183,186,207,208,210,211]
D1MPH2_S6B2A6	0.0	0.0	0.0	0.0	0.0	0.0	4	15	16	2	[95,103,181,226]	[58,62,63,64,114,134,260,261,262,263,264,266,292,294,295]	[152,154,155,156,158,165,166,179,207,208,211,214,215,246,247,248]	[118,124]
P01903_P04591	0.10256408941486032	0.2162161577794168	0.30769207100609924	0.17391296786392701	0.061538452071007374	0.2857140816327988	13	65	23	14	[30,51,79,82,94,100,101,103,104,113,166,202,208]	[35,131,132,133,134,135,136,137,138,139,141,142,143,144,153,170,171,189,192,194,195,196,199,214,215,216,218,219,223,225,226,227,228,229,244,253,254,264,276,277,279,299,300,301,304,313,315,316,332,333,347,348,349,351,352,353,363,366,367,378,393,394,395,422,430]	[32,34,36,49,56,68,76,77,78,79,80,83,86,87,90,91,93,94,96,97,98,100,101]	[299,300,301,302,303,304,305,306,307,308,309,310,311,312]
P06492_Q00403	0.03846152366864474	0.023809518140590916	0.0	0.0	0.09090900826453795	0.043478241965981754	15	11	19	23	[54,79,108,131,148,237,240,244,247,248,264,334,338,341,345]	[52,53,54,66,67,74,80,81,83,84,193]	[465,468,469,472,473,475,476,477,479,480,481,483,484,485,486,487,488,489,490]	[178,184,185,187,188,189,190,192,193,194,196,197,200,201,205,248,290,291,293,294,312,314,315]
P04591_P62937	0.14999998125000233	0.41379296076104805	0.07692306508875921	0.45454504132268975	0.46666635555576297	0.3888886728396262	65	15	11	18	[35,131,132,133,134,135,136,137,138,139,141,142,143,144,153,170,171,189,192,194,195,196,199,214,215,216,218,219,223,225,226,227,228,229,244,253,254,264,276,277,279,299,300,301,304,313,315,316,332,333,347,348,349,351,352,353,363,366,367,378,393,394,395,422,430]	[43,58,59,69,71,73,81,89,103,105,106,120,121,148,149]	[217,218,219,220,221,222,223,224,225,227,232]	[26,27,28,30,55,60,71,72,73,87,102,103,104,105,121,126,148,149]
P04229_Q52T95	0.033333322222225924	0.04166664930556279	0.033333322222225924	0.09090900826453795	0.0	0.0	30	0	11	13	[11,12,15,16,20,36,37,38,46,47,48,61,82,85,101,107,114,117,118,120,131,149,172,177,178,179,180,181,182,185]	[]	[50,51,98,99,102,105,106,109,110,113,114]	[93,94,96,98,100,107,109,169,171,172,204,207,209]
P01892_P04591	0.0	0.0	0.0	0.0	0.0	0.0	16	65	17	8	[32,41,45,49,51,120,226,228,230,256,258,259,260,261,262,266]	[35,131,132,133,134,135,136,137,138,139,141,142,143,144,153,170,171,189,192,194,195,196,199,214,215,216,218,219,223,225,226,227,228,229,244,253,254,264,276,277,279,299,300,301,304,313,315,316,332,333,347,348,349,351,352,353,363,366,367,378,393,394,395,422,430]	[89,90,93,94,97,100,101,104,108,170,171,176,179,180,183,187,191]	[77,78,79,80,81,83,84,85]
A0A0E8IWL6_P00738	0.16666638888935187	0.11111098765445816	0.0	0.0	0.19999960000080003	0.24999937500156252	1	5	5	4	[365]	[288,289,291,346,347]	[419,638,639,640,641]	[157,166,325,346]
P0C6H2_Q5MAG5	0.0	0.0	0.0	0.0	0.0	0.0	0	17	9	18	[]	[32,34,41,51,59,146,226,228,230,256,257,258,259,260,261,262,266]	[47,48,49,50,51,52,53,54,55]	[87,90,93,94,97,100,101,104,108,170,171,174,176,179,180,183,187,191]
P03230_Q12933	0.15384609467457896	0.16666659722225116	0.0	0.0	0.15384609467457896	0.23529397923883574	0	26	7	17	[]	[52,91,286,289,293,321,333,350,351,353,355,372,377,385,386,400,405,420,421,444,448,451,452,462,465,471]	[204,205,206,207,208,209,210]	[374,393,399,400,401,447,448,450,453,454,464,465,466,467,468,470,471]
P89884_Q14457	0.06666664444445185	0.039999992000001594	0.0	0.0	0.06666664444445185	0.09523804988664292	0	30	29	21	[]	[122,123,162,165,166,191,198,229,230,231,233,247,269,270,271,272,275,287,288,312,333,334,335,352,356,357,359,360,395,419]	[44,47,48,50,51,52,54,55,56,57,58,59,62,63,65,66,69,70,73,74,77,78,80,81,84,85,86,87,134]	[105,106,108,109,110,112,113,114,115,116,117,118,119,120,121,122,123,124,126,127,128]
P01730_P20872	0.03846152366864474	0.0232558085451608	0.0	0.0	0.14285693877580175	0.04761902494332146	19	7	22	21	[102,128,129,130,131,132,137,138,140,142,144,145,147,148,167,168,170,367,377]	[213,224,292,419,426,432,433]	[45,47,48,49,50,52,65,66,67,68,69,70,71,72,73,77,78,84,85,112,113,114]	[78,83,200,279,281,282,284,369,370,372,373,374,377,421,423,424,425,426,451,465,466]
D3HJY4_P31689	0.0	0.0	0.0	0.0	0.0	0.0	3	2	4	1	[23,137,141]	[53,64]	[66,67,68,69]	[380]
P03211_Q93009	0.04615384378698237	0.4499997750001125	0.0	0.0	0.04945054673348644	0.7499993750005208	13	182	8	12	[491,518,532,538,540,541,555,561,569,570,584,594,600]	[77,91,94,104,112,124,126,128,129,131,133,135,150,151,152,153,157,160,164,165,166,167,168,169,198,199,200,205,206,218,219,220,246,248,249,250,251,253,254,277,281,284,286,287,288,289,293,294,295,297,298,301,302,305,306,309,310,312,313,314,315,317,325,335,336,337,338,339,340,342,343,344,346,351,353,355,356,357,358,359,361,362,365,366,369,370,371,372,374,375,376,377,378,382,383,384,385,386,387,390,407,409,410,411,412,413,414,415,417,418,419,423,424,426,430,432,434,435,438,439,440,442,461,462,464,483,484,491,495,501,521,546,554,558,564,573,576,586,587,588,590,592,593,595,597,611,612,613,614,617,629,653,654,655,657,667,668,693,695,696,697,700,722,723,724,725,779,793,797,807,808,810,818,820,836,852,854,870,871,872,873,875]	[441,442,443,444,445,446,447,448]	[102,104,152,153,155,162,164,165,166,167,168,169]
Q15843_Q63KH5	0.7428569306123055	0.4642856313775658	0.7199997120001153	0.7826083553876716	0.7999992000008	0.242424168962373	25	10	23	33	[6,8,9,10,11,34,35,37,39,40,42,44,46,47,48,49,54,68,70,71,72,73,74,75,76]	[108,142,151,152,153,155,172,234,236,237]	[6,8,9,10,11,31,32,33,34,35,36,37,39,40,42,44,46,47,66,68,71,72,73]	[107,108,109,110,125,126,129,133,139,141,142,143,144,146,147,148,152,153,155,157,158,177,205,210,212,233,234,236,237,241,243,298,300]
Q15223_Q69091	0.7499990625011719	0.12499997395833876	0.0	0.0	0.7499990625011719	0.26086945179589055	0	8	25	23	[]	[52,53,54,63,64,245,259,263]	[59,61,63,64,68,73,74,75,76,77,80,82,85,86,87,88,90,91,125,127,129,130,131,132,133]	[48,49,50,51,52,61,63,64,164,223,225,240,241,242,243,245,246,247,248,255,256,259,263]
P03951_P23827	0.21428563775512938	0.06896550931430927	0.37499953125058594	0.06521737712665714	0.1499999250000375	0.0731707138608015	8	20	46	41	[491,492,498,500,572,601,604,619]	[36,41,42,44,57,104,105,116,120,123,126,128,146,147,148,149,150,151,153,156]	[410,411,413,415,431,434,468,469,470,471,472,473,474,476,477,479,504,507,521,524,525,528,546,547,550,551,552,553,556,557,572,573,575,595,596,597,598,599,601,604,612,613,616,617,620,621]	[29,30,53,54,69,70,71,72,73,74,76,77,78,83,85,86,87,88,89,90,96,98,99,100,101,102,103,105,106,107,108,109,110,112,115,120,122,128,130,132,133]
Q31610_Q70A36	0.0	0.0	0.0	0.0	0.0	0.0	19	0	19	9	[32,34,41,45,49,51,56,216,226,228,230,256,257,258,259,260,261,262,266]	[]	[86,90,93,94,97,100,101,104,108,123,140,167,170,171,176,179,183,187,191]	[67,68,69,70,71,72,73,74,75]
Q76RF1_Q9Y6K9	0.10687022084960146	0.3999998857143183	0.3333322222259259	0.058823494809708936	0.1015624920654303	0.7222218209878772	3	128	17	18	[70,115,139]	[54,55,57,58,60,61,62,63,64,65,66,67,68,69,70,71,72,73,75,76,77,78,79,80,82,83,84,85,92,93,94,95,96,97,98,99,100,101,103,104,105,107,200,201,202,204,205,206,208,209,210,211,213,215,216,217,218,223,226,227,228,230,231,232,233,234,235,236,237,238,240,241,242,245,266,267,270,271,273,274,275,276,277,278,280,281,284,285,295,296,297,298,299,300,301,302,303,304,305,306,307,308,309,310,311,312,313,314,315,316,317,318,319,320,321,322,323,325,326,327,328,329,330,332,333,336,337,339]	[2,3,6,49,52,53,54,70,71,74,75,76,79,83,87,88,90]	[226,229,230,231,233,234,235,236,237,238,239,240,241,242,243,244,245,246]
P00734_Q846V4	0.2857140816327988	0.04347825614366781	0.11111098765445816	0.022727267561984642	0.5999988000024	0.06249998697916938	9	5	44	48	[71,227,336,409,413,474,511,565,581]	[67,119,138,190,194]	[364,367,368,369,384,385,386,387,423,430,431,432,433,434,436,437,440,441,443,469,470,507,508,509,510,511,512,514,515,516,517,518,519,521,522,524,526,541,560,561,562,594,595,596]	[1,2,3,4,5,6,31,35,39,42,46,48,51,52,53,56,59,63,67,70,71,74,77,78,104,105,106,109,183,184,186,187,190,191,193,194,195,197,198,201,203,213,216,217,228,277,278,279]
P19508_Q9Y4B6	0.3870966493236615	0.13793101862861853	0.6315786149586237	0.27272721074381573	0.0	0.0	19	12	44	43	[22,24,34,41,42,43,44,46,47,48,50,69,74,76,77,80,81,83,84]	[1054,1075,1079,1081,1252,1258,1283,1284,1286,1287,1288,1289]	[5,6,7,8,9,10,11,12,13,16,24,27,28,31,35,39,44,47,48,51,55,66,69,70,73,74,76,77,78,79,80,81,83,84,85,86,87,88,100,101,103,104,106,109]	[1091,1092,1093,1097,1102,1103,1104,1106,1107,1113,1114,1116,1128,1129,1130,1131,1132,1135,1137,1139,1155,1156,1166,1167,1168,1169,1170,1172,1224,1225,1298,1313,1314,1328,1329,1330,1355,1356,1375,1376,1378,1379,1380]
A0A0D6HCK9_P11215	0.019999996000000797	0.055555524691375174	0.0	0.0	0.04761902494332146	0.0999999000001	29	21	8	10	[75,76,78,136,137,138,142,143,144,145,146,148,149,150,151,152,165,171,172,173,174,175,176,177,178,179,250,254,322]	[222,262,330,334,335,336,337,339,341,428,451,453,579,595,623,726,769,773,775,868,870]	[59,60,62,95,97,98,99,100]	[194,195,196,219,220,221,222,224,229,265]
P05534_Q9YXL6	0.057692296597635265	0.10714281887756469	0.0	0.0	0.09677416233091538	0.37499953125058594	21	31	20	8	[32,41,45,51,56,59,120,146,226,228,230,255,256,257,258,259,260,261,262,266,298]	[27,29,30,187,195,199,200,202,356,362,364,365,380,498,499,501,546,567,628,631,644,646,667,688,689,690,691,692,693,705,711]	[86,90,93,94,97,100,101,104,108,123,170,171,176,179,180,183,187,190,191,194]	[498,499,500,501,502,503,504,505]
P36649_Q00987	0.09259257544581935	0.2272726239669891	0.0	0.0	0.11363633780992322	0.31249980468762206	10	44	6	16	[22,24,189,212,299,308,311,440,441,476]	[54,55,58,59,62,65,72,76,105,296,297,301,311,315,321,322,323,325,326,327,329,330,435,436,439,440,441,442,453,454,455,456,457,458,462,466,473,477,478,479,480,483,484,486]	[361,365,384,397,398,400]	[26,54,55,58,62,67,69,70,72,73,93,94,96,97,100,104]
P11207_Q16531	0.4999996875001953	0.07843136485967012	0.6666661111115741	0.17021272974197238	0.0	0.0	12	4	47	55	[15,16,17,21,22,24,25,27,38,140,170,209]	[399,430,561,589]	[15,16,18,19,21,22,23,24,25,26,27,28,30,31,32,33,34,35,36,38,39,40,41,45,46,118,119,120,121,122,123,124,125,126,127,128,130,131,134,146,148,149,150,216,217,219,220]	[114,117,162,163,183,184,185,327,328,358,360,381,382,722,723,773,774,775,776,777,787,812,814,836,837,838,839,840,841,842,843,844,845,867,871,886,906,907,909,910,913,926,927,928,949,950,951,953,970,972,1003,1005,1033,1080,1081]
O43521_Q08FX8	0.620689441141572	0.5294116089965856	0.882352422145634	0.9999993333337778	0.24999979166684028	0.15789465373965592	17	12	15	19	[146,147,148,149,150,151,152,153,154,155,156,157,158,159,160,162,163]	[10,14,15,17,18,19,34,48,53,60,66,119]	[146,147,148,149,151,152,153,155,156,157,158,159,160,162,163]	[41,45,48,53,56,59,60,63,77,80,84,85,87,88,89,90,93,135,138]
B2YGA4_P13987	0.27499993125001715	0.15277775655864492	0.058823494809708936	0.022222217283951712	0.43478241965981757	0.37037023319620993	17	23	45	27	[203,219,417,435,448,452,464,475,476,477,478,479,480,482,483,505,506]	[32,33,36,37,43,45,46,47,48,49,58,59,66,67,72,78,80,85,86,87,88,90,92]	[97,98,99,100,101,193,194,195,196,197,209,302,303,305,306,309,313,315,316,317,318,319,321,322,323,421,423,425,427,430,431,432,434,435,436,437,438,439,440,441,446,465,467,469,489]	[27,29,37,39,41,43,67,70,71,72,73,82,83,85,86,87,88,90,91,92,93,96,97,98,99,101,102]
P16757_Q29980	0.21739120982990878	0.09259257544581935	0.6666655555574075	0.15384609467457896	0.058823494809708936	0.03571427295918823	6	17	26	28	[54,57,109,117,133,155]	[43,58,72,106,107,110,124,150,192,201,208,226,233,244,257,258,261]	[54,55,56,57,59,61,63,65,96,97,108,109,110,112,113,114,116,117,118,119,123,125,160,161,162,163]	[24,26,87,88,90,91,94,95,98,121,122,123,125,127,174,175,178,179,181,182,185,186,188,189,192,193,195,196]
Q6P0Q8_Q8JJY9	0.5263155124655198	0.3124999023437805	0.5263155124655198	0.5263155124655198	0.0	0.0	19	0	19	13	[1106,1122,1123,1124,1125,1126,1127,1128,1129,1130,1136,1138,1163,1169,1170,1171,1174,1175,1178]	[]	[1113,1116,1117,1119,1120,1121,1122,1123,1124,1133,1136,1138,1139,1141,1169,1170,1171,1174,1178]	[512,513,514,515,516,517,518,519,520,521,522,523,524]
O95639_P03495	0.4489795002082652	0.5499998625000343	0.484848337924746	0.7999996000002	0.3749997656251465	0.299999850000075	33	16	20	20	[19,40,58,60,69,70,71,72,73,74,75,78,83,87,88,90,91,95,97,98,99,100,101,102,105,108,109,111,112,113,115,116,126]	[15,63,85,89,91,95,99,103,105,106,107,138,167,186,187,200]	[69,70,72,73,74,75,77,88,95,97,98,101,102,104,105,106,107,109,111,112]	[103,105,106,107,108,109,110,121,123,124,125,126,153,155,180,183,184,186,187,189]
P35962_Q8WUM4	0.15384603550304962	0.08333329861112558	0.0	0.0	0.15384603550304962	0.12499992187504883	0	13	8	16	[]	[314,316,317,318,319,320,321,337,585,675,676,696,697]	[483,484,485,486,488,489,490,492]	[379,491,494,498,501,505,506,508,669,672,673,675,676,679,683,686]
P04229_Q03909	0.15555552098766198	0.24137922711061136	0.16666661111112963	0.29411747404854466	0.1333332444445037	0.16666652777789354	30	15	17	12	[11,12,15,16,20,36,37,38,46,47,48,61,82,85,101,107,114,117,118,120,131,149,172,177,178,179,180,181,182,185]	[100,121,146,235,243,299,329,330,413,427,430,433,434,441,444]	[38,40,42,85,86,89,90,96,99,100,106,107,110,111,114,118,119]	[327,328,329,330,331,332,333,334,335,336,337,338]
P10147_Q2F862	0.4615382840237369	0.3243242366691252	0.4399998240000704	0.7857137244901968	0.9999900000999989	0.043478241965981754	25	1	14	23	[25,28,30,31,32,33,35,36,37,38,39,40,50,51,52,54,55,56,58,67,68,69,70,71,82]	[224]	[31,32,33,35,36,37,38,39,40,43,70,71,72,73]	[78,83,100,102,155,156,157,159,161,163,218,220,221,222,223,224,225,226,227,228,231,232,258]
P40189_Q98823	0.0	0.0	0.0	0.0	0.0	0.0	5	13	15	12	[292,309,320,336,357]	[64,67,69,70,71,72,73,82,84,85,86,87,189]	[164,166,167,186,187,188,189,190,191,192,193,248,250,251,252]	[34,37,38,41,44,120,121,123,124,127,131,134]
P30460_X2G898	0.0	0.0	0.0	0.0	0.0	0.0	22	1	20	9	[32,34,41,45,47,51,59,120,143,144,146,228,230,253,256,257,258,259,260,261,262,266]	[481]	[86,87,90,93,94,97,100,101,104,108,123,140,170,171,174,176,179,180,183,187]	[369,370,371,372,373,374,375,376,377]
G9EPL4_P62820	0.5263155124655198	0.18867920968316798	0.49999750001249993	0.03571427295918823	0.5294114532873805	0.3599998560000576	2	17	28	25	[358,418]	[40,42,43,44,48,56,65,71,72,73,75,76,79,82,127,160,163]	[418,442,443,444,445,446,447,452,456,460,471,475,478,479,482,483,485,486,489,491,492,493,504,593,594,596,597,599]	[11,13,20,21,25,38,39,40,41,42,43,44,46,47,48,50,61,63,70,71,72,76,79,80,125]
P01892_Q6SW59	0.0	0.0	0.0	0.0	0.0	0.0	16	1	20	9	[32,41,45,49,51,120,226,228,230,256,258,259,260,261,262,266]	[270]	[87,89,90,93,94,97,100,101,104,108,123,170,171,174,176,179,180,183,187,191]	[495,496,497,498,499,500,501,502,503]
A0A1U9IRU2_Q9H6X2	0.0	0.0	0.0	0.0	0.0	0.0	50	0	36	22	[101,102,103,104,105,106,108,177,180,275,276,347,351,356,360,447,448,449,450,452,453,460,470,475,477,478,480,484,487,546,559,560,584,585,588,590,592,594,595,596,602,606,608,712,856,860,921,922,923,924]	[]	[295,312,314,315,316,321,322,325,327,328,329,330,331,332,333,334,335,336,337,338,498,499,500,672,733,735,736,761,764,765,766,767,769,771,772,773]	[56,87,88,89,113,114,115,116,117,119,121,122,125,126,129,154,155,156,157,159,160,163]
P01889_Q70A36	0.0	0.0	0.0	0.0	0.0	0.0	21	0	21	9	[32,34,41,45,51,56,59,120,216,226,228,230,255,256,257,258,259,260,261,262,266]	[]	[86,87,90,93,94,97,100,101,104,108,123,140,170,171,174,176,179,180,183,187,191]	[67,68,69,70,71,72,73,74,75]
P08631_Q5QGG3	0.05797100609115854	0.11428568163266238	0.023809518140590916	0.07692301775152481	0.11111106995886298	0.13636357438019348	42	27	13	22	[110,112,131,165,175,176,177,187,189,190,191,199,201,212,213,215,231,374,376,419,420,477,478,480,481,483,484,485,487,488,491,492,495,497,500,505,506,509,510,517,518,519]	[113,121,122,140,141,144,145,165,167,169,170,171,182,193,194,195,196,197,203,204,206,207,217,218,221,226,227]	[87,88,96,109,111,113,114,116,125,127,130,131,132]	[103,104,105,106,107,108,109,110,113,114,115,117,118,122,147,150,153,154,155,223,226,233]
P05534_Q9YYU8	0.0	0.0	0.0	0.0	0.0	0.0	21	2	22	10	[32,41,45,51,56,59,120,146,226,228,230,255,256,257,258,259,260,261,262,266,298]	[76,77]	[31,86,90,93,94,97,100,101,104,108,123,170,171,174,176,179,180,183,187,190,191,194]	[134,135,136,137,138,139,140,141,142,143]
P08362_P15529	0.19999986666675557	0.053571419005103746	0.23076905325457442	0.09374997070313415	0.0	0.0	13	2	32	24	[188,191,275,327,330,534,541,547,548,552,554,555,594]	[161,209]	[448,449,451,460,461,464,469,471,474,477,479,480,481,482,483,485,486,488,495,498,500,501,503,509,521,526,528,541,543,545,547,548]	[68,69,70,71,72,73,74,75,90,92,95,96,97,98,100,101,103,104,113,114,115,117,146,147]
P01730_P35961	0.0	0.0	0.0	0.0	0.0	0.0	0	18	27	33	[]	[37,38,39,41,43,67,71,74,75,124,127,128,196,209,242,311,483,484]	[46,47,48,50,52,54,56,57,58,59,60,65,66,67,68,69,70,71,73,77,83,84,85,86,88,89,110]	[101,123,125,126,192,275,276,277,278,279,360,361,362,363,366,412,414,415,416,417,418,419,442,444,445,446,447,448,456,459,460,461,463]
P17150_Q13651	0.3124999023437805	0.19230765532545088	0.3225805411030513	0.33333322222225925	0.0	0.0	31	1	30	22	[46,47,50,51,53,54,69,70,78,79,81,82,83,84,86,89,90,91,94,95,97,98,128,129,130,156,157,159,160,161,162]	[82]	[39,40,43,44,46,47,50,51,53,54,57,58,61,62,63,64,65,66,67,68,70,71,72,155,158,159,161,162,165,166]	[64,65,67,69,93,94,97,113,115,116,117,120,121,122,163,164,208,210,211,212,213,215]
P69732_Q8WUM4	0.026315782548478276	0.0499999750000125	0.0	0.0	0.07692301775152481	0.08333326388894677	25	13	8	12	[29,32,163,167,170,188,189,208,209,210,211,212,242,248,267,269,278,281,282,290,291,308,336,339,340]	[314,316,317,318,319,320,321,337,585,675,676,696,697]	[456,457,458,459,460,461,462,463]	[386,498,501,505,506,508,669,672,673,676,679,683]
M4NKV9_Q14332	0.13157891274239136	0.15151510560148312	0.0	0.0	0.8333319444467593	0.3333331111112593	32	6	18	15	[326,520,552,838,911,915,938,958,995,1057,1100,1101,1104,1106,1107,1108,1109,1110,1177,1189,1190,1192,1193,1241,1242,1244,1268,1270,1271,1300,1303,1358]	[71,75,82,127,128,130]	[1435,1438,1439,1442,1469,1489,1491,1492,1494,1502,1505,1506,1507,1510,1512,1598,1599,1600]	[74,75,77,78,81,82,83,84,120,123,124,127,128,129,130]
B0B999_P0CG47	0.07142854591837645	0.029850741813322115	0.49999875000312505	0.05263156509695655	0.0	0.0	4	24	38	29	[123,267,280,295]	[8,9,10,11,12,14,33,34,40,68,70,71,72,74,80,84,85,86,87,124,125,147,149,150]	[93,94,95,96,116,117,118,119,123,153,154,156,175,179,180,181,182,184,185,187,188,189,190,191,192,193,194,195,197,198,199,202,204,280,331,332,333,334]	[154,156,158,159,160,161,162,163,164,166,186,187,188,192,194,196,198,199,200,201,216,218,220,222,223,224,225,226,227]
D9J353_P30505	0.0	0.0	0.0	0.0	0.0	0.0	0	15	9	17	[]	[30,32,34,41,45,51,146,228,256,258,259,260,261,262,266]	[2,3,4,5,6,7,8,9,10]	[86,90,93,94,97,100,101,104,108,121,170,171,176,179,180,183,191]
P26554_Q12959	0.1296296056241471	0.24137922711061136	0.0	0.0	0.1590908729338925	0.36842085872586383	10	44	10	19	[32,43,54,69,72,73,76,79,81,84]	[231,243,245,246,254,260,323,326,327,337,338,339,340,341,342,343,367,385,397,475,493,495,496,497,502,526,552,555,556,557,625,655,729,736,741,753,758,759,776,783,784,817,894,895]	[142,143,144,145,146,147,148,149,150,151]	[324,327,328,332,334,337,338,339,340,341,351,352,354,383,384,385,388,389,392]
P0C6H2_Q861F6	0.0	0.0	0.0	0.0	0.0	0.0	0	19	9	17	[]	[8,10,17,21,27,32,35,48,122,202,204,206,231,232,235,236,237,238,242]	[47,48,49,50,51,52,53,54,55]	[63,66,69,70,73,76,77,80,84,146,147,150,152,155,159,163,167]
P0CG47_Q6TQR6	0.0499999750000125	0.024390237953600496	0.0	0.0	0.9999900000999989	0.04545452479339782	19	1	19	22	[8,9,10,11,12,14,33,34,40,68,70,71,72,74,84,85,124,125,150]	[99]	[158,160,161,162,191,192,194,196,199,200,201,203,220,222,223,224,225,226,227]	[10,12,13,14,18,20,77,78,80,81,82,98,99,101,102,120,128,129,131,146,149,150]
O00629_P31345	0.4799998080000768	0.1463414455681164	0.8461531952667729	0.2244897501041326	0.08333326388894677	0.030303021120296626	13	12	49	33	[133,137,144,145,146,179,264,306,313,316,390,397,478]	[285,421,425,457,458,562,575,628,630,631,632,753]	[96,100,102,103,105,133,137,141,144,145,147,175,179,183,186,187,218,222,229,231,261,264,268,271,273,274,299,302,306,313,314,316,341,344,345,348,352,355,386,390,394,397,398,426,429,433,471,472,476]	[691,692,693,695,696,697,698,699,718,721,735,736,737,738,739,740,741,742,744,745,746,747,748,749,750,751,752,753,754,755,756,757,758]
P60953_Q9R8E4	0.7826083553876716	0.28571424036281895	0.7777769135812072	0.22580637877213589	0.7857137244901968	0.3437498925781585	9	14	31	32	[39,41,43,45,62,63,66,67,70]	[75,77,89,101,123,124,125,127,128,130,133,156,159,176]	[2,3,5,31,32,34,35,36,38,39,40,41,42,43,52,56,57,59,60,61,63,64,65,66,67,69,70,71,73,74,104]	[61,65,66,70,73,77,80,81,89,92,95,96,100,107,123,124,125,127,128,130,133,134,136,137,139,142,155,156,159,160,163,167]
O91464_Q9H3P7	0.0	0.0	0.0	0.0	0.0	0.0	0	0	27	36	[]	[]	[1654,1655,1656,1657,1658,1659,1660,1661,1662,1663,1664,1665,1666,1669,1672,1673,1675,1676,1679,1680,1681,1682,1683,1684,1685,1686,1687]	[372,374,375,376,377,378,379,382,386,389,390,395,396,400,401,402,403,404,406,408,410,417,419,481,483,484,485,490,492,507,523,524,525,526,527,528]
P04439_Q9YYU8	0.11764698961941787	0.06666664444445185	0.0	0.0	0.9999950000249999	0.1999998000002	15	2	20	10	[32,41,45,51,226,228,230,256,257,258,259,260,261,262,266]	[76,77]	[86,87,90,93,94,96,97,100,101,104,108,123,170,171,174,176,179,183,187,191]	[73,74,75,76,77,78,79,80,81,82]
P06463_Q9HD26	0.39999920000160005	0.06666664444445185	0.0	0.0	0.39999920000160005	0.08333329861112558	0	5	6	24	[]	[308,309,311,312,332]	[153,154,155,156,157,158]	[284,285,286,288,298,301,302,303,304,307,308,309,316,317,319,322,343,345,346,349,350,353,357,366]
O36972_P63098	0.4736839612189678	0.3599998560000576	0.0	0.0	0.4736839612189678	0.6428566836737974	0	19	11	14	[]	[29,48,51,53,108,109,110,114,119,120,122,123,127,128,131,132,135,138,139]	[219,220,221,222,223,224,225,227,228,229,231]	[51,53,116,118,119,120,121,122,123,124,125,127,128,132]
P62837_Q5X159	0.16279065981612562	0.24137922711061136	0.21874993164064635	0.49999964285739795	0.0	0.0	32	11	14	15	[14,15,17,19,20,22,27,28,34,51,59,62,72,92,94,95,96,101,104,105,108,111,112,114,115,116,117,118,119,121,122,125]	[17,21,91,95,109,123,158,159,161,185,193]	[1,4,5,8,15,59,62,88,91,92,94,95,96,97]	[30,36,38,39,40,41,42,63,64,67,68,70,72,73,75]
K9N7C7_P0CG47	0.0	0.0	0.0	0.0	0.0	0.0	59	19	26	15	[1153,1154,1155,1159,1177,1237,1238,1494,1674,1675,1677,3253,3270,3271,3306,3350,3387,3391,3392,3439,3468,3485,3503,3504,3527,4253,4255,4256,4257,4258,4259,4277,4279,4280,4282,4284,4288,4317,4321,4323,4326,4356,6442,6455,6536,6720,6742,6743,6761,6789,6792,6805,6811,6812,6815,6879,7005,7020,7045]	[8,9,10,11,12,14,33,34,40,68,70,71,72,74,84,85,124,125,150]	[1587,1590,1638,1644,1645,1646,1648,1649,1652,1653,1656,1682,1686,1689,1690,1691,1708,1729,1730,1731,1754,1755,1756,1757,1758,1759]	[194,196,198,199,200,201,203,214,215,222,224,225,226,227,228]
P01730_Q8Q7Z9	0.0	0.0	0.0	0.0	0.0	0.0	19	14	24	6	[102,128,129,130,131,132,137,138,140,142,144,145,147,148,167,168,170,367,377]	[76,78,82,86,89,90,92,94,96,97,98,99,117,122]	[49,50,52,54,56,57,58,59,60,65,66,67,68,69,70,71,73,77,84,85,86,88,89,91]	[72,155,156,157,158,159]
P03989_P13285	0.0	0.0	0.0	0.0	0.0	0.0	18	0	23	9	[32,41,45,51,72,226,228,230,253,255,256,257,258,259,260,261,262,266]	[]	[49,86,87,89,90,93,94,96,97,100,101,104,108,123,140,170,171,174,176,179,183,187,191]	[236,237,238,239,240,241,242,243,244]
P12493_Q16630	0.03124999511718826	0.08695648393196351	0.04878047590720099	0.1999998000002	0.0	0.0	41	23	10	13	[139,141,142,143,145,150,153,170,171,189,195,199,214,215,217,218,219,225,228,244,253,254,264,275,276,277,283,315,316,332,333,347,348,349,351,352,353,363,366,489,493]	[87,90,91,93,94,110,111,113,115,116,118,119,120,121,122,124,126,150,155,159,160,162,164]	[185,189,199,202,206,213,234,238,239,240]	[276,277,278,279,280,281,282,283,284,285,286,287,288]
P61586_Q9AJW7	0.8571422448983965	0.16216214024835943	0.8571422448983965	0.34285704489798713	0.0	0.0	14	0	35	39	[34,36,37,40,41,58,65,66,68,69,72,75,101,105]	[]	[5,27,28,33,34,35,36,37,38,40,41,42,43,45,54,58,59,61,62,63,64,65,66,68,69,71,72,73,75,106,119,120,123,124,163]	[22,50,54,55,57,58,59,60,61,64,65,68,69,77,80,83,87,88,89,95,111,112,113,115,116,118,121,122,124,125,130,134,142,143,145,146,149,150,154]
Q2UW42_S6B291	0.0	0.0	0.0	0.0	0.0	0.0	2	22	15	13	[82,85]	[62,63,252,253,254,255,256,258,284,286,287,288,289,315,316,317,345,346,347,348,349,351]	[93,94,97,98,100,101,104,105,107,108,111,115,118,119,123]	[34,35,36,38,79,84,85,88,90,101,103,104,106]
Q2UW42_Q6GMX6	0.0	0.0	0.0	0.0	0.0	0.0	2	26	15	7	[82,85]	[58,62,63,64,119,251,252,253,254,255,257,283,285,286,287,288,314,315,316,344,345,346,347,348,350,425]	[93,94,97,98,100,101,104,105,107,108,111,115,118,119,123]	[74,76,78,83,87,89,103]
P03255_P06400	0.11904759070295459	0.11627904272580401	0.0	0.0	0.2272726239669891	0.15151510560148312	20	22	10	33	[58,59,60,61,62,63,64,65,66,67,68,69,70,71,72,73,74,75,77,78]	[378,379,382,383,387,467,537,544,605,606,607,649,660,735,753,757,781,835,838,839,849,852]	[40,41,42,43,44,45,46,47,48,49]	[460,463,464,467,468,472,475,476,479,481,530,533,534,537,572,575,643,644,645,646,649,713,714,716,720,722,751,753,757,761,765,769,772]
A0A509GV61_F5H747	0.7777773456792524	0.14893615436849422	0.0	0.0	0.7777773456792524	0.2916666059027904	0	18	46	48	[]	[8,9,47,48,49,71,72,73,74,80,84,85,110,122,123,124,149,150]	[13,15,16,18,46,47,49,51,52,56,59,62,64,91,92,93,94,95,96,97,98,99,109,117,118,119,120,121,122,137,139,140,141,142,143,147,148,149,152,155,179,180,183,184,187,188]	[6,7,8,9,10,11,34,35,36,42,44,46,47,48,49,68,70,71,72,73,74,78,80,82,83,84,85,86,87,88,90,92,94,105,107,108,109,110,111,118,120,123,125,138,139,140,144,146]
P61088_Q8VSD5	0.46666635555576297	0.16279065981612562	0.46666635555576297	0.3499998250000875	0.0	0.0	15	0	20	23	[18,44,82,89,94,96,99,103,106,107,110,113,114,116,118]	[]	[3,4,5,6,7,10,14,64,89,93,94,96,97,98,99,100,102,103,106,107]	[58,59,60,63,84,85,87,88,92,95,96,99,103,105,141,142,143,144,170,172,182,183,184]
Q1HVJ0_Q9UER7	0.07368420277008392	0.25925916323734693	0.0	0.0	0.07446807718424711	0.49999964285739795	1	94	13	14	[1263]	[72,83,87,97,107,124,125,128,129,132,190,193,194,196,197,199,200,204,210,211,212,215,219,222,223,227,230,233,234,236,238,242,245,247,248,249,250,251,256,263,265,269,273,283,286,287,288,291,299,311,314,315,317,318,319,322,325,326,328,329,330,332,333,334,335,336,337,338,340,344,348,349,352,353,354,355,356,357,360,361,362,363,364,365,371,372,373,375,376,377,378,379,381,382]	[389,390,460,461,462,546,547,548,568,569,570,571,572]	[250,251,252,255,330,333,334,335,339,342,343,344,345,346]
B9V0E2_P0DOX5	0.03448274673008733	0.0499999750000125	0.09090900826453795	0.06249996093752441	0.0	0.0	11	18	16	4	[427,433,517,529,562,621,625,626,629,636,638]	[42,43,44,45,95,239,267,269,271,298,299,300,328,329,331,332,334,370]	[422,427,429,430,431,434,435,436,438,439,442,502,530,531,533,619]	[55,58,100,104]
P07948_P22575	0.0	0.0	0.0	0.0	0.0	0.0	11	0	17	16	[160,184,186,198,362,463,491,492,499,503,505]	[]	[72,73,75,77,78,79,80,81,86,96,97,98,99,112,115,116,117]	[174,175,176,177,178,179,180,181,182,183,184,186,187,188,189,190]
P08174_Q6W9E5	0.2299999770000023	0.37704911851653794	0.32857138163265975	0.7187497753906951	0.0	0.0	70	30	32	29	[43,44,66,137,159,160,165,167,168,170,171,173,174,175,176,177,178,179,180,181,189,191,192,194,195,197,198,199,205,207,208,209,210,212,213,214,215,216,217,219,221,222,224,226,227,237,238,240,241,242,245,246,247,248,250,252,255,258,259,260,261,262,263,264,266,270,271,273,275,277]	[32,53,91,95,104,107,163,185,186,262,332,342,343,344,370,454,455,479,480,485,490,491,501,555,599,603,717,733,752,765]	[136,138,139,156,159,165,167,168,170,171,172,173,174,175,176,177,179,180,181,187,189,190,191,192,194,196,245,246,248,266,268,277]	[141,143,144,211,212,213,214,217,220,223,225,226,227,228,229,230,231,232,233,234,240,329,330,388,389,390,392,393,394]
P63104_Q93SQ3	0.0	0.0	0.0	0.0	0.0	0.0	24	0	23	11	[8,9,12,15,16,17,18,20,21,55,57,58,61,65,78,81,82,85,89,99,102,103,136,227]	[]	[14,19,39,42,45,46,49,50,56,117,120,164,165,166,172,173,176,180,213,216,217,220,224]	[420,421,422,423,424,425,426,427,428,429,430]
P03437_P04229	0.10526313942751939	0.19999993333335556	0.03703702331962099	0.08333326388894677	0.16666661111112963	0.27777762345687584	27	30	12	18	[28,29,30,33,94,110,230,237,238,316,324,401,407,408,409,410,411,412,422,425,428,429,435,436,437,439,518]	[11,12,15,16,20,36,37,38,46,47,48,61,82,85,101,107,114,117,118,120,131,149,172,177,178,179,180,181,182,185]	[322,323,324,325,326,327,328,329,330,331,332,333]	[38,40,42,85,86,89,90,96,99,100,106,107,110,111,113,114,118,119]
P06437_Q9UKJ1	0.019230765532545088	0.05263155124655198	0.0	0.0	0.9999900000999989	0.08333326388894677	51	1	7	12	[124,125,126,154,174,178,183,265,290,294,296,503,505,506,507,509,510,513,516,517,518,521,524,527,528,531,538,545,553,564,566,640,672,673,674,678,685,686,687,688,689,700,701,702,707,708,710,712,715,716,719]	[77]	[50,51,52,53,54,55,56]	[33,73,74,76,77,117,118,120,121,122,142,148]
Q00534_Q01043	0.24999979166684028	0.03225806104752032	0.16666638888935187	0.021276591217746547	0.33333277777870374	0.04347825141777143	6	6	47	46	[16,18,19,102,140,155]	[54,61,111,121,124,145]	[49,50,51,52,53,54,56,59,60,62,63,66,67,69,70,71,82,84,86,92,134,137,138,139,140,168,169,170,171,172,173,174,175,176,177,178,193,194,195,197,198,199,246,247,286,290,292]	[8,9,10,11,12,13,14,15,16,17,18,19,20,21,22,23,26,29,30,33,69,70,107,108,109,110,111,113,115,116,117,129,133,136,137,141,144,145,146,148,149,150,154,171,174,175]
Q07812_Q9DHU6	0.20588229238756103	0.1842104778393479	0.1818180991735913	0.2222220987655007	0.24999979166684028	0.1499999250000375	22	12	18	20	[37,65,66,69,74,78,93,94,98,101,104,105,106,107,139,147,150,151,154,155,158,159]	[11,14,17,34,53,59,60,62,115,119,122,126]	[55,56,58,59,60,62,63,64,65,66,67,68,69,70,71,73,74,75]	[48,52,53,56,59,60,63,80,83,84,87,88,90,92,93,96,138,141,142,144]
P0CG48_Q5ZSK8	0.0	0.0	0.0	0.0	0.0	0.0	42	0	38	60	[160,237,388,389,391,422,429,440,442,448,450,453,454,456,460,464,465,466,467,468,489,498,502,503,518,526,527,529,530,532,536,540,541,543,566,578,580,581,602,603,605,606]	[]	[614,616,617,618,619,639,640,641,642,643,644,645,647,648,650,652,653,654,655,656,657,659,660,661,662,663,666,672,673,674,676,678,679,680,681,682,683,684]	[17,19,21,22,25,26,29,32,33,49,50,51,52,62,63,65,66,67,68,69,70,71,80,81,143,210,211,212,213,214,216,221,222,257,258,260,261,266,269,270,271,272,276,291,292,293,294,296,299,305,307,310,311,314,315,316,317,318,324,326]
P61964_Q9YP60	0.020408159100375693	0.0714285204081997	0.020408159100375693	0.11111098765445816	0.0	0.0	49	0	9	5	[37,38,39,40,42,43,45,75,76,82,84,85,88,98,129,130,131,140,149,165,166,171,172,181,196,205,206,207,208,210,211,224,225,227,228,244,245,246,247,248,249,250,253,254,256,258,268,291,293]	[]	[49,65,89,91,107,131,133,260,322]	[223,224,225,226,227]
P03167_Q16531	0.2857140816327988	0.09999997500000624	0.9999900000999989	0.07692301775152481	0.23076905325457442	0.11111106995886298	1	13	13	27	[94]	[117,185,360,400,430,561,562,635,723,812,926,949,951]	[86,87,88,89,90,91,92,94,95,96,97,98,99]	[276,327,328,360,381,382,722,723,787,812,814,836,837,838,840,841,842,871,910,912,913,928,953,970,1003,1005,1033]
P62820_Q7DB50	0.9999900000999989	0.011235953793713057	0.9999900000999989	0.022727267561984642	0.0	0.0	1	0	44	45	[65]	[]	[6,7,8,9,20,21,33,38,39,40,41,42,43,44,45,46,47,48,49,50,51,52,54,59,61,63,65,70,71,72,73,75,76,79,80,82,94,95,97,111,112,125,128,131]	[60,65,66,68,135,136,166,170,188,189,191,194,195,196,197,198,200,201,204,208,212,231,238,239,240,293,294,296,297,300,301,304,305,308,311,312,315,316,320,322,323,324,326,346,352]
H6A3H4_P13688	0.3333322222259259	0.018867920968316798	0.0	0.0	0.9999900000999989	0.03846152366864474	2	1	27	26	[332,333]	[63]	[122,126,129,130,131,155,156,157,158,165,166,167,169,170,171,173,174,175,176,260,262,263,264,285,286,390,391]	[61,62,63,73,75,76,78,81,83,84,85,86,88,90,91,92,93,123,125,127,128,129,130,131,132,133]
P01903_Q52T95	0.0	0.0	0.0	0.0	0.0	0.0	5	0	1	2	[30,100,103,113,166]	[]	[80]	[100,103]
G4XFJ5_P01730	0.06666662222225185	0.020408159100375693	0.12499984375019532	0.03703702331962099	0.0	0.0	8	7	27	22	[67,71,74,75,78,210,225,426]	[132,134,200,202,204,367,377]	[283,284,285,286,287,367,368,369,370,372,373,421,423,425,426,427,451,453,454,455,456,457,465,468,469,470,472]	[48,50,52,54,56,57,58,59,60,65,66,67,68,69,70,71,73,77,84,85,88,110]
P04003_P50468	0.03571427295918823	0.029411756055365862	0.03571427295918823	0.055555524691375174	0.0	0.0	28	0	18	16	[82,110,120,121,141,142,143,144,145,146,147,148,172,173,558,567,568,569,570,571,572,573,574,575,576,578,579,581]	[]	[78,86,87,88,89,90,92,109,110,111,112,114,115,126,128,129,130,161]	[58,59,61,62,64,65,66,68,69,71,72,75,76,78,79,83]
P55957_Q85365	0.49999875000312505	0.042553182435493095	0.9999950000249999	0.08333329861112558	0.0	0.0	2	2	24	23	[90,93]	[77,81]	[81,82,83,84,85,86,87,88,89,90,91,93,94,95,96,97,98,100,101,105,106,107,108,109]	[111,114,118,119,122,125,126,129,130,132,133,135,139,143,151,153,154,155,156,159,196,199,200]
C5MK56_Q3KSS8	0.0	0.0	0.0	0.0	0.0	0.0	19	0	19	11	[32,34,41,45,47,51,56,59,228,230,253,256,257,258,259,260,261,262,266]	[]	[86,89,90,93,94,97,100,101,104,108,170,171,174,176,179,180,183,187,191]	[52,53,54,55,56,57,60,61,62,63,64]
C5ILC1_O60462	0.1428570408163994	0.07142854591837645	0.0	0.0	0.1428570408163994	0.16666652777789354	0	14	16	12	[]	[107,108,128,166,210,253,275,276,348,377,395,444,459,553]	[105,108,109,110,112,113,114,137,138,139,140,142,143,157,159,161]	[77,80,81,82,84,85,107,127,128,129,130,131]
K0BRG7_P27487	0.12499994791668836	0.0599999880000024	0.0	0.0	0.13636357438019348	0.11111106995886298	2	22	23	27	[906,1259]	[234,235,237,241,243,244,247,248,250,253,291,294,348,350,378,521,533,713,724,734,736,750]	[454,455,461,462,463,499,501,502,505,506,510,511,513,515,536,537,538,539,540,542,553,555,562]	[188,227,265,267,269,281,284,286,288,291,292,294,295,296,297,298,317,322,333,334,336,338,341,344,346,348,392]
P30460_Q9YRL3	0.0	0.0	0.0	0.0	0.0	0.0	22	0	22	9	[32,34,41,45,47,51,59,120,143,144,146,228,230,253,256,257,258,259,260,261,262,266]	[]	[86,87,90,93,94,96,97,100,101,104,108,123,140,170,171,174,176,179,180,183,187,191]	[51,52,53,54,55,56,57,58,59]
P04601_P05534	0.0	0.0	0.0	0.0	0.0	0.0	0	21	9	21	[]	[32,41,45,51,56,59,120,146,226,228,230,255,256,257,258,259,260,261,262,266,298]	[134,135,136,137,138,139,140,141,142]	[31,86,90,93,94,97,100,101,104,108,170,171,174,176,179,180,183,187,190,191,194]
P01891_Q70626	0.0	0.0	0.0	0.0	0.0	0.0	19	64	18	9	[32,34,41,45,49,51,59,120,226,228,230,255,256,258,259,260,261,262,266]	[537,538,539,540,541,544,545,547,548,549,550,551,552,553,554,555,556,557,558,559,560,561,562,563,564,565,566,567,568,569,570,571,572,573,574,575,576,635,637,638,639,642,645,646,652,653,654,656,660,661,663,666,667,668,669,670,671,672,673,674,675,676,678,709]	[86,87,90,93,94,97,100,101,104,108,170,171,174,179,180,183,187,191]	[192,193,194,195,196,197,198,199,200]
A0A0H3B1Q8_Q15843	0.7812497558594512	0.41666659722223376	0.6666655555574075	0.1290322164412205	0.8076919970415396	0.724137681331834	6	26	31	29	[66,104,105,133,196,198]	[6,8,9,10,11,34,35,36,37,39,40,42,44,46,47,48,49,54,68,70,71,72,73,74,75,76]	[64,66,67,68,83,84,87,90,94,95,105,106,113,114,116,118,119,122,138,139,167,172,196,198,199,203,205,257,259,261,262]	[6,7,8,9,10,11,24,25,28,31,32,33,34,35,36,37,39,40,42,44,46,47,66,68,70,71,72,73,74]
Q07812_Q08FX8	0.1470587802768293	0.16666661111112963	0.13636357438019348	0.18749988281257324	0.16666652777789354	0.1428570408163994	22	12	16	14	[37,65,66,69,74,78,93,94,98,101,104,105,106,107,139,147,150,151,154,155,158,159]	[10,14,15,17,18,19,34,48,53,60,66,119]	[56,57,58,59,60,62,63,64,65,66,67,68,69,70,71,73]	[53,56,59,60,63,77,78,80,84,85,87,89,93,135]
P0DJM0_P12830	0.0	0.0	0.0	0.0	0.0	0.0	13	1	47	29	[403,418,421,445,446,449,450,452,461,463,464,465,467]	[763]	[84,85,104,107,126,128,129,150,151,168,170,172,173,190,210,211,213,215,216,232,235,237,238,255,259,282,301,321,323,326,342,343,347,348,364,365,367,369,370,387,389,392,409,411,413,483,485]	[157,158,159,160,168,169,170,171,172,173,174,177,179,181,183,184,201,202,203,206,208,211,213,215,217,218,219,246,247]
Q14116_Q85319	0.2222220987655007	0.10256407626562146	0.0	0.0	0.7999984000032001	0.19047609977328583	13	5	18	21	[115,116,121,122,126,144,145,157,158,176,178,179,180]	[49,51,67,70,105]	[37,41,44,87,89,91,93,94,95,96,127,140,141,146,147,149,189,191]	[45,46,48,49,51,53,55,64,65,66,67,69,70,77,113,114,115,116,117,118,120]
P02671_Q14U76	0.0	0.0	0.0	0.0	0.0	0.0	58	1	10	23	[60,70,73,74,77,78,81,84,85,88,89,92,93,95,105,106,108,109,110,112,113,114,116,137,141,142,145,146,148,149,151,152,154,155,157,158,160,164,165,166,168,169,175,178,188,190,204,208,226,694,712,713,716,717,720,777,788,823]	[517]	[580,581,582,583,584,585,586,587,588,589]	[299,300,301,333,334,335,336,338,339,340,419,438,470,475,554,555,579,580,582,584,585,586,587]
A0A0C5HAL9_P50750	0.11111104938275035	0.1428570408163994	0.1428570408163994	0.39999920000160005	0.0	0.0	14	4	5	9	[10,11,13,14,17,22,25,26,27,28,32,33,35,36]	[27,188,316,339]	[8,9,10,11,12]	[68,144,172,173,175,177,178,181,183]
P31946_Q93SQ1	0.07407404663924198	0.022471907587426114	0.0	0.0	0.33333277777870374	0.041666657986112916	21	6	41	48	[10,11,14,17,18,19,20,23,34,36,57,59,60,63,67,80,83,84,87,91,229]	[275,353,354,393,394,400]	[16,40,41,44,47,48,51,52,58,62,119,122,166,167,171,174,175,178,182,195,198,199,202,203,205,206,207,208,210,211,212,213,214,215,217,218,219,221,222,224,226]	[314,315,316,332,333,348,352,361,363,391,393,394,395,396,397,398,399,404,406,413,414,416,417,418,419,420,421,422,423,424,425,426,427,428,429,430,431,443,444,445,446,447,448,449,450,451,452,453]
P61088_Q5ZTL4	0.8124994921878174	0.1444444283950635	0.9090900826453795	0.21739125708885715	0.5999988000024	0.06818180268595393	11	5	46	44	[82,89,94,96,99,103,106,107,110,113,118]	[164,188,198,211,255]	[2,3,4,5,6,7,10,14,33,60,61,63,64,66,88,89,90,91,92,93,94,95,96,97,98,99,100,102,103,104,106,107,110,113,114,116,117,118,119,120,121,122,123,124,127,130]	[40,47,63,64,65,66,69,70,72,126,131,132,186,188,189,191,192,193,195,196,197,198,200,203,204,207,230,254,255,256,257,262,308,309,312,313,315,316,317,318,319,320,321,322]
O95486_P03522	0.11111104938275035	0.10526310249310396	0.11111104938275035	0.15384603550304962	0.0	0.0	18	0	13	6	[466,491,494,497,498,499,500,541,564,569,575,577,578,581,582,608,625,813]	[]	[432,433,434,435,495,496,497,498,748,750,752,773,808]	[503,504,505,506,507,508]
P31946_Q9I788	0.0	0.0	0.0	0.0	0.0	0.0	21	19	33	37	[10,11,14,17,18,19,20,23,34,36,57,59,60,63,67,80,83,84,87,91,229]	[37,41,53,56,68,69,70,71,72,107,108,115,153,181,186,189,190,191,250]	[44,47,48,51,52,115,122,167,171,174,175,178,195,198,199,202,203,204,205,206,208,210,211,213,214,215,217,218,221,222,224,225,226]	[317,318,319,321,335,336,351,355,365,367,395,397,398,399,400,401,402,403,408,410,416,418,420,421,422,423,424,425,426,427,428,429,430,431,432,433,434]
P15144_Q1HVK2	0.0	0.0	0.0	0.0	0.0	0.0	2	3	17	14	[838,839]	[339,346,367]	[241,242,243,244,286,288,289,290,291,292,306,310,311,312,315,318,319]	[310,312,313,314,315,316,317,318,319,355,356,403,404,405]
P06788_Q15678	0.31578930747931183	0.1874999414062683	0.4166663194447338	0.3333331111112593	0.14285693877580175	0.058823494809708936	12	7	15	17	[62,66,67,88,89,90,91,92,93,94,96,97]	[439,440,441,445,908,1044,1049]	[59,60,62,63,64,69,71,84,85,87,88,90,91,92,95]	[1026,1027,1029,1030,1041,1043,1044,1045,1046,1047,1057,1068,1070,1095,1098,1102,1106]
P04591_P20039	0.0952380839002281	0.2499999218750244	0.061538452071007374	0.2857140816327988	0.21052620498620792	0.2222220987655007	65	19	14	18	[35,131,132,133,134,135,136,137,138,139,141,142,143,144,153,170,171,189,192,194,195,196,199,214,215,216,218,219,223,225,226,227,228,229,244,253,254,264,276,277,279,299,300,301,304,313,315,316,332,333,347,348,349,351,352,353,363,366,367,378,393,394,395,422,430]	[38,47,48,82,85,107,114,117,118,131,149,177,178,179,180,181,182,185,187]	[298,299,300,301,302,303,304,305,306,307,308,309,310,312]	[42,85,86,89,90,93,95,96,99,100,106,107,110,111,113,114,118,119]
P01730_P19551	0.0	0.0	0.0	0.0	0.0	0.0	19	13	26	30	[102,128,129,130,131,132,137,138,140,142,144,145,147,148,167,168,170,367,377]	[198,199,202,211,212,214,216,218,219,220,244,435,437]	[46,48,50,52,54,56,57,58,59,60,65,66,67,68,69,70,71,73,77,83,84,85,86,88,89,110]	[124,125,126,127,194,277,278,279,280,281,363,364,365,366,369,423,424,425,428,429,430,453,455,456,457,467,470,471,472,474]
P08411_Q13283	0.2272726239669891	0.1470587802768293	0.0	0.0	0.29411747404854466	0.24999987500006252	5	17	14	20	[255,256,257,258,259]	[10,13,17,18,21,32,56,63,83,86,91,95,105,107,109,113,130]	[1785,1786,1787,1788,1789,1790,1792,1794,1795,1796,1798,1799,1800,1801]	[6,10,11,14,17,18,21,22,25,26,29,32,33,58,117,121,122,123,124,125]
P21579_Q9LBR1	0.0	0.0	0.0	0.0	0.0	0.0	27	5	13	19	[151,153,155,156,164,165,174,197,200,201,204,206,208,210,255,256,258,286,305,308,339,350,392,395,396,398,399]	[884,885,931,1013,1024]	[36,37,39,40,42,43,44,45,46,47,48,49,50]	[1179,1181,1182,1183,1184,1185,1187,1189,1190,1191,1202,1205,1206,1228,1233,1234,1235,1264,1265]
C5MK56_Q3KSS4	0.0	0.0	0.0	0.0	0.0	0.0	19	9	19	11	[32,34,41,45,47,51,56,59,228,230,253,256,257,258,259,260,261,262,266]	[487,491,518,532,538,540,541,570,584]	[86,90,93,94,97,100,101,104,108,123,170,171,174,176,179,180,183,187,191]	[407,408,409,410,411,412,413,414,415,416,417]
Q08FX8_Q16611	0.25714278367349036	0.2647058044982928	0.24999979166684028	0.1764704844291268	0.26086945179589055	0.3529409688582536	12	23	17	17	[10,14,15,17,18,19,34,48,53,60,66,119]	[80,81,83,84,85,88,108,109,117,120,121,122,123,124,125,126,145,164,169,173,174,178,182]	[41,48,52,53,56,59,60,63,77,80,84,85,87,89,90,93,135]	[71,72,73,74,75,77,78,79,80,81,82,83,84,85,86,88,89]
A0A140GKJ0_Q03519	0.14285712715855745	0.14942527018100343	0.8999991000009	0.23684204293630448	0.04938270995275185	0.08163263640150277	10	81	38	49	[9,12,18,22,26,29,30,34,41,44]	[157,164,171,172,189,193,197,201,204,205,208,209,211,212,223,230,234,242,250,271,272,275,279,286,288,290,291,294,298,302,309,334,336,337,339,340,341,343,344,345,346,367,378,385,389,392,393,396,410,413,414,428,430,478,480,504,505,506,539,540,543,551,552,554,556,557,566,602,603,606,608,635,636,638,639,661,663,664,667,670,672]	[2,4,5,8,9,12,13,15,16,17,18,19,20,21,22,23,24,26,27,29,30,33,36,37,40,41,44,45,46,47,48,49,50,51,52,53,54,55]	[166,207,211,215,218,238,241,242,244,245,246,247,248,249,250,251,252,254,255,258,259,262,266,269,270,273,310,314,318,373,377,380,381,384,417,418,421,422,424,425,428,432,433,435,436,442,477,479,520]
Q5ZSQ3_Q9H0U4	0.7499993750005208	0.11999998400000213	0.0	0.0	0.8181810743808415	0.2432431775018439	1	11	38	37	[614]	[41,45,62,69,70,72,73,74,76,79,160]	[373,376,377,380,407,410,411,414,415,418,421,422,423,426,427,428,431,432,434,435,437,438,441,444,445,449,450,451,452,453,454,456,464,478,480,483,512,516]	[4,5,6,7,8,10,16,17,31,32,33,34,35,36,37,38,40,41,42,43,44,45,62,64,65,66,68,69,70,71,72,74,75,76,79,80,98]
P03126_Q9HD26	0.21428556122459913	0.09677416233091538	0.0	0.0	0.5999988000024	0.12499994791668836	9	5	7	24	[39,54,76,83,86,87,91,144,148]	[308,309,311,312,332]	[152,153,154,155,156,157,158]	[284,285,286,288,298,301,302,303,304,308,309,311,314,316,317,319,343,345,349,350,353,357,366,368]
P03305_P05161	0.49999875000312505	0.05714284081633119	0.0	0.0	0.49999875000312505	0.1333332444445037	0	4	20	15	[]	[10,114,123,149]	[49,92,93,96,97,98,99,101,102,105,106,128,129,131,143,147,148,175,176,178]	[87,89,90,91,121,123,125,127,128,130,149,151,152,153,154]
A4GWL5_P12830	0.0	0.0	0.0	0.0	0.0	0.0	13	1	38	30	[136,308,331,403,406,445,446,449,450,463,464,465,467]	[763]	[85,107,129,150,151,168,170,173,190,210,211,213,216,235,237,238,254,255,259,301,321,323,326,342,343,347,348,364,365,367,369,387,389,408,409,411,413,483]	[157,158,159,160,168,169,170,171,172,174,177,179,181,182,183,184,201,202,203,206,208,211,213,215,217,218,246,247,257,258]
B5Z8H1_P13688	0.3333322222259259	0.018181814876033656	0.0	0.0	0.9999900000999989	0.03703702331962099	2	1	28	27	[54,332]	[63]	[122,126,129,130,131,155,156,157,158,159,163,165,166,167,169,170,171,173,174,175,176,260,262,263,264,285,286,287]	[35,61,63,73,74,75,76,78,81,83,84,85,86,88,90,91,92,93,125,126,127,128,129,130,131,132,133]
P01903_P0A0L5	0.0	0.0	0.0	0.0	0.0	0.0	3	0	19	20	[100,113,166]	[]	[38,42,43,44,45,61,62,63,64,65,80,82,83,85,86,89,92,93,96]	[69,70,71,72,73,74,94,96,105,119,121,123,124,125,135,234,236,238,239,242]
P68036_Q6RCR4	0.4999991666680556	0.04615383905325553	0.7499981250046875	0.08823526816609759	0.0	0.0	4	2	34	31	[60,63,64,86]	[199,704]	[2,5,6,9,13,31,33,34,36,52,54,56,58,59,60,63,64,67,69,71,73,81,82,84,94,96,97,98,100,119,120,121,123,124]	[45,62,136,137,139,168,170,186,187,190,191,192,193,284,296,297,298,299,301,308,315,316,339,340,342,343,346,440,441,443,444]
P12497_P49792	0.0	0.0	0.0	0.0	0.0	0.0	114	77	23	20	[494,495,496,532,533,534,536,537,538,539,540,541,543,569,579,580,584,585,586,587,588,589,590,591,592,601,602,603,604,609,639,640,675,676,677,678,679,680,681,682,723,725,799,813,815,828,849,856,888,902,905,933,994,1005,1007,1008,1009,1011,1087,1126,1127,1129,1130,1134,1137,1138,1162,1182,1188,1193,1195,1196,1197,1198,1200,1201,1202,1203,1204,1242,1246,1249,1275,1278,1279,1286,1287,1288,1289,1290,1291,1293,1295,1297,1324,1325,1328,1332,1333,1335,1337,1338,1341,1348,1355,1356,1371,1378,1380,1381,1382,1390,1393,1406]	[126,132,1177,1186,1198,1206,1207,1213,1237,1238,1239,1240,1241,1242,1247,1256,1257,1258,1259,1261,1267,1269,1271,1274,1275,1286,1293,1300,2034,2035,2036,2039,2050,2051,2054,2078,2079,2081,2082,2091,2096,2108,2112,2119,2144,2145,2147,2148,2149,2150,2636,2637,2638,2651,2654,2656,2657,2660,2677,2681,2684,2685,2688,2689,2932,2949,2976,2977,2978,2979,2980,2981,2986,2998,3010,3017,3184]	[166,167,170,173,174,177,217,218,219,220,221,222,223,224,225,227,232,252,253,254,267,271,275]	[3075,3115,3117,3118,3120,3131,3132,3133,3162,3163,3181,3186,3204,3205,3206,3207,3208,3209,3213,3214]
O43521_P0C736	0.8333328703706276	0.3749999062500234	0.882352422145634	0.7894732686982796	0.0	0.0	17	1	19	21	[146,147,148,149,150,151,152,153,154,155,156,157,158,159,160,162,163]	[124]	[141,142,144,145,146,147,148,149,151,152,153,155,156,157,158,159,160,162,163]	[53,60,61,64,67,68,71,75,76,78,82,85,86,89,90,93,97,98,99,100,103]
P03366_P18465	0.0	0.0	0.0	0.0	0.0	0.0	82	19	10	21	[502,503,505,506,507,508,545,546,548,549,550,551,552,553,554,581,591,592,595,596,597,598,599,600,601,602,603,604,613,614,615,621,651,652,685,687,688,689,690,691,692,693,694,735,737,739,825,827,868,900,914,917,945,980,1003,1006,1017,1019,1020,1021,1099,1138,1139,1140,1141,1142,1149,1155,1238,1254,1258,1261,1287,1290,1291,1305,1306,1309,1336,1337,1357,1360]	[32,34,36,41,45,51,56,226,228,230,253,256,257,258,259,260,261,262,266]	[240,241,242,243,244,245,246,247,248,249]	[86,87,90,93,97,98,101,104,108,123,140,141,170,171,174,176,179,180,183,187,191]
P30685_Q3KSS4	0.0	0.0	0.0	0.0	0.0	0.0	20	9	19	11	[32,34,41,47,51,56,59,120,226,228,230,253,256,257,258,259,260,261,262,266]	[487,491,518,532,538,540,541,570,584]	[86,90,93,94,97,100,101,104,108,121,170,171,174,176,179,180,183,187,191]	[407,408,409,410,411,412,413,414,415,416,417]
P11233_P15879	0.16666652777789354	0.0465116170903216	0.1818180165290759	0.09090904958679565	0.0	0.0	11	1	22	21	[36,56,75,78,113,159,160,161,162,163,165]	[209]	[22,23,24,45,46,70,71,72,73,74,75,76,79,97,99,102,103,106,107,109,110,113]	[89,91,92,93,94,96,97,98,99,101,102,105,106,109,113,168,220,247,248,249,250]
B7SCI5_Q9Y5X3	0.3999998666667111	0.27906970254192964	0.8571416326548106	0.33333314814825105	0.26086945179589055	0.2399999040000384	7	23	18	25	[116,117,118,124,125,126,127]	[37,39,70,73,74,77,88,89,106,120,124,125,133,134,137,141,145,149,164,168,174,186,187]	[111,112,113,114,115,116,117,118,120,121,125,126,127,128,129,130,131,132]	[34,36,37,38,39,40,41,42,46,48,66,103,106,107,125,126,129,132,133,136,137,140,144,169,170]
Q5ZU83_Q9H8S9	0.7619043990931433	0.20779218080621029	0.0	0.0	0.7999996000002	0.41025630506248584	1	20	38	39	[371]	[36,37,38,39,40,49,59,66,67,69,70,73,74,77,78,91,92,94,96,178]	[102,104,107,144,145,148,149,152,203,204,229,258,276,278,279,282,283,286,289,293,297,316,317,318,319,420,421,444,447,448,451,452,453,454,455,456,459,463]	[36,37,38,39,40,43,44,46,48,49,51,55,56,59,62,63,66,67,69,70,73,74,76,77,78,123,127,129,134,168,171,172,173,174,175,176,177,178,185]
A0A0C5HAL9_O60563	0.399999920000016	0.27397256520923763	0.9285707653065962	0.38235282871975623	0.19444439043211376	0.17948713346483755	14	36	34	39	[10,11,13,14,17,22,25,26,27,28,32,33,35,36]	[57,122,124,127,128,131,134,135,138,139,142,145,146,149,158,159,162,163,172,207,209,210,211,213,214,215,216,217,224,231,232,239,253,254,256,258]	[1,2,3,4,5,6,7,10,11,13,14,15,16,17,18,22,25,26,27,28,29,30,32,35,36,38,39,40,42,43,44,45,46,47]	[39,40,43,46,47,50,51,53,55,56,57,81,95,96,97,111,112,155,158,159,162,168,171,172,175,176,180,184,207,248,249,250,251,252,255,256,259,260,261]
P0DJ89_Q9UHR4	0.16279065981612562	0.1521738799622	0.0	0.0	0.16279065981612562	0.30434769376187226	0	43	23	23	[]	[22,28,29,30,33,37,39,40,43,46,47,51,57,58,67,109,110,112,113,114,120,121,183,186,187,190,191,193,194,197,198,200,201,211,227,347,348,363,370,376,377,378,395]	[280,282,283,284,285,289,290,291,292,293,294,295,296,297,298,300,301,302,303,304,305,306,309]	[347,348,350,355,356,357,358,370,371,375,376,377,378,380,385,386,387,388,389,391,393,395,396]
P30480_Q70A36	0.0	0.0	0.0	0.0	0.0	0.0	20	0	21	9	[32,34,41,45,51,56,146,226,228,230,253,255,256,257,258,259,260,261,262,266]	[]	[86,87,90,93,94,97,100,101,104,108,123,140,170,171,174,176,179,180,183,187,191]	[67,68,69,70,71,72,73,74,75]
Q6P5S8_Q993A8	0.0	0.0	0.0	0.0	0.0	0.0	5	9	1	7	[50,62,64,120,140]	[57,144,156,157,159,161,163,189,382]	[116]	[62,63,145,146,147,148,377]
I3XMW8_Q07817	0.3461537130178027	0.24999993055557482	0.9999900000999989	0.0714285204081997	0.3199998720000512	0.3636361983471826	1	25	14	22	[123]	[15,91,96,97,98,99,100,102,103,108,116,117,120,121,125,128,129,130,132,133,161,164,165,168,177]	[118,119,120,121,123,124,125,126,127,128,129,130,131,132]	[96,97,100,101,104,105,108,109,111,112,126,129,130,132,133,136,138,139,193,194,195,196]
I0AXC3_Q6N089	0.0	0.0	0.0	0.0	0.0	0.0	32	23	19	5	[33,37,45,110,117,153,175,230,237,238,289,324,339,358,363,366,370,372,407,408,411,428,436,437,438,439,449,451,453,478,482,506]	[62,63,132,258,259,260,261,262,264,290,292,293,294,295,321,322,323,351,352,353,354,355,357]	[73,75,78,93,94,96,97,98,99,138,149,151,157,158,160,161,162,165,271]	[75,76,79,121,125]
O75475_P12497	0.026666664888889007	0.2857140816327988	0.0833333101851916	0.4285708163274053	0.008771929055093943	0.14285693877580175	36	114	7	7	[16,18,28,29,30,33,35,36,48,49,50,52,56,78,79,82,353,354,364,365,366,368,371,384,387,401,407,408,410,411,418,425,426,427,428,429]	[494,495,496,532,533,534,536,537,538,539,540,541,543,569,579,580,584,585,586,587,588,589,590,591,592,601,602,603,604,609,639,640,675,676,677,678,679,680,681,682,723,725,799,813,815,828,849,856,888,902,905,933,994,1005,1007,1008,1009,1011,1087,1126,1127,1129,1130,1134,1137,1138,1162,1182,1188,1193,1195,1196,1197,1198,1200,1201,1202,1203,1204,1242,1246,1249,1275,1278,1279,1286,1287,1288,1289,1290,1291,1293,1295,1297,1324,1325,1328,1332,1333,1335,1337,1338,1341,1348,1355,1356,1371,1378,1380,1381,1382,1390,1393,1406]	[360,361,364,365,366,367,402]	[1314,1315,1316,1317,1318,1321,1325]
P0C6X9_P0CG47	0.0	0.0	0.0	0.0	0.0	0.0	38	19	30	21	[1621,1796,3255,3258,3275,3281,3284,3285,3286,3287,3291,3292,3296,3319,3321,3324,3325,3326,3327,3339,3356,3357,3358,3392,3411,3472,3474,3475,3502,3522,3523,3524,3526,3548,3565,3568,3587,3607]	[8,9,10,11,12,14,33,34,40,68,70,71,72,74,84,85,124,125,150]	[1711,1714,1766,1767,1768,1769,1771,1772,1775,1779,1792,1799,1801,1803,1807,1812,1824,1826,1827,1828,1829,1833,1850,1851,1866,1869,1870,1871,1872,1873]	[156,158,160,194,196,197,198,199,200,201,203,214,216,218,220,222,224,225,226,227,228]
P04439_Q9YV12	0.0	0.0	0.0	0.0	0.0	0.0	15	0	17	9	[32,41,45,51,226,228,230,256,257,258,259,260,261,262,266]	[]	[86,90,93,94,97,100,101,104,108,170,171,174,176,179,183,187,191]	[313,314,315,316,317,318,319,320,321]
B9V0E2_S6B2A6	0.03846152366864474	0.043478241965981754	0.09090900826453795	0.055555524691375174	0.0	0.0	11	15	18	5	[427,433,517,529,562,621,625,626,629,636,638]	[58,62,63,64,114,134,260,261,262,263,264,266,292,294,295]	[422,425,427,428,429,430,431,432,434,436,438,439,441,442,443,530,531,533]	[47,76,124,127,130]
C9JGG1_P06437	0.0	0.0	0.0	0.0	0.0	0.0	2	12	4	7	[56,98]	[178,528,534,553,667,669,670,671,672,673,674,675]	[33,76,77,142]	[50,51,52,53,54,55,56]
Q8IZA0_Q9WBP8	0.0540540394448542	0.055555540123461075	0.2857138775516035	0.1333332444445037	0.0	0.0	7	30	15	21	[411,416,427,440,451,462,660]	[228,231,333,334,335,337,338,370,372,393,394,395,398,400,403,405,438,439,441,442,443,478,602,603,624,626,629,672,695,699]	[413,414,418,427,429,431,432,434,435,436,437,438,439,442,462]	[263,266,267,268,269,270,271,272,383,384,385,386,498,499,500,503,504,508,512,513,514]
B7SCI5_Q86XE0	0.3846152366864474	0.3124999023437805	0.7142846938790088	0.35714260204099857	0.2631577562327599	0.27777762345687584	7	19	14	18	[116,117,118,124,125,126,127]	[32,34,65,69,83,84,87,124,125,128,129,132,133,136,137,140,144,159,163]	[111,112,113,114,115,116,117,118,120,125,127,128,129,130]	[29,31,32,33,34,35,36,37,101,102,104,120,124,128,131,132,135,139]
Q8ZNR3_Q9BRZ2	0.39999920000160005	0.06666664444445185	0.49999750001249993	0.06666662222225185	0.3333322222259259	0.06666662222225185	2	3	15	15	[250,277]	[25,37,70]	[235,255,274,276,277,296,318,319,320,334,335,336,338,339,340]	[18,19,20,22,23,24,25,26,27,29,43,47,48,57,58]
P0A2N1_Q13164	0.19999960000080003	0.05263155124655198	0.3333322222259259	0.08333326388894677	0.0	0.0	3	2	12	7	[149,216,220]	[221,276]	[83,84,85,86,134,142,143,147,148,158,215,220]	[215,216,217,218,220,222,223]
A2NUT2_P05877	0.19999990000005	0.571427755103207	0.16666652777789354	0.6666644444518518	0.24999968750039064	0.49999875000312505	12	8	3	4	[52,56,69,111,120,141,144,146,152,156,158,200]	[312,314,316,318,319,677,678,679]	[52,111,117]	[314,315,316,317]
P10415_Q99HR6	0.41379296076104805	0.27272721074381573	0.3333331944445023	0.3636361983471826	0.7999984000032001	0.1818180991735913	24	5	22	22	[26,106,107,108,109,110,115,123,124,127,128,129,131,132,135,136,139,140,163,165,168,172,175,191]	[115,116,117,120,123]	[104,107,108,111,112,118,120,124,125,128,132,133,136,137,139,140,143,144,145,146,201,202]	[110,111,112,116,117,119,120,121,122,123,124,125,126,127,128,129,130,131,132,133,134,135]
P01730_P04578	0.012658226245794145	0.01694914966963565	0.0	0.0	0.012658226245794145	0.029411756055365862	0	79	25	34	[]	[53,72,122,124,435,542,544,545,548,549,550,551,552,553,554,555,557,558,559,561,562,563,564,565,566,567,568,569,571,572,573,574,576,577,579,580,581,582,583,584,586,587,590,591,592,593,594,595,596,597,598,599,600,601,631,638,645,653,660,661,663,666,668,669,670,671,672,673,675,676,677,678,679,680,681,682,683,684,709]	[48,50,52,54,56,57,58,59,60,65,66,67,68,69,70,71,73,77,83,84,85,86,88,89,110]	[123,124,125,126,127,196,278,279,280,281,282,283,365,366,367,368,370,371,425,426,427,429,430,432,455,457,458,459,460,469,472,473,474,476]
P78310_Q80S15	0.08333326388894677	0.0232558085451608	0.0	0.0	0.16666638888935187	0.04761902494332146	6	6	22	21	[138,139,142,144,145,169]	[58,60,61,63,111,136]	[48,50,51,52,54,56,66,67,69,70,73,75,78,80,82,83,85,121,123,125,126,128]	[36,38,39,45,46,47,50,69,71,72,76,77,110,111,116,118,119,121,122,196,198]
P03255_Q92793	0.13966479666677115	0.4629628772290968	0.699999650000175	0.5185183264746939	0.06918238558601349	0.40740725651583093	20	159	27	27	[58,59,60,61,62,63,64,65,66,67,68,69,70,71,72,73,74,75,77,78]	[353,354,356,359,365,369,372,377,383,384,386,393,394,397,399,405,406,407,408,414,418,424,426,428,431,432,606,610,615,616,617,618,625,631,632,642,651,652,656,659,660,1092,1096,1103,1105,1109,1113,1118,1119,1120,1121,1122,1123,1124,1126,1128,1144,1148,1151,1155,1158,1162,1166,1169,1170,1173,1176,1180,1191,1194,1197,1206,1209,1210,1211,1212,1213,1214,1215,1216,1217,1218,1219,1220,1223,1230,1245,1259,1293,1296,1297,1298,1299,1300,1301,1304,1312,1330,1333,1370,1403,1404,1443,1444,1474,1477,1478,1492,1508,1511,1514,1528,1530,1613,1615,1617,1622,1655,1665,1673,1769,1770,1771,1774,1777,1786,1787,1788,1789,1791,1792,1793,1800,1803,1813,1814,1815,1817,1824,1827,1836,1844,1849,1850,1852,1853,1854,1856,1857,1858,1859,1860,1861,1864,1865,1866,2077,2089,2104]	[53,54,55,56,57,58,59,61,62,64,65,66,67,68,71,73,74,76,77,78,79,80,81,82,83,84,85]	[1765,1767,1768,1769,1771,1772,1773,1774,1775,1777,1791,1792,1793,1794,1797,1800,1801,1804,1817,1818,1820,1821,1824,1827,1828,1831,1832]
D1CDN2_Q15750	0.11111098765445816	0.0714285204081997	0.24999937500156252	0.11111098765445816	0.0	0.0	4	5	9	5	[16,21,46,232]	[115,216,481,482,484]	[14,44,197,198,228,229,230,231,232]	[392,393,394,395,396]
P20963_Q5QGG3	0.09259257544581935	0.2380951247166073	0.03703702331962099	0.12499984375019532	0.14814809327848397	0.30769207100609924	27	27	8	13	[27,28,29,30,31,32,33,34,35,36,37,38,39,40,41,42,43,44,45,46,47,48,49,50,51,52,75]	[113,121,122,140,141,144,145,165,167,169,170,171,182,193,194,195,196,197,203,204,206,207,217,218,221,226,227]	[64,68,71,72,74,75,76,77]	[122,126,127,128,130,132,137,138,141,144,145,148,149]
P05534_Q9WPU2	0.0	0.0	0.0	0.0	0.0	0.0	21	0	18	10	[32,41,45,51,56,59,120,146,226,228,230,255,256,257,258,259,260,261,262,266,298]	[]	[90,93,94,97,100,101,104,108,123,170,171,176,180,183,187,190,191,194]	[133,134,135,136,137,138,139,140,141,142]
Q6I9S9_Q80KM9	0.03448274673008733	0.01694914966963565	0.19999960000080003	0.043478241965981754	0.0	0.0	5	24	23	36	[45,51,61,70,91]	[38,42,45,46,49,81,84,88,97,131,153,157,198,199,206,228,231,235,238,239,242,246,249,289]	[34,35,36,37,38,39,40,41,47,54,55,56,57,58,59,60,61,64,69,71,72,73,74]	[17,18,19,20,21,22,23,24,25,26,29,33,89,93,96,111,112,170,172,173,174,175,177,178,180,182,185,188,244,255,261,266,270,273,274,277]
P03536_Q04637	0.048780481856038796	0.09090907024793857	0.0677965986785426	0.15384609467457896	0.0	0.0	59	23	26	18	[33,34,35,39,52,53,55,56,57,59,70,72,73,74,75,78,86,87,88,100,101,102,104,108,113,117,118,119,120,121,124,126,132,134,137,138,139,142,152,154,212,213,216,217,220,223,224,226,244,247,248,251,252,264,267,291,292,298,299]	[616,617,618,619,620,621,622,624,626,627,631,633,636,1256,1288,1328,1331,1332,1334,1335,1526,1530,1550]	[257,258,261,265,287,291,292,294,295,296,297,298,299,301,302,303,304,305,307,308,309,310,311,312,313,315]	[175,176,177,178,179,180,181,182,183,184,185,186,189,192,195,196,197,199]
P02671_Q6GDH2	0.0	0.0	0.0	0.0	0.0	0.0	58	0	12	22	[60,70,73,74,77,78,81,84,85,88,89,92,93,95,105,106,108,109,110,112,113,114,116,137,141,142,145,146,148,149,151,152,154,155,157,158,160,164,165,166,168,169,175,178,188,190,204,208,226,694,712,713,716,717,720,777,788,823]	[]	[336,337,338,339,340,341,342,343,344,345,346,347]	[235,236,237,268,270,271,273,281,282,283,328,360,383,522,523,525,526,527,528,529,530,531]
J7H333_P52799	0.7272720661163036	0.11764704152249389	0.3333322222259259	0.028571420408165595	0.8749989062513672	0.2121211478420764	3	8	35	33	[228,404,552]	[117,118,119,120,121,122,123,124]	[261,262,263,264,325,405,406,407,408,409,423,424,426,479,511,512,513,518,520,522,523,525,526,527,551,552,553,554,576,578,580,602,605,606,621]	[54,55,57,75,77,93,94,96,98,100,102,103,104,105,106,108,109,110,111,113,115,116,117,118,119,120,121,122,123,125,127,130,142]
Q99816_Q9YP46	0.07499998125000468	0.14285707482996438	0.07499998125000468	0.23076905325457442	0.0	0.0	40	0	13	8	[43,64,66,68,69,91,92,93,110,112,129,130,133,234,236,238,252,253,256,263,291,317,318,319,325,326,329,340,341,343,344,353,356,357,360,364,368,371,374,376]	[]	[34,58,63,64,67,68,69,95,96,98,142,143,145]	[453,454,456,457,458,459,460,461]
Q2HR73_Q93009	0.07103824748424876	0.41935470343396664	0.9999900000999989	0.07692301775152481	0.06593406231131525	0.6666662962965021	1	182	13	18	[207]	[77,91,94,104,112,124,126,128,129,131,133,135,150,151,152,153,157,160,164,165,166,167,168,169,198,199,200,205,206,218,219,220,246,248,249,250,251,253,254,277,281,284,286,287,288,289,293,294,295,297,298,301,302,305,306,309,310,312,313,314,315,317,325,335,336,337,338,339,340,342,343,344,346,351,353,355,356,357,358,359,361,362,365,366,369,370,371,372,374,375,376,377,378,382,383,384,385,386,387,390,407,409,410,411,412,413,414,415,417,418,419,423,424,426,430,432,434,435,438,439,440,442,461,462,464,483,484,491,495,501,521,546,554,558,564,573,576,586,587,588,590,592,593,595,597,611,612,613,614,617,629,653,654,655,657,667,668,693,695,696,697,700,722,723,724,725,779,793,797,807,808,810,818,820,836,852,854,870,871,872,873,875]	[203,204,205,206,207,208,209,210,211,212,213,214,216]	[83,84,104,135,150,151,152,153,155,161,162,163,164,165,166,167,168,169]
P03206_P30460	0.1320754467782176	0.2333332555555815	0.22580637877213589	0.8749989062513672	0.0	0.0	31	22	8	22	[180,181,187,188,189,190,192,193,194,195,196,197,199,200,201,202,203,206,212,213,214,216,217,218,220,221,222,224,225,230,231]	[32,34,41,45,47,51,59,120,143,144,146,228,230,253,256,257,258,259,260,261,262,266]	[190,191,192,193,194,195,196,197]	[86,87,89,90,93,94,97,98,100,101,104,108,123,140,170,171,176,179,180,183,187,191]
P01552_P01903	0.1428570408163994	0.04878047590720099	0.3333322222259259	0.04545452479339782	0.09090900826453795	0.05263155124655198	3	11	22	19	[108,118,204]	[30,51,79,82,94,100,101,103,104,113,166]	[69,70,71,72,73,74,96,105,118,119,121,122,123,124,125,138,234,236,238,239,242,245]	[38,42,43,44,45,61,62,63,64,65,80,82,83,85,86,89,92,93,96]
P03211_P30685	0.0	0.0	0.0	0.0	0.0	0.0	13	20	11	20	[491,518,532,538,540,541,555,561,569,570,584,594,600]	[32,34,41,47,51,56,59,120,226,228,230,253,256,257,258,259,260,261,262,266]	[407,408,409,410,411,412,413,414,415,416,417]	[86,90,93,94,97,100,101,104,108,121,123,170,171,174,176,179,180,183,187,191]
P19893_P63165	0.26086945179589055	0.2399999040000384	0.0	0.0	0.26086945179589055	0.39999973333351113	0	23	10	15	[]	[23,29,30,31,33,35,37,39,54,55,56,57,63,67,69,70,87,91,92,93,94,96,97]	[195,196,197,198,199,200,201,202,204,206]	[21,31,32,33,34,35,36,37,39,41,42,43,46,50,54]
A7UPX0_Q6PIL8	0.0	0.0	0.0	0.0	0.0	0.0	34	5	6	2	[21,22,23,24,25,26,28,47,111,173,221,308,314,330,337,338,340,341,356,357,361,364,395,399,405,420,431,432,434,435,437,438,482,516]	[62,64,120,140,191]	[144,170,171,172,205,209]	[50,53]
P03126_P04637	0.19565215264650515	0.2727272314049649	0.44444395061783265	0.1249999609375122	0.1686746784729303	0.41176458477512207	9	83	32	34	[27,54,76,83,86,87,107,144,148]	[19,23,93,97,101,102,103,114,115,116,117,119,120,121,123,130,136,137,139,140,146,147,148,165,167,170,171,174,177,178,180,181,183,188,201,202,205,207,209,210,211,212,221,222,223,224,225,227,228,231,233,239,241,243,244,247,248,264,276,280,283,326,327,328,330,331,333,334,335,337,338,340,341,342,343,344,345,346,348,349,350,384,385]	[12,13,14,15,17,18,20,21,24,25,30,31,46,47,50,51,53,54,56,76,79,80,83,84,99,101,105,107,116,119,120,152]	[100,101,102,103,104,105,106,110,114,115,116,117,118,119,122,128,129,130,131,144,146,186,187,188,201,202,226,227,267,268,286,289,290,292]
P0CG48_Q5ZTL4	0.042553182435493095	0.024390240928019398	0.0	0.0	0.39999920000160005	0.0465116170903216	42	5	39	43	[160,237,388,389,391,422,429,440,442,448,450,453,454,456,460,464,465,466,467,468,489,498,502,503,518,526,527,529,530,532,536,540,541,543,566,578,580,581,602,603,605,606]	[164,188,198,211,255]	[614,615,616,617,618,619,628,629,630,632,633,636,639,640,641,642,643,644,645,646,647,648,650,652,654,655,661,662,663,665,666,674,676,678,679,680,681,682,683]	[29,31,35,36,39,40,42,43,46,47,64,65,66,69,70,71,72,73,75,76,79,95,99,121,123,126,128,144,145,147,148,163,164,165,166,228,229,230,254,255,256,257,262]
A7UPX0_Q6N089	0.0	0.0	0.0	0.0	0.0	0.0	30	23	15	6	[22,23,24,28,45,221,222,314,330,337,338,339,340,341,356,357,361,364,395,399,405,420,431,432,434,435,437,438,482,516]	[62,63,132,258,259,260,261,262,264,290,292,293,294,295,321,322,323,351,352,353,354,355,357]	[146,147,148,150,156,157,158,200,203,206,207,235,238,239,240]	[47,75,91,93,118,120]
B7MJ81_Q9HD34	0.2799998880000448	0.24137922711061136	0.9999950000249999	0.12499992187504883	0.21739120982990878	0.38461508875762407	2	23	16	13	[41,45]	[10,14,18,26,27,28,31,34,35,37,38,41,65,67,68,69,71,72,75,76,79,81,82]	[36,37,38,39,40,41,42,44,45,48,49,54,56,57,60,61]	[6,7,9,10,13,14,17,18,21,37,40,41,44]
P03169_P30460	0.0	0.0	0.0	0.0	0.0	0.0	4	22	9	22	[482,483,484,485]	[32,34,41,45,47,51,59,120,143,144,146,228,230,253,256,257,258,259,260,261,262,266]	[199,200,201,202,203,204,205,206,207]	[86,87,90,93,94,97,98,100,101,104,108,123,140,170,171,174,176,179,180,183,187,191]
O36972_Q08209	0.16129027055152564	0.09090907438016829	0.0	0.0	0.16129027055152564	0.16129027055152564	0	31	24	31	[]	[122,159,160,168,224,250,314,315,341,342,345,350,351,352,354,355,356,359,360,361,362,363,365,366,367,410,418,424,428,432,433]	[205,206,207,208,209,210,211,212,213,214,215,216,217,218,219,220,221,227,228,229,230,231,232,234]	[104,124,194,275,288,290,297,298,299,310,312,313,314,316,318,327,328,329,330,331,332,333,335,336,338,341,344,352,353,356,360]
O00401_P0DJ89	0.21428563775512938	0.1666666203703832	0.21428563775512938	0.299999850000075	0.0	0.0	28	0	20	16	[21,22,26,27,30,31,33,34,45,56,83,89,106,209,210,211,212,213,214,216,237,238,239,254,257,258,441,442]	[]	[230,231,234,235,237,238,239,240,241,242,244,245,250,251,254,257,258,261,262,268]	[268,269,270,271,272,274,275,276,278,282,284,285,286,287,288,290]
P01892_P14079	0.0	0.0	0.0	0.0	0.0	0.0	16	0	20	9	[32,41,45,49,51,120,226,228,230,256,258,259,260,261,262,266]	[]	[87,89,90,93,94,96,97,100,101,104,108,121,170,171,174,176,179,183,187,191]	[11,12,13,14,15,16,17,18,19]
B7UCZ5_P01130	0.013157893005540393	0.030303021120296626	0.0	0.0	0.020833328993056458	0.0714285204081997	28	48	19	14	[86,87,88,89,90,91,92,93,94,95,96,97,98,99,121,123,127,128,129,130,132,133,134,137,172,291,295,297]	[86,146,164,167,200,208,217,233,234,235,238,239,241,242,259,264,275,282,288,292,305,310,324,326,327,328,334,336,343,355,356,358,361,362,365,366,367,370,371,372,373,374,375,376,378,406,407,562]	[24,25,26,63,64,67,194,195,196,198,199,200,225,358,362,367,368,369,370]	[84,85,86,87,88,89,90,91,92,93,96,101,104,105]
P05362_Q6VY96	0.035087713142506465	0.058823512110731724	0.0	0.0	0.11764698961941787	0.10526310249310396	40	17	15	19	[34,43,45,67,76,80,194,195,196,197,198,311,331,332,333,334,351,353,354,355,356,357,358,359,361,363,367,368,370,372,373,374,375,381,397,401,402,408,418,420]	[665,738,739,749,754,757,760,762,771,773,775,777,785,845,846,847,849]	[52,53,54,57,62,63,64,65,66,68,74,93,95,97,98]	[683,685,738,739,740,742,789,790,796,797,799,800,802,803,804,808,809,810,812]
A0A2K9Y515_Q9H3P7	0.14754095941951484	0.15254234702672084	0.0	0.0	0.1578947091412791	0.2812499121094024	4	57	27	32	[1463,1466,1467,1475]	[248,249,252,253,256,257,259,260,261,263,264,266,270,272,275,278,279,283,286,287,289,290,291,292,293,369,371,372,373,374,375,376,399,401,402,406,415,417,423,424,425,432,443,446,475,476,481,482,483,484,490,501,511,512,514,515,516]	[1454,1457,1458,1461,1465,1468,1469,1470,1473,1474,1477,1480,1481,1482,1483,1484,1485,1487,1488,1489,1490,1491,1492,1493,1494,1495,1496]	[373,374,375,377,379,382,386,390,392,393,395,396,399,400,401,402,403,404,406,408,410,414,415,417,507,522,523,524,525,526,527,528]
P03206_P30685	0.0	0.0	0.0	0.0	0.0	0.0	31	20	23	22	[180,181,187,188,189,190,192,193,194,195,196,197,199,200,201,202,203,206,212,213,214,216,217,218,220,221,222,224,225,230,231]	[32,34,41,47,51,56,59,120,226,228,230,253,256,257,258,259,260,261,262,266]	[52,53,54,55,56,57,58,59,60,61,62,63,64,77,78,79,80,81,82,83,84,85,86]	[86,89,90,93,94,97,100,101,104,108,121,123,170,171,174,175,176,179,180,183,187,191]
P02786_Q8AZ57	0.12195118976800248	0.11904759070295459	0.12195118976800248	0.20833324652781396	0.0	0.0	41	0	24	18	[126,208,210,211,291,292,294,320,344,394,396,397,399,400,443,476,603,623,626,640,641,643,644,646,650,651,654,658,659,661,662,663,665,666,667,668,669,670,676,692,740]	[]	[193,197,204,207,208,209,210,211,212,213,214,215,217,293,294,340,343,344,347,348,350,362,370,371]	[97,111,113,114,115,116,117,119,122,123,169,170,171,211,212,223,226,228]
P18139_P30685	0.0	0.0	0.0	0.0	0.0	0.0	0	20	17	18	[]	[32,34,41,47,51,56,59,120,226,228,230,253,256,257,258,259,260,261,262,266]	[113,114,115,116,117,118,119,120,121,178,179,180,181,182,183,184,185]	[86,90,93,94,97,100,101,104,108,121,170,171,174,176,179,183,187,191]
Q13637_Q6EAT3	0.8181814462811607	0.2727272314049649	0.8095234240364647	0.5312498339844268	0.9999900000999989	0.029411756055365862	21	1	32	34	[25,47,49,54,55,56,57,58,59,60,61,62,64,87,88,90,91,93,94,97,176]	[78]	[39,43,46,47,49,53,54,55,56,57,58,59,60,61,62,63,64,66,74,76,78,80,81,83,84,85,87,88,92,93,94,97]	[34,37,38,39,41,43,72,77,78,79,80,81,82,83,114,144,145,146,147,148,149,150,171,176,178,179,181,182,185,194,195,197,198,199]
L7MTK7_P01854	0.0	0.0	0.0	0.0	0.0	0.0	1	12	14	19	[62]	[117,120,213,240,274,275,276,304,307,329,332,387]	[1,2,24,26,34,35,36,38,57,67,68,69,70,72]	[256,258,259,260,261,262,289,290,293,294,296,298,300,308,311,315,316,318,319]
P19893_P55854	0.14285693877580175	0.043478241965981754	0.0	0.0	0.14285693877580175	0.0714285204081997	0	7	9	14	[]	[24,30,52,55,56,65,89]	[195,196,197,198,199,200,201,202,204]	[16,26,27,28,29,30,32,34,36,37,38,41,45,49]
A3EX94_P27487	0.07692306952662793	0.15686271434064425	0.0	0.0	0.07692306952662793	0.3333331944445023	0	104	27	24	[]	[40,50,51,52,54,139,140,234,235,237,239,241,242,243,244,245,246,247,248,249,250,251,253,258,260,261,283,288,291,294,331,333,334,336,338,348,350,351,369,378,379,386,388,391,395,396,399,400,436,437,438,439,440,441,442,489,490,501,502,503,505,513,518,521,533,535,536,537,538,539,615,616,617,622,684,689,690,693,696,697,713,714,717,718,720,721,722,724,725,727,729,730,731,732,733,734,736,737,746,750,753,754,757,761]	[459,460,465,466,467,468,471,503,505,506,510,514,515,516,518,520,522,541,542,543,545,547,558,560,562,564,567]	[229,267,269,281,284,285,286,288,291,292,294,295,317,322,331,332,333,334,335,336,341,344,346,348]
O00459_Q99AU3	0.21874993164064635	0.1111110934744296	0.09523804988664292	0.06896549346017466	0.45454504132268975	0.1470587802768293	21	11	29	34	[13,329,394,400,403,404,406,407,420,422,428,429,448,476,490,523,576,580,671,672,698]	[95,99,101,103,105,106,107,124,138,203,204]	[438,442,445,449,450,452,562,564,565,566,568,569,571,572,573,575,576,577,578,579,580,582,583,584,587,588,589,592,595]	[87,88,89,91,95,96,98,99,100,101,102,103,113,118,135,137,138,140,142,143,145,161,162,163,164,165,166,167,168,169,170,171,172,173]
P68036_Q8ZNR3	0.49999750001249993	0.019230765532545088	0.49999750001249993	0.0399999840000064	0.0	0.0	2	0	25	27	[63,86]	[]	[1,2,5,6,9,60,63,64,80,92,93,94,96,97,98,100,117,118,120,121,122,123,124,127,130]	[510,512,513,516,517,522,525,527,529,548,549,563,564,566,573,574,575,576,577,578,680,728,729,732,733,767,768]
P15144_Q1HVL8	0.0	0.0	0.0	0.0	0.0	0.0	2	6	16	12	[838,839]	[344,367,368,374,375,376]	[241,242,243,244,286,288,289,290,291,292,306,310,311,312,315,319]	[310,313,314,315,316,317,318,319,356,403,404,405]
P31345_P52294	0.09374998535156479	0.08219176956277129	0.08333326388894677	0.03846152366864474	0.09615382766272544	0.10638295608873274	12	52	26	47	[285,421,425,457,458,562,575,628,630,631,632,753]	[218,221,257,260,261,264,290,294,295,296,299,300,303,327,328,329,332,333,336,338,348,369,370,375,380,383,387,390,391,417,418,421,423,426,452,455,456,459,460,461,465,467,470,471,473,474,491,494,498,501,502,504]	[692,693,695,696,697,699,703,704,718,721,735,737,738,739,740,741,748,749,750,751,752,753,754,755,756,757]	[111,113,116,145,149,153,156,157,187,191,195,198,199,234,241,243,273,276,280,283,284,285,286,318,325,327,328,360,364,367,368,369,370,398,399,402,406,409,410,438,441,445,494,506,507,508,509]
P01892_Q9Q0U7	0.0	0.0	0.0	0.0	0.0	0.0	16	0	16	9	[32,41,45,49,51,120,226,228,230,256,258,259,260,261,262,266]	[]	[90,93,94,97,100,101,104,108,170,171,176,179,180,183,187,191]	[233,234,235,236,237,238,239,240,241]
P52630_Q32ZE1	0.10975608417608729	0.14062497802734716	0.24999987500006252	0.16129027055152564	0.06451611862643247	0.1212120844811865	20	62	31	33	[29,61,82,84,171,172,175,176,288,379,402,406,409,459,460,651,657,672,676,696]	[306,310,314,391,392,393,394,396,397,398,546,549,668,805,809,810,812,813,905,906,907,908,948,950,1022,1429,1441,1566,1570,1608,1613,1732,1773,1844,1845,1846,1848,1996,2625,2626,2627,2650,2665,2769,2835,2866,2921,2922,2923,2981,2982,2989,3212,3306,3309,3310,3312,3313,3315,3360,3363,3364]	[53,54,57,58,61,62,64,65,68,91,92,95,96,98,99,100,165,168,169,171,172,175,176,179,180,183,185,195,202,205,209]	[2830,2831,2832,2833,2834,2835,2836,2837,2838,2840,2843,2844,2851,2852,2853,2856,2860,3248,3250,3261,3264,3265,3266,3360,3363,3364,3368,3369,3370,3371,3373,3387,3391]
A7UPX0_Q6GMX4	0.0	0.0	0.0	0.0	0.0	0.0	34	10	9	5	[21,22,23,24,25,26,28,47,111,173,221,308,314,330,337,338,340,341,356,357,361,364,395,399,405,420,431,432,434,435,437,438,482,516]	[70,120,121,142,145,147,153,157,159,201]	[137,138,141,142,170,176,178,179,180]	[50,114,116,117,118]
O60502_Q0TR53	0.0	0.0	0.0	0.0	0.0	0.0	57	0	7	9	[69,71,74,101,105,106,110,141,222,223,225,226,254,257,272,286,290,372,373,378,569,570,571,579,580,583,586,634,635,638,639,641,642,643,645,646,653,656,657,660,675,676,677,678,679,680,681,682,683,684,685,688,689,690,691,692,701]	[]	[402,403,404,405,406,407,408]	[189,219,335,370,401,402,404,489,490]
B0B9A0_P0CG47	0.0833333101851916	0.06382977365323965	0.24999979166684028	0.11538457100593423	0.0	0.0	12	24	26	21	[164,197,222,225,253,267,271,272,284,325,360,361]	[8,9,10,11,12,14,33,34,40,68,70,71,72,74,80,84,85,86,87,124,125,147,149,150]	[165,167,168,169,170,191,192,225,226,227,228,259,260,262,263,265,266,267,269,270,271,274,343,395,396,397]	[159,160,161,163,186,187,188,189,192,194,196,199,200,201,220,222,223,224,225,226,227]
P26664_Q7Z434	0.0540540394448542	0.099999950000025	0.07692304733728948	0.15384603550304962	0.0	0.0	26	11	13	7	[1032,1033,1034,1035,1036,1043,1044,1047,1100,1124,1125,1126,1139,1154,1186,1187,2434,2443,2515,2521,2530,2749,2895,2899,2902,2922]	[14,17,20,25,30,37,48,52,56,71,82]	[1067,1083,1149,1158,1162,1163,1181,1182,1183,1184,1186,1187,1188]	[502,503,504,505,506,507,508]
P20963_P31818	0.058823512110731724	0.08333329861112558	0.03703702331962099	0.11111098765445816	0.14285693877580175	0.06666662222225185	27	7	9	15	[27,28,29,30,31,32,33,34,35,36,37,38,39,40,41,42,43,44,45,46,47,48,49,50,51,52,75]	[122,140,141,204,221,226,227]	[64,65,68,71,72,74,75,76,77]	[102,103,104,126,127,128,130,132,137,138,141,144,145,148,149]
P08603_Q9JXV4	0.058823494809708936	0.012195120464009699	0.0	0.0	0.3333322222259259	0.021739125708885716	14	3	36	46	[90,93,106,119,177,179,239,383,420,479,481,903,960,963]	[89,150,153]	[336,337,338,339,340,341,343,344,350,351,352,353,356,358,359,360,365,366,367,368,369,371,373,388,390,392,393,395,396,402,403,404,405,407,417,441]	[103,106,108,147,148,149,150,156,157,179,180,181,182,183,184,185,191,193,195,199,203,262,264,265,266,267,268,272,274,275,276,283,284,285,286,288,302,304,306,307,308,309,310,311,312,313]
P03300_P15151	0.04761904308390066	0.05882352249135029	0.010526314681440559	0.020408159100375693	0.3999996000004	0.11111108024692215	95	10	49	36	[23,24,25,26,27,28,29,30,31,32,33,34,53,56,68,69,72,73,74,75,77,78,81,82,95,104,107,119,163,167,169,185,186,270,332,343,352,353,354,360,361,362,363,367,375,376,377,378,380,381,447,462,465,466,490,491,496,501,502,525,565,623,625,626,627,643,706,752,757,763,788,849,850,852,1285,1319,1323,1324,1327,1447,1450,1451,1492,1675,1676,1689,1764,1768,1831,1834,1844,1971,2134,2164,2194]	[124,126,128,129,176,245,253,254,256,283]	[208,209,210,211,239,241,399,400,401,403,404,434,438,521,522,523,524,525,570,571,573,670,681,683,684,686,688,690,693,745,747,748,793,802,803,805,806,807,813,814,861,871,872,873,874,875,876,877,880]	[30,31,57,61,63,68,70,71,72,73,79,81,82,83,84,85,86,87,88,90,91,99,100,101,114,116,124,126,128,129,130,132,133,134,135,136]
P62820_Q7BU69	0.6428569132653881	0.25352109105336745	0.8124994921878174	0.39393927456385613	0.4166663194447338	0.13157891274239136	16	12	33	38	[40,42,43,44,46,48,65,70,72,73,75,76,79,80,82,163]	[84,96,115,184,224,252,280,291,301,315,355,370]	[20,21,33,38,39,40,41,42,43,44,45,46,47,48,49,50,61,63,65,70,71,72,73,75,76,80,94,95,97,125,128,131,156]	[148,172,173,175,177,180,181,184,188,189,191,192,194,195,196,223,224,227,228,280,281,284,290,293,294,297,298,301,304,305,309,310,312,314,315,316,348,350]
Q06124_Q9RF15	0.0	0.0	0.0	0.0	0.0	0.0	0	0	24	7	[]	[]	[13,14,17,51,52,53,55,66,67,87,89,90,91,168,169,170,171,181,182,183,184,203,204,205]	[1031,1032,1034,1035,1036,1037,1038]
P12497_P62937	0.06399999488000041	0.2352940484429269	0.0	0.0	0.7272720661163036	0.42105240997241583	114	11	15	19	[494,495,496,532,533,534,536,537,538,539,540,541,543,569,579,580,584,585,586,587,588,589,590,591,592,601,602,603,604,609,639,640,675,676,677,678,679,680,681,682,723,725,799,813,815,828,849,856,888,902,905,933,994,1005,1007,1008,1009,1011,1087,1126,1127,1129,1130,1134,1137,1138,1162,1182,1188,1193,1195,1196,1197,1198,1200,1201,1202,1203,1204,1242,1246,1249,1275,1278,1279,1286,1287,1288,1289,1290,1291,1293,1295,1297,1324,1325,1328,1332,1333,1335,1337,1338,1341,1348,1355,1356,1371,1378,1380,1381,1382,1390,1393,1406]	[55,58,69,71,73,81,103,120,121,148,149]	[136,217,218,219,220,221,222,223,224,225,226,227,252,253,254]	[55,57,59,60,69,71,72,73,82,102,103,104,107,121,125,126,148,149,151]
P01857_P04488	0.03124999023437805	0.022222217283951712	0.0	0.0	0.0999999000001	0.04545452479339782	22	10	23	22	[117,118,119,120,121,122,148,150,151,152,153,178,179,180,181,182,209,210,211,212,213,215]	[233,282,283,285,286,287,290,291,294,322]	[131,135,136,137,138,139,141,171,190,192,193,194,197,198,265,268,269,313,316,317,318,319,321]	[225,227,243,245,246,247,248,249,251,316,318,319,320,321,322,324,338,339,340,341,342,347]
P23827_P48740	0.22950815909702307	0.2641508935564352	0.5185183264746939	0.3043477599244	0.0	0.0	27	34	46	7	[41,42,44,57,70,86,87,88,101,102,103,104,105,106,108,109,120,126,128,146,147,148,149,150,151,153,156]	[27,28,29,30,36,37,61,63,64,129,134,136,137,138,139,156,158,159,160,161,165,167,168,170,171,172,320,321,350,352,386,434,436,442]	[29,30,51,52,53,54,57,59,69,70,72,73,74,76,77,78,79,83,85,86,87,88,89,90,96,98,99,100,101,102,103,104,105,106,107,108,115,120,121,122,123,124,128,130,132,133]	[644,646,668,669,672,689,690]
P01130_P0C2X0	0.0	0.0	0.0	0.0	0.0	0.0	48	20	17	20	[86,146,164,167,200,208,217,233,234,235,238,239,241,242,259,264,275,282,288,292,305,310,324,326,327,328,334,336,343,355,356,358,361,362,365,366,367,370,371,372,373,374,375,376,378,406,407,562]	[71,72,73,74,75,102,105,107,111,112,113,114,116,117,118,119,121,275,278,295]	[111,112,120,123,124,125,126,127,128,129,130,131,132,133,140,143,144]	[8,9,10,11,47,48,51,179,182,183,184,209,342,344,347,350,352,353,354,355]
P63000_P74873	0.31249980468762206	0.10204079550187846	0.45454504132268975	0.2272726239669891	0.0	0.0	11	5	22	27	[38,39,56,63,64,66,67,70,73,74,103]	[83,91,111,119,123]	[11,12,13,31,32,33,34,35,36,37,38,61,62,63,64,67,70,116,119,128,131,132]	[167,170,171,174,181,196,197,199,200,203,204,205,209,210,212,213,216,217,220,243,245,246,249,250,251,255,259]
O00571_P68466	0.020408159100375693	0.03225805411030513	0.0	0.0	0.49999750001249993	0.043478241965981754	47	2	8	23	[155,156,159,165,167,171,172,173,174,183,184,202,276,277,281,305,329,332,333,354,355,356,359,360,363,366,386,387,388,391,394,407,408,410,413,500,534,535,536,537,538,547,561,562,564,566,576]	[13,52]	[82,83,84,85,86,87,88,89]	[10,11,12,13,15,16,17,27,28,31,35,45,86,118,121,122,123,124,125,126,127,128,129]
O57173_Q16611	0.19298242228378557	0.2972972169466981	0.1666666203703832	0.28571414965992875	0.2380951247166073	0.31249980468762206	36	21	21	16	[54,61,64,65,66,67,68,69,70,71,72,73,75,79,95,96,99,104,109,110,111,113,114,116,157,158,159,160,163,164,166,167,171,174,176,181]	[76,80,81,83,84,85,88,108,117,120,121,122,123,124,125,126,169,173,174,178,182]	[96,99,100,103,104,107,110,111,114,115,118,120,124,128,132,136,138,139,140,141,144]	[70,71,72,73,74,75,77,78,81,82,83,84,85,86,88,89]
P30685_Q1HVF7	0.0	0.0	0.0	0.0	0.0	0.0	20	0	18	11	[32,34,41,47,51,56,59,120,226,228,230,253,256,257,258,259,260,261,262,266]	[]	[86,90,93,94,97,100,101,104,108,170,171,174,176,179,180,183,187,191]	[407,408,409,410,411,412,413,414,415,416,417]
Q14653_Q99FX5	0.04687499267578239	0.14285707482996438	0.04687499267578239	0.24999979166684028	0.0	0.0	64	0	12	9	[10,13,17,18,19,20,22,23,25,27,29,30,31,42,44,59,60,62,65,66,67,68,72,75,88,91,94,96,98,99,100,101,102,194,199,212,213,214,217,218,219,221,223,237,241,263,288,299,310,360,383,384,385,386,387,396,397,399,402,414,417,420,421,422]	[]	[211,257,260,263,267,288,290,292,349,350,351,360]	[482,483,484,485,486,487,488,490,491]
P00747_P49054	0.00884955673897728	0.016393439935501648	0.00884955673897728	0.0399999840000064	0.0	0.0	113	0	25	36	[105,106,107,114,116,117,123,126,132,134,136,137,140,141,142,143,149,150,151,156,157,158,159,160,169,170,171,172,173,175,179,180,181,184,196,197,198,199,223,258,260,261,262,264,379,386,387,388,422,423,425,483,484,488,498,518,522,523,550,559,561,562,563,565,566,567,569,570,571,601,602,603,604,622,625,626,628,629,630,643,644,645,647,651,655,656,659,661,673,674,676,678,679,680,691,696,708,710,711,715,731,732,733,736,737,738,750,767,769,771,780,781,786]	[]	[210,212,214,215,216,217,218,219,220,222,223,224,225,226,227,237,238,239,240,241,250,251,252,253,254]	[85,86,87,88,90,91,92,93,94,95,96,97,98,99,100,101,102,103,104,105,106,107,108,109,110,111,112,113,114,115,117,118,119,121,122,125]
P30480_Q90VG9	0.0	0.0	0.0	0.0	0.0	0.0	20	0	21	9	[32,34,41,45,51,56,146,226,228,230,253,255,256,257,258,259,260,261,262,266]	[]	[86,87,90,93,94,97,100,101,104,108,123,140,170,171,174,176,179,180,183,187,191]	[69,70,71,72,73,74,75,76,77]
C5MK56_P03211	0.0	0.0	0.0	0.0	0.0	0.0	19	13	21	11	[32,34,41,45,47,51,56,59,228,230,253,256,257,258,259,260,261,262,266]	[491,518,532,538,540,541,555,561,569,570,584,594,600]	[86,89,90,93,94,97,100,101,104,108,121,140,170,171,174,176,179,180,183,187,191]	[407,408,409,410,411,412,413,414,415,416,417]
P01892_Q3KSU1	0.0	0.0	0.0	0.0	0.0	0.0	16	0	16	9	[32,41,45,49,51,120,226,228,230,256,258,259,260,261,262,266]	[]	[89,90,93,94,97,100,101,104,108,170,171,176,179,183,187,191]	[300,301,302,303,304,305,306,307,308]
H6A3H4_P40198	0.24999979166684028	0.0517241290130812	0.0	0.0	0.3333329629633745	0.11538457100593423	3	9	32	26	[332,333,344]	[41,43,56,61,63,95,102,119,130]	[122,126,130,131,133,155,156,157,158,163,165,166,167,169,170,171,173,174,175,176,260,262,263,264,265,266,283,284,285,286,390,391]	[61,63,73,74,75,76,78,81,83,84,85,86,88,90,91,92,93,123,125,127,128,129,130,131,132,133]
P02751_Q53971	0.0	0.0	0.0	0.0	0.0	0.0	0	0	32	21	[]	[]	[49,51,53,55,67,69,72,79,81,82,83,84,85,86,87,88,89,90,91,119,121,126,130,131,132,133,134,135,136,137,138,139]	[1043,1044,1045,1046,1047,1048,1049,1050,1051,1052,1053,1054,1055,1056,1057,1058,1059,1060,1062,1063,1064]
Q30154_Q8NKX2	0.07692304733728948	0.07142854591837645	0.04166664930556279	0.07692301775152481	0.49999750001249993	0.06666662222225185	24	2	13	15	[36,37,45,46,47,48,61,82,85,107,114,117,118,120,131,149,177,178,179,180,181,182,185,187]	[42,130]	[50,51,98,99,102,105,106,109,110,112,113,114,116]	[130,132,134,142,144,145,189,190,191,192,193,194,227,228,232]
P62805_P75960	0.0	0.0	0.0	0.0	0.0	0.0	22	0	7	14	[25,29,30,34,37,41,43,45,46,48,50,60,64,68,75,79,80,83,94,96,97,99]	[]	[13,14,15,16,18,19,20]	[190,191,192,193,194,197,201,218,219,220,221,228,232,245]
P12977_P30464	0.0	0.0	0.0	0.0	0.0	0.0	0	21	9	17	[]	[32,34,41,45,51,56,59,72,143,146,228,230,253,256,257,258,259,260,261,262,266]	[406,407,408,409,410,411,412,413,414]	[86,89,90,93,97,100,101,104,108,170,171,174,176,179,183,187,191]
B1EF49_P0CG48	0.044444434567903424	0.05714284081633119	0.6666644444518518	0.10526310249310396	0.0	0.0	3	42	19	16	[213,224,241]	[160,237,388,389,391,422,429,440,442,448,450,453,454,456,460,464,465,466,467,468,489,498,502,503,518,526,527,529,530,532,536,540,541,543,566,578,580,581,602,603,605,606]	[214,215,216,219,220,224,227,239,241,242,258,261,334,335,338,341,342,343,344]	[616,617,644,648,650,652,655,656,657,676,678,679,680,681,682,683]
P18465_Q1KW74	0.0499999750000125	0.03124999023437805	0.0	0.0	0.9999900000999989	0.09090900826453795	19	1	21	11	[32,34,36,41,45,51,56,226,228,230,253,256,257,258,259,260,261,262,266]	[160]	[82,86,87,90,93,97,98,100,101,104,108,123,140,170,171,176,179,180,183,187,191]	[155,156,157,158,159,160,161,162,163,164,165]
P32455_Q8VSC3	0.16470586297578083	0.34146333135040696	0.1999999714285755	0.699999650000175	0.0	0.0	70	15	20	21	[18,19,20,22,25,26,29,32,46,47,48,68,69,70,71,72,104,105,106,107,108,109,110,131,132,135,136,137,140,141,155,156,157,159,184,186,187,188,190,191,192,196,204,205,207,209,215,218,219,239,240,243,244,245,246,247,248,259,260,261,291,292,294,298,299,302,305,306,307,308]	[219,292,293,329,332,340,341,344,345,347,348,355,408,456,483]	[46,47,48,102,103,104,105,109,110,131,132,135,136,137,140,141,143,147,150,151]	[40,42,62,64,65,67,81,83,86,88,103,106,108,123,125,126,146,163,166,187,190]
P03406_P06241	0.2692306656805132	0.21874993164064635	0.49999958333368055	0.3749997656251465	0.0714285204081997	0.06249996093752441	12	14	16	16	[73,74,75,76,77,78,109,112,113,116,121,123]	[136,153,206,303,383,419,421,424,439,440,464,465,468,515]	[70,71,72,73,74,75,76,77,82,86,90,93,94,113,117,118]	[91,92,93,94,95,96,97,98,99,100,118,119,132,135,136,137]
P01024_Q89859	0.12676054552668373	0.08108107377647984	0.1016948980178139	0.09523808012093966	0.24999979166684028	0.06249998697916938	59	12	63	48	[198,228,229,261,270,560,576,577,592,593,594,595,596,597,599,600,743,762,769,770,773,794,795,797,800,801,803,804,805,806,807,808,809,813,815,816,817,818,819,820,821,822,826,827,834,837,932,1013,1109,1265,1266,1400,1428,1432,1482,1483,1485,1509,1510]	[55,116,117,150,171,178,203,208,235,236,237,241]	[60,65,66,67,68,144,146,162,177,178,179,180,181,183,184,185,192,211,577,578,580,753,754,756,759,760,762,765,766,767,771,772,773,774,775,792,794,795,796,797,909,918,919,920,926,928,1090,1091,1094,1097,1153,1156,1157,1159,1160,1293,1308,1309,1310,1312,1314,1315,1318]	[59,60,61,62,63,64,84,85,87,88,89,90,91,93,94,96,99,100,101,102,113,114,116,132,158,160,162,163,167,168,169,170,171,173,189,205,207,208,215,216,218,219,220,221,222,223,228,229]
P03182_Q16611	0.0	0.0	0.0	0.0	0.0	0.0	0	8	20	18	[]	[123,124,146,156,173,174,178,182]	[53,56,57,60,61,64,68,71,75,76,82,85,86,89,90,97,98,99,100,103]	[70,71,72,73,74,75,76,77,78,79,81,82,83,84,85,86,88,89]
P01834_Q51918	0.0	0.0	0.0	0.0	0.0	0.0	24	0	1	14	[9,11,12,14,16,17,20,22,24,26,28,30,31,53,54,55,56,57,60,62,67,69,71,73]	[]	[35]	[480,489,491,492,493,494,495,496,505,508,509,512,513,516]
P02751_Q711B0	0.0	0.0	0.0	0.0	0.0	0.0	0	0	34	18	[]	[]	[95,96,98,100,101,114,116,117,119,121,129,130,131,132,133,134,135,136,137,138,142,143,156,158,159,163,173,174,175,176,177,178,179,181]	[628,629,630,631,632,633,634,635,636,637,638,639,640,641,642,643,644,645]
P12504_Q15369	0.29999990000003335	0.15254234702672084	0.14285707482996438	0.13636357438019348	0.666665925926749	0.1621621183345626	21	9	22	37	[6,7,8,9,10,11,12,15,16,30,43,44,70,73,81,108,109,145,146,147,148]	[27,30,44,45,75,90,101,104,105]	[140,141,142,143,144,145,146,148,149,150,151,152,153,154,155,157,159,162,167,168,169,171]	[25,42,43,44,45,66,68,69,73,76,77,79,80,83,84,85,86,89,90,92,93,95,96,97,98,99,100,101,102,103,104,105,107,108,109,111,112]
P0DP23_Q5ZTK6	0.31249980468762206	0.04672896759542359	0.33333305555578707	0.06349205341395978	0.24999937500156252	0.022727267561984642	12	4	63	44	[13,16,19,20,56,66,73,88,93,100,108,113]	[495,518,532,801]	[3,4,5,6,8,9,11,12,14,15,18,19,20,22,23,24,25,26,27,28,32,35,38,39,40,41,43,53,54,55,58,59,60,61,75,76,77,78,79,81,82,83,84,85,86,97,98,100,101,102,104,105,106,107,109,110,112,113,114,115,120,141,142]	[99,100,101,102,103,105,106,107,108,321,479,651,654,655,657,660,756,759,763,770,796,798,800,801,804,805,808,812,830,833,834,835,836,837,838,839,840,841,842,843,844,845,847,848]
P61006_Q5ZWZ3	0.7142853741498219	0.19480516950582213	0.699999650000175	0.33333325396827285	0.9999900000999989	0.028571420408165595	20	1	42	35	[37,38,41,45,47,55,60,62,69,71,72,73,76,79,104,108,109,112,141,153]	[532]	[8,10,17,18,26,30,32,34,35,36,37,38,39,41,42,43,44,45,46,60,62,67,69,70,72,73,76,77,79,91,92,93,94,104,108,109,122,125,127,128,129,130]	[228,232,275,278,282,295,299,399,403,406,410,413,414,425,428,432,435,439,442,443,452,521,525,528,529,532,534,536,541,544,545,548,549,552,556]
O95484_P01558	0.3541665928819598	0.24285710816327025	0.37777769382717913	0.4594593352812607	0.0	0.0	45	3	37	33	[27,36,37,38,39,40,41,42,51,52,57,58,59,60,61,62,63,64,65,66,68,69,70,71,72,73,78,79,82,103,104,105,106,107,134,137,138,141,147,148,150,165,168,180,183]	[87,102,268]	[35,38,39,40,41,42,44,46,48,53,55,57,61,63,64,65,67,68,69,70,71,72,74,75,76,145,146,148,149,150,151,152,153,154,155,156,158]	[213,216,217,218,219,220,222,223,224,225,227,229,230,231,252,254,256,257,258,282,283,284,286,302,306,309,310,311,313,315,317,318,319]
O60563_P04608	0.26666660740742054	0.1791044508799327	0.11111108024692215	0.1249999609375122	0.8888879012356653	0.22857136326532476	36	9	32	35	[57,122,124,127,128,131,134,135,138,139,142,145,146,149,158,159,162,163,172,207,209,210,211,213,214,215,216,217,224,231,232,239,253,254,256,258]	[11,14,26,27,28,32,35,36,47]	[39,40,43,46,47,50,51,53,55,56,57,81,95,96,97,111,112,155,158,159,171,172,175,176,180,184,245,248,249,250,251,261]	[1,2,3,4,5,6,7,10,11,13,14,15,16,17,18,22,23,25,26,27,29,30,32,35,36,38,39,40,42,43,44,45,46,47,48]
M4STU1_P05161	0.12499984375019532	0.011627905624662135	0.0	0.0	0.24999937500156252	0.030303021120296626	4	4	53	33	[1494,1674,1675,1677]	[10,114,123,149]	[1508,1519,1520,1521,1523,1524,1525,1529,1555,1557,1566,1569,1570,1572,1573,1587,1588,1589,1590,1636,1638,1641,1642,1644,1645,1646,1649,1652,1653,1656,1657,1678,1680,1682,1686,1689,1690,1691,1692,1704,1705,1706,1708,1710,1713,1715,1730,1731,1754,1755,1756,1757,1758]	[80,81,82,83,85,87,89,90,91,92,93,95,97,123,127,128,129,130,132,133,134,135,140,143,144,145,147,151,152,153,154,155,156]
O19626_P03211	0.0	0.0	0.0	0.0	0.0	0.0	16	13	20	11	[32,41,45,49,51,56,226,228,230,256,257,258,259,260,261,262]	[491,518,532,538,540,541,555,561,569,570,584,594,600]	[86,90,93,94,97,100,101,104,108,121,123,170,171,174,176,179,180,183,187,191]	[407,408,409,410,411,412,413,414,415,416,417]
E5D8F2_Q6ZTQ4	0.0	0.0	0.0	0.0	0.0	0.0	91	0	33	29	[28,29,30,31,32,34,35,38,55,56,57,58,59,61,63,64,66,67,73,74,75,76,79,80,87,89,93,97,102,105,117,161,165,183,184,251,252,255,260,264,335,344,345,346,350,352,358,360,366,368,369,371,372,374,381,436,451,479,480,483,485,489,490,491,514,553,554,604,621,622,624,625,639,643,702,719,721,722,724,733,737,741,752,799,800,801,802,803,932,1591,1677]	[]	[139,140,141,299,301,302,303,308,388,390,391,392,393,396,398,401,403,405,406,407,411,412,532,533,534,535,536,840,841,842,843,844,845]	[21,23,24,26,27,28,30,42,47,64,66,67,94,96,97,98,99,100,102,104,114,115,116,117,118,120,122,124,125]
P01730_Q49DS8	0.0	0.0	0.0	0.0	0.0	0.0	0	3	25	20	[]	[132,136,147]	[46,48,50,52,54,56,57,58,59,60,65,66,67,68,69,70,71,73,77,84,85,86,88,89,110]	[9,10,11,90,91,92,93,96,138,140,143,168,170,172,173,182,185,186,187,189]
P00588_Q99075	0.5454540495872277	0.10714283801020749	0.0	0.0	0.666665925926749	0.24999989583337673	2	9	32	24	[385,422]	[113,114,115,117,123,133,139,141,142]	[350,351,413,414,416,421,423,462,465,492,494,496,497,499,500,502,504,536,537,538,539,540,547,548,550,551,553,554,555,556,558,562]	[112,115,120,122,123,124,125,126,127,128,129,130,131,133,134,135,136,137,138,139,140,141,142,147]
P02787_Q9K0U9	0.058823494809708936	0.007518796427158163	0.3333322222259259	0.016393439935501648	0.0	0.0	3	14	61	72	[368,372,618]	[62,187,188,312,318,331,408,410,428,586,595,602,795,862]	[353,355,357,359,376,378,379,380,382,383,384,431,432,433,434,435,436,438,439,440,453,454,554,555,558,559,562,563,564,574,575,576,577,579,584,586,587,588,589,591,592,593,594,617,618,621,622,625,626,629,630,631,632,633,635,636,637,651,653,655,659]	[125,126,127,128,129,130,131,133,251,252,253,254,255,281,351,355,357,358,359,360,361,362,363,364,365,367,383,384,385,386,517,524,526,528,536,537,538,540,547,561,563,566,568,570,659,661,662,663,664,706,708,711,713,719,720,721,722,723,777,825,827,828,831,833,834,835,836,884,885,890,892,893]
P01892_Q692E0	0.0	0.0	0.0	0.0	0.0	0.0	16	0	20	10	[32,41,45,49,51,120,226,228,230,256,258,259,260,261,262,266]	[]	[86,87,89,90,93,94,97,100,101,104,108,170,171,174,176,179,180,183,187,191]	[60,61,62,63,64,65,66,67,68,69]
P13747_P16780	0.0	0.0	0.0	0.0	0.0	0.0	18	0	21	9	[29,31,38,42,48,140,141,142,223,225,227,253,255,256,257,258,259,263]	[]	[83,84,87,90,91,94,97,98,101,105,137,164,167,168,171,173,176,177,180,184,188]	[15,16,17,18,19,20,21,22,23]
P30466_Q3KSS8	0.0	0.0	0.0	0.0	0.0	0.0	22	0	21	8	[30,32,34,41,45,51,56,59,146,212,226,228,230,255,256,257,258,259,260,261,262,266]	[]	[86,87,89,90,93,94,97,100,101,104,108,121,123,170,171,174,176,179,183,187,191]	[173,174,175,176,177,178,179,180]
P61077_Q99PZ6	0.19512190362880397	0.22857136326532476	0.19444439043211376	0.49999964285739795	0.19999960000080003	0.04761902494332146	36	5	14	21	[14,15,17,19,20,22,25,26,27,28,32,34,51,59,62,72,81,91,92,95,96,101,104,105,108,112,114,115,116,117,118,119,120,121,122,125]	[35,74,99,123,127]	[2,4,5,8,59,62,63,91,92,94,95,96,98,101]	[46,47,49,77,78,79,80,81,82,83,99,100,102,124,128,131,132,149,150,152,154]
P03077_P08575	0.0	0.0	0.0	0.0	0.0	0.0	0	0	3	8	[]	[]	[248,249,251]	[660,680,681,682,683,727,820,895]
G9HS63_Q6N089	0.0	0.0	0.0	0.0	0.0	0.0	11	23	7	6	[37,38,39,40,52,71,74,272,524,526,535]	[62,63,132,258,259,260,261,262,264,290,292,293,294,295,321,322,323,351,352,353,354,355,357]	[173,174,175,177,178,179,180]	[50,52,66,71,72,78]
P04936_P98155	0.0	0.0	0.0	0.0	0.0	0.0	78	15	7	8	[30,31,32,34,35,43,52,53,89,91,93,99,104,105,106,107,160,163,169,185,186,252,255,260,264,330,333,334,335,342,344,347,352,355,356,357,358,364,367,379,428,435,478,479,481,482,484,486,488,489,490,491,500,552,555,618,621,622,637,640,715,716,732,734,735,737,746,748,750,754,812,813,814,815,816,817,869,1633]	[172,347,358,361,365,366,369,370,388,403,413,418,427,429,462]	[653,654,655,657,791,792,793]	[129,131,132,135,136,137,138,139]
P51681_Q70145	0.15686271434064425	0.09302324499729708	0.0	0.0	0.3199998720000512	0.19512190362880397	26	25	45	41	[35,36,39,43,53,88,132,133,134,135,137,138,140,141,143,211,235,246,250,281,295,299,303,311,312,313]	[34,35,36,37,38,39,40,41,50,65,69,122,123,124,194,195,196,198,200,204,313,314,416,423,427]	[1,2,3,4,5,7,11,12,13,15,16,24,25,26,29,86,89,90,92,93,105,108,109,163,170,172,173,174,175,177,178,179,180,181,182,184,187,191,194,251,258,276,279,280,283]	[117,119,121,191,192,194,196,198,203,204,205,302,303,304,305,306,307,308,309,310,311,312,313,314,315,316,319,320,321,322,323,324,415,416,425,427,429,430,431,432,433]
O75843_Q67953	0.055555540123461075	0.099999950000025	0.055555540123461075	0.1428570408163994	0.0	0.0	36	0	14	6	[59,60,61,63,65,69,84,88,92,99,102,103,116,137,160,230,232,234,235,238,245,274,284,308,309,316,319,346,368,411,561,566,584,585,714,719]	[]	[714,715,716,717,718,719,720,723,725,756,758,760,773,775]	[86,87,88,89,90,91]
O43521_Q9DHU6	0.5862066944114847	0.4857141469388151	0.8235289273359251	0.8749994531253418	0.24999979166684028	0.15789465373965592	17	12	16	19	[146,147,148,149,150,151,152,153,154,155,156,157,158,159,160,162,163]	[11,14,17,34,53,59,60,62,115,119,122,126]	[144,145,147,148,149,151,152,153,154,155,156,157,158,159,160,162]	[48,49,52,53,56,59,60,63,76,80,83,84,87,90,91,92,93,96,138]
A0A0E8IWL6_P69905	0.12499994791668836	0.05263156971375969	0.9999900000999989	0.03703702331962099	0.08695648393196351	0.06666664444445185	1	23	27	30	[365]	[32,36,37,38,39,79,93,95,96,97,100,104,108,111,115,119,120,121,123,124,127,128,131]	[362,363,365,366,368,369,391,392,394,395,419,420,421,443,444,447,449,451,495,499,556,559,561,564,638,640,641]	[5,6,8,9,10,12,13,16,17,20,45,46,54,55,58,61,62,65,68,69,72,73,75,82,83,87,91,92,119,121]
P01903_P0A0M0	0.2666664888890074	0.571427755103207	0.15384603550304962	0.49999875000312505	0.9999950000249999	0.6666644444518518	13	2	4	3	[30,51,79,82,94,100,101,103,104,113,166,202,208]	[142,143]	[79,80,82,83]	[142,143,144]
