#Pair_id	Score	pDockQ	ESMpDockQ	Precision	Recall	Precision_c1	Recall_c1	Precision_c2	Recall_c2	len_pred_c1	len_pred_c2	len_true_c1	len_true_c2	Ires_c1_pred	Ires_c2_pred	Ires_c1_true	Ires_c2_true
P03502_P05161	-1	-1	-1	0.18749988281257324	0.0517241290130812	0.0	0.0	0.37499953125058594	0.10714281887756469	8	8	30	28	[50,53,54,57,58,60,61,64]	[50,51,52,55,61,62,63,65]	[8,14,15,16,18,19,29,32,33,34,36,37,38,39,52,75,84,87,88,91,92,93,94,95,97,98,99,100,101,102]	[8,9,10,11,12,13,36,37,39,44,46,48,49,50,51,52,53,72,74,75,76,77,78,79,80,81,99,101]
P08581_P0DQD2	-1	-1	-1	-1	-1	-1	-1	[]	[]	[]	[]
P06492_P53999	-1	-1	-1	0.1599999360000256	0.08510636487098619	0.0	0.0	0.30769207100609924	0.14814809327848397	12	13	20	27	[141,142,143,144,145,148,151,152,155,251,399,401]	[61,62,63,64,65,68,71,89,90,92,93,94,96]	[466,467,470,471,474,476,477,478,479,480,481,482,483,484,485,486,487,488,489,490]	[66,67,68,69,70,75,77,78,80,82,86,88,89,91,92,93,97,98,99,100,101,102,103,104,105,108,109]
G8UZ99_Q9UBQ0	-1	-1	-1	-1	-1	-1	-1	[]	[]	[]	[]
A6QG59_P01024	-1	-1	-1	-1	-1	-1	-1	[]	[]	[]	[]
P08174_Q8JKE8	-1	-1	-1	0.1521738799622	0.14285711370262985	0.2916665451389395	0.2799998880000448	0.0	0.0	24	22	25	24	[139,146,147,148,150,152,153,154,155,156,173,175,177,178,185,187,189,191,192,200,201,203,270,271]	[575,576,577,578,580,582,625,627,710,727,732,733,734,738,739,740,742,745,746,749,750,791]	[165,166,167,168,170,171,173,174,175,176,177,187,189,190,191,192,194,222,245,246,247,248,250,263,266]	[211,213,217,220,223,225,226,227,228,229,230,231,232,233,234,236,390,391,393,395,837,839,843,845]
I0E093_P52799	-1	-1	-1	-1	-1	-1	-1	[]	[]	[]	[]
A0A140GKJ0_Q03518	-1	-1	-1	-1	-1	-1	-1	[]	[]	[]	[]
B9V0E2_Q6PIL8	-1	-1	-1	0.07407404663924198	0.22222197530891633	0.0	0.0	0.1818180165290759	0.39999920000160005	16	11	4	5	[497,498,502,522,523,524,526,527,528,529,530,533,534,535,536,540]	[-1,57,64,65,66,67,70,77,78,112,120]	[430,431,432,434]	[52,53,70,71,112]
O10647_P13236	-1	-1	-1	-1	-1	-1	-1	[]	[]	[]	[]
P69697_Q9UHB7	-1	-1	-1	-1	-1	-1	-1	[]	[]	[]	[]
D0ZVG2_Q16512	-1	-1	-1	0.15873013353489943	0.270270197224271	0.30303021120296625	0.5555552469137517	0.0	0.0	33	30	18	19	[180,184,201,203,204,220,222,224,225,240,242,244,247,261,263,265,266,268,281,286,301,303,306,308,325,326,361,362,364,384,388,390,392]	[616,617,618,623,624,625,635,647,650,689,780,818,819,820,821,906,907,908,909,910,911,912,913,914,915,917,918,919,920,921]	[247,248,266,268,286,288,306,308,323,325,326,343,346,364,366,368,392,394]	[128,132,139,142,146,149,164,167,168,171,174,175,177,178,181,182,185,188,189]
P01903_P03437	-1	-1	-1	0.0	0.0	0.0	0.0	0.0	0.0	26	24	21	13	[29,113,115,117,118,119,121,122,124,133,136,165,166,167,173,182,183,185,201,202,204,205,206,207,208,209]	[45,46,47,337,341,354,355,356,432,435,436,439,440,443,444,447,450,451,454,457,458,461,477,479]	[32,34,36,49,56,68,76,77,78,79,80,83,86,87,90,91,93,94,97,98,101]	[322,323,324,325,326,327,328,329,330,331,332,333,334]
P24941_P89883	-1	-1	-1	-1	-1	-1	-1	[]	[]	[]	[]
P69905_Q6G8J7	-1	-1	-1	0.36111101080249697	0.41935470343396664	0.0	0.0	0.7647054325262161	0.7647054325262161	19	17	14	17	[36,37,39,95,97,100,101,104,108,111,112,115,118,120,123,124,127,128,131]	[91,125,126,127,128,129,132,151,152,154,178,179,180,181,204,205,206]	[5,6,8,9,10,12,13,16,17,19,20,68,72,75]	[125,126,128,129,151,152,154,155,178,179,180,181,182,204,205,210,212]
P19508_Q9Y3Z3	-1	-1	-1	-1	-1	-1	-1	[]	[]	[]	[]
P01892_Q90VU7	-1	-1	-1	0.1829268069601455	0.4687498535156707	0.0	0.0	0.4054052958364065	0.7894732686982796	45	37	13	19	[32,34,36,38,45,47,49,51,54,56,59,61,63,64,70,72,74,116,118,120,144,202,205,215,216,217,218,219,220,226,250,251,252,253,254,255,256,257,258,259,260,261,262,263,272]	[64,65,66,67,68,69,70,71,72,73,76,77,78,80,81,82,85,86,89,93,121,122,123,126,137,139,187,188,191,192,196,197,200,201,202,203,204]	[343,344,345,346,347,348,350,351,352,353,354,355,356]	[70,72,73,74,75,76,77,78,80,81,123,137,138,139,193,196,202,203,204]
O15118_P87666	-1	-1	-1	0.05454544462810097	0.08823526816609759	0.0	0.0	0.11538457100593423	0.16666657407412552	29	26	16	18	[150,151,154,158,161,162,171,209,210,211,212,221,223,224,225,226,228,229,240,241,244,245,247,248,249,250,251,252,928]	[32,33,35,48,51,56,57,58,59,60,63,87,88,89,91,92,93,95,96,97,98,153,155,157,168,183]	[419,420,421,423,424,425,426,428,499,501,502,503,504,505,506,528]	[79,80,83,87,88,112,113,114,116,118,140,141,142,143,144,145,146,155]
P50750_P69697	-1	-1	-1	-1	-1	-1	-1	[]	[]	[]	[]
P30460_Q9YRL8	-1	-1	-1	-1	-1	-1	-1	[]	[]	[]	[]
O43521_Q6VZT9	-1	-1	-1	-1	-1	-1	-1	[]	[]	[]	[]
P04501_Q14126	-1	-1	-1	0.14814809327848397	0.07272725950413463	0.0	0.0	0.30769207100609924	0.1428570918367529	14	13	27	28	[234,235,237,238,239,240,241,242,243,244,245,246,248,276]	[304,305,309,311,353,355,357,358,359,361,362,365,368]	[145,146,147,148,150,179,182,183,185,186,187,188,190,192,261,262,263,264,265,266,268,289,293,294,295,296,297]	[171,173,174,175,207,208,209,212,214,215,221,223,224,225,226,228,231,360,361,362,363,364,365,366,367,368,369,370]
P01555_P62330	-1	-1	-1	0.1891891380569897	0.15555552098766198	0.0	0.0	0.3888886728396262	0.2916665451389395	19	18	21	24	[66,67,85,88,89,90,92,93,94,124,125,126,127,128,129,150,151,152,153]	[22,23,27,28,31,36,37,38,40,42,45,46,48,50,63,65,66,67]	[45,48,49,54,55,57,58,110,111,134,135,138,140,166,167,170,171,175,178,181,182]	[13,15,40,41,42,43,45,46,47,48,49,50,51,60,62,67,69,72,73,75,76,77,79,80]
O60684_P31345	-1	-1	-1	0.1797752606994089	0.1904761678004562	0.33333326388890333	0.3076922485207214	0.0	0.0	48	41	52	32	[80,111,112,113,114,115,117,118,154,155,156,157,158,196,197,232,239,240,241,242,271,274,278,307,308,309,312,316,349,350,351,388,389,390,391,392,393,395,396,431,432,433,434,435,481,484,485,486]	[275,277,278,281,285,299,315,316,317,338,339,340,341,342,343,353,355,358,359,360,377,378,380,382,409,412,429,448,450,451,452,453,476,495,497,498,499,500,501,503,505]	[106,109,110,111,114,143,147,151,154,155,185,189,193,196,197,228,229,232,239,241,271,274,278,281,282,283,284,316,323,324,325,326,351,354,358,362,365,366,393,396,397,400,404,407,408,436,439,443,450,489,492,493]	[692,693,695,696,697,698,699,701,718,721,735,736,737,738,739,740,741,742,743,744,745,746,747,748,750,751,752,753,754,755,756,757]
P01730_Q993A8	-1	-1	-1	-1	-1	-1	-1	[]	[]	[]	[]
P03129_P28749	-1	-1	-1	-1	-1	-1	-1	[]	[]	[]	[]
P01903_Q8NKX2	-1	-1	-1	0.0	0.0	0.0	0.0	0.0	0.0	13	16	4	5	[-1,26,27,29,52,53,54,119,121,136,165,166,167]	[85,88,89,123,124,130,153,190,191,193,217,219,220,222,224,225]	[79,80,82,83]	[136,137,138,139,140]
P84243_Q1HVJ0	-1	-1	-1	-1	-1	-1	-1	[]	[]	[]	[]
O14763_Q6RJQ3	-1	-1	-1	0.442307607248537	0.3709676821019867	0.799999680000128	0.6666664444445185	0.11111106995886298	0.09374997070313415	25	27	30	32	[105,106,107,109,110,112,114,115,117,118,120,123,133,134,136,137,138,145,146,147,148,150,151,172,173]	[59,85,86,110,135,136,162,165,166,176,177,186,195,197,198,199,200,201,202,212,229,232,235,239,241,242,243]	[80,105,106,107,109,110,111,112,114,115,117,118,132,133,134,136,145,146,147,148,149,150,151,154,167,173,174,175,177,179]	[32,33,34,35,36,37,39,40,41,43,48,82,88,94,102,103,105,106,108,109,148,149,150,166,208,231,233,235,236,237,239,240]
P35961_Q5EBM2	-1	-1	-1	-1	-1	-1	-1	[]	[]	[]	[]
P04637_Q0TR53	-1	-1	-1	0.056074761114508306	0.39999973333351113	0.0	0.0	0.10714283801020749	0.7499990625011719	51	56	7	8	[-1,110,112,114,115,116,117,118,119,120,122,128,129,136,139,142,183,221,224,225,226,227,228,231,276,277,282,286,290,325,326,327,328,329,330,335,338,339,341,342,343,345,346,347,349,350,351,352,353,354,355]	[189,218,219,224,225,226,258,261,262,264,297,298,300,301,302,306,333,335,338,339,347,370,401,402,403,487,488,489,490,560,563,588,589,591,592,593,595,596,598,599,600,601,603,607,610,611,614,615,617,618,619,652,653,654,723,726]	[145,146,147,148,149,150,151]	[189,299,300,370,401,402,404,490]
Q14116_Q9DHU8	-1	-1	-1	-1	-1	-1	-1	[]	[]	[]	[]
O60563_P69697	-1	-1	-1	-1	-1	-1	-1	[]	[]	[]	[]
P02768_Q51911	-1	-1	-1	0.27083327690973397	0.30952373582768195	0.0	0.0	0.5652171455577628	0.6842101662051757	25	23	23	19	[57,59,104,106,107,135,136,137,138,139,140,141,142,143,165,210,536,539,540,541,542,543,544,545,548]	[213,214,216,217,218,220,221,239,243,245,246,248,249,250,251,252,254,255,256,259,262,263,265]	[232,236,251,252,253,254,256,257,260,287,291,294,332,338,341,342,344,345,346,347,348,349,353]	[234,236,237,239,240,243,246,247,248,249,251,252,255,256,259,262,263,264,265]
Q05059_Q92956	-1	-1	-1	-1	-1	-1	-1	[]	[]	[]	[]
P01903_P0A0L2	-1	-1	-1	0.0	0.0	0.0	0.0	0.0	0.0	28	27	15	15	[105,107,108,110,111,113,115,117,121,133,136,165,166,167,168,169,187,196,197,199,200,201,202,204,206,207,208,209]	[55,56,57,58,59,61,83,84,85,86,142,146,155,158,160,161,163,165,166,168,170,185,186,189,190,192,200]	[38,42,43,44,45,61,62,63,64,82,85,86,89,90,92]	[68,70,71,72,73,74,96,98,105,119,121,122,125,235,238]
I0AXC3_Q8TCD0	-1	-1	-1	0.0	0.0	0.0	0.0	0.0	0.0	11	13	11	3	[43,44,45,46,58,310,323,325,326,327,330]	[-1,34,37,132,133,134,135,137,163,194,195,225,226]	[97,135,137,138,139,140,187,188,189,190,275]	[21,47,57]
P03437_P13760	-1	-1	-1	0.061224477301127074	0.09677416233091538	0.0	0.0	0.12499994791668836	0.15789465373965592	25	24	12	19	[45,387,391,392,394,395,397,398,399,401,402,403,404,421,424,425,428,429,432,436,439,440,443,444,447]	[37,38,39,40,41,42,63,133,141,143,172,173,174,176,177,178,179,180,181,185,187,189,191,193]	[322,323,324,325,326,327,328,329,330,331,332,333]	[38,40,42,59,85,86,89,90,96,99,100,106,107,110,111,113,114,118,119]
P12978_Q15326	-1	-1	-1	0.0	0.0	0.0	0.0	0.0	0.0	11	12	9	12	[12,13,33,34,35,36,37,39,40,42,43]	[246,250,288,289,302,304,305,316,317,318,319,321]	[381,382,383,384,385,386,387,388,389]	[571,572,573,576,583,586,587,590,591,598,599,600]
P03366_P03989	-1	-1	-1	0.0	0.0	0.0	0.0	0.0	0.0	37	42	10	22	[605,607,608,700,764,765,768,769,771,772,775,776,778,779,811,885,886,887,920,921,957,958,969,972,973,976,979,983,984,985,1001,1005,1006,1007,1008,1009,1011]	[39,40,41,42,45,56,59,63,64,65,70,72,74,77,111,112,113,114,115,116,145,201,202,205,206,207,208,210,212,215,216,217,218,219,220,230,231,259,260,261,262,263]	[263,264,265,266,267,268,269,270,271,272]	[49,86,87,89,90,93,94,97,100,101,104,108,123,140,170,171,174,176,179,183,187,191]
P61077_Q6RCR3	-1	-1	-1	-1	-1	-1	-1	[]	[]	[]	[]
P13987_Q9LCB8	-1	-1	-1	0.10344824019026201	0.07894734764543482	0.0	0.0	0.21428556122459913	0.14285707482996438	15	14	17	21	[29,30,32,39,40,41,42,43,48,63,66,77,78,79,80]	[83,84,85,86,87,88,89,90,91,106,445,446,447,448]	[67,68,70,71,72,73,82,83,85,86,87,88,90,91,99,100,101]	[92,436,438,440,443,444,445,447,448,449,450,451,452,453,454,477,478,480,482,501,502]
B6DRA0_Q16630	-1	-1	-1	0.03225805411030513	0.04545452479339782	0.058823494809708936	0.0999999000001	0.0	0.0	17	14	10	12	[137,143,145,146,147,148,149,150,152,153,156,157,160,186,189,190,192]	[-1,81,82,110,111,113,115,118,128,134,160,161,164,165]	[185,189,199,202,206,209,234,238,239,240]	[276,277,278,279,280,281,282,283,284,285,286,287]
Q49DS8_Q6P5S8	-1	-1	-1	-1	-1	-1	-1	[]	[]	[]	[]
P0CG47_P0DTD1	-1	-1	-1	0.13375795326382464	0.4199999160000168	0.283783745434629	0.9999995238097505	0.0	0.0	74	83	21	29	[-1,83,84,85,87,105,107,108,109,110,111,112,113,114,115,116,120,125,146,147,148,149,150,151,153,154,156,158,160,161,162,163,164,166,168,170,171,172,177,180,181,183,184,185,186,187,189,190,192,194,196,197,198,199,200,201,203,204,206,209,210,211,212,214,215,216,218,220,222,223,224,225,226,227]	[4800,4818,4826,4831,4834,4886,4887,4888,4889,4891,4892,4893,4899,4900,4903,4935,4937,4938,4939,4941,4942,4943,4945,4947,4949,4961,4969,4972,4973,4975,4976,4982,4983,4984,4985,4986,4987,4988,5074,5075,5077,5079,5080,5150,5151,5153,5198,5199,5205,5206,5211,5213,5214,5218,5225,5228,5237,5238,5240,5241,5247,5249,5250,5253,5256,5257,5262,5263,5264,5265,5266,5267,5268,5269,5271,5274,5278,5310,5311,5312,5314,5316,5320]	[158,160,194,196,198,199,200,201,203,206,214,215,216,218,220,222,223,224,225,226,227]	[1672,1674,1720,1724,1725,1726,1727,1729,1730,1733,1737,1750,1758,1760,1762,1766,1769,1770,1771,1785,1786,1788,1810,1811,1827,1831,1832,1833,1834]
P60953_Q06277	-1	-1	-1	-1	-1	-1	-1	[]	[]	[]	[]
P00747_P00779	-1	-1	-1	0.12711863329503106	0.10204080938497895	0.0	0.0	0.27777772633745806	0.17647056747405088	64	54	62	85	[21,22,24,27,29,39,41,44,45,46,47,48,51,52,54,55,56,57,59,68,71,208,210,211,212,213,220,221,222,225,393,394,396,441,443,479,481,483,484,485,487,488,519,520,521,522,523,535,536,538,559,560,565,567,614,686,688,689,691,768,770,804,807,808]	[177,178,180,182,191,193,194,195,196,197,203,204,205,206,208,215,216,217,218,219,221,223,224,241,243,244,246,247,249,251,255,256,257,258,260,262,263,264,265,266,268,270,273,297,299,301,307,308,309,310,311,312,313,314]	[575,578,579,580,581,582,583,584,585,586,588,589,601,602,625,627,628,629,630,631,632,634,641,642,643,644,645,646,647,651,656,659,661,662,663,664,706,707,708,709,710,711,712,713,714,715,717,732,733,736,737,738,740,750,751,752,780,782,786,787,788,789]	[38,45,47,49,51,53,54,55,56,57,58,59,60,61,62,63,65,102,112,115,116,117,118,122,124,128,129,130,131,132,133,134,138,140,142,143,144,145,147,149,159,160,162,164,166,168,193,194,195,196,243,244,246,263,264,301,310,311,312,313,314,315,318,320,335,337,338,339,340,342,346,350,351,352,353,354,355,356,358,359,360,365,367,368,369]
P04578_P18465	-1	-1	-1	0.013333331555555793	0.03448274673008733	0.0	0.0	0.026315782548478276	0.04761902494332146	37	38	8	21	[59,60,61,62,63,64,68,71,72,114,117,125,135,136,163,166,172,180,181,182,183,185,186,187,204,206,207,208,209,300,301,302,303,304,439,442,443]	[108,109,110,111,112,114,145,160,161,162,166,169,212,214,216,218,219,220,221,222,226,228,230,249,250,251,252,253,255,256,258,259,260,266,272,274,275,277]	[2,3,4,5,8,9,10,11]	[86,87,90,93,94,97,98,100,101,104,108,123,140,170,171,174,176,179,183,187,191]
P69332_P78423	-1	-1	-1	-1	-1	-1	-1	[]	[]	[]	[]
P63208_Q5ZTL7	-1	-1	-1	0.32727266776860586	0.2608695274102134	0.5666664777778407	0.4473683033241307	0.0399999840000064	0.03225805411030513	30	25	38	31	[25,26,28,29,48,49,81,101,104,105,108,109,111,113,116,117,120,121,123,129,130,131,132,133,134,135,136,138,139,142]	[55,58,61,62,65,68,69,71,73,74,77,81,91,92,93,103,104,105,126,127,129,137,141,144,148]	[79,80,81,82,97,101,104,105,108,116,117,120,121,124,127,128,129,130,131,132,135,136,139,140,141,142,143,144,145,149,150,153,154,156,157,158,159,160]	[2,3,4,5,6,8,9,10,13,16,17,19,20,21,22,23,24,25,27,28,29,31,32,33,34,37,41,50,51,54,58]
P05534_Q9WPV9	-1	-1	-1	-1	-1	-1	-1	[]	[]	[]	[]
Q99816_Q9IF21	-1	-1	-1	-1	-1	-1	-1	[]	[]	[]	[]
P16778_Q07812	-1	-1	-1	-1	-1	-1	-1	[]	[]	[]	[]
P03204_P30685	-1	-1	-1	0.0	0.0	0.0	0.0	0.0	0.0	8	15	8	17	[283,284,285,286,287,288,289,290]	[32,34,36,45,47,49,51,56,116,118,120,141,144,259,261]	[98,99,100,102,103,104,105,106]	[86,90,93,94,97,100,101,104,108,123,170,171,174,176,179,183,187]
P18465_Q70A61	-1	-1	-1	-1	-1	-1	-1	[]	[]	[]	[]
A0A2R4LVT4_P52630	-1	-1	-1	-1	-1	-1	-1	[]	[]	[]	[]
P01903_P12495	-1	-1	-1	0.099999950000025	0.058823512110731724	0.15384603550304962	0.099999950000025	0.0	0.0	13	7	20	14	[31,32,33,34,35,36,37,38,107,164,166,168,170]	[449,450,451,452,453,454,455]	[34,36,49,56,68,76,77,78,79,80,83,86,87,90,91,93,94,97,98,101]	[167,168,169,170,171,172,173,174,175,176,177,178,179,180]
P03303_Q9H3P7	-1	-1	-1	0.19999995000001247	0.1355931973570852	0.0	0.0	0.38095219954657167	0.242424168962373	19	21	26	33	[1726,1729,1730,1731,1732,1733,1734,1837,1841,1842,1862,1865,1866,1867,1868,1869,1870,1872,1990]	[366,367,368,369,370,371,372,373,374,375,376,415,417,475,477,478,481,483,497,527,528]	[1444,1446,1447,1450,1454,1457,1458,1459,1462,1463,1466,1469,1470,1471,1472,1473,1474,1475,1476,1477,1478,1479,1480,1481,1482,1483]	[373,374,375,376,377,379,382,386,395,396,399,400,401,402,403,404,405,406,407,408,410,414,415,417,503,511,522,523,524,525,526,527,528]
D3HJY4_P14784	-1	-1	-1	0.0930232341806432	0.3636360330581518	0.1818180991735913	0.44444395061783265	0.0	0.0	22	21	9	2	[21,22,23,26,27,30,31,35,62,63,64,65,66,67,87,88,90,91,92,94,95,97]	[142,144,146,147,153,154,157,159,162,163,184,185,187,188,189,190,191,192,194,196,197]	[66,67,68,69,84,85,86,87,88]	[386,388]
Q6N030_Q8Q7Z9	-1	-1	-1	-1	-1	-1	-1	[]	[]	[]	[]
P08581_P25147	-1	-1	-1	-1	-1	-1	-1	[]	[]	[]	[]
P02788_Q54972	-1	-1	-1	-1	-1	-1	-1	[]	[]	[]	[]
M4STU1_P62987	-1	-1	-1	0.2799998880000448	0.13461535872781563	0.0	0.0	0.49999964285739795	0.30434769376187226	11	14	29	23	[1486,1495,1496,1497,1498,1500,1510,1540,1542,1543,1544]	[8,9,31,35,36,37,38,39,40,71,72,73,74,75]	[1590,1638,1643,1644,1645,1646,1648,1649,1652,1653,1656,1678,1682,1686,1689,1690,1691,1705,1706,1708,1710,1715,1730,1731,1754,1755,1756,1757,1758]	[4,8,39,42,44,46,47,48,49,51,52,54,62,63,64,65,66,70,71,72,73,74,75]
P52948_Q8B0H7	-1	-1	-1	-1	-1	-1	-1	[]	[]	[]	[]
P18010_P18206	-1	-1	-1	0.23529397923883574	0.04494381517485223	0.6666655555574075	0.09523807256236366	0.0	0.0	6	11	42	47	[-1,488,489,490,492,493]	[880,882,883,884,885,887,903,907,910,1129,1130]	[489,490,491,492,493,495,496,497,498,499,500,501,502,503,504,505,506,507,508,509,510,511,610,611,612,613,615,616,617,618,619,620,622,623,624,625,626,627,628,629,630,631]	[7,8,10,11,12,14,15,16,19,20,22,23,26,32,33,35,37,38,39,40,43,46,47,50,53,54,56,57,60,61,105,108,109,112,115,116,119,123,126,130,177,179,180,181,185,188,189]
P19551_Q6P5S8	-1	-1	-1	0.0	0.0	0.0	0.0	0.0	0.0	1	2	6	1	[309]	[130,131]	[120,200,201,202,203,432]	[116]
O00629_P0C1C7	-1	-1	-1	0.4705879584776715	0.11594201218231708	0.0	0.0	0.9999987500015626	0.3333331944445023	9	8	45	24	[408,411,414,445,448,452,463,464,466]	[436,437,438,439,440,441,442,443]	[96,100,101,102,103,105,133,137,141,144,145,147,172,179,183,186,187,219,222,229,230,261,264,268,271,299,302,306,313,314,315,316,341,344,345,348,352,355,387,390,397,426,429,433,437]	[421,422,423,424,425,426,427,428,429,430,431,432,433,434,435,436,437,438,439,440,441,442,443,444]
O00629_P0C1C6	-1	-1	-1	0.7647054325262161	0.18055553047839853	0.5555549382722909	0.10638295608873274	0.9999987500015626	0.3199998720000512	9	8	47	25	[302,306,341,344,345,381,382,383,386]	[434,435,436,437,438,439,440,441]	[96,97,100,101,102,103,105,133,137,141,144,145,147,172,179,183,186,187,219,222,229,230,261,264,268,271,299,302,306,313,314,315,316,341,344,345,348,352,355,387,390,394,397,426,429,433,437]	[419,420,421,422,423,424,425,426,427,428,429,430,431,432,433,434,435,436,437,438,439,440,441,442,444]
A8CDU0_P04229	-1	-1	-1	-1	-1	-1	-1	[]	[]	[]	[]
P0CG48_Q6RCR1	-1	-1	-1	0.32142853316326986	0.2967032640985424	0.23684204293630448	0.29999990000003335	0.39130426275994284	0.2950819188390297	38	46	30	61	[462,463,464,465,466,467,496,500,502,503,504,505,524,526,527,529,530,550,553,561,564,565,650,653,654,655,656,657,659,661,662,665,666,667,668,670,676,680]	[410,411,412,451,456,458,460,461,462,469,501,511,533,535,539,540,541,542,543,544,547,548,550,575,582,586,587,588,589,590,591,592,593,594,595,754,755,757,838,839,840,843,865,894,896,899]	[614,615,616,617,618,619,641,642,643,644,645,647,648,650,652,654,655,656,657,659,662,674,676,678,679,680,681,682,683,684]	[258,260,262,263,265,272,408,410,411,412,414,451,453,454,456,459,460,461,462,471,501,533,535,536,537,541,542,543,544,547,548,550,551,674,676,677,678,689,692,698,701,705,708,709,711,714,752,819,821,825,826,827,828,848,849,851,852,853,854,855,881]
B7TQM6_X5DSL3	-1	-1	-1	0.0	0.0	0.0	0.0	0.0	0.0	10	9	13	18	[57,61,62,64,65,66,67,68,70,99]	[97,159,160,187,189,190,191,192,194]	[138,139,142,143,146,151,152,153,155,159,160,163,167]	[39,41,44,46,48,50,79,149,171,203,205,206,207,217,219,221,223,225]
P36711_P78310	-1	-1	-1	0.06249996093752441	0.02499999375000156	0.14285693877580175	0.058823494809708936	0.0	0.0	7	9	17	23	[403,405,475,500,501,502,504]	[31,36,38,40,42,94,95,96,106]	[415,417,418,425,426,429,450,451,455,487,488,489,494,496,497,498,500]	[48,50,51,52,54,56,68,69,70,73,75,76,80,81,82,83,85,121,123,125,126,127,128]
P01730_Q75760	-1	-1	-1	0.0	0.0	0.0	0.0	0.0	0.0	6	5	26	36	[159,160,172,173,177,296]	[63,116,117,308,309]	[48,49,50,52,54,57,58,59,60,65,66,67,68,69,70,71,73,77,83,84,85,86,88,89,110,113]	[96,123,125,126,192,193,195,276,277,278,279,280,360,361,362,363,365,366,416,418,419,420,421,422,423,446,448,449,450,451,452,460,463,464,465,467]
P01024_P68799	-1	-1	-1	0.09090907024793857	0.09756095181440198	0.0	0.0	0.21052620498620792	0.19047609977328583	25	19	20	21	[772,778,783,784,785,786,788,789,790,791,792,793,795,804,806,816,818,819,820,821,822,823,824,825,826]	[115,119,122,125,142,143,145,146,147,148,149,150,152,153,154,156,157,160,161]	[1026,1029,1030,1032,1035,1039,1042,1043,1050,1090,1091,1094,1095,1096,1097,1098,1156,1157,1160,1161]	[103,106,107,110,127,128,130,131,134,135,138,139,141,142,148,152,156,159,163,164,165]
P00742_P23827	-1	-1	-1	0.14492751522789635	0.23255808545160803	0.0	0.0	0.3124999023437805	0.5555552469137517	37	32	25	18	[238,239,245,259,279,280,294,312,313,315,316,317,319,356,358,366,367,368,369,370,371,374,375,381,407,407B,410,411,412,416,417,426,431,442,443,445,446]	[57,59,70,72,74,101,102,103,104,105,106,107,108,111,115,120,122,123,126,148,150,151,152,153,155,156,157,158,159,160,161,162]	[254,256,258,259,276,280,316,317,318,319,366,373,395,396,397,416,417,419,438,440,441,442,445,448,449]	[69,70,72,74,76,77,96,98,99,100,101,102,103,105,106,108,109,120]
Q6P5S8_Q8Q7Z9	-1	-1	-1	-1	-1	-1	-1	[]	[]	[]	[]
P04637_Q9WYW0	-1	-1	-1	0.1666666481481502	0.4054052958364065	0.0	0.0	0.3061223865056354	0.5357140943878235	41	49	9	28	[-1,128,129,130,131,164,166,167,286,288,289,290,291,321,324,325,326,327,328,329,330,331,332,334,335,337,338,341,342,343,345,346,347,348,349,350,351,352,353,354,355]	[31,33,34,35,37,38,40,42,45,48,49,51,54,58,59,62,65,66,70,105,110,111,116,121,123,125,126,127,128,129,130,143,144,145,147,150,151,152,153,158,160,162,163,164,165,167,168,169,172]	[377,378,379,380,381,382,383,384,385]	[33,34,45,46,48,54,123,125,126,128,160,162,163,164,165,166,168,171,175,192,193,194,195,198,202,217,219,222]
P05893_Q8WUM4	-1	-1	-1	-1	-1	-1	-1	[]	[]	[]	[]
O52623_P60953	-1	-1	-1	-1	-1	-1	-1	[]	[]	[]	[]
P12499_P18464	-1	-1	-1	0.0	0.0	0.0	0.0	0.0	0.0	16	20	8	20	[494,495,497,515,538,539,540,541,542,543,570,576,585,586,587,588]	[34,36,38,41,45,47,116,118,143,144,145,146,236,249,252,253,254,255,256,257]	[716,717,718,719,720,721,722,723]	[86,87,90,93,94,97,100,101,104,108,123,140,170,171,176,179,180,183,187,191]
P62937_Q72497	-1	-1	-1	0.242424168962373	0.242424168962373	0.24999987500006252	0.2631577562327599	0.23076905325457442	0.21428556122459913	20	13	19	14	[13,14,15,44,45,46,49,50,68,69,70,71,73,78,79,149,151,152,155,157]	[-1,177,212,215,216,217,253,254,255,257,260,261,264]	[55,57,59,60,69,71,72,73,74,82,102,103,107,121,125,126,148,149,151]	[217,218,219,220,221,222,223,224,225,226,227,252,253,254]
Q16611_Q85295	-1	-1	-1	0.2307691715976483	0.2432431775018439	0.099999950000025	0.11764698961941787	0.36842085872586383	0.3499998250000875	20	19	17	20	[85,88,89,92,93,96,117,118,121,122,123,124,126,127,130,170,173,174,175,182]	[38,39,40,41,42,43,44,46,47,48,50,51,70,71,133,134,136,137,138]	[70,71,72,73,74,75,77,78,79,80,81,82,84,85,86,89,90]	[36,41,44,47,48,51,54,55,63,66,67,70,71,76,77,78,79,82,126,128]
O43521_P0C6Z1	-1	-1	-1	0.3260868856332857	0.3658535693040075	0.7142853741498219	0.8333328703706276	0.0	0.0	21	25	18	23	[142,143,145,147,148,149,151,152,153,154,155,156,157,158,159,160,162,163,164,165,166]	[6,27,30,31,34,35,36,80,84,88,94,96,123,124,127,128,131,135,138,139,141,142,143,145,146]	[141,142,143,144,145,146,147,148,149,151,152,153,155,156,157,159,160,162]	[53,60,61,64,67,68,71,75,76,77,78,82,85,86,89,90,93,97,98,99,100,103,158]
Q77DJ5_Q7Z6E9	-1	-1	-1	0.0	0.0	0.0	0.0	0.0	0.0	19	24	15	10	[141,142,143,144,148,172,176,179,180,252,254,256,257,259,260,261,263,264,266]	[267,268,281,282,285,286,289,306,307,310,311,316,323,324,325,326,327,329,330,331,332,333,334,335]	[197,198,199,200,203,206,209,213,222,225,229,230,231,234,237]	[557,558,559,560,561,562,563,564,565,566]
P13500_Q2F862	-1	-1	-1	0.2857141836735058	0.15686271434064425	0.41176446366796254	0.31818167355378474	0.09090900826453795	0.03448274673008733	17	11	22	29	[24,25,26,27,28,29,30,31,32,33,34,52,58,67,71,73,75]	[79,80,81,105,146,149,152,156,207,208,209]	[32,33,34,36,37,38,39,40,41,43,44,46,47,52,58,68,69,70,72,73,74,75]	[72,74,75,76,77,78,83,85,100,102,104,155,156,157,159,161,163,218,220,221,222,223,224,225,226,227,228,232,258]
P08160_Q14790	-1	-1	-1	0.2211538248890553	0.4693876593086409	0.1320754467782176	0.3499998250000875	0.3137254286812885	0.5517239476813973	53	51	20	29	[10,12,13,33,35,37,38,64,65,68,69,72,73,76,77,79,80,81,82,83,84,85,86,87,88,89,90,91,92,93,94,95,96,161,162,193,195,218,220,221,222,223,224,225,228,230,232,249,261,262,265,283,284]	[253,256,258,317,319,320,321,330,332,334,335,360,363,364,365,366,367,368,369,370,371,372,373,374,396,406,407,408,412,413,414,432,444,445,447,448,449,451,452,453,454,456,457,458,459,461,463,465,466,467,468]	[2,3,4,5,6,81,82,83,84,85,86,87,250,251,252,253,254,255,258,260]	[253,255,256,257,258,259,261,317,318,319,360,363,365,411,412,413,414,415,416,417,423,427,430,449,453,454,455,456,457]
P01892_P12901	-1	-1	-1	-1	-1	-1	-1	[]	[]	[]	[]
P46934_Q05128	-1	-1	-1	0.0	0.0	0.0	0.0	0.0	0.0	16	20	10	8	[-1,1274,1278,1279,1280,1282,1283,1284,1285,1303,1304,1307,1310,1311,1312,1313]	[54,55,57,59,60,61,62,65,66,67,103,105,106,107,109,110,112,113,116,117]	[849,853,855,857,859,861,864,865,866,868]	[8,9,10,11,13,14,15,16]
A0A0C5HAL9_Q9UHB7	-1	-1	-1	-1	-1	-1	-1	[]	[]	[]	[]
P15529_Q772X2	-1	-1	-1	-1	-1	-1	-1	[]	[]	[]	[]
P68871_Q2FG07	-1	-1	-1	0.0	0.0	0.0	0.0	0.0	0.0	18	19	3	1	[37,38,40,41,42,44,83,98,100,101,102,106,140,143,144,145,146,147]	[-1,491,495,498,499,502,503,509,520,523,527,595,636,638,639,640,641,643,645]	[51,52,53]	[445]
Q16531_Q80IU5	-1	-1	-1	-1	-1	-1	-1	[]	[]	[]	[]
P03204_P30481	-1	-1	-1	0.3529409688582536	0.19999993333335556	0.9999983333361112	0.5999994000006	0.0	0.0	6	11	10	20	[283,285,287,288,289,290]	[30,32,34,47,49,51,56,120,122,258,259]	[281,282,283,284,285,286,287,288,289,290]	[86,89,90,93,94,97,100,101,104,108,121,170,171,174,176,179,180,183,187,194]
A4GWM6_P12830	-1	-1	-1	-1	-1	-1	-1	[]	[]	[]	[]
P01892_P12499	-1	-1	-1	0.0	0.0	0.0	0.0	0.0	0.0	32	27	18	9	[34,36,45,47,49,51,56,59,61,64,72,120,144,226,228,236,238,240,249,250,252,253,254,255,256,257,258,259,260,261,266,286]	[490,491,494,497,498,514,515,516,518,538,539,540,541,542,543,558,568,570,576,580,582,583,584,585,586,587,588]	[87,90,93,94,97,100,101,104,108,121,170,171,174,176,179,183,187,191]	[897,898,899,900,901,902,903,904,905]
P10845_Q496J9	-1	-1	-1	-1	-1	-1	-1	[]	[]	[]	[]
P02787_Q09057	-1	-1	-1	0.2244897501041326	0.10476189478458145	0.0	0.0	0.4399998240000704	0.19999996363637024	24	25	50	55	[61,62,63,65,66,69,72,73,75,88,91,92,93,94,95,161,163,164,165,167,343,346,347,349]	[96,98,118,120,121,126,127,128,129,135,136,137,138,139,140,141,142,143,151,153,246,247,249,368,369]	[46,47,48,50,51,52,284,288,291,292,299,300,308,368,369,371,372,375,376,378,379,380,389,391,452,509,515,518,520,521,522,523,524,530,532,541,544,545,546,566,567,568,569,571,573,635,636,644,645,646]	[72,73,74,77,95,96,98,114,115,116,120,130,139,140,141,142,153,154,163,166,168,170,177,178,188,189,214,215,219,220,223,224,225,226,227,231,239,242,243,246,247,284,285,286,287,325,342,343,345,369,416,623,628,659,680]
P30481_Q3KSS8	-1	-1	-1	0.0	0.0	0.0	0.0	0.0	0.0	14	12	17	12	[214,216,218,219,222,226,228,253,255,256,257,258,259,272]	[53,54,55,56,57,58,59,60,61,62,63,64]	[86,90,93,94,96,97,100,101,108,170,171,176,179,180,183,187,194]	[169,170,171,172,173,174,175,176,177,178,179,180]
Q6JKR9_Q96MU8	-1	-1	-1	0.11971830142828863	0.4047618083900456	0.0	0.0	0.24285710816327025	0.772726921487763	72	70	20	22	[590,593,594,596,600,601,602,604,605,606,607,608,609,610,611,612,613,614,615,616,617,618,619,620,621,622,623,624,625,626,627,628,629,630,635,637,638,639,641,642,647,684,688,767,769,785,826,827,828,829,831,832,840,842,843,844,845,846,847,849,850,851,852,853,854,855,856,857,858,859,860,861]	[29,30,50,51,52,53,100,102,103,104,106,107,108,110,115,117,118,119,120,124,126,128,129,133,138,139,140,141,152,154,155,156,157,163,165,171,173,174,177,178,179,180,182,184,185,187,188,189,191,192,193,194,195,201,203,208,210,215,216,217,218,219,220,222,223,224,243,245,247,317]	[207,208,209,210,211,212,564,664,669,725,727,732,773,776,777,778,780,781,783,784]	[50,51,65,88,89,90,104,105,106,108,124,126,140,141,178,187,189,191,192,194,201,203]
P01857_P38507	-1	-1	-1	0.016666665740740792	0.10714281887756469	0.0	0.0	0.05263156971375969	0.23076905325457442	123	57	15	13	[-1,-1B,-1,-1A,-1B,-1,-1D,-1B,-1A,-1B,-1,-1C,-1,-1C,-1B,-1I,-1,-1,-1,-1D,-1,-1D,-1,-1A,-1,-1,-1J,-1,-1,-1I,-1,-1,-1J,-1,-1J,-1A,-1A,-1,-1,-1C,-1D,-1,-1D,-1,-1,-1E,-1,-1E,-1,-1E,-1,-1E,-1F,-1F,-1F,-1,-1,5,10,42,43,80,82,91,92,93,94,95,96,97,99,109,110,111,112,113,114,124,126,127,129,130,131,135,136,137,138,139,141,143,147,151,154,169,171,172,173,174,175,176,177,178,179,181,183,184,190,192,193,259,263,265,267,268,269,270,272,274,275,276,279,319,321]	[-1,57,60,76,77,81,84,85,104,105,108,109,112,115,116,117,118,119,120,121,122,123,127,130,131,132,133,134,135,146,147,162,163,166,167,170,176,177,178,180,181,185,188,189,236,237,239,243,244,246,247,248,249,250,251,258,262]	[131,135,136,137,138,192,193,194,197,313,314,316,317,318,319]	[216,220,221,222,224,225,226,228,229,238,239,243,246]
P18464_P24740	-1	-1	-1	0.0	0.0	0.0	0.0	0.0	0.0	40	36	17	9	[32,34,36,38,41,45,47,49,63,118,120,122,141,211,214,216,218,224,226,228,230,240,247,249,250,251,252,253,254,255,256,257,258,259,260,261,265,266,268,296]	[-1,482,483,484,485,486,487,489,490,504,505,506,507,508,510,523,525,526,528,529,530,531,532,533,534,535,536,538,560,568,572,576,577,578,579,580]	[86,90,93,94,97,100,101,104,108,123,170,171,174,176,183,187,191]	[1168,1169,1170,1171,1172,1173,1174,1175,1176]
P15144_Q1HVL3	-1	-1	-1	-1	-1	-1	-1	[]	[]	[]	[]
P30685_Q9YYU8	-1	-1	-1	0.23529397923883574	0.1428570918367529	0.0	0.0	0.7999984000032001	0.3999996000004	12	5	18	10	[36,38,41,45,116,118,254,255,256,257,258,259]	[73,74,80,81,82]	[86,90,93,94,97,100,101,104,108,121,170,171,174,176,179,183,187,191]	[71,72,73,74,75,76,78,79,80,81]
A0A0D6HC73_P11215	-1	-1	-1	0.11290320759625683	0.17948713346483755	0.0	0.0	0.21874993164064635	0.3499998250000875	30	32	19	20	[69,71,72,73,75,76,77,79,81,86,88,90,92,109,111,115,157,199,200,201,202,205,260,264,265,267,268,271,273,275]	[159,162,163,164,167,170,194,195,196,197,198,199,203,204,207,208,214,216,217,219,220,221,222,223,224,237,240,241,242,243,262,263]	[143,145,146,210,212,214,215,292,321,323,341,343,345,346,347,348,349,350,351]	[159,160,162,194,223,224,260,261,262,263,264,265,267,269,270,289,292,293,294,295]
P13747_Q0QI92	-1	-1	-1	-1	-1	-1	-1	[]	[]	[]	[]
P13051_Q936H5	-1	-1	-1	0.49999975000012503	0.15873013353489943	0.666665925926749	0.18181812672177977	0.3636360330581518	0.1333332888889037	9	11	33	30	[256,259,260,274,276,277,284,285,286]	[37,38,39,40,42,43,89,99,101,102,104]	[117,120,124,125,153,154,156,157,159,161,173,174,175,177,180,184,219,221,223,224,227,229,256,257,260,276,277,279,280,281,282,284,285]	[22,24,25,26,27,28,29,30,31,33,34,35,37,38,44,50,52,54,55,57,59,62,65,67,87,89,97,98,99,100]
Q8WUM4_Q9WC62	-1	-1	-1	-1	-1	-1	-1	[]	[]	[]	[]
P13746_R4X2K3	-1	-1	-1	-1	-1	-1	-1	[]	[]	[]	[]
Q0TR53_Q15750	-1	-1	-1	0.04444443950617338	0.2857140816327988	0.08510636487098619	0.44444395061783265	0.0	0.0	47	43	9	5	[194,196,197,200,219,224,225,261,262,298,300,301,302,336,338,339,342,343,347,372,373,403,404,432,435,487,488,489,490,492,496,540,541,542,544,545,546,548,549,552,553,556,598,599,600,601,607]	[36,38,39,40,44,45,46,47,48,138,139,140,141,142,143,145,146,149,150,152,153,156,157,159,160,227,230,231,232,233,247,255,256,257,259,345,346,347,348,350,351,353,354]	[189,190,219,370,401,402,404,487,490]	[392,393,394,395,396]
Q6N030_Q993A8	-1	-1	-1	-1	-1	-1	-1	[]	[]	[]	[]
P0DTC2_Q9BYF1	-1	-1	-1	-1	-1	-1	-1	[]	[]	[]	[]
P15529_P35774	-1	-1	-1	0.0	0.0	0.0	0.0	0.0	0.0	19	21	20	11	[106,107,128,129,131,159,175,182,183,184,185,186,188,204,205,206,207,209,218]	[138,139,163,172,174,176,219,220,221,222,223,260,262,266,267,268,312,314,315,317,319]	[47,48,49,59,61,63,64,65,68,69,70,71,72,74,75,76,77,97,98,101]	[152,208,209,245,247,280,281,282,283,284,285]
P01042_Q8KRB4	-1	-1	-1	0.37037023319620993	0.4545452479339782	0.5555549382722909	0.8333319444467593	0.27777762345687584	0.31249980468762206	9	18	6	16	[380,381,382,383,384,385,386,387,388]	[21,54,276,283,298,300,301,302,303,343,354,355,454,455,458,530,546,547]	[381,382,383,384,385,389]	[52,53,54,256,276,303,338,399,401,427,431,452,454,455,456,480]
D1MPH2_Q6IPQ0	-1	-1	-1	-1	-1	-1	-1	[]	[]	[]	[]
C5MK56_P03206	-1	-1	-1	0.0	0.0	0.0	0.0	0.0	0.0	11	10	18	11	[34,36,116,118,143,144,254,255,256,258,261]	[207,217,218,220,221,222,230,231,232,234]	[86,89,90,93,94,97,100,101,104,108,170,171,174,179,180,183,187,191]	[52,53,54,55,56,57,60,61,62,63,64]
P10845_P60880	-1	-1	-1	-1	-1	-1	-1	[]	[]	[]	[]
P13688_Q8GDI6	-1	-1	-1	-1	-1	-1	-1	[]	[]	[]	[]
P03300_Q9H3P7	-1	-1	-1	0.04166664930556279	0.01694914966963565	0.0	0.0	0.07692301775152481	0.03225805411030513	11	13	28	31	[1769,1770,1772,1774,2153,2154,2155,2156,2157,2189,2192]	[366,367,368,369,371,372,374,375,376,478,481,483,485]	[1474,1475,1477,1478,1481,1482,1485,1486,1487,1490,1491,1494,1497,1498,1499,1500,1501,1502,1503,1504,1505,1506,1507,1508,1509,1510,1511,1512]	[373,375,377,379,386,390,392,393,395,396,399,400,401,402,403,404,405,406,408,413,415,417,497,507,522,523,524,525,526,527,528]
A0A2A4GXB5_P05164	-1	-1	-1	-1	-1	-1	-1	[]	[]	[]	[]
Q9BXH1_Q9DHU6	-1	-1	-1	0.4062498730469146	0.27659568583070515	0.8571422448983965	0.5714282993198575	0.055555524691375174	0.03846152366864474	14	18	21	26	[137,138,141,142,144,145,146,147,148,149,151,152,153,154]	[27,30,31,32,34,35,38,122,125,126,129,132,133,134,136,137,140,141]	[130,131,132,133,134,136,137,138,140,141,142,143,144,145,146,147,148,149,151,152,155]	[48,49,52,53,56,59,60,63,65,75,76,79,80,83,84,87,88,90,92,93,96,138,141,142,143,144]
P01579_Q66793	-1	-1	-1	-1	-1	-1	-1	[]	[]	[]	[]
P68036_Q3YTH2	-1	-1	-1	-1	-1	-1	-1	[]	[]	[]	[]
O14646_Q38SQ2	-1	-1	-1	-1	-1	-1	-1	[]	[]	[]	[]
A0A129J378_Q9GZQ8	-1	-1	-1	-1	-1	-1	-1	[]	[]	[]	[]
P03407_P08631	-1	-1	-1	-1	-1	-1	-1	[]	[]	[]	[]
P01892_Q03463	-1	-1	-1	0.0	0.0	0.0	0.0	0.0	0.0	26	16	21	9	[34,36,45,47,49,51,56,72,118,120,143,144,145,218,226,228,253,254,255,256,258,259,260,261,266,272]	[-1,317,318,320,321,324,326,327,329,330,333,336,337,338,340,341]	[87,89,90,93,94,97,100,101,104,108,123,170,171,174,176,179,180,182,183,187,191]	[1073,1074,1075,1076,1077,1078,1079,1080,1081]
P04229_P12495	-1	-1	-1	0.0	0.0	0.0	0.0	0.0	0.0	7	5	15	13	[37,39,41,58,62,63,64]	[449,451,452,453,455]	[38,40,42,86,89,90,96,99,100,106,107,110,111,114,118]	[167,168,169,170,171,172,173,174,175,176,177,178,181]
P0C1C7_P31947	-1	-1	-1	0.0	0.0	0.0	0.0	0.0	0.0	1	1	4	15	[442]	[50]	[446,447,448,450]	[49,56,60,122,133,171,175,178,182,219,222,225,226,229,230]
P78423_Q7TDW8	-1	-1	-1	0.13793098692034933	0.17391296786392701	0.0	0.0	0.2857140816327988	0.33333305555578707	15	14	11	12	[32,33,49,50,52,53,55,56,57,61,66,70,72,99,100]	[225,258,259,283,292,293,294,295,296,298,306,310,311,314]	[40,41,42,43,44,46,47,68,69,71,73]	[167,169,209,225,227,310,311,313,314,315,316,318]
P03466_P03989	-1	-1	-1	0.0	0.0	0.0	0.0	0.0	0.0	17	13	9	20	[-1,70,71,72,130,156,174,175,176,177,178,199,202,217,218,220,221]	[145,146,249,250,252,253,254,255,256,258,259,260,261]	[383,384,385,386,387,388,389,390,391]	[86,90,93,94,97,100,101,108,121,123,140,170,171,174,176,179,180,183,187,191]
O14646_T2F8K6	-1	-1	-1	-1	-1	-1	-1	[]	[]	[]	[]
P01857_P19909	-1	-1	-1	0.034883716873986406	0.10344824019026201	0.0	0.0	0.19999986666675557	0.21428556122459913	71	15	15	14	[-1,-1B,-1,-1A,-1B,-1,-1D,-1B,-1A,-1B,-1,-1C,-1,-1C,-1B,-1I,-1,-1,-1,-1D,-1,-1D,-1,-1A,-1,-1,-1J,-1,-1,-1I,-1,-1,-1J,-1,-1J,-1A,-1A,-1,-1,-1C,-1D,-1,-1D,-1,-1,-1E,-1,-1E,-1,-1E,-1,-1E,-1F,-1F,-1F,-1,-1,77,78,79,106,109,111,113,174,176,177,178,179,180,181]	[377,379,381,382,383,384,385,386,399,402,403,420,428,429,430]	[135,136,137,138,194,263,265,268,270,316,317,318,319,320,321]	[394,395,396,398,399,402,403,406,411,412,413,414,415,416]
P62330_Q7DB50	-1	-1	-1	0.5952379535147729	0.6410254766601341	0.5652171455577628	0.6499996750001625	0.6315786149586237	0.6315786149586237	23	19	20	19	[37,38,39,40,41,42,43,44,45,46,48,50,51,53,66,67,69,72,73,75,76,77,110]	[149,150,151,152,154,183,185,186,187,188,189,301,302,305,306,309,351,352,353]	[31,35,37,38,39,40,41,42,43,44,45,48,68,69,72,75,105,125,157,158]	[89,90,111,112,113,148,149,150,151,152,154,183,185,302,306,351,352,353,354]
Q96HN0_Q9YIV0	-1	-1	-1	-1	-1	-1	-1	[]	[]	[]	[]
P08174_Q9QP24	-1	-1	-1	-1	-1	-1	-1	[]	[]	[]	[]
P08411_Q9UN86	-1	-1	-1	0.31578930747931183	0.28571414965992875	0.0	0.0	0.5454540495872277	0.46153810650914884	8	11	8	13	[248,254,255,258,259,261,262,264]	[3,6,7,10,14,17,18,21,121,122,124]	[1785,1786,1787,1788,1789,1790,1791,1792]	[6,10,14,18,22,29,32,33,58,122,123,124,125]
P04626_P38507	-1	-1	-1	0.07619046893424106	0.258064432882441	0.12068963436385614	0.2692306656805132	0.021276591217746547	0.19999960000080003	58	47	26	5	[109,110,111,123,156,157,182,183,185,187,188,320,323,339,340,341,342,343,348,349,351,352,353,354,357,358,359,362,363,365,366,368,369,379,386,387,388,389,396,398,399,401,402,404,423,426,427,429,456,457,459,538,555,556,557,559,561,580]	[-1,48,51,54,55,57,60,61,69,84,85,104,105,108,109,110,112,115,117,118,119,120,121,122,123,126,130,133,134,140,144,145,147,148,195,196,199,203,250,251,253,254,256,257,258,261,264]	[394,395,398,401,417,418,419,420,423,426,427,449,451,452,456,507,508,509,512,523,524,525,526,537,538,539]	[217,247,248,249,250]
P01730_Q1PHM6	-1	-1	-1	-1	-1	-1	-1	[]	[]	[]	[]
P02679_Q2G015	-1	-1	-1	-1	-1	-1	-1	[]	[]	[]	[]
P04229_P04664	-1	-1	-1	0.31578930747931183	0.20689648038052402	0.0	0.0	0.8571416326548106	0.49999958333368055	12	7	17	12	[35,37,131,132,133,134,135,147,174,177,185,187]	[306,311,314,315,316,317,318]	[38,40,42,85,86,89,90,96,99,100,106,107,110,111,114,118,119]	[306,307,308,309,310,311,312,313,314,315,316,317]
P69905_Q2FG07	-1	-1	-1	0.05263155124655198	0.014925370906661057	0.12499984375019532	0.028571420408165595	0.0	0.0	8	11	35	32	[2,90,93,128,139,140,141,142]	[348,351,381,473,474,475,477,478,507,508,511]	[5,6,8,9,10,12,13,16,17,19,20,42,43,45,46,47,54,55,57,58,61,62,65,68,69,72,73,75,79,82,83,86,87,90,92]	[363,366,368,391,392,394,395,419,420,421,443,444,447,449,492,495,499,503,556,559,561,562,564,567,568,637,638,640,641,643,644,646]
P30460_Q3KST2	-1	-1	-1	0.4374997265626709	0.21874993164064635	0.0	0.0	0.9999985714306123	0.7777769135812072	9	7	23	9	[212,214,228,230,256,257,258,259,266]	[325,326,327,329,331,332,333]	[31,86,87,90,93,94,97,98,100,101,104,108,123,140,170,171,174,176,179,180,183,187,191]	[325,326,327,328,329,330,331,332,333]
P05362_V9VEF3	-1	-1	-1	0.0	0.0	0.0	0.0	0.0	0.0	31	29	26	35	[220,222,224,225,226,228,231,232,234,236,238,262,264,265,266,267,271,273,275,308,312,382,383,384,385,426,428,429,430,460,461]	[624,625,626,628,629,711,713,736,758,759,760,761,762,763,764,765,766,768,771,772,775,776,777,779,785,827,846,847,849]	[52,54,55,56,57,61,62,63,66,67,68,69,70,71,72,73,74,76,77,79,93,95,97,98,99,100]	[206,207,208,209,211,234,235,236,237,238,240,519,520,521,522,745,746,747,748,795,796,803,804,805,806,807,808,809,810,814,815,816,817,818,864]
P0DP24_Q5ZTK6	-1	-1	-1	0.2526315523545734	0.22641507297971009	0.4199999160000168	0.3684209879963179	0.06666665185185514	0.061224477301127074	50	45	57	49	[13,14,15,16,18,19,20,22,23,24,25,26,27,29,30,31,35,38,39,40,41,42,43,44,45,46,47,48,50,51,52,55,56,59,60,61,62,63,65,73,75,76,77,79,80,83,87,139,140,143]	[176,181,182,183,185,188,189,192,196,203,205,206,207,208,209,210,211,212,214,215,216,217,218,219,272,285,765,768,780,782,783,786,803,811,814,819,821,822,823,824,826,827,830,831,834]	[3,4,6,8,9,11,12,14,15,16,18,19,20,22,23,24,25,26,27,35,38,39,41,61,63,65,66,67,68,77,85,86,89,90,92,93,95,105,106,108,110,113,114,115,116,117,120,121,124,125,128,142,143,145,146,147,148]	[98,99,100,101,102,103,105,106,107,284,479,651,655,657,660,759,763,766,767,770,796,800,801,804,805,808,812,830,831,833,834,835,837,838,839,840,841,842,843,844,845,846,847,848,849,850,851,852,853]
P05534_Q9YYU3	-1	-1	-1	0.4285712244898931	0.27272719008266966	0.0	0.0	0.9999988888901234	0.8999991000009	12	9	23	10	[214,216,218,226,228,230,258,259,260,261,262,266]	[143,144,145,146,147,148,149,151,152]	[83,86,87,90,93,94,97,100,101,104,108,123,170,171,174,176,179,180,183,187,190,191,194]	[143,144,145,146,147,148,149,150,151,152]
P01024_Q931M7	-1	-1	-1	0.04347825141777143	0.045454535123969284	0.04166664930556279	0.04166664930556279	0.04545452479339782	0.0499999750000125	24	22	24	20	[765,767,768,769,770,771,772,773,774,775,796,803,805,807,809,812,813,814,815,816,817,818,819,820]	[41,45,49,52,55,56,59,60,62,63,65,66,98,99,102,106,109,110,112,113,115,116]	[573,576,577,578,579,580,751,752,753,754,756,757,759,760,762,765,766,792,794,797,827,918,920,922]	[61,68,69,70,71,72,73,76,77,80,81,83,84,87,93,103,107,110,111,114]
P01730_Q0ED31	-1	-1	-1	0.5454542975207739	0.2399999520000096	0.6153841420121985	0.34782593572785403	0.44444395061783265	0.14814809327848397	13	9	23	27	[47,48,49,50,52,60,63,64,65,66,110,112,113]	[-1,121,122,367,368,419,424,425,426]	[47,48,50,52,54,57,58,59,60,65,66,67,68,69,70,71,73,77,84,85,88,110,115]	[281,282,283,284,285,365,366,367,368,370,371,419,420,421,423,424,449,451,452,453,454,455,463,466,467,468,470]
B7UI21_Q13158	-1	-1	-1	-1	-1	-1	-1	[]	[]	[]	[]
B7UM99_P16333	-1	-1	-1	0.0	0.0	0.0	0.0	0.0	0.0	7	8	10	17	[53,70,71,72,73,74,75]	[281,282,335,336,337,338,340,345]	[470,472,473,475,476,477,478,479,480,481]	[289,311,312,326,328,329,330,331,342,343,344,355,359,360,362,363,369]
P0DOX7_P17763	-1	-1	-1	0.09090907910271699	0.41176446366796254	0.0	0.0	0.19444439043211376	0.6363630578517656	41	36	6	11	[-1,14,15,39,41,42,80,81,107,109,110,112,114,116,117,118,119,122,123,135,137,138,162,163,164,165,166,167,168,169,170,174,176,200,201,202,203,205,206,207,208]	[282,308,326,327,545,585,587,588,589,590,591,593,601,603,605,607,609,639,640,641,642,643,644,645,646,655,657,664,665,666,667,668,670,671,672,674]	[1,27,28,32,49,93]	[580,583,585,587,607,608,609,610,641,664,665]
P18465_Q8URG0	-1	-1	-1	-1	-1	-1	-1	[]	[]	[]	[]
O43521_O57173	-1	-1	-1	0.6666665277778067	0.7804876145152159	0.699999650000175	0.7368417174517277	0.6428569132653881	0.8181814462811607	20	28	19	22	[142,145,146,148,149,150,152,153,154,155,156,157,159,160,161,162,163,164,165,166]	[96,99,100,101,103,104,114,117,119,121,124,125,128,132,135,136,137,138,139,140,141,144,147,148,151,155,181,185]	[143,144,145,146,147,148,149,150,151,152,153,155,156,157,158,159,160,162,163]	[96,99,100,104,107,110,111,114,117,119,120,121,124,128,132,136,138,139,140,141,144,185]
P03366_P43629	-1	-1	-1	0.0	0.0	0.0	0.0	0.0	0.0	60	58	4	8	[605,606,607,608,685,686,687,688,689,690,691,692,693,694,698,699,700,702,709,711,712,714,753,756,760,761,764,765,768,769,771,772,775,776,778,779,780,782,783,784,785,811,814,829,969,972,973,976,977,979,980,981,983,984,985,1005,1006,1007,1008,1009]	[28,30,50,51,52,53,54,56,57,62,63,64,65,66,67,68,69,71,72,73,74,75,77,78,86,87,88,89,92,94,96,98,99,100,101,102,103,104,105,106,108,109,111,112,120,121,148,149,151,171,174,199,200,201,202,203,204,205]	[246,247,248,249]	[136,137,186,187,220,221,300,303]
P13198_Q13114	-1	-1	-1	-1	-1	-1	-1	[]	[]	[]	[]
P63000_Q51451	-1	-1	-1	0.15254234702672084	0.1578947091412791	0.33333320987658893	0.3461537130178027	0.0	0.0	27	32	26	31	[-1,3,5,23,24,25,26,36,37,38,39,40,41,43,45,48,49,50,52,56,64,67,70,71,73,74,166]	[315,316,332,346,347,348,349,351,352,353,354,361,363,380,393,394,396,398,399,400,404,406,417,419,420,422,423,425,426,428,429,430]	[11,12,13,31,32,33,34,35,36,37,38,39,56,61,62,63,64,66,67,69,70,73,104,116,128,132]	[96,97,98,100,101,102,104,105,106,108,109,111,112,115,116,119,133,136,137,140,141,142,146,150,153,154,182,183,186,187,196]
P05362_Q7T7N6	-1	-1	-1	0.0	0.0	0.0	0.0	0.0	0.0	42	45	11	15	[224,228,231,232,234,262,273,275,277,321,343,344,345,347,348,349,363,365,366,367,368,370,372,382,383,384,385,387,388,389,391,393,394,402,418,420,424,425,426,441,442,443]	[705,727,728,735,737,738,739,752,753,754,755,756,757,758,760,762,763,764,765,766,771,772,773,774,775,776,777,778,779,785,789,790,791,792,793,794,795,796,797,798,800,810,811,812,813]	[57,66,67,68,69,70,95,97,98,99,100]	[207,208,211,235,236,237,241,431,518,520,521,522,523,524,569]
P63000_Q05608	-1	-1	-1	0.27272714876038695	0.09677417793964871	0.0	0.0	0.46153810650914884	0.1874999414062683	9	13	30	32	[26,121,160,161,162,163,164,166,167]	[506,509,510,512,513,567,570,573,574,577,578,581,601]	[32,34,35,36,38,39,56,61,62,63,64,66,67,69,70,73,74,87,88,91,94,95,133,134,135,140,141,144,147,148]	[573,574,577,578,580,581,585,586,587,588,591,592,595,596,598,599,601,602,621,623,624,627,628,630,631,634,678,685,688,689,706,713]
P01889_P12478	-1	-1	-1	-1	-1	-1	-1	[]	[]	[]	[]
P62805_Q1HVJ0	-1	-1	-1	-1	-1	-1	-1	[]	[]	[]	[]
P01903_P0A0L3	-1	-1	-1	-1	-1	-1	-1	[]	[]	[]	[]
P03172_Q15223	-1	-1	-1	0.4482757074911354	0.14285712715855745	0.1428570408163994	0.042553182435493095	0.7333328444447704	0.24999994318183108	14	15	47	44	[82,83,84,88,95,97,99,103,104,107,148,171,172,209]	[73,74,75,76,77,90,91,92,94,115,117,149,176,201,202]	[48,49,50,51,52,61,62,63,64,75,76,77,78,79,101,104,105,107,108,109,110,111,112,113,157,162,164,197,198,223,225,226,231,235,240,241,242,243,245,246,247,248,255,256,259,260,263]	[59,61,63,64,68,73,74,75,76,77,80,84,85,86,87,88,90,94,95,113,115,125,127,128,129,130,131,133,147,149,150,151,152,153,154,176,198,202,208,236,237,238,239,240]
P0CG48_Q99PZ6	-1	-1	-1	-1	-1	-1	-1	[]	[]	[]	[]
P01892_Q9DIT6	-1	-1	-1	-1	-1	-1	-1	[]	[]	[]	[]
P0CG48_Q66431	-1	-1	-1	-1	-1	-1	-1	[]	[]	[]	[]
O89343_P52799	-1	-1	-1	0.33333326388890333	0.2253520809363266	0.6399997440001024	0.4571427265306495	0.0	0.0	25	23	35	36	[386,388,389,401,402,490,491,492,494,495,496,497,498,499,501,502,504,529,530,531,532,533,554,555,557]	[35,36,37,38,42,43,63,68,70,71,72,73,74,76,107,139,141,142,143,151,155,156,158]	[213,237,238,239,240,241,242,244,246,305,388,389,401,402,404,458,490,491,492,501,504,505,506,507,529,530,531,532,533,555,557,559,581,583,588]	[54,55,57,88,92,93,94,96,97,98,100,102,103,104,105,106,108,109,110,111,113,115,116,117,118,119,120,121,122,123,124,125,127,130,148,149]
D4QGA2_Q14108	-1	-1	-1	-1	-1	-1	-1	[]	[]	[]	[]
A9PKC6_Q16630	-1	-1	-1	0.0	0.0	0.0	0.0	0.0	0.0	15	18	9	12	[35,36,37,38,43,44,45,46,47,48,49,50,51,82,143]	[90,91,93,94,95,98,109,111,112,116,119,120,121,122,123,150,152,173]	[85,89,99,102,106,134,138,139,140]	[276,277,278,279,280,281,283,284,285,286,287,288]
P04003_W0T1Y4	-1	-1	-1	-1	-1	-1	-1	[]	[]	[]	[]
P62820_Q5ZSQ3	-1	-1	-1	0.6363634435262292	0.2359550296679742	0.6249996093752441	0.22727267561984643	0.6470584429067983	0.24444439012346886	16	17	44	45	[29,33,35,36,37,39,41,44,49,65,72,73,75,76,79,82]	[380,381,382,383,385,426,427,428,431,432,435,438,480,482,483,484,486]	[3,5,6,7,8,9,10,11,13,19,20,34,36,38,39,40,41,42,43,44,45,46,47,48,61,65,67,68,69,71,72,73,74,75,77,78,79,82,83,84,85,101,116,175]	[373,376,377,380,407,410,411,414,415,418,421,422,423,424,426,427,428,431,432,434,435,437,438,441,442,444,445,448,449,450,451,452,453,454,456,478,480,483,484,512,516,526,527,530,534]
P0A6A8_Q9HD34	-1	-1	-1	0.299999850000075	0.23076914201186846	0.5999994000006	0.42857112244919826	0.0	0.0	10	10	14	12	[30,37,38,41,45,57,58,60,61,64]	[28,65,67,68,69,71,72,73,75,76]	[15,36,37,38,39,41,42,45,48,49,54,56,57,60]	[6,9,10,13,14,17,18,21,37,40,41,44]
Q5ZXN6_Q9H0U4	-1	-1	-1	0.26086950850662854	0.1263157761772867	0.0	0.0	0.4799998080000768	0.2553190946129586	21	25	48	47	[39,43,46,47,50,87,89,90,92,93,306,310,313,314,478,479,480,481,482,483,484]	[8,10,23,30,32,33,34,35,36,37,38,39,41,42,43,44,45,46,62,70,73,76,77,79,80]	[45,94,103,104,106,140,141,142,143,144,145,146,147,233,508,531,534,535,536,537,560,564,586,587,588,598,599,620,621,631,633,634,657,658,664,668,669,670,691,701,702,734,736,737,739,740,741,742]	[27,30,31,32,33,34,35,36,37,38,41,52,53,64,67,75,76,77,78,79,101,102,105,108,109,110,124,125,126,127,128,133,137,141,146,153,154,155,156,157,159,160,164,167,168,170,171]
P61586_Q8KNY0	-1	-1	-1	-1	-1	-1	-1	[]	[]	[]	[]
P12493_P49790	-1	-1	-1	0.14814812071331096	0.258064432882441	0.2666665777778074	0.38095219954657167	0.0	0.0	30	24	21	10	[148,151,152,154,156,169,170,171,173,174,175,177,178,179,180,182,183,185,186,189,190,192,239,250,251,255,260,264,267,268]	[-1,722,723,724,727,729,732,737,738,739,740,749,750,751,752,753,754,755,756,757,758,759,760,761]	[170,173,185,186,189,195,198,199,202,238,239,267,268,271,272,275,305,308,309,310,314]	[1410,1411,1412,1413,1414,1415,1416,1417,1418,1419]
A0A376KDN7_P00748	-1	-1	-1	-1	-1	-1	-1	[]	[]	[]	[]
P04608_P50750	-1	-1	-1	0.03999999466666738	0.24999979166684028	0.08823526816609759	0.9999966666777778	0.0	0.0	34	41	3	9	[1,2,3,4,6,7,9,10,11,12,13,14,15,16,17,18,19,20,21,22,23,24,25,26,33,35,36,39,40,44,45,46,47,48]	[7,8,9,10,11,12,13,15,30,49,51,52,53,54,55,56,57,58,59,61,62,64,65,68,71,74,82,83,84,86,88,96,97,98,99,170,184,187,188,204,234]	[9,11,12]	[144,172,173,175,176,177,181,182,183]
P01903_P04664	-1	-1	-1	0.3599998560000576	0.27272719008266966	0.0	0.0	0.9999988888901234	0.6923071597637233	16	9	20	13	[27,29,31,33,52,53,54,115,117,118,119,133,165,166,173,175]	[309,310,311,312,313,314,316,317,318]	[32,34,36,49,56,68,76,77,78,79,80,83,86,87,90,91,94,97,98,101]	[306,307,308,309,310,311,312,313,314,315,316,317,318]
P18465_Q70XD7	-1	-1	-1	-1	-1	-1	-1	[]	[]	[]	[]
Q9H2E6_V5T923	-1	-1	-1	-1	-1	-1	-1	[]	[]	[]	[]
O41925_P47992	-1	-1	-1	0.12068963436385614	0.13999997200000558	0.0	0.0	0.2799998880000448	0.30434769376187226	33	25	27	23	[44,45,46,47,57,59,65,66,67,69,70,213,214,215,315,316,326,328,338,340,343,345,348,349,350,352,355,356,357,358,359,360,364]	[22,23,24,25,26,27,29,30,31,33,34,35,51,52,53,54,55,56,71,72,97,98,99,100,101]	[104,105,106,107,108,146,147,149,151,153,165,194,198,250,251,252,261,292,293,294,295,296,297,298,299,381,384]	[28,29,30,31,33,34,35,36,37,38,39,40,41,44,54,64,66,67,68,69,74,75,76]
P10844_P21579	-1	-1	-1	0.0	0.0	0.0	0.0	0.0	0.0	43	44	21	12	[438,439,440,441,445,535,551,552,554,557,558,560,561,564,565,567,568,575,579,582,584,633,636,637,638,641,642,736,740,870,872,873,893,895,1093,1154,1155,1156,1157,1158,1159,1160,1162]	[171,172,173,174,175,176,200,201,233,234,235,236,237,268,273,282,287,289,293,295,296,298,301,302,304,305,306,307,308,310,331,332,333,334,336,337,339,341,367,397,399,400,401,403]	[1113,1115,1116,1117,1118,1176,1178,1183,1185,1188,1191,1192,1194,1197,1199,1201,1203,1204,1244,1245,1246]	[37,39,40,43,44,46,47,48,50,51,52,53]
P06210_P15151	-1	-1	-1	0.12592591659808025	0.2023809282879847	0.0985915354096429	0.1521738799622	0.1562499755859413	0.2631578254847827	71	64	46	38	[606,608,625,627,628,629,630,631,632,633,634,635,638,639,640,641,642,644,645,646,647,648,650,653,691,698,702,705,779,780,784,786,787,788,789,790,791,792,793,794,795,796,797,798,800,802,804,805,806,807,808,810,848,849,850,851,852,853,854,855,857,860,861,862,863,864,868,869,870,871,879]	[40,42,46,48,68,69,70,71,72,73,87,88,91,95,105,109,114,115,116,118,120,138,140,156,173,174,176,178,180,181,182,183,184,185,186,187,188,189,190,191,194,195,196,197,200,208,209,211,212,213,217,220,222,224,226,227,228,229,230,231,232,233,245,269]	[207,208,209,210,240,397,398,399,400,402,403,407,424,426,431,433,434,437,483,521,522,523,529,569,570,669,680,681,684,685,687,689,692,744,746,792,800,801,802,804,805,806,809,812,813,860]	[30,57,61,63,68,70,71,72,73,74,75,76,79,81,82,83,84,85,86,87,88,90,95,99,100,101,114,116,117,124,126,128,129,130,132,133,134,199]
O00499_Q8JUX6	-1	-1	-1	0.0	0.0	0.0	0.0	0.0	0.0	28	27	14	11	[71,74,75,77,78,79,81,82,83,84,85,86,87,88,89,91,92,94,253,257,260,263,264,267,268,269,270,271]	[1142,1146,1165,1167,1254,1270,1281,1282,1283,1284,1285,1286,1287,1302,1303,1309,1310,1311,1312,1314,1315,1317,1318,1319,1321,1322,1323]	[529,531,534,535,536,556,557,559,560,561,562,583,587,588]	[1730,1731,1732,1733,1734,1735,1736,1737,1739,1740,1742]
P00747_P17811	-1	-1	-1	0.12244896709704417	0.59999970000015	0.06382977365323965	0.3333329629633745	0.17647055363322478	0.8181810743808415	47	51	9	11	[339,340,341,342,582,583,584,585,586,600,601,602,604,606,622,625,626,628,629,659,663,664,665,705,706,707,708,709,710,711,712,713,715,735,738,753,754,755,756,780,781,782,783,784,786,787,789]	[51,60,73,93,95,97,108,109,117,125,127,168,170,171,173,174,175,176,177,178,179,180,181,182,183,184,189,225,227,228,229,230,231,232,233,234,235,276,278,279,280,281,282,283,284,285,286,287,288,289,290]	[576,577,578,579,580,581,582,583,585]	[51,60,61,106,108,170,171,179,230,231,235]
P80098_Q2F862	-1	-1	-1	0.23255808545160803	0.20408159100375692	0.31578930747931183	0.28571414965992875	0.16666659722225116	0.1428570918367529	19	24	21	28	[29,30,31,32,46,49,50,52,67,69,70,71,72,73,93,94,95,96,98]	[21,22,23,24,25,118,123,124,125,221,223,257,258,259,260,262,263,266,267,269,270,273,274,275]	[32,33,34,35,36,37,38,39,40,41,44,46,47,58,68,69,70,72,73,74,75]	[74,75,76,77,78,83,85,100,102,104,156,157,159,161,163,218,220,221,222,223,224,225,226,227,228,233,257,258]
P0CG48_P19811	-1	-1	-1	0.048780481856038796	0.1290322164412205	0.10256407626562146	0.2857140816327988	0.0	0.0	39	43	14	17	[464,498,500,501,502,503,504,505,514,515,516,520,526,529,530,548,550,553,557,561,564,565,632,636,639,640,646,647,650,655,656,657,659,661,662,663,666,667,680]	[2371,2372,2381,2384,2386,2388,2390,2404,2406,2408,2411,2413,2463,2464,2465,2474,2476,2477,2478,2479,2485,2486,2487,2490,2492,2502,2504,2507,2509,2510,2564,2567,2577,2579,2580,2582,2583,2584,2586,2587,2588,2702,2728]	[616,617,648,650,652,655,657,676,678,679,680,681,682,683]	[268,290,291,293,295,296,297,313,314,315,316,317,328,331,347,351,353]
A8CDU0_P01903	-1	-1	-1	-1	-1	-1	-1	[]	[]	[]	[]
P01903_Q03909	-1	-1	-1	0.5862066944114847	0.4999998529412197	0.33333314814825105	0.28571414965992875	0.9999990909099173	0.8461531952667729	18	11	21	13	[27,30,32,49,51,52,53,54,56,68,73,76,77,115,117,121,133,209]	[327,328,329,332,333,334,335,336,337,338,339]	[32,34,36,49,56,68,76,77,78,79,80,83,86,87,90,91,93,94,97,98,101]	[327,328,329,330,331,332,333,334,335,336,337,338,339]
P62979_Q5ZTL4	-1	-1	-1	0.04166664930556279	0.013333331555555793	0.0	0.0	0.09090900826453795	0.026315782548478276	13	11	37	38	[97,98,99,100,101,102,103,108,109,110,111,112,114]	[32,34,35,38,352,375,376,379,380,383,384]	[6,7,8,9,10,11,18,20,21,22,24,25,28,31,32,33,34,35,36,37,38,39,40,42,44,47,52,53,54,55,57,58,68,70,71,72,73]	[29,31,35,36,39,40,42,43,47,66,69,70,71,72,73,75,76,79,95,99,121,123,126,128,144,145,146,147,148,163,164,166,228,229,230,254,255,256]
Q5ZUV9_Q9GZQ8	-1	-1	-1	0.0624999804687561	0.099999950000025	0.0	0.0	0.12499992187504883	0.1999998000002	16	16	10	10	[60,201,203,204,205,206,249,250,251,252,255,283,287,288,290,298]	[1,40,42,43,45,73,74,76,77,78,80,116,117,120,121,122]	[25,28,29,33,34,35,379,380,381,427]	[61,62,65,74,75,76,89,90,91,92]
P13051_P14739	-1	-1	-1	0.7804876145152159	0.6808509189678895	0.7368417174517277	0.583333090277879	0.8181814462811607	0.7826083553876716	19	22	24	23	[125,154,156,157,159,160,161,173,174,176,177,219,221,222,223,224,227,280,281]	[19,20,21,22,23,24,25,27,28,31,32,40,45,54,56,61,62,65,73,75,76,77]	[153,154,156,157,161,174,177,219,221,222,223,224,225,227,256,257,260,277,279,280,281,282,284,285]	[3,18,19,20,21,22,23,24,25,28,31,32,47,54,61,62,63,65,73,75,76,77,79]
A7UPX0_S6B2B6	-1	-1	-1	0.022727267561984642	0.058823494809708936	0.0	0.0	0.05263155124655198	0.24999937500156252	25	19	13	4	[22,24,25,35,36,37,47,48,49,305,306,307,308,321,322,323,324,325,328,330,331,332,333,334,335]	[-1,60,62,63,65,66,67,68,79,80,81,82,83,85,130,132,133,135,202]	[131,132,135,138,178,179,180,182,184,185,186,253,255]	[74,79,125,129]
P03126_Q96QZ7	-1	-1	-1	0.1199999520000192	0.0810810591672813	0.24999979166684028	0.2999997000003	0.0	0.0	12	13	10	27	[-1,88,90,91,94,97,98,99,131,154,155,157]	[854,855,856,857,859,860,863,864,866,869,884,885,901]	[148,149,150,151,152,153,154,155,156,157]	[483,485,486,487,488,490,491,494,499,502,531,532,533,536,540,560,564,565,566,567,568,569,570,571,573,575,576]
C5MK56_Q1HVF7	-1	-1	-1	0.49999972222237654	0.32142845663269404	0.0	0.0	0.9999988888901234	0.8181810743808415	9	9	17	11	[212,214,228,230,258,259,260,261,266]	[407,408,409,410,411,412,414,415,417]	[86,90,93,94,97,100,101,104,108,170,171,176,179,180,183,187,191]	[407,408,409,410,411,412,413,414,415,416,417]
P02751_P14738	-1	-1	-1	0.0	0.0	0.0	0.0	0.0	0.0	27	35	70	38	[1362,1365,1366,1367,1368,1369,1370,1372,1379,1380,1382,1407,1408,1409,1410,1411,1412,1414,1416,1417,1474,1523,1524,1525,1526,1527,1529]	[211,212,213,214,216,218,221,223,334,336,338,339,340,341,379,381,383,385,386,437,439,443,467,469,471,473,482,486,488,491,493,494,495,497,499]	[96,98,100,101,105,108,109,111,116,119,121,124,126,129,130,131,132,133,134,135,136,137,138,142,156,158,159,163,173,174,175,176,177,178,179,180,181,182,184,185,187,189,203,205,209,216,218,219,220,221,222,223,224,225,226,227,228,234,235,248,264,265,266,267,268,269,270,271,272,274]	[508,509,510,511,512,513,514,515,516,517,518,519,520,521,522,523,524,525,526,527,655,656,657,658,659,660,661,662,663,664,665,666,667,668,669,670,671,672]
P13645_Q7A382	-1	-1	-1	0.17391300567108572	0.242424168962373	0.0	0.0	0.3333331944445023	0.3636361983471826	22	24	11	22	[399,400,403,404,406,407,408,409,410,411,414,417,418,421,422,424,425,426,428,429,432,433]	[364,365,366,367,368,369,415,416,418,419,496,497,498,499,501,503,516,519,520,521,522,523,525,529]	[477,478,479,480,481,482,483,484,485,486,487]	[235,236,270,271,281,282,283,328,360,366,519,520,521,522,523,525,526,527,528,529,530,531]
B0BXR4_P18206	-1	-1	-1	0.0	0.0	0.0	0.0	0.0	0.0	29	36	40	40	[49,51,193,194,195,196,197,198,199,201,220,222,223,225,235,237,265,267,269,270,272,273,274,275,355,356,357,358,359]	[149,224,227,228,231,232,235,236,267,270,271,274,361,362,364,365,366,368,369,371,372,373,375,379,383,386,387,402,406,409,410,413,414,416,417,420]	[412,413,414,416,417,418,419,420,421,423,424,425,426,427,428,429,430,431,432,434,812,813,814,815,817,818,819,820,821,822,824,825,826,827,828,829,831,832,833,834]	[8,11,12,13,15,16,19,22,23,25,26,34,35,36,37,38,39,40,43,46,47,50,53,54,56,57,60,61,64,105,108,112,115,116,119,123,126,127,130,181]
P03524_P29074	-1	-1	-1	-1	-1	-1	-1	[]	[]	[]	[]
Q786F2_Q96NY8	-1	-1	-1	-1	-1	-1	-1	[]	[]	[]	[]
Q99IB8_Q9H8S9	-1	-1	-1	0.0	0.0	0.0	0.0	0.0	0.0	27	31	14	29	[2466,2467,2468,2470,2471,2474,2873,2877,2878,2879,2940,2941,2943,2944,2945,2947,2948,2951,2952,2954,2955,2956,2965,2973,2974,2976,2977]	[15,16,17,18,22,23,26,29,30,33,62,63,66,69,70,73,74,76,77,112,116,120,123,124,126,127,129,134,135,136,175]	[2284,2285,2286,2287,2288,2289,2290,2291,2292,2293,2295,2296,2297,2298]	[91,92,93,94,96,97,98,99,106,108,117,153,154,157,164,167,171,176,177,178,180,181,184,199,202,206,207,210,211]
Q72497_Q99816	-1	-1	-1	0.08108107377647984	0.3749998437500651	0.0	0.0	0.16071425701531125	0.5999996000002666	55	56	9	15	[66,69,70,109,112,113,114,116,117,119,120,121,122,123,125,126,127,128,129,130,131,132,133,135,137,202,206,207,208,210,211,212,213,214,215,216,217,218,219,220,221,222,223,226,227,228,229,232,234,237,238,239,240,242,245]	[7,10,16,17,33,34,40,42,43,44,45,46,47,48,49,50,56,57,58,60,62,67,68,69,77,78,79,82,83,84,86,88,90,91,92,93,94,95,101,104,105,106,108,110,112,115,116,118,119,129,130,132,133,134,137,143]	[453,454,455,456,457,458,459,460,461]	[34,58,63,64,67,68,69,92,94,95,96,98,142,143,145]
P08603_Q19KF7	-1	-1	-1	0.4444443209876886	0.22222219135802898	0.0	0.0	0.8421048199448317	0.39999990000002494	17	19	32	40	[153,154,156,161,162,163,164,166,175,179,180,181,182,207,228,229,230]	[-1,62,66,141,142,144,145,151,153,155,157,227,228,233,235,247,249,267,272]	[336,337,338,339,340,342,343,344,350,351,352,353,354,356,358,359,360,365,366,367,368,369,371,373,388,390,392,393,402,403,404,405]	[62,65,66,67,109,110,111,112,114,118,141,144,145,146,147,153,155,157,159,160,161,165,223,225,226,227,228,229,233,235,237,244,245,246,247,249,265,267,272,274]
O60885_Q8UN00	-1	-1	-1	-1	-1	-1	-1	[]	[]	[]	[]
Q31610_T2D0U8	-1	-1	-1	-1	-1	-1	-1	[]	[]	[]	[]
P06731_Q57254	-1	-1	-1	0.32558131963225123	0.41176458477512207	0.5714282993198575	0.749999531250293	0.09090904958679565	0.11111104938275035	21	22	16	18	[63,66,71,72,73,74,75,76,77,78,93,123,125,127,128,129,130,131,132,133,135]	[35,37,38,40,41,42,43,44,45,46,47,48,53,96,97,99,100,143,145,146,147,148]	[63,72,74,75,76,78,83,90,91,92,93,123,125,127,129,131]	[43,47,55,61,64,66,68,70,109,110,111,112,113,125,127,128,130,132]
P02671_Q7A382	-1	-1	-1	0.021052629362881117	0.06060604224059325	0.0	0.0	0.03921567858516106	0.09523804988664292	44	51	12	21	[104,105,106,108,109,110,111,112,113,114,115,116,117,118,119,120,121,123,124,127,130,131,132,134,135,209,210,212,214,215,216,217,218,219,220,221,222,223,224,225,226,227,228,229]	[211,253,274,275,276,277,279,281,283,284,286,287,288,289,291,292,295,297,308,310,311,312,316,317,318,320,321,384,385,386,387,389,391,423,427,430,432,450,460,463,490,492,494,495,529,530,531,532,533,534,536]	[334,335,336,337,338,339,340,341,342,343,344,345]	[235,236,237,238,270,271,281,283,326,328,360,383,503,505,519,520,521,522,523,525,526]
P78310_Q64823	-1	-1	-1	0.020408159100375693	0.026315782548478276	0.0399999840000064	0.06249996093752441	0.0	0.0	25	24	16	22	[-1,48,50,51,52,54,56,64,65,67,68,69,70,73,75,76,78,80,83,121,123,125,126,127,128]	[213,215,216,218,291,294,300,302,303,304,306,307,308,310,312,317,318,320,322,345,357,358,360,362]	[19,21,23,24,25,26,27,28,30,31,38,40,96,128,129,134]	[197,198,199,200,201,229,230,239,240,241,242,243,245,247,258,259,261,297,298,331,332,340]
P78406_Q8B0H7	-1	-1	-1	-1	-1	-1	-1	[]	[]	[]	[]
P12504_Q15370	-1	-1	-1	0.03921567858516106	0.1428570408163994	0.0	0.0	0.07407404663924198	0.33333277777870374	24	27	8	6	[1,2,3,4,5,6,7,8,9,10,46,47,48,49,50,72,73,74,75,76,94,95,96,97]	[4,8,11,12,13,14,15,17,33,34,48,68,69,70,72,74,88,90,92,93,94,95,97,98,99,101,102]	[153,155,163,165,166,167,168,171]	[99,102,103,106,117,118]
Q68T42_Q9H3P7	-1	-1	-1	0.16071427136479718	0.2903225338189461	0.0	0.0	0.3461537795858116	0.5294116089965856	60	52	28	34	[572,573,574,575,589,590,591,592,593,594,595,596,597,598,599,600,601,602,603,604,606,607,608,609,610,612,614,615,616,617,618,620,621,623,626,629,669,673,815,816,817,818,820,838,841,842,843,844,845,846,847,848,850,851,852,854,855,856,857,858]	[368,370,371,373,375,376,377,378,379,380,381,382,386,391,392,394,396,406,414,415,417,426,432,438,439,440,442,443,444,445,446,447,448,473,474,476,477,478,481,482,483,484,486,489,490,492,497,507,523,525,527,528]	[1453,1456,1457,1460,1464,1467,1468,1469,1472,1473,1476,1479,1480,1481,1482,1483,1484,1486,1487,1488,1489,1490,1491,1492,1493,1494,1495,1496]	[373,374,375,377,379,382,386,390,392,393,395,396,399,400,401,402,403,404,406,408,410,414,415,417,497,507,511,522,523,524,525,526,527,528]
Q66479_Q9H3P7	-1	-1	-1	0.0	0.0	0.0	0.0	0.0	0.0	13	15	26	34	[882,890,896,898,899,943,945,948,953,954,955,956,958]	[426,432,478,481,482,483,484,485,486,489,490,492,509,511,512]	[1458,1459,1466,1469,1470,1471,1472,1474,1475,1478,1481,1482,1483,1484,1485,1486,1487,1488,1489,1490,1491,1492,1493,1494,1495,1496]	[373,375,377,379,382,386,390,391,392,395,396,399,400,401,402,403,404,405,406,408,410,413,414,415,417,507,514,522,523,524,525,526,527,528]
P04229_P0A0M0	-1	-1	-1	0.25714278367349036	0.3913041776938358	0.0	0.0	0.5294114532873805	0.6923071597637233	18	17	10	13	[129,131,132,133,134,135,147,149,177,178,179,180,181,182,183,185,187,220]	[128,129,130,131,132,133,135,137,139,143,144,145,146,147,149,151,226]	[50,94,95,98,99,102,105,106,109,110]	[131,132,133,135,137,139,147,149,151,193,229,230,232]
P35968_P52584	-1	-1	-1	0.0	0.0	0.0	0.0	0.0	0.0	26	28	18	15	[808,809,811,813,816,819,821,822,823,824,825,826,827,890,891,893,894,895,896,900,907,908,1018,1021,1022,1023]	[23,24,25,27,29,30,31,33,34,37,39,40,41,42,61,63,68,69,70,71,72,73,74,75,76,77,78,117]	[133,135,137,196,215,217,218,219,253,255,256,257,274,275,286,288,312,313]	[50,51,53,54,55,56,58,91,93,95,96,97,98,99,101]
P04003_P16947	-1	-1	-1	-1	-1	-1	-1	[]	[]	[]	[]
P05164_Q2G0X2	-1	-1	-1	-1	-1	-1	-1	[]	[]	[]	[]
P30996_P63027	-1	-1	-1	0.5777776493827446	0.35616433477200893	0.1764704844291268	0.07142855442177275	0.8214282780613292	0.7419352445370179	17	28	42	31	[96,99,100,101,102,359,361,388,389,390,394,395,396,398,399,400,401]	[28,31,32,35,36,38,39,40,41,42,43,44,45,46,47,48,49,50,51,52,53,54,55,56,57,58,59,60]	[16,17,26,28,29,33,38,41,42,52,53,54,113,131,132,133,138,145,147,148,164,168,171,172,173,175,179,184,244,263,308,310,311,315,316,318,319,322,347,398,399,400]	[25,26,27,28,29,30,31,32,33,34,35,36,37,38,39,40,41,42,43,44,45,46,48,49,50,52,53,54,55,56,57]
Q15843_Q7N439	-1	-1	-1	0.6216214536158233	0.3898304424016199	0.6666662222225186	0.3571427295918823	0.5909088223141716	0.41935470343396664	15	22	28	31	[9,11,36,42,44,47,48,49,51,70,71,73,74,75,76]	[83,113,116,117,118,119,122,125,127,129,149,187,208,209,210,211,214,215,266,267,269,272]	[6,8,9,10,11,12,24,31,32,33,34,35,36,37,38,39,40,42,44,46,47,66,68,70,71,72,73,74]	[80,81,82,83,98,102,105,106,114,115,116,118,119,120,124,125,127,129,130,149,153,180,182,185,208,210,211,215,217,272,274]
P13645_Q6GDH2	-1	-1	-1	0.24444439012346886	0.289473608033261	0.0	0.0	0.4583331423611907	0.4583331423611907	21	24	14	24	[376,379,380,382,383,386,387,390,391,393,394,396,397,400,401,403,404,407,408,411,415]	[235,236,281,282,283,284,286,289,290,291,292,295,310,311,415,499,501,523,525,526,527,529,530,531]	[499,500,501,502,503,504,505,506,507,508,509,510,511,512]	[235,236,237,270,271,281,283,328,360,366,383,384,519,520,521,522,523,525,526,527,528,529,530,531]
P0ABE7_P50052	-1	-1	-1	0.0	0.0	0.0	0.0	0.0	0.0	9	15	4	5	[85,116,120,121,122,123,124,125,128]	[164,177,203,207,210,211,213,214,217,218,221,277,281,284,286]	[40,41,43,114]	[35,36,288,289,290]
P03204_P03989	-1	-1	-1	0.0	0.0	0.0	0.0	0.0	0.0	4	8	9	19	[284,287,289,290]	[120,143,144,145,256,257,258,259]	[258,259,260,261,262,263,264,265,266]	[86,89,90,93,94,97,100,101,104,108,123,170,171,176,179,180,183,187,191]
D0ZRB2_P10599	-1	-1	-1	-1	-1	-1	-1	[]	[]	[]	[]
Q45894_Q496J9	-1	-1	-1	0.0540540394448542	0.0624999804687561	0.0	0.0	0.10526310249310396	0.1428570408163994	18	19	18	14	[64,69,206,207,240,241,242,244,250,252,253,254,255,256,257,369,419,420]	[480,482,484,485,486,501,503,504,506,508,523,524,526,528,544,546,564,565,566]	[953,954,955,1122,1137,1138,1139,1141,1142,1143,1144,1145,1146,1153,1156,1292,1294,1295]	[539,541,555,556,557,558,559,560,561,562,563,564,565,567]
P26664_Q8IUC6	-1	-1	-1	0.0	0.0	0.0	0.0	0.0	0.0	18	16	11	6	[2433,2434,2435,2436,2437,2438,2463,2515,2518,2689,2690,2821,2822,2823,2824,2858,2981,2983]	[466,467,470,471,474,475,477,478,479,481,483,484,505,508,509,510]	[1067,1083,1149,1158,1162,1163,1181,1182,1183,1184,1186]	[367,368,369,370,371,372]
P03135_Q8IZA0	-1	-1	-1	0.0	0.0	0.0	0.0	0.0	0.0	9	6	18	18	[234,236,293,294,297,298,302,688,690]	[445,451,452,455,458,459]	[263,264,265,266,267,268,269,271,382,383,384,385,498,499,502,503,507,511]	[405,406,409,413,414,417,427,429,431,432,434,435,436,437,438,439,442,462]
P01892_P03485	-1	-1	-1	0.013513511687363285	0.03846152366864474	0.0	0.0	0.029411756055365862	0.11111098765445816	40	34	17	9	[30,32,34,36,38,39,41,45,47,49,51,54,56,59,61,63,64,72,115,116,118,120,143,144,145,216,217,218,226,228,230,253,255,256,257,258,259,260,261,266]	[23,27,34,35,36,37,38,40,41,44,47,48,49,50,66,69,70,71,72,73,75,76,77,104,105,106,107,108,134,137,138,139,140,141]	[87,90,93,94,97,100,101,104,108,170,171,176,179,180,183,187,191]	[58,59,60,61,62,63,64,65,66]
P0C210_P46934	-1	-1	-1	-1	-1	-1	-1	[]	[]	[]	[]
P04610_Q92831	-1	-1	-1	0.0	0.0	0.0	0.0	0.0	0.0	13	14	8	14	[26,27,28,32,33,34,35,36,38,40,76,77,81]	[494,582,583,584,587,588,591,594,595,616,618,619,621,653]	[46,47,48,49,51,52,53,54]	[750,752,753,755,756,757,758,759,762,763,801,802,804,805]
H6QM92_P24928	-1	-1	-1	0.0	0.0	0.0	0.0	0.0	0.0	162	192	24	13	[20,23,24,34,38,80,82,83,84,85,86,88,89,97,104,105,106,137,201,202,203,205,207,208,210,211,213,214,216,217,218,219,220,223,226,229,230,231,233,234,236,237,266,267,269,270,272,274,277,279,281,327,328,329,363,377,380,381,386,387,388,389,390,391,392,393,394,395,421,422,423,424,425,426,427,428,429,430,431,433,434,465,469,506,507,508,509,510,511,512,529,530,533,534,562,564,567,568,569,571,572,574,577,578,581,582,585,586,588,589,590,592,593,594,595,596,597,599,600,601,614,615,616,634,635,638,642,643,644,646,647,648,649,651,652,654,655,656,658,659,661,662,663,665,666,668,669,680,681,683,684,686,687,688,690,691,700,701,705,707,708,710]	[366,368,369,371,372,373,475,478,479,480,481,483,496,497,498,539,540,547,552,554,556,559,566,674,677,678,680,681,682,683,684,685,686,687,688,689,690,691,692,693,694,695,696,697,698,699,700,701,703,704,705,707,708,709,710,711,712,714,732,734,735,737,738,744,747,749,750,751,754,755,757,758,759,761,762,763,765,766,769,775,778,779,780,783,784,790,791,792,794,796,797,799,800,802,803,804,805,806,808,809,810,811,813,814,815,816,817,818,824,825,827,828,829,830,831,832,833,834,836,837,839,840,841,842,843,844,845,846,847,848,849,850,851,852,853,855,875,876,877,878,880,886,889,913,914,958,961,964,965,967,968,969,971,1023,1024,1025,1026,1027,1028,1029,1030,1031,1032,1033,1035,1036,1039,1104,1105,1106,1107,1122,1144,1145,1149,1165,1167,1294,1302,1320,1321,1322,1323,1324,1325,1327,1329,1331,1354,1355,1356,1474]	[285,287,289,291,313,412,439,440,443,444,447,449,522,543,544,545,546,547,548,552,554,607,608,610]	[1713,1714,1715,1716,1718,1719,1720,1721,1722,1723,1725,1726,1727]
E5LC01_O60885	-1	-1	-1	-1	-1	-1	-1	[]	[]	[]	[]
P01889_Q6SW59	-1	-1	-1	0.0	0.0	0.0	0.0	0.0	0.0	8	6	21	11	[212,214,216,217,218,226,228,230]	[-1,498,500,501,502,503]	[86,87,90,93,94,97,100,101,104,108,123,140,170,171,174,176,179,180,183,187,191]	[265,266,267,268,269,270,271,272,273,274,275]
B9V0E2_Q8TCD0	-1	-1	-1	0.061224477301127074	0.5999988000024	0.03703702331962099	0.3333322222259259	0.09090904958679565	0.9999950000249999	27	22	3	2	[431,433,434,435,436,438,439,440,443,449,450,451,452,560,561,562,563,616,621,625,626,628,629,630,631,632,651]	[-1,21,49,55,56,57,59,61,68,69,70,71,74,80,81,115,116,117,118,119,120,123]	[430,432,434]	[57,74]
P24768_Q13618	-1	-1	-1	-1	-1	-1	-1	[]	[]	[]	[]
P24928_Q5V8Z9	-1	-1	-1	0.0	0.0	0.0	0.0	0.0	0.0	151	135	7	13	[10,12,13,16,18,19,20,21,22,24,26,30,34,73,74,84,135,138,139,193,241,242,321,323,324,327,340,344,396,397,399,400,401,404,407,408,439,441,442,557,565,566,568,569,570,571,572,573,574,598,599,663,730,731,732,733,734,735,738,739,792,794,796,797,799,800,804,815,841,844,845,846,848,849,850,851,852,853,855,856,859,862,863,883,989,993,994,995,1018,1019,1025,1026,1063,1066,1067,1070,1071,1073,1074,1077,1104,1105,1106,1107,1113,1114,1115,1116,1121,1122,1125,1126,1128,1129,1130,1131,1132,1133,1134,1135,1136,1165,1224,1303,1306,1307,1308,1309,1337,1363,1364,1416,1417,1420,1433,1436,1437,1438,1440,1441,1445,1447,1448,1450,1452,1480,1481,1482,1483,1484,1485]	[6,10,11,12,15,16,18,19,22,23,25,26,27,28,29,30,46,51,53,55,56,57,58,59,61,63,71,72,73,74,75,78,83,84,85,86,87,89,90,93,94,97,98,99,100,101,102,103,113,114,116,193,195,196,197,198,199,200,201,202,203,204,205,206,208,209,211,212,213,215,217,221,222,223,224,227,230,231,232,233,234,236,239,240,243,298,299,300,355,358,374,376,377,378,393,394,396,420,422,423,424,425,426,460,467,470,471,473,474,475,504,506,508,564,568,572,574,582,589,590,593,649,653,657,659,662,663,666,667,670,672,681,684,685,688]	[1719,1720,1721,1722,1723,1726,1727]	[412,413,414,415,440,441,444,445,448,488,605,628,631]
P13746_R4P6M5	-1	-1	-1	-1	-1	-1	-1	[]	[]	[]	[]
P05534_Q9Q5D4	-1	-1	-1	-1	-1	-1	-1	[]	[]	[]	[]
P05161_Q6TQR6	-1	-1	-1	0.30769222879686436	0.2999999250000187	0.0	0.0	0.59999970000015	0.5217389035917811	19	20	17	23	[9,10,12,44,48,49,50,51,52,53,54,72,74,75,77,80,81,143,144]	[10,18,20,37,38,78,80,81,82,83,92,95,96,97,98,99,128,148,149,150]	[87,89,90,91,120,123,128,130,132,133,149,151,152,153,154,155,156]	[10,11,12,13,14,16,18,20,77,78,80,81,82,98,99,101,102,120,128,131,146,149,150]
P0CG47_Q6RCR4	-1	-1	-1	0.3076922738799699	0.42424235996327875	0.6341461867936129	0.8387094068679333	0.039999992000001594	0.05714284081633119	41	50	31	35	[156,158,160,161,162,163,164,171,176,186,187,189,190,191,192,194,196,197,198,199,200,201,203,204,205,206,209,210,211,212,214,215,216,218,220,222,223,224,225,226,227]	[-1,6,7,8,10,12,44,62,63,64,65,66,70,71,74,75,77,78,82,85,86,608,610,615,622,664,668,671,672,673,674,676,677,678,679,719,732,734,735,736,737,738,743,745,746,749,757,758,761,762]	[158,160,161,183,184,185,186,187,188,189,191,192,194,197,198,199,200,201,203,211,212,214,218,220,222,223,224,225,226,227,228]	[16,38,42,43,44,45,47,50,51,66,271,273,276,277,278,281,283,284,319,320,321,324,325,433,434,437,438,441,442,443,463,464,503,504,505]
F5HF68_Q93009	-1	-1	-1	0.0	0.0	0.0	0.0	0.0	0.0	10	15	7	12	[124,125,126,158,159,162,163,166,169,170]	[424,489,491,492,496,499,500,501,502,503,505,506,507,508,509]	[44,45,46,47,48,49,50]	[102,104,152,153,155,162,164,165,166,167,168,169]
O50835_P02751	-1	-1	-1	0.0	0.0	0.0	0.0	0.0	0.0	12	10	11	17	[245,246,247,249,250,251,252,254,255,256,258,259]	[1479,1486,1488,1489,1490,1491,1519,1530,1532,1533]	[176,178,179,180,181,182,183,184,185,186,187]	[96,100,101,116,119,121,130,131,132,133,134,135,136,137,138,173,174]
P03180_Q13651	-1	-1	-1	0.39622634033465276	0.5384614003945126	0.3571427295918823	0.5263155124655198	0.4399998240000704	0.5499997250001375	28	25	19	20	[27,28,29,30,31,32,34,35,37,38,39,41,42,45,60,61,64,65,67,68,69,72,73,76,120,121,122,124]	[-1,63,64,65,66,92,93,94,117,120,121,152,153,156,158,159,162,163,164,165,186,210,211,212,213]	[30,31,32,34,35,38,39,41,42,45,46,49,50,52,54,55,56,57,58]	[64,65,66,67,69,94,97,115,116,117,119,121,122,164,166,208,210,211,212,213]
P52799_Q9IH62	-1	-1	-1	-1	-1	-1	-1	[]	[]	[]	[]
C6UYL8_Q9UQB8	-1	-1	-1	-1	-1	-1	-1	[]	[]	[]	[]
P03205_P04229	-1	-1	-1	0.0	0.0	0.0	0.0	0.0	0.0	34	34	12	15	[77,78,79,80,81,82,83,84,85,86,87,88,89,90,92,93,94,95,96,97,98,99,100,101,130,133,134,137,138,190,206,207,208,221]	[63,119,120,121,122,123,133,134,141,143,152,153,154,155,170,171,172,173,174,175,176,177,178,180,182,185,187,189,191,205,207,208,209,210]	[104,105,106,107,108,110,111,154,155,157,160,220]	[71,72,73,74,75,77,88,89,91,92,93,94,95,98,101]
Q8IZA0_Q9YIJ1	-1	-1	-1	0.0	0.0	0.0	0.0	0.0	0.0	13	15	18	25	[441,443,445,447,448,451,452,453,455,457,458,459,486]	[420,422,425,429,455,457,516,517,682,683,684,685,686,687,690]	[305,348,349,350,351,353,354,356,357,371,374,375,376,378,393,397,399,400]	[318,319,478,531,532,533,534,535,538,540,541,542,543,544,545,546,547,693,697,698,704,708,710,712,713]
P05889_P62937	-1	-1	-1	-1	-1	-1	-1	[]	[]	[]	[]
P02679_P14738	-1	-1	-1	0.16666661111112963	0.10416664496528229	0.0	0.0	0.31249980468762206	0.13157891274239136	14	16	10	38	[112,115,116,119,120,123,124,127,128,133,134,137,138,141]	[209,211,212,213,224,302,385,386,466,467,469,471,499,501,502,503]	[424,425,426,427,428,429,430,431,432,433]	[219,220,221,222,223,254,255,256,257,259,261,266,268,269,304,306,338,341,342,343,351,357,471,473,489,490,491,493,494,495,496,497,498,499,500,501,502,503]
Q8BES6_Q9H3P7	-1	-1	-1	-1	-1	-1	-1	[]	[]	[]	[]
Q56061_Q8IWE5	-1	-1	-1	-1	-1	-1	-1	[]	[]	[]	[]
K4LC41_P05161	-1	-1	-1	0.29411747404854466	0.07692306508875921	0.8333319444467593	0.13157891274239136	0.0	0.0	6	11	38	27	[1590,1644,1753,1755,1756,1757]	[8,9,10,46,48,49,50,51,52,72,74]	[1546,1550,1551,1555,1590,1610,1638,1643,1644,1645,1646,1648,1649,1652,1653,1656,1657,1670,1678,1682,1683,1686,1689,1690,1691,1692,1704,1705,1706,1708,1710,1715,1731,1754,1755,1756,1757,1758]	[27,31,34,56,57,85,87,123,125,127,128,129,130,132,133,134,139,143,144,145,147,151,152,153,154,155,156]
P08393_Q93009	-1	-1	-1	-1	-1	-1	-1	[]	[]	[]	[]
P17763_S6B291	-1	-1	-1	0.0	0.0	0.0	0.0	0.0	0.0	24	16	10	3	[300,302,336,409,411,412,413,446,447,449,450,452,464,466,467,468,469,473,474,490,564,566,568,625]	[-1,58,61,62,63,64,65,66,81,82,106,108,121,124,126,189]	[580,581,583,610,614,620,662,663,664,665]	[76,78,118]
P04862_P42224	-1	-1	-1	-1	-1	-1	-1	[]	[]	[]	[]
P01730_Q70145	-1	-1	-1	-1	-1	-1	-1	[]	[]	[]	[]
P0CG47_Q6RCR0	-1	-1	-1	0.31868128366139736	0.3020833018663227	0.34042545948394476	0.5925923731139359	0.29545447830580035	0.18840576979626525	47	44	27	69	[-1,83,84,85,86,112,116,120,122,123,124,125,144,146,147,148,149,150,153,154,156,158,160,161,162,163,164,166,168,171,185,194,196,197,209,212,214,215,216,218,220,222,223,224,225,226,227]	[241,243,246,250,253,275,567,568,570,571,574,692,695,696,698,699,700,702,708,711,715,719,721,724,760,761,762,764,765,766,767,768,828,829,830,833,834,859,860,861,862,863,864,865]	[158,159,160,161,162,163,186,187,188,189,192,194,196,197,198,199,200,201,218,220,222,223,224,225,226,227,228]	[7,8,11,14,16,17,18,21,33,34,36,38,39,43,45,58,63,65,66,67,68,681,696,700,707,708,711,715,718,719,720,721,774,829,831,835,836,837,858,859,862,863,864,865,890,891,950,953,954,956,957,960,961,962,963,1014,1016,1017,1021,1183,1184,1186,1187,1189,1190,1191,1193,1194,1195]
A0A0E8IWL6_P68871	-1	-1	-1	-1	-1	-1	-1	[]	[]	[]	[]
P14078_Q99816	-1	-1	-1	0.14772725594008454	0.5909088223141716	0.0	0.0	0.31707309339680645	0.9285707653065962	47	41	8	14	[-1,1212,1213,1215,1216,1217,1218,1219,1221,1222,1223,1249,1250,1252,1282,1283,1285,1307,1309,1317,1318,1320,1321,1362,1363,1364,1365,1366,1369,1372,1376,1379,1380,1382,1383,1384,1386,1387,1388,1389,1416,1417,1418,1419,1420,1432,1436]	[42,43,58,62,63,64,65,66,67,68,69,88,90,91,92,93,94,95,96,97,98,99,100,101,102,105,106,108,110,112,130,133,134,136,137,138,139,142,143,144,145]	[122,124,125,126,127,128,129,130]	[34,58,63,64,67,68,69,92,95,96,142,143,144,145]
Q70AA1_Q9MYI6	-1	-1	-1	-1	-1	-1	-1	[]	[]	[]	[]
O60486_Q8JL80	-1	-1	-1	-1	-1	-1	-1	[]	[]	[]	[]
P01892_P0C213	-1	-1	-1	0.3499998250000875	0.25925916323734693	0.0	0.0	0.9999985714306123	0.7777769135812072	13	7	18	9	[32,49,51,56,226,253,254,255,256,257,258,259,272]	[11,12,13,15,17,18,19]	[87,90,93,94,96,97,100,101,104,108,170,171,174,176,179,183,187,191]	[11,12,13,14,15,16,17,18,19]
P13423_P58335	-1	-1	-1	0.42222212839508255	0.38775502290713815	0.7307689497042501	0.6551721878716593	0.0	0.0	26	19	29	20	[653,677,678,679,681,682,683,684,685,687,688,691,710,711,712,714,715,717,718,719,720,721,723,744,745,746]	[41,71,72,74,75,76,77,99,202,203,204,207,210,211,212,214,215,217,218]	[369,370,371,372,373,377,378,675,677,678,679,683,684,685,687,688,691,709,710,711,712,713,714,717,719,723,744,745,746]	[51,53,54,56,57,87,88,111,113,114,115,116,117,119,122,125,152,153,154,158]
K9N5Q8_P27487	-1	-1	-1	0.1249999826388913	0.17647055363322478	0.0	0.0	0.23684204293630448	0.3461537130178027	34	38	25	26	[19,20,60,61,62,63,64,65,178,217,219,221,240,241,242,243,244,246,247,248,261,270,271,273,274,279,280,281,283,285,287,329,330,332]	[291,292,295,317,319,321,322,340,341,342,344,346,348,349,350,351,376,377,378,379,381,390,391,392,393,394,395,396,399,400,401,520,521,589,595,596,677,678]	[454,455,460,461,462,463,466,499,501,502,510,511,512,513,515,536,537,538,539,540,541,542,553,555,562]	[188,265,267,269,281,284,286,288,291,292,294,295,296,297,298,317,331,333,334,336,338,341,344,346,348,392]
O41925_P13500	-1	-1	-1	0.055555547839507245	0.1428570918367529	0.0	0.0	0.1333332888889037	0.30769207100609924	42	30	15	13	[114,116,122,124,125,157,185,188,189,190,231,233,235,236,237,238,239,240,243,244,245,247,263,266,267,268,269,270,273,282,285,330,332,333,334,335,336,337,403,404,405,406]	[24,25,26,27,28,29,30,31,33,34,36,49,50,51,52,53,55,56,67,69,70,71,72,73,91,93,94,95,96,98]	[250,261,291,292,293,294,295,296,297,298,299,300,380,381,384]	[32,33,34,36,37,38,39,58,60,61,73,74,75]
P00747_P15240	-1	-1	-1	-1	-1	-1	-1	[]	[]	[]	[]
A0A024R962_O50665	-1	-1	-1	-1	-1	-1	-1	[]	[]	[]	[]
D1MPH2_S6B2A6	-1	-1	-1	-1	-1	-1	-1	[]	[]	[]	[]
P01903_P04591	-1	-1	-1	0.16666663580247484	0.2432431775018439	0.2692306656805132	0.30434769376187226	0.07142854591837645	0.1428570408163994	26	28	23	14	[-1,26,27,28,29,30,31,32,33,34,49,51,52,53,56,68,72,73,75,76,77,164,165,166,167,168]	[160,161,162,163,165,166,167,169,170,171,173,174,192,193,194,195,196,276,277,278,279,280,281,284,286,288,299,305]	[32,34,36,49,56,68,76,77,78,79,80,83,86,87,90,91,93,94,96,97,98,100,101]	[299,300,301,302,303,304,305,306,307,308,309,310,311,312]
P06492_Q00403	-1	-1	-1	0.020408159100375693	0.023809518140590916	0.0	0.0	0.043478241965981754	0.043478241965981754	26	23	19	23	[47,48,49,124,125,127,130,131,133,134,135,138,140,141,142,144,145,147,148,151,152,155,241,244,245,248]	[59,60,62,64,83,85,86,87,88,89,90,91,98,100,104,119,122,123,126,127,129,182,185]	[465,468,469,472,473,475,476,477,479,480,481,483,484,485,486,487,488,489,490]	[178,184,185,187,188,189,190,192,193,194,196,197,200,201,205,248,290,291,293,294,312,314,315]
P04591_P62937	-1	-1	-1	0.1666666203703832	0.20689648038052402	0.0	0.0	0.31578930747931183	0.33333314814825105	17	19	11	18	[278,279,280,283,284,286,288,289,290,291,299,320,324,328,329,331,335]	[44,45,46,68,69,70,71,72,73,74,76,78,80,81,82,103,104,105,107]	[217,218,219,220,221,222,223,224,225,227,232]	[26,27,28,30,55,60,71,72,73,87,102,103,104,105,121,126,148,149]
P04229_Q52T95	-1	-1	-1	-1	-1	-1	-1	[]	[]	[]	[]
P01892_P04591	-1	-1	-1	0.0	0.0	0.0	0.0	0.0	0.0	47	42	17	8	[32,34,36,38,39,40,41,42,43,45,47,49,51,56,59,61,63,64,65,66,67,70,72,106,113,114,115,116,118,120,143,212,214,215,216,226,228,230,254,255,256,257,258,259,260,261,266]	[144,145,146,149,150,152,153,156,157,160,161,162,163,165,182,185,186,189,190,192,193,194,195,196,200,202,239,240,242,243,244,245,247,275,276,277,278,279,280,281,283,284]	[89,90,93,94,97,100,101,104,108,170,171,176,179,180,183,187,191]	[77,78,79,80,81,83,84,85]
A0A0E8IWL6_P00738	-1	-1	-1	-1	-1	-1	-1	[]	[]	[]	[]
P0C6H2_Q5MAG5	-1	-1	-1	-1	-1	-1	-1	[]	[]	[]	[]
P03230_Q12933	-1	-1	-1	-1	-1	-1	-1	[]	[]	[]	[]
P89884_Q14457	-1	-1	-1	0.34090901342976965	0.29999994000001196	0.6818178719009673	0.51724120095131	0.0	0.0	22	22	29	21	[44,47,51,52,54,55,57,58,60,77,80,81,82,84,85,86,87,130,131,133,135,136]	[264,269,270,271,272,273,275,286,287,288,299,301,309,312,315,316,319,332,333,334,335,336]	[44,47,48,50,51,52,54,55,56,57,58,59,62,63,65,66,69,70,73,74,77,78,80,81,84,85,86,87,134]	[105,106,108,109,110,112,113,114,115,116,117,118,119,120,121,122,123,124,126,127,128]
P01730_P20872	-1	-1	-1	-1	-1	-1	-1	[]	[]	[]	[]
D3HJY4_P31689	-1	-1	-1	0.0	0.0	0.0	0.0	0.0	0.0	20	22	4	1	[10,12,76,77,127,128,129,130,132,133,134,136,137,140,146,147,149,151,165,167]	[-1,1,2,3,4,5,9,10,12,14,15,16,28,29,32,33,39,40,41,43,44,47]	[66,67,68,69]	[380]
P03211_Q93009	-1	-1	-1	0.0	0.0	0.0	0.0	0.0	0.0	20	22	8	12	[468,469,471,494,495,498,499,500,502,504,554,569,570,573,597,599,600,601,602,607]	[217,218,219,220,221,271,272,273,288,464,479,481,483,484,508,509,562,650,653,654,866,867]	[441,442,443,444,445,446,447,448]	[102,104,152,153,155,162,164,165,166,167,168,169]
Q15843_Q63KH5	-1	-1	-1	0.6097559488400124	0.4464284917091979	0.5263155124655198	0.43478241965981757	0.6818178719009673	0.45454531680444943	19	22	23	33	[8,9,10,11,24,39,42,47,49,51,52,53,54,71,72,73,74,75,76]	[108,128,129,132,133,142,143,144,146,152,153,155,177,205,207,210,234,235,300,302,303,304]	[6,8,9,10,11,31,32,33,34,35,36,37,39,40,42,44,46,47,66,68,71,72,73]	[107,108,109,110,125,126,129,133,139,141,142,143,144,146,147,148,152,153,155,157,158,177,205,210,212,233,234,236,237,241,243,298,300]
Q15223_Q69091	-1	-1	-1	-1	-1	-1	-1	[]	[]	[]	[]
P03951_P23827	-1	-1	-1	0.23404252829334804	0.2528735341524673	0.020408159100375693	0.021739125708885716	0.466666562962986	0.5121949970256104	49	45	46	41	[108,110,112,189,194,199,201,202,203,204,205,206,207,222,224,244,245,270,272,273,275,285,293,294,295,297,298,314,315,361,385,386,387,388,389,390,395,501,507,508,509,510,512,513,582,583,584,585,623]	[54,55,57,70,72,74,77,78,80,81,82,83,88,89,90,96,101,103,108,111,113,115,120,122,123,126,128,130,132,133,148,149,150,151,152,153,154,155,156,157,158,159,160,161,162]	[410,411,413,415,431,434,468,469,470,471,472,473,474,476,477,479,504,507,521,524,525,528,546,547,550,551,552,553,556,557,572,573,575,595,596,597,598,599,601,604,612,613,616,617,620,621]	[29,30,53,54,69,70,71,72,73,74,76,77,78,83,85,86,87,88,89,90,96,98,99,100,101,102,103,105,106,107,108,109,110,112,115,120,122,128,130,132,133]
B7TQM6_V9VHH0	-1	-1	-1	-1	-1	-1	-1	[]	[]	[]	[]
Q31610_Q70A36	-1	-1	-1	0.620689441141572	0.6428569132653881	0.4499997750001125	0.4736839612189678	0.9999988888901234	0.9999988888901234	20	9	19	9	[32,34,36,94,97,101,118,120,122,123,139,140,141,144,146,171,176,179,180,183]	[67,68,69,70,71,72,73,74,75]	[86,90,93,94,97,100,101,104,108,123,140,167,170,171,176,179,183,187,191]	[67,68,69,70,71,72,73,74,75]
Q76RF1_Q9Y6K9	-1	-1	-1	-1	-1	-1	-1	[]	[]	[]	[]
P00734_Q846V4	-1	-1	-1	0.25196848409696976	0.34782604914934245	0.11764704152249389	0.18181814049587713	0.4067795920712556	0.499999895833355	68	59	44	48	[-1,45,46,47,48,52,77,78,125,127,135,139,141,142,143,145,146,147,148,161,164,172,173,175,176,177,178,179,198,199,206,209,227,229,230,231,383,384,385,386,387,388,389,403,408,409,410,411,412,413,414,415,416,417,418,421,447,449,454,456,457,459,464,466,509,510,514,515]	[20,21,23,24,25,26,28,29,30,31,32,33,35,36,39,42,43,46,53,63,67,70,71,74,77,78,87,91,94,95,97,99,100,101,102,103,104,105,106,107,109,111,112,115,116,119,122,123,126,183,184,187,191,227,228,278,279,280,281]	[364,367,368,369,384,385,386,387,423,430,431,432,433,434,436,437,440,441,443,469,470,507,508,509,510,511,512,514,515,516,517,518,519,521,522,524,526,541,560,561,562,594,595,596]	[1,2,3,4,5,6,31,35,39,42,46,48,51,52,53,56,59,63,67,70,71,74,77,78,104,105,106,109,183,184,186,187,190,191,193,194,195,197,198,201,203,213,216,217,228,277,278,279]
P19508_Q9Y4B6	-1	-1	-1	-1	-1	-1	-1	[]	[]	[]	[]
A0A0D6HCK9_P11215	-1	-1	-1	0.06666665185185514	0.16666657407412552	0.0	0.0	0.13043472589794528	0.2999997000003	22	23	8	10	[164,207,208,209,217,219,220,221,222,224,230,231,232,233,234,235,293,294,295,296,297,299]	[159,160,162,163,164,165,168,194,222,223,224,247,260,261,262,263,288,289,290,292,316,317,319]	[59,60,62,95,97,98,99,100]	[194,195,196,219,220,221,222,224,229,265]
P05534_Q9YXL6	-1	-1	-1	-1	-1	-1	-1	[]	[]	[]	[]
P36649_Q00987	-1	-1	-1	0.11111108024692215	0.1818180991735913	0.2666664888890074	0.6666655555574075	0.0	0.0	15	21	6	16	[356,358,361,365,391,392,393,394,395,396,397,398,399,401,402]	[5,6,7,8,9,10,11,12,13,15,21,25,27,44,45,46,47,49,51,52,125]	[361,365,384,397,398,400]	[26,54,55,58,62,67,69,70,72,73,93,94,96,97,100,104]
P11207_Q16531	-1	-1	-1	0.042105258725762235	0.03921568242983506	0.06249998697916938	0.06382977365323965	0.021276591217746547	0.018181814876033656	48	47	47	55	[168,169,170,171,172,173,174,175,176,177,178,179,180,181,182,183,184,185,186,187,188,189,193,194,196,197,198,199,200,201,202,203,204,205,206,207,208,209,210,211,212,213,214,215,216,217,218,219]	[16,17,20,35,42,44,45,46,47,49,50,51,60,62,65,69,70,72,82,103,112,118,119,120,121,122,124,139,145,146,147,148,149,150,153,154,155,156,168,218,259,261,312,313,327,351,353]	[15,16,18,19,21,22,23,24,25,26,27,28,30,31,32,33,34,35,36,38,39,40,41,45,46,118,119,120,121,122,123,124,125,126,127,128,130,131,134,146,148,149,150,216,217,219,220]	[114,117,162,163,183,184,185,327,328,358,360,381,382,722,723,773,774,775,776,777,787,812,814,836,837,838,839,840,841,842,843,844,845,867,871,886,906,907,909,910,913,926,927,928,949,950,951,953,970,972,1003,1005,1033,1080,1081]
O43521_Q08FX8	-1	-1	-1	0.39999973333351113	0.17647053633219517	0.7499990625011719	0.39999973333351113	0.0	0.0	8	7	15	19	[146,149,150,153,157,160,163,164]	[-1,11,14,15,18,22,29]	[146,147,148,149,151,152,153,155,156,157,158,159,160,162,163]	[41,45,48,53,56,59,60,63,77,80,84,85,87,88,89,90,93,135,138]
B2YGA4_P13987	-1	-1	-1	-1	-1	-1	-1	[]	[]	[]	[]
P16757_Q29980	-1	-1	-1	-1	-1	-1	-1	[]	[]	[]	[]
Q6P0Q8_Q8JJY9	-1	-1	-1	-1	-1	-1	-1	[]	[]	[]	[]
O95639_P03495	-1	-1	-1	0.34042545948394476	0.39999990000002494	0.7142853741498219	0.7499996250001875	0.03846152366864474	0.0499999750000125	21	26	20	20	[66,69,70,73,75,77,78,83,84,94,95,97,98,101,102,104,105,106,107,110,112]	[87,88,89,91,92,94,95,96,97,98,99,100,129,131,143,145,150,152,153,154,161,162,164,166,167,196]	[69,70,72,73,74,75,77,88,95,97,98,101,102,104,105,106,107,109,111,112]	[103,105,106,107,108,109,110,121,123,124,125,126,153,155,180,183,184,186,187,189]
P35962_Q8WUM4	-1	-1	-1	-1	-1	-1	-1	[]	[]	[]	[]
P04229_Q03909	-1	-1	-1	0.31818167355378474	0.24137922711061136	0.0	0.0	0.8749989062513672	0.5833328472226273	14	8	17	12	[45,46,49,112,120,152,153,155,176,177,178,179,180,182]	[332,333,334,335,336,337,338,339]	[38,40,42,85,86,89,90,96,99,100,106,107,110,111,114,118,119]	[327,328,329,330,331,332,333,334,335,336,337,338]
P10147_Q2F862	-1	-1	-1	0.282051209730459	0.2972972169466981	0.3529409688582536	0.42857112244919826	0.2272726239669891	0.21739120982990878	17	22	14	23	[35,36,37,38,39,40,58,59,60,75,76,77,78,79,82,83,86]	[60,62,64,66,89,91,96,98,100,161,163,165,167,168,170,171,173,177,178,179,226,228]	[31,32,33,35,36,37,38,39,40,43,70,71,72,73]	[78,83,100,102,155,156,157,159,161,163,218,220,221,222,223,224,225,226,227,228,231,232,258]
P40189_Q98823	-1	-1	-1	-1	-1	-1	-1	[]	[]	[]	[]
P30460_X2G898	-1	-1	-1	0.46153810650914884	0.20689648038052402	0.0	0.0	0.9999983333361112	0.666665925926749	7	6	20	9	[218,221,222,251,253,272,274]	[371,372,373,374,375,376]	[86,87,90,93,94,97,100,101,104,108,123,140,170,171,174,176,179,180,183,187]	[369,370,371,372,373,374,375,376,377]
G9EPL4_P62820	-1	-1	-1	-1	-1	-1	-1	[]	[]	[]	[]
P01892_Q6SW59	-1	-1	-1	0.0	0.0	0.0	0.0	0.0	0.0	14	8	20	9	[34,36,47,51,56,72,118,120,144,258,259,260,261,266]	[265,266,267,271,272,273,274,275]	[87,89,90,93,94,97,100,101,104,108,123,170,171,174,176,179,180,183,187,191]	[495,496,497,498,499,500,501,502,503]
A0A1U9IRU2_Q9H6X2	-1	-1	-1	-1	-1	-1	-1	[]	[]	[]	[]
P01889_Q70A36	-1	-1	-1	0.3599998560000576	0.29999990000003335	0.0	0.0	0.9999988888901234	0.9999988888901234	16	9	21	9	[212,214,216,226,228,230,235,236,238,240,252,254,255,256,257,258]	[67,68,69,70,71,72,73,74,75]	[86,87,90,93,94,97,100,101,104,108,123,140,170,171,174,176,179,180,183,187,191]	[67,68,69,70,71,72,73,74,75]
P08631_Q5QGG3	-1	-1	-1	0.0666666555555574	0.11428568163266238	0.0	0.0	0.14814809327848397	0.1818180991735913	33	27	13	22	[267,270,271,272,275,293,294,295,298,299,327,342,343,346,407,408,409,410,417,418,452,455,456,459,460,461,462,465,474,478,479,480,481]	[104,105,122,125,126,127,132,137,138,140,141,144,145,147,148,149,192,193,194,195,196,197,198,199,200,201,204]	[87,88,96,109,111,113,114,116,125,127,130,131,132]	[103,104,105,106,107,108,109,110,113,114,115,117,118,122,147,150,153,154,155,223,226,233]
P05534_Q9YYU8	-1	-1	-1	0.0	0.0	0.0	0.0	0.0	0.0	16	11	22	10	[-1,210,211,212,214,226,228,230,231,255,256,258,259,260,261,266]	[71,72,73,74,75,76,77,78,79,80,81]	[31,86,90,93,94,97,100,101,104,108,123,170,171,174,176,179,180,183,187,190,191,194]	[134,135,136,137,138,139,140,141,142,143]
P08362_P15529	-1	-1	-1	0.04819276527798008	0.07142855867347166	0.0	0.0	0.09756095181440198	0.16666659722225116	42	41	32	24	[215,235,237,238,239,247,248,249,250,251,281,282,283,284,303,304,305,307,310,311,312,313,315,344,345,347,348,372,375,396,397,398,400,403,404,405,406,589,590,591,592,593]	[104,106,107,109,110,111,112,113,114,115,124,126,127,128,129,131,159,174,175,183,184,185,186,188,190,202,204,205,206,207,209,212,217,218,248,249,251,267,269,277,278]	[448,449,451,460,461,464,469,471,474,477,479,480,481,482,483,485,486,488,495,498,500,501,503,509,521,526,528,541,543,545,547,548]	[68,69,70,71,72,73,74,75,90,92,95,96,97,98,100,101,103,104,113,114,115,117,146,147]
P01730_P35961	-1	-1	-1	0.03124999023437805	0.01666666388888935	0.0	0.0	0.09090900826453795	0.030303021120296626	21	11	27	33	[130,131,132,158,176,177,179,180,198,199,200,201,202,203,205,224,225,226,227,228,279]	[-1,119,121,122,195,196,197,198,410,419,421]	[46,47,48,50,52,54,56,57,58,59,60,65,66,67,68,69,70,71,73,77,83,84,85,86,88,89,110]	[101,123,125,126,192,275,276,277,278,279,360,361,362,363,366,412,414,415,416,417,418,419,442,444,445,446,447,448,456,459,460,461,463]
P17150_Q13651	-1	-1	-1	-1	-1	-1	-1	[]	[]	[]	[]
P69732_Q8WUM4	-1	-1	-1	0.0	0.0	0.0	0.0	0.0	0.0	19	15	8	12	[144,148,152,185,186,187,188,189,192,193,196,267,270,271,294,295,298,299,300]	[164,165,168,169,170,172,173,339,342,344,591,592,593,595,597]	[456,457,458,459,460,461,462,463]	[386,498,501,505,506,508,669,672,673,676,679,683]
M4NKV9_Q14332	-1	-1	-1	0.1463414455681164	0.36363625344355954	0.0	0.0	0.31578939058173927	0.7999994666670223	44	38	18	15	[152,155,159,177,178,181,182,185,188,214,418,420,421,422,423,424,427,430,431,434,435,812,813,814,815,816,819,1896,1897,1900,1901,1932,1933,1934,1935,1962,1963,1965,1967,1968,1979,1982,1993,1994]	[34,35,36,60,61,62,63,64,65,68,72,75,76,78,81,82,83,84,86,104,111,119,120,123,124,126,127,128,130,131,134,135,137,139,140,163,164,167]	[1435,1438,1439,1442,1469,1489,1491,1492,1494,1502,1505,1506,1507,1510,1512,1598,1599,1600]	[74,75,77,78,81,82,83,84,120,123,124,127,128,129,130]
B0B999_P0CG47	-1	-1	-1	0.1749999562500109	0.1044775963466274	0.2380951247166073	0.13157891274239136	0.10526310249310396	0.06896549346017466	21	19	38	29	[115,117,118,123,124,127,128,131,134,142,143,144,145,146,148,149,150,151,153,183,184]	[-1,83,84,85,86,120,122,123,140,142,144,146,147,148,149,153,154,215,216]	[93,94,95,96,116,117,118,119,123,153,154,156,175,179,180,181,182,184,185,187,188,189,190,191,192,193,194,195,197,198,199,202,204,280,331,332,333,334]	[154,156,158,159,160,161,162,163,164,166,186,187,188,192,194,196,198,199,200,201,216,218,220,222,223,224,225,226,227]
D9J353_P30505	-1	-1	-1	-1	-1	-1	-1	[]	[]	[]	[]
P26554_Q12959	-1	-1	-1	0.0	0.0	0.0	0.0	0.0	0.0	7	8	10	19	[-1,80,102,104,107,126,128]	[771,774,775,776,777,816,820,822]	[142,143,144,145,146,147,148,149,150,151]	[324,327,328,332,334,337,338,339,340,341,351,352,354,383,384,385,388,389,392]
P0C6H2_Q861F6	-1	-1	-1	-1	-1	-1	-1	[]	[]	[]	[]
P0CG47_Q6TQR6	-1	-1	-1	0.7647056574395125	0.6341461867936129	0.9999992307698226	0.6842101662051757	0.619047324263179	0.5909088223141716	13	21	19	22	[158,160,161,162,194,196,199,201,220,222,223,225,227]	[12,16,18,20,78,81,82,83,84,88,92,95,97,98,99,102,129,131,148,149,150]	[158,160,161,162,191,192,194,196,199,200,201,203,220,222,223,224,225,226,227]	[10,12,13,14,18,20,77,78,80,81,82,98,99,101,102,120,128,129,131,146,149,150]
O00629_P31345	-1	-1	-1	0.249999976851854	0.32926825252826186	0.4999999074074245	0.5510202957101437	0.0	0.0	54	54	49	33	[71,99,100,102,103,104,105,106,107,141,144,145,146,147,148,149,179,183,186,187,222,229,230,231,232,256,257,261,264,268,271,297,298,299,302,306,339,340,341,344,345,381,382,383,385,386,422,423,424,425,426,468,469,470]	[269,273,274,275,277,278,279,281,282,285,318,331,332,333,334,335,336,338,339,340,341,355,360,362,373,375,383,457,458,459,460,481,483,484,485,489,490,491,492,493,494,495,497,498,499,500,501,503,505,507,508,509,532,533]	[96,100,102,103,105,133,137,141,144,145,147,175,179,183,186,187,218,222,229,231,261,264,268,271,273,274,299,302,306,313,314,316,341,344,345,348,352,355,386,390,394,397,398,426,429,433,471,472,476]	[691,692,693,695,696,697,698,699,718,721,735,736,737,738,739,740,741,742,744,745,746,747,748,749,750,751,752,753,754,755,756,757,758]
P60953_Q9R8E4	-1	-1	-1	-1	-1	-1	-1	[]	[]	[]	[]
O91464_Q9H3P7	-1	-1	-1	0.3157894182825582	0.28571424036281895	0.0	0.0	0.7199997120001153	0.49999986111114963	32	25	27	36	[183,184,185,186,188,189,208,321,359,372,375,376,377,447,448,449,450,452,453,456,458,460,461,462,463,464,465,467,485,487,488,496]	[371,372,373,374,375,376,377,378,379,382,385,386,389,415,417,483,484,511,512,514,523,525,526,527,528]	[1654,1655,1656,1657,1658,1659,1660,1661,1662,1663,1664,1665,1666,1669,1672,1673,1675,1676,1679,1680,1681,1682,1683,1684,1685,1686,1687]	[372,374,375,376,377,378,379,382,386,389,390,395,396,400,401,402,403,404,406,408,410,417,419,481,483,484,485,490,492,507,523,524,525,526,527,528]
P04439_Q9YYU8	-1	-1	-1	0.31249980468762206	0.16666661111112963	0.0	0.0	0.7142846938790088	0.49999950000050003	9	7	20	10	[212,228,230,255,256,258,259,260,266]	[71,72,73,74,75,78,80]	[86,87,90,93,94,96,97,100,101,104,108,123,170,171,174,176,179,183,187,191]	[73,74,75,76,77,78,79,80,81,82]
O36972_P63098	-1	-1	-1	-1	-1	-1	-1	[]	[]	[]	[]
P62837_Q5X159	-1	-1	-1	0.41025630506248584	0.5517239476813973	0.3999998000001	0.5714281632655976	0.42105240997241583	0.5333329777780148	20	19	14	15	[1,2,5,19,20,41,62,87,88,94,95,96,97,98,100,101,104,105,108,111]	[22,25,26,27,29,30,31,33,38,39,41,54,68,72,73,74,75,107,111]	[1,4,5,8,15,59,62,88,91,92,94,95,96,97]	[30,36,38,39,40,41,42,63,64,67,68,70,72,73,75]
K9N7C7_P0CG47	-1	-1	-1	0.0	0.0	0.0	0.0	0.0	0.0	13	13	26	15	[1544,1545,1548,1549,1552,1556,1558,1559,1561,1562,1565,1566,1569]	[84,85,115,120,123,124,125,146,147,148,149,150,151]	[1587,1590,1638,1644,1645,1646,1648,1649,1652,1653,1656,1682,1686,1689,1690,1691,1708,1729,1730,1731,1754,1755,1756,1757,1758,1759]	[194,196,198,199,200,201,203,214,215,222,224,225,226,227,228]
P01730_Q8Q7Z9	-1	-1	-1	-1	-1	-1	-1	[]	[]	[]	[]
P03989_P13285	-1	-1	-1	0.42857112244919826	0.1874999414062683	0.0	0.0	0.9999983333361112	0.666665925926749	8	6	23	9	[212,214,215,216,217,226,228,230]	[239,240,241,242,243,244]	[49,86,87,89,90,93,94,96,97,100,101,104,108,123,140,170,171,174,176,179,183,187,191]	[236,237,238,239,240,241,242,243,244]
P12493_Q16630	-1	-1	-1	0.0	0.0	0.0	0.0	0.0	0.0	17	11	10	13	[148,162,167,170,171,173,174,175,177,178,250,257,260,264,267,268,271]	[-1,81,111,113,115,118,128,160,161,164,168]	[185,189,199,202,206,213,234,238,239,240]	[276,277,278,279,280,281,282,283,284,285,286,287,288]
P61586_Q9AJW7	-1	-1	-1	0.5333331555556148	0.21621618699781256	0.9999992857147959	0.3999998857143183	0.12499992187504883	0.05128203813281073	14	16	35	39	[27,34,35,36,37,38,40,41,42,63,65,66,68,69]	[6,7,9,24,25,26,27,29,31,138,139,140,141,142,143,144]	[5,27,28,33,34,35,36,37,38,40,41,42,43,45,54,58,59,61,62,63,64,65,66,68,69,71,72,73,75,106,119,120,123,124,163]	[22,50,54,55,57,58,59,60,61,64,65,68,69,77,80,83,87,88,89,95,111,112,113,115,116,118,121,122,124,125,130,134,142,143,145,146,149,150,154]
Q2UW42_S6B291	-1	-1	-1	0.3461537130178027	0.32142845663269404	0.0	0.0	0.6428566836737974	0.6923071597637233	12	14	15	13	[-1,74,75,78,79,81,82,83,85,86,88,92]	[-1,36,49,73,74,79,84,85,88,90,93,101,103,104]	[93,94,97,98,100,101,104,105,107,108,111,115,118,119,123]	[34,35,36,38,79,84,85,88,90,101,103,104,106]
P03255_P06400	-1	-1	-1	0.15686271434064425	0.1860464683612864	0.0	0.0	0.3333331944445023	0.242424168962373	27	24	10	33	[-1,53,55,56,58,59,62,63,64,65,66,67,68,69,70,71,72,73,74,75,76,77,78,79,80,81,83]	[463,464,466,467,533,534,537,538,577,645,648,649,652,655,678,682,685,686,689,690,692,693,770,771]	[40,41,42,43,44,45,46,47,48,49]	[460,463,464,467,468,472,475,476,479,481,530,533,534,537,572,575,643,644,645,646,649,713,714,716,720,722,751,753,757,761,765,769,772]
A0A509GV61_F5H747	-1	-1	-1	-1	-1	-1	-1	[]	[]	[]	[]
P61088_Q8VSD5	-1	-1	-1	0.774193298647323	0.5581394050838593	0.7857137244901968	0.5499997250001375	0.7647054325262161	0.5652171455577628	14	17	20	23	[1,5,6,7,9,10,14,63,64,93,96,97,98,100]	[57,58,59,60,61,84,87,92,103,141,142,143,144,163,170,171,172]	[3,4,5,6,7,10,14,64,89,93,94,96,97,98,99,100,102,103,106,107]	[58,59,60,63,84,85,87,88,92,95,96,99,103,105,141,142,143,144,170,172,182,183,184]
Q1HVJ0_Q9UER7	-1	-1	-1	-1	-1	-1	-1	[]	[]	[]	[]
B9V0E2_P0DOX5	-1	-1	-1	0.29411747404854466	0.24999987500006252	0.7142846938790088	0.31249980468762206	0.0	0.0	7	10	16	4	[431,434,435,436,439,443,634]	[235,237,238,241,243,266,267,400,401,402]	[422,427,429,430,431,434,435,436,438,439,442,502,530,531,533,619]	[55,58,100,104]
P07948_P22575	-1	-1	-1	-1	-1	-1	-1	[]	[]	[]	[]
P08174_Q6W9E5	-1	-1	-1	0.027777770061730538	0.016393439935501648	0.055555524691375174	0.03124999023437805	0.0	0.0	18	18	32	29	[102,103,104,105,130,131,150,153,154,155,156,160,182,183,185,203,205,206]	[682,714,716,717,718,719,720,721,728,734,736,750,752,753,754,755,756,812]	[136,138,139,156,159,165,167,168,170,171,172,173,174,175,176,177,179,180,181,187,189,190,191,192,194,196,245,246,248,266,268,277]	[141,143,144,211,212,213,214,217,220,223,225,226,227,228,229,230,231,232,233,234,240,329,330,388,389,390,392,393,394]
P63104_Q93SQ3	-1	-1	-1	-1	-1	-1	-1	[]	[]	[]	[]
P03437_P04229	-1	-1	-1	0.09090908339594352	0.3666665444444852	0.049999991666668055	0.24999979166684028	0.13114751948401318	0.4444441975310014	60	61	12	18	[55,56,57,61,62,117,119,120,123,224,225,226,227,228,229,230,232,249,250,306,307,308,309,323,328,329,388,391,392,394,395,397,398,399,401,402,403,404,405,411,419,421,422,424,425,426,428,429,431,432,433,435,436,437,440,444,447,448,451,462]	[30,31,32,33,34,35,36,37,38,39,40,41,42,58,61,62,63,64,68,79,80,82,85,86,89,90,93,96,127,129,131,134,136,137,138,139,140,141,143,147,149,162,167,168,169,170,172,173,174,176,177,178,179,180,181,182,185,187,189,191,193]	[322,323,324,325,326,327,328,329,330,331,332,333]	[38,40,42,85,86,89,90,96,99,100,106,107,110,111,113,114,118,119]
P06437_Q9UKJ1	-1	-1	-1	0.022471907587426114	0.10526310249310396	0.0	0.0	0.04347825141777143	0.16666652777789354	43	46	7	12	[167,180,182,185,186,187,189,216,237,238,239,240,241,242,243,244,246,251,252,253,255,274,291,292,293,294,296,349,699,700,702,705,706,708,709,710,712,713,714,716,717,718,719]	[-1,32,33,36,54,56,58,59,61,63,64,65,66,68,72,77,78,79,80,85,86,87,88,89,90,91,94,95,97,98,100,101,102,103,104,105,106,107,126,128,130,135,136,137,138,140]	[50,51,52,53,54,55,56]	[33,73,74,76,77,117,118,120,121,122,142,148]
Q00534_Q01043	-1	-1	-1	0.5454543801653393	0.1935483662851219	0.29411747404854466	0.10638295608873274	0.8124994921878174	0.2826086342155143	17	16	47	46	[170,173,174,176,179,180,181,193,222,223,224,225,226,248,249,250,253]	[107,108,109,111,113,115,117,129,130,131,133,134,137,145,146,148]	[49,50,51,52,53,54,56,59,60,62,63,66,67,69,70,71,82,84,86,92,134,137,138,139,140,168,169,170,171,172,173,174,175,176,177,178,193,194,195,197,198,199,246,247,286,290,292]	[8,9,10,11,12,13,14,15,16,17,18,19,20,21,22,23,26,29,30,33,69,70,107,108,109,110,111,113,115,116,117,129,133,136,137,141,144,145,146,148,149,150,154,171,174,175]
Q07812_Q9DHU6	-1	-1	-1	0.0	0.0	0.0	0.0	0.0	0.0	23	26	18	20	[1,3,5,6,7,8,9,10,11,16,17,20,21,47,48,49,134,142,145,146,149,150,153]	[3,4,5,6,7,9,12,13,16,26,28,29,78,109,111,112,113,115,118,119,122,123,126,127,130,133]	[55,56,58,59,60,62,63,64,65,66,67,68,69,70,71,73,74,75]	[48,52,53,56,59,60,63,80,83,84,87,88,90,92,93,96,138,141,142,144]
P0CG48_Q5ZSK8	-1	-1	-1	-1	-1	-1	-1	[]	[]	[]	[]
P0DKX7_P62158	-1	-1	-1	-1	-1	-1	-1	[]	[]	[]	[]
P61964_Q9YP60	-1	-1	-1	0.33333305555578707	0.2857140816327988	0.24999968750039064	0.22222197530891633	0.49999875000312505	0.39999920000160005	8	4	9	5	[259,260,279,281,301,302,322,323]	[226,227,229,230]	[49,65,89,91,107,131,133,260,322]	[223,224,225,226,227]
P03167_Q16531	-1	-1	-1	-1	-1	-1	-1	[]	[]	[]	[]
P62820_Q7DB50	-1	-1	-1	0.4464284917091979	0.2808988448428264	0.6129030280957974	0.43181808367770824	0.2399999040000384	0.13333330370371027	31	25	44	45	[19,20,21,23,25,29,33,34,36,37,38,39,40,41,42,43,44,45,46,47,49,66,67,68,69,71,72,73,95,128,129]	[46,60,63,64,65,66,68,69,71,134,135,136,138,141,149,150,151,152,154,156,159,160,161,396,397]	[6,7,8,9,20,21,33,38,39,40,41,42,43,44,45,46,47,48,49,50,51,52,54,59,61,63,65,70,71,72,73,75,76,79,80,82,94,95,97,111,112,125,128,131]	[60,65,66,68,135,136,166,170,188,189,191,194,195,196,197,198,200,201,204,208,212,231,238,239,240,293,294,296,297,300,301,304,305,308,311,312,315,316,320,322,323,324,326,346,352]
H6A3H4_P13688	-1	-1	-1	0.0	0.0	0.0	0.0	0.0	0.0	21	20	27	26	[309,312,313,315,316,320,341,344,345,347,348,351,354,355,358,430,433,434,437,438,439]	[-1,35,37,39,41,50,52,54,56,57,58,59,60,87,100,102,103,104,108,110]	[122,126,129,130,131,155,156,157,158,165,166,167,169,170,171,173,174,175,176,260,262,263,264,285,286,390,391]	[61,62,63,73,75,76,78,81,83,84,85,86,88,90,91,92,93,123,125,127,128,129,130,131,132,133]
P01903_Q52T95	-1	-1	-1	-1	-1	-1	-1	[]	[]	[]	[]
G4XFJ5_P01730	-1	-1	-1	-1	-1	-1	-1	[]	[]	[]	[]
P04003_P50468	-1	-1	-1	-1	-1	-1	-1	[]	[]	[]	[]
P55957_Q85365	-1	-1	-1	-1	-1	-1	-1	[]	[]	[]	[]
C5MK56_Q3KSS8	-1	-1	-1	0.0	0.0	0.0	0.0	0.0	0.0	12	11	19	11	[212,214,216,217,218,226,228,230,253,255,258,266]	[170,171,172,173,174,175,176,177,178,179,180]	[86,89,90,93,94,97,100,101,104,108,170,171,174,176,179,180,183,187,191]	[52,53,54,55,56,57,60,61,62,63,64]
C5ILC1_O60462	-1	-1	-1	-1	-1	-1	-1	[]	[]	[]	[]
K0BRG7_P27487	-1	-1	-1	0.004115226168097688	0.019999996000000797	0.007874015128030305	0.043478241965981754	0.0	0.0	127	116	23	27	[70,71,72,320,321,322,340,346,350,357,360,361,362,363,364,365,366,367,369,401,403,405,406,427,442,473,474,475,505,514,516,517,519,520,521,522,576,577,578,579,580,581,610,611,612,621,622,623,624,625,626,627,628,629,632,633,634,635,636,637,644,655,656,658,660,675,676,710,711,723,727,728,730,732,733,734,762,763,764,766,767,769,791,792,793,796,823,824,826,830,834,837,840,841,844,1015,1017,1020,1021,1024,1027,1028,1031,1035,1039,1042,1044,1068,1069,1072,1076,1079,1080,1083,1084,1086,1087,1090,1091,1094,1095,1097,1098,1113,1114,1115,1119]	[45,71,72,73,74,75,88,90,91,92,93,94,95,96,97,99,100,101,102,103,104,119,120,122,128,141,142,144,145,146,147,149,150,168,179,180,181,182,183,190,191,192,193,229,231,232,234,235,237,241,242,243,244,245,247,248,251,253,258,260,261,262,277,278,280,622,623,642,643,648,658,660,661,675,676,680,681,684,685,689,690,691,693,694,696,697,699,714,717,718,721,722,724,725,726,727,729,730,731,732,733,734,736,743,745,746,749,750,753,754,757,760,761,764,765,766]	[454,455,461,462,463,499,501,502,505,506,510,511,513,515,536,537,538,539,540,542,553,555,562]	[188,227,265,267,269,281,284,286,288,291,292,294,295,296,297,298,317,322,333,334,336,338,341,344,346,348,392]
P30460_Q9YRL3	-1	-1	-1	-1	-1	-1	-1	[]	[]	[]	[]
P04601_P05534	-1	-1	-1	0.38095219954657167	0.2666665777778074	0.9999987500015626	0.8888879012356653	0.0	0.0	8	13	9	21	[134,135,136,137,138,139,140,141]	[26,51,54,120,141,144,234,235,236,256,257,259,288]	[134,135,136,137,138,139,140,141,142]	[31,86,90,93,94,97,100,101,104,108,170,171,174,176,179,180,183,187,190,191,194]
P01891_Q70626	-1	-1	-1	0.021276591217746547	0.03703702331962099	0.043478241965981754	0.055555524691375174	0.0	0.0	23	24	18	9	[108,109,111,120,143,144,145,146,160,161,162,212,214,226,228,230,255,256,257,258,259,260,266]	[537,538,541,542,544,545,548,549,552,555,558,559,561,562,563,565,566,567,568,569,570,572,573,576]	[86,87,90,93,94,97,100,101,104,108,170,171,174,179,180,183,187,191]	[192,193,194,195,196,197,198,199,200]
A0A0H3B1Q8_Q15843	-1	-1	-1	-1	-1	-1	-1	[]	[]	[]	[]
Q07812_Q08FX8	-1	-1	-1	0.0	0.0	0.0	0.0	0.0	0.0	16	15	16	14	[13,14,102,103,104,105,106,107,154,155,156,159,160,163,164,176]	[4,6,7,10,11,12,14,15,16,18,19,22,23,26,29]	[56,57,58,59,60,62,63,64,65,66,67,68,69,70,71,73]	[53,56,59,60,63,77,78,80,84,85,87,89,93,135]
P0DJM0_P12830	-1	-1	-1	0.3559321430623486	0.27631575311634826	0.6896549346017466	0.425531824354931	0.033333322222225924	0.03448274673008733	29	30	47	29	[85,107,129,151,173,195,196,198,215,216,218,237,238,240,259,260,282,301,304,323,326,343,347,365,369,387,408,409,481]	[166,168,255,256,259,276,277,278,279,280,296,306,308,318,320,321,322,323,325,327,342,344,350,351,353,354,355,356,357,358]	[84,85,104,107,126,128,129,150,151,168,170,172,173,190,210,211,213,215,216,232,235,237,238,255,259,282,301,321,323,326,342,343,347,348,364,365,367,369,370,387,389,392,409,411,413,483,485]	[157,158,159,160,168,169,170,171,172,173,174,177,179,181,183,184,201,202,203,206,208,211,213,215,217,218,219,246,247]
Q14116_Q85319	-1	-1	-1	-1	-1	-1	-1	[]	[]	[]	[]
P02671_Q14U76	-1	-1	-1	0.1304347731569005	0.5454543801653393	0.0	0.0	0.2499999652777826	0.7826083553876716	66	72	10	23	[106,109,110,113,114,116,117,118,120,121,123,124,127,128,129,130,131,132,133,134,135,136,137,138,139,140,141,142,143,144,145,146,148,149,152,153,156,160,201,202,205,206,207,208,209,210,211,212,213,214,215,216,217,218,219,221,222,223,224,225,226,227,228,229,230,231]	[273,289,290,297,299,300,301,303,317,318,319,321,332,335,336,338,340,342,343,345,346,351,354,356,367,369,370,381,383,385,387,419,422,424,437,438,439,441,457,458,465,469,470,471,473,474,475,476,477,478,480,550,551,552,553,554,555,556,557,558,564,568,572,573,574,576,580,582,583,584,585,586]	[580,581,582,583,584,585,586,587,588,589]	[299,300,301,333,334,335,336,338,339,340,419,438,470,475,554,555,579,580,582,584,585,586,587]
A0A0C5HAL9_P50750	-1	-1	-1	-1	-1	-1	-1	[]	[]	[]	[]
P31946_Q93SQ1	-1	-1	-1	0.13043475425331427	0.06741572276227834	0.24999989583337673	0.146341427721603	0.0	0.0	24	22	41	48	[55,59,61,62,63,65,66,67,69,70,71,133,181,182,185,218,221,222,225,226,229,232,233,235]	[129,132,133,136,137,170,173,175,177,178,187,188,189,192,193,194,196,197,198,199,201,205]	[16,40,41,44,47,48,51,52,58,62,119,122,166,167,171,174,175,178,182,195,198,199,202,203,205,206,207,208,210,211,212,213,214,215,217,218,219,221,222,224,226]	[314,315,316,332,333,348,352,361,363,391,393,394,395,396,397,398,399,404,406,413,414,416,417,418,419,420,421,422,423,424,425,426,427,428,429,430,431,443,444,445,446,447,448,449,450,451,452,453]
P61088_Q5ZTL4	-1	-1	-1	0.6341461867936129	0.288888856790127	0.4782606616257993	0.23913038279774285	0.8333328703706276	0.34090901342976965	23	18	46	44	[1,2,3,4,5,6,7,8,9,10,12,13,16,27,28,29,30,31,32,33,64,97,98]	[131,132,134,147,186,188,189,191,192,193,195,197,198,203,294,316,317,321]	[2,3,4,5,6,7,10,14,33,60,61,63,64,66,88,89,90,91,92,93,94,95,96,97,98,99,100,102,103,104,106,107,110,113,114,116,117,118,119,120,121,122,123,124,127,130]	[40,47,63,64,65,66,69,70,72,126,131,132,186,188,189,191,192,193,195,196,197,198,200,203,204,207,230,254,255,256,257,262,308,309,312,313,315,316,317,318,319,320,321,322]
O95486_P03522	-1	-1	-1	-1	-1	-1	-1	[]	[]	[]	[]
P31946_Q9I788	-1	-1	-1	0.20454540805786178	0.12857141020408425	0.4736839612189678	0.27272719008266966	0.0	0.0	19	25	33	37	[10,13,14,16,17,18,20,39,41,198,199,202,203,204,205,221,224,225,228]	[28,29,30,31,32,34,35,38,39,41,42,43,44,45,61,62,64,68,69,70,72,73,74,76,77]	[44,47,48,51,52,115,122,167,171,174,175,178,195,198,199,202,203,204,205,206,208,210,211,213,214,215,217,218,221,222,224,225,226]	[317,318,319,321,335,336,351,355,365,367,395,397,398,399,400,401,402,403,408,410,416,418,420,421,422,423,424,425,426,427,428,429,430,431,432,433,434]
P15144_Q1HVK2	-1	-1	-1	-1	-1	-1	-1	[]	[]	[]	[]
P06788_Q15678	-1	-1	-1	-1	-1	-1	-1	[]	[]	[]	[]
P04591_P20039	-1	-1	-1	-1	-1	-1	-1	[]	[]	[]	[]
P01730_P19551	-1	-1	-1	0.0	0.0	0.0	0.0	0.0	0.0	34	10	26	30	[205,206,209,220,221,222,223,224,225,232,233,234,235,236,238,254,255,256,261,264,274,275,278,279,280,281,282,283,297,299,300,301,311,312]	[309,310,311,312,313,314,315,316,317,318]	[46,48,50,52,54,56,57,58,59,60,65,66,67,68,69,70,71,73,77,83,84,85,86,88,89,110]	[124,125,126,127,194,277,278,279,280,281,363,364,365,366,369,423,424,425,428,429,430,453,455,456,457,467,470,471,472,474]
P08411_Q13283	-1	-1	-1	0.03225805411030513	0.029411756055365862	0.0	0.0	0.05263155124655198	0.0499999750000125	12	19	14	20	[245,247,248,249,251,252,255,256,258,259,260,262]	[37,51,53,54,56,85,86,87,91,109,111,113,115,125,127,128,130,132,137]	[1785,1786,1787,1788,1789,1790,1792,1794,1795,1796,1798,1799,1800,1801]	[6,10,11,14,17,18,21,22,25,26,29,32,33,58,117,121,122,123,124,125]
P21579_Q9LBR1	-1	-1	-1	0.10416664496528229	0.15624995117189025	0.0	0.0	0.21739120982990878	0.2631577562327599	25	23	13	19	[147,164,165,177,197,199,200,201,202,204,206,208,209,210,350,351,354,355,381,382,384,388,392,395,396]	[1148,1149,1150,1151,1152,1161,1201,1204,1205,1212,1228,1229,1231,1232,1233,1234,1265,1266,1267,1268,1269,1271,1272]	[36,37,39,40,42,43,44,45,46,47,48,49,50]	[1179,1181,1182,1183,1184,1185,1187,1189,1190,1191,1202,1205,1206,1228,1233,1234,1235,1264,1265]
C5MK56_Q3KSS4	-1	-1	-1	0.0	0.0	0.0	0.0	0.0	0.0	40	37	19	11	[26,28,30,32,45,47,49,51,53,54,55,56,59,61,72,74,118,126,134,202,205,212,214,216,218,226,228,234,235,236,253,255,256,257,258,259,260,261,262,263]	[508,510,513,538,539,540,541,542,543,544,545,546,547,548,549,550,551,552,553,554,555,556,558,559,561,569,570,573,588,592,594,596,597,598,599,600,601]	[86,90,93,94,97,100,101,104,108,123,170,171,174,176,179,180,183,187,191]	[407,408,409,410,411,412,413,414,415,416,417]
Q08FX8_Q16611	-1	-1	-1	0.07843135717032212	0.11764702422146345	0.0	0.0	0.1599999360000256	0.23529397923883574	26	25	17	17	[-1,3,4,5,7,8,9,10,11,12,13,14,15,16,17,18,19,20,21,22,23,26,27,29,30,109]	[81,85,88,89,92,93,96,99,100,101,103,106,109,110,113,114,117,118,121,124,126,127,130,183,184]	[41,48,52,53,56,59,60,63,77,80,84,85,87,89,90,93,135]	[71,72,73,74,75,77,78,79,80,81,82,83,84,85,86,88,89]
A0A140GKJ0_Q03519	-1	-1	-1	-1	-1	-1	-1	[]	[]	[]	[]
Q5ZSQ3_Q9H0U4	-1	-1	-1	0.10204079550187846	0.06666665777777896	0.0	0.0	0.17857136479594116	0.1351350986121355	21	28	38	37	[503,506,507,585,589,592,593,596,597,615,617,618,623,626,627,629,630,631,633,634,637]	[27,29,30,31,32,33,34,35,47,48,49,51,52,53,54,56,137,141,147,148,153,154,155,157,159,160,163,164]	[373,376,377,380,407,410,411,414,415,418,421,422,423,426,427,428,431,432,434,435,437,438,441,444,445,449,450,451,452,453,454,456,464,478,480,483,512,516]	[4,5,6,7,8,10,16,17,31,32,33,34,35,36,37,38,40,41,42,43,44,45,62,64,65,66,68,69,70,71,72,74,75,76,79,80,98]
P03126_Q9HD26	-1	-1	-1	0.29999990000003335	0.29032248699274615	0.0	0.0	0.5624996484377197	0.3749998437500651	14	16	7	24	[-1,31,45,46,47,50,51,54,115,120,144,145,148,149]	[295,299,302,303,304,317,319,322,349,350,351,353,354,357,358,360]	[152,153,154,155,156,157,158]	[284,285,286,288,298,301,302,303,304,308,309,311,314,316,317,319,343,345,349,350,353,357,366,368]
P03305_P05161	-1	-1	-1	0.09677416233091538	0.08571426122449678	0.18749988281257324	0.1499999250000375	0.0	0.0	16	15	20	15	[29,43,46,49,144,145,146,147,148,160,165,166,167,168,169,170]	[-1,10,44,48,49,50,51,52,53,72,74,75,76,77,80]	[49,92,93,96,97,98,99,101,102,105,106,128,129,131,143,147,148,175,176,178]	[87,89,90,91,121,123,125,127,128,130,149,151,152,153,154]
A4GWL5_P12830	-1	-1	-1	-1	-1	-1	-1	[]	[]	[]	[]
B5Z8H1_P13688	-1	-1	-1	0.1458333029513952	0.1272727041322356	0.0	0.0	0.25925916323734693	0.25925916323734693	21	27	28	27	[81,84,85,88,206,207,208,318,319,321,323,324,326,327,332,333,335,337,338,341,345]	[47,69,75,76,77,88,89,90,91,92,93,94,95,96,97,98,99,113,114,115,117,118,119,137,139,141,142]	[122,126,129,130,131,155,156,157,158,159,163,165,166,167,169,170,171,173,174,175,176,260,262,263,264,285,286,287]	[35,61,63,73,74,75,76,78,81,83,84,85,86,88,90,91,92,93,125,126,127,128,129,130,131,132,133]
P01903_P0A0L5	-1	-1	-1	0.027777770061730538	0.025641019066405365	0.058823494809708936	0.05263155124655198	0.0	0.0	17	19	19	20	[-1,26,27,28,29,30,32,49,51,52,74,75,76,77,78,79,80]	[59,153,154,155,157,164,167,169,170,171,173,175,189,193,197,198,199,207,263]	[38,42,43,44,45,61,62,63,64,65,80,82,83,85,86,89,92,93,96]	[69,70,71,72,73,74,94,96,105,119,121,123,124,125,135,234,236,238,239,242]
P68036_Q6RCR4	-1	-1	-1	0.4444441975310014	0.12307690414201475	0.8888879012356653	0.2352940484429269	0.0	0.0	9	9	34	31	[5,6,9,13,96,97,98,99,100]	[693,696,697,699,700,701,702,703,704]	[2,5,6,9,13,31,33,34,36,52,54,56,58,59,60,63,64,67,69,71,73,81,82,84,94,96,97,98,100,119,120,121,123,124]	[45,62,136,137,139,168,170,186,187,190,191,192,193,284,296,297,298,299,301,308,315,316,339,340,342,343,346,440,441,443,444]
P12497_P49792	-1	-1	-1	0.0	0.0	0.0	0.0	0.0	0.0	20	15	23	20	[593,594,595,596,598,602,604,607,639,640,642,672,673,674,675,709,710,713,749,753]	[1169,1170,1171,1172,1173,1174,1178,1179,1181,1182,1183,1184,1238,1239,1240]	[166,167,170,173,174,177,217,218,219,220,221,222,223,224,225,227,232,252,253,254,267,271,275]	[3075,3115,3117,3118,3120,3131,3132,3133,3162,3163,3181,3186,3204,3205,3206,3207,3208,3209,3213,3214]
O43521_P0C736	-1	-1	-1	-1	-1	-1	-1	[]	[]	[]	[]
P03366_P18465	-1	-1	-1	0.0	0.0	0.0	0.0	0.0	0.0	61	56	10	21	[687,688,689,690,691,692,693,694,698,699,700,701,702,703,705,760,761,764,765,768,771,772,775,776,778,779,780,791,792,793,796,800,835,836,919,920,921,922,923,979,980,981,983,984,1001,1002,1003,1004,1005,1006,1007,1008,1009,1030,1099,1100,1102,1103,1106,1107,1134]	[36,39,40,41,109,110,111,112,113,114,115,116,118,143,144,145,210,211,212,214,215,216,217,218,219,220,221,222,226,228,230,231,249,250,251,252,253,254,255,256,258,259,260,261,262,266,272,275,276,279,294,295,297,298,299,300]	[240,241,242,243,244,245,246,247,248,249]	[86,87,90,93,97,98,101,104,108,123,140,141,170,171,174,176,179,180,183,187,191]
P30685_Q3KSS4	-1	-1	-1	0.0	0.0	0.0	0.0	0.0	0.0	46	45	19	11	[34,36,41,45,47,49,51,56,59,70,71,72,74,77,78,116,118,120,143,144,197,198,200,201,202,205,212,214,215,216,218,226,228,253,254,255,256,257,258,259,260,261,262,263,264,266]	[-1,500,502,504,508,510,512,513,539,540,541,542,543,544,545,546,547,548,549,550,551,553,555,558,559,569,570,573,580,584,586,587,588,589,591,592,594,596,597,598,599,600,601,602,603]	[86,90,93,94,97,100,101,104,108,121,170,171,174,176,179,180,183,187,191]	[407,408,409,410,411,412,413,414,415,416,417]
P11233_P15879	-1	-1	-1	0.03703702331962099	0.0232558085451608	0.0714285204081997	0.04545452479339782	0.0	0.0	14	13	22	21	[16,44,47,48,49,50,52,74,77,78,81,82,84,85]	[81,82,84,85,128,140,181,182,186,208,209,210,212]	[22,23,24,45,46,70,71,72,73,74,75,76,79,97,99,102,103,106,107,109,110,113]	[89,91,92,93,94,96,97,98,99,101,102,105,106,109,113,168,220,247,248,249,250]
B7SCI5_Q9Y5X3	-1	-1	-1	0.27777762345687584	0.11627904272580401	0.6249992187509766	0.27777762345687584	0.0	0.0	8	10	18	25	[116,121,122,123,124,125,126,127]	[73,76,77,80,86,87,88,89,92,93]	[111,112,113,114,115,116,117,118,120,121,125,126,127,128,129,130,131,132]	[34,36,37,38,39,40,41,42,46,48,66,103,106,107,125,126,129,132,133,136,137,140,144,169,170]
Q5ZU83_Q9H8S9	-1	-1	-1	-1	-1	-1	-1	[]	[]	[]	[]
A0A0C5HAL9_O60563	-1	-1	-1	-1	-1	-1	-1	[]	[]	[]	[]
P0DJ89_Q9UHR4	-1	-1	-1	-1	-1	-1	-1	[]	[]	[]	[]
P30480_Q70A36	-1	-1	-1	0.41176446366796254	0.2333332555555815	0.0	0.0	0.9999985714306123	0.7777769135812072	10	7	21	9	[32,51,53,54,254,255,256,257,258,259]	[69,70,71,72,73,74,75]	[86,87,90,93,94,97,100,101,104,108,123,140,170,171,174,176,179,180,183,187,191]	[67,68,69,70,71,72,73,74,75]
Q6P5S8_Q993A8	-1	-1	-1	-1	-1	-1	-1	[]	[]	[]	[]
I3XMW8_Q07817	-1	-1	-1	-1	-1	-1	-1	[]	[]	[]	[]
O75475_P12497	-1	-1	-1	0.0	0.0	0.0	0.0	0.0	0.0	14	18	7	7	[-1,387,388,391,424,425,428,429,430,431,432,433,434,435]	[982,983,984,986,987,989,990,991,993,994,995,996,997,1001,1012,1015,1018,1094]	[360,361,364,365,366,367,402]	[1314,1315,1316,1317,1318,1321,1325]
P0C6X9_P0CG47	-1	-1	-1	0.04347825141777143	0.03921567858516106	0.0	0.0	0.10526310249310396	0.09523804988664292	27	19	30	21	[1545,1546,1548,1549,1551,1552,1553,1604,1608,1609,1629,1630,1643,1645,1646,1650,1651,1653,1654,1655,1656,1659,1699,1710,1712,1713,1765]	[77,78,80,82,85,86,87,88,90,92,94,95,109,139,140,142,215,216,218]	[1711,1714,1766,1767,1768,1769,1771,1772,1775,1779,1792,1799,1801,1803,1807,1812,1824,1826,1827,1828,1829,1833,1850,1851,1866,1869,1870,1871,1872,1873]	[156,158,160,194,196,197,198,199,200,201,203,214,216,218,220,222,224,225,226,227,228]
P04439_Q9YV12	-1	-1	-1	-1	-1	-1	-1	[]	[]	[]	[]
C9JGG1_P06437	-1	-1	-1	0.021978019562854993	0.1818180165290759	0.04347825141777143	0.49999875000312505	0.0	0.0	46	45	4	7	[-1,38,39,40,41,42,44,47,48,50,52,64,65,66,68,72,73,75,76,77,79,85,86,87,88,89,90,91,92,94,95,98,102,103,120,122,124,126,128,130,136,138,140,146,148,150]	[185,187,189,238,239,240,241,242,243,244,274,275,286,290,291,292,293,294,296,349,691,692,694,695,696,698,699,700,701,702,703,704,705,706,707,708,709,710,711,712,713,714,715,716,719]	[33,76,77,142]	[50,51,52,53,54,55,56]
Q8IZA0_Q9WBP8	-1	-1	-1	0.0	0.0	0.0	0.0	0.0	0.0	23	21	15	21	[421,424,441,443,445,446,448,449,450,451,452,453,454,455,456,457,458,459,460,467,469,470,471]	[421,428,429,434,435,442,477,478,604,606,688,689,691,692,693,694,696,733,734,735,736]	[413,414,418,427,429,431,432,434,435,436,437,438,439,442,462]	[263,266,267,268,269,270,271,272,383,384,385,386,498,499,500,503,504,508,512,513,514]
B7SCI5_Q86XE0	-1	-1	-1	0.42857127551025875	0.3749998828125366	0.9230762130182977	0.8571422448983965	0.0	0.0	13	15	14	18	[111,112,113,114,115,116,117,118,120,125,127,130,131]	[84,87,88,90,91,93,133,137,140,143,144,147,148,149,152]	[111,112,113,114,115,116,117,118,120,125,127,128,129,130]	[29,31,32,33,34,35,36,37,101,102,104,120,124,128,131,132,135,139]
Q8ZNR3_Q9BRZ2	-1	-1	-1	0.5312498339844268	0.5666664777778407	0.29411747404854466	0.3333331111112593	0.7999994666670223	0.7999994666670223	17	15	15	15	[204,206,235,255,257,277,278,296,318,705,706,743,749,750,751,752,753]	[18,19,20,22,23,25,26,27,29,48,55,57,58,77,78]	[235,255,274,276,277,296,318,319,320,334,335,336,338,339,340]	[18,19,20,22,23,24,25,26,27,29,43,47,48,57,58]
P0A2N1_Q13164	-1	-1	-1	0.10416664496528229	0.2631577562327599	0.13636357438019348	0.24999979166684028	0.07692304733728948	0.2857138775516035	22	26	12	7	[69,70,77,79,81,83,88,90,92,93,94,96,99,100,134,160,213,215,216,217,226,229]	[46,64,65,66,88,91,92,93,94,95,212,213,215,216,219,235,290,291,292,293,296,370,371,373,374,375]	[83,84,85,86,134,142,143,147,148,158,215,220]	[215,216,217,218,220,222,223]
A2NUT2_P05877	-1	-1	-1	0.12499994791668836	0.4285708163274053	0.0	0.0	0.2999997000003	0.7499981250046875	14	10	3	4	[60,61,154,156,158,185,186,187,188,189,190,196,198,200]	[306,307,309,310,311,312,313,314,315,316]	[52,111,117]	[314,315,316,317]
P10415_Q99HR6	-1	-1	-1	-1	-1	-1	-1	[]	[]	[]	[]
P01730_P04578	-1	-1	-1	0.1458333029513952	0.11864404768744954	0.22222213991772596	0.2399999040000384	0.04761902494332146	0.029411756055365862	27	21	25	34	[63,64,65,69,70,71,72,73,74,75,77,78,158,179,180,181,198,200,205,224,225,226,227,228,229,230,260]	[60,61,62,63,68,71,72,73,114,127,172,173,174,175,180,181,182,183,206,207,304]	[48,50,52,54,56,57,58,59,60,65,66,67,68,69,70,71,73,77,83,84,85,86,88,89,110]	[123,124,125,126,127,196,278,279,280,281,282,283,365,366,367,368,370,371,425,426,427,429,430,432,455,457,458,459,460,469,472,473,474,476]
P78310_Q80S15	-1	-1	-1	-1	-1	-1	-1	[]	[]	[]	[]
P03255_Q92793	-1	-1	-1	0.0	0.0	0.0	0.0	0.0	0.0	6	10	27	27	[238,239,240,241,242,243]	[1209,1279,1292,1293,1296,1297,1298,1300,1301,1302]	[53,54,55,56,57,58,59,61,62,64,65,66,67,68,71,73,74,76,77,78,79,80,81,82,83,84,85]	[1765,1767,1768,1769,1771,1772,1773,1774,1775,1777,1791,1792,1793,1794,1797,1800,1801,1804,1817,1818,1820,1821,1824,1827,1828,1831,1832]
D1CDN2_Q15750	-1	-1	-1	-1	-1	-1	-1	[]	[]	[]	[]
P20963_Q5QGG3	-1	-1	-1	0.1470587802768293	0.2380951247166073	0.0	0.0	0.29411747404854466	0.38461508875762407	17	17	8	13	[29,30,32,33,36,37,39,40,42,43,44,46,47,50,51,53,54]	[104,105,106,107,108,133,138,140,141,144,145,147,148,186,192,197,199]	[64,68,71,72,74,75,76,77]	[122,126,127,128,130,132,137,138,141,144,145,148,149]
P05534_Q9WPU2	-1	-1	-1	0.42857112244919826	0.21428563775512938	0.0	0.0	0.9999983333361112	0.5999994000006	8	6	18	10	[253,254,255,256,258,259,260,266]	[134,135,136,140,141,142]	[90,93,94,97,100,101,104,108,123,170,171,176,180,183,187,190,191,194]	[133,134,135,136,137,138,139,140,141,142]
Q6I9S9_Q80KM9	-1	-1	-1	-1	-1	-1	-1	[]	[]	[]	[]
P03536_Q04637	-1	-1	-1	0.0	0.0	0.0	0.0	0.0	0.0	21	23	26	18	[7,10,69,70,71,73,74,78,81,82,84,85,86,88,89,90,91,92,94,97,98]	[1330,1334,1335,1338,1377,1378,1381,1385,1419,1420,1421,1494,1495,1496,1497,1498,1536,1537,1538,1539,1540,1543,1544]	[257,258,261,265,287,291,292,294,295,296,297,298,299,301,302,303,304,305,307,308,309,310,311,312,313,315]	[175,176,177,178,179,180,181,182,183,184,185,186,189,192,195,196,197,199]
P02671_Q6GDH2	-1	-1	-1	0.06024095659747511	0.1470587802768293	0.0	0.0	0.10416664496528229	0.2272726239669891	35	48	12	22	[109,110,111,113,114,117,123,124,125,127,128,131,132,134,135,137,138,139,143,216,217,218,219,220,221,222,223,224,225,226,227,228,229,230,231]	[201,202,203,205,206,207,208,209,210,211,212,213,214,216,238,240,256,258,260,275,276,277,279,281,282,283,284,286,290,292,295,297,299,302,304,308,322,324,326,345,348,384,385,530,531,532,533,534]	[336,337,338,339,340,341,342,343,344,345,346,347]	[235,236,237,268,270,271,273,281,282,283,328,360,383,522,523,525,526,527,528,529,530,531]
J7H333_P52799	-1	-1	-1	0.19512190362880397	0.11764704152249389	0.13636357438019348	0.08571426122449678	0.2631577562327599	0.15151510560148312	22	19	35	33	[398,401,402,403,404,405,455,456,499,502,504,505,516,517,518,519,520,538,540,563,564,565]	[34,35,36,37,57,61,63,66,67,68,69,70,71,72,107,109,110,111,113]	[261,262,263,264,325,405,406,407,408,409,423,424,426,479,511,512,513,518,520,522,523,525,526,527,551,552,553,554,576,578,580,602,605,606,621]	[54,55,57,75,77,93,94,96,98,100,102,103,104,105,106,108,109,110,111,113,115,116,117,118,119,120,121,122,123,125,127,130,142]
Q99816_Q9YP46	-1	-1	-1	0.0	0.0	0.0	0.0	0.0	0.0	13	9	13	8	[42,44,45,46,48,77,83,84,86,108,110,115,116]	[411,414,415,417,419,423,424,428,429]	[34,58,63,64,67,68,69,95,96,98,142,143,145]	[453,454,456,457,458,459,460,461]
Q2HR73_Q93009	-1	-1	-1	-1	-1	-1	-1	[]	[]	[]	[]
P03206_P30460	-1	-1	-1	0.0	0.0	0.0	0.0	0.0	0.0	16	20	8	22	[208,209,211,212,213,216,219,220,226,228,229,232,233,234,235,236]	[210,212,214,215,216,226,228,230,231,253,255,258,259,260,261,262,266,298,299,301]	[190,191,192,193,194,195,196,197]	[86,87,89,90,93,94,97,98,100,101,104,108,123,140,170,171,176,179,180,183,187,191]
P01552_P01903	-1	-1	-1	0.12698410682791955	0.19512190362880397	0.19354832466183075	0.27272714876038695	0.0624999804687561	0.10526310249310396	31	32	22	19	[46,47,49,50,52,53,56,57,58,83,84,85,86,87,117,118,121,124,125,138,197,200,203,204,205,206,208,233,234,264,266]	[-1,26,28,29,30,31,32,34,35,36,37,49,56,68,77,78,79,86,87,90,91,93,94,95,97,98,100,101,103,104,166,168]	[69,70,71,72,73,74,96,105,118,119,121,122,123,124,125,138,234,236,238,239,242,245]	[38,42,43,44,45,61,62,63,64,65,80,82,83,85,86,89,92,93,96]
P03211_P30685	-1	-1	-1	0.0	0.0	0.0	0.0	0.0	0.0	40	42	11	20	[461,462,463,477,491,492,508,510,513,514,515,519,538,540,541,542,543,544,545,546,547,548,549,550,551,555,556,558,569,570,573,576,577,580,588,589,594,596,597,599]	[32,34,36,47,49,51,54,56,59,70,71,72,74,77,109,110,111,112,118,120,139,143,144,145,146,161,202,226,249,250,251,253,254,255,256,257,258,259,261,262,263,272]	[407,408,409,410,411,412,413,414,415,416,417]	[86,90,93,94,97,100,101,104,108,121,123,170,171,174,176,179,180,183,187,191]
A7UPX0_Q6PIL8	-1	-1	-1	0.0	0.0	0.0	0.0	0.0	0.0	30	29	6	2	[111,113,114,117,120,121,123,188,220,221,222,223,224,225,244,248,249,251,275,276,277,278,304,307,308,315,317,318,319,321]	[130,131,132,133,134,136,138,139,140,141,143,144,145,148,149,157,159,160,189,191,192,222,223,224,225,227,229,230,234]	[144,170,171,172,205,209]	[50,53]
P03126_P04637	-1	-1	-1	0.099999950000025	0.03030302571166277	0.22222197530891633	0.0624999804687561	0.0	0.0	9	11	32	34	[-1,115,119,120,123,127,128,144,148]	[-1,325,326,327,328,329,345,346,349,350,353]	[12,13,14,15,17,18,20,21,24,25,30,31,46,47,50,51,53,54,56,76,79,80,83,84,99,101,105,107,116,119,120,152]	[100,101,102,103,104,105,106,110,114,115,116,117,118,119,122,128,129,130,131,144,146,186,187,188,201,202,226,227,267,268,286,289,290,292]
P0CG48_Q5ZTL4	-1	-1	-1	0.6470586966551575	0.4024389753123201	0.7142853741498219	0.38461528599608047	0.5999998000000667	0.4186045538128944	21	30	39	43	[504,514,516,518,565,566,616,636,639,640,643,645,646,647,648,650,678,679,680,681,682]	[29,31,35,39,40,42,43,66,69,70,71,72,73,76,79,80,83,88,92,95,96,98,99,100,101,103,105,107,108,255]	[614,615,616,617,618,619,628,629,630,632,633,636,639,640,641,642,643,644,645,646,647,648,650,652,654,655,661,662,663,665,666,674,676,678,679,680,681,682,683]	[29,31,35,36,39,40,42,43,46,47,64,65,66,69,70,71,72,73,75,76,79,95,99,121,123,126,128,144,145,147,148,163,164,165,166,228,229,230,254,255,256,257,262]
B7MJ81_Q9HD34	-1	-1	-1	0.8799996480001409	0.7586204280619213	0.8461531952667729	0.6874995703127685	0.9166659027784144	0.8461531952667729	13	12	16	13	[37,38,41,42,45,48,49,54,56,57,58,61,62]	[6,10,13,14,17,18,21,33,37,40,41,44]	[36,37,38,39,40,41,42,44,45,48,49,54,56,57,60,61]	[6,7,9,10,13,14,17,18,21,37,40,41,44]
P03169_P30460	-1	-1	-1	0.0	0.0	0.0	0.0	0.0	0.0	6	10	9	22	[477,478,484,488,489,490]	[25,26,129,234,236,286,288,291,292,293]	[199,200,201,202,203,204,205,206,207]	[86,87,90,93,94,97,98,100,101,104,108,123,140,170,171,174,176,179,180,183,187,191]
O36972_Q08209	-1	-1	-1	-1	-1	-1	-1	[]	[]	[]	[]
O00401_P0DJ89	-1	-1	-1	-1	-1	-1	-1	[]	[]	[]	[]
P01892_P14079	-1	-1	-1	0.40909072314058037	0.310344720570786	0.0	0.0	0.9999988888901234	0.9999988888901234	13	9	20	9	[214,226,228,230,251,252,253,255,256,258,260,266,272]	[11,12,13,14,15,16,17,18,19]	[87,89,90,93,94,96,97,100,101,104,108,121,170,171,174,176,179,183,187,191]	[11,12,13,14,15,16,17,18,19]
B7UCZ5_P01130	-1	-1	-1	-1	-1	-1	-1	[]	[]	[]	[]
P05362_Q6VY96	-1	-1	-1	-1	-1	-1	-1	[]	[]	[]	[]
A0A2K9Y515_Q9H3P7	-1	-1	-1	-1	-1	-1	-1	[]	[]	[]	[]
P03206_P30685	-1	-1	-1	0.0	0.0	0.0	0.0	0.0	0.0	15	22	23	22	[207,210,211,213,214,216,217,218,220,221,222,225,230,231,232]	[212,214,215,216,217,218,226,228,230,250,251,253,254,255,256,258,259,260,266,272,298,299]	[52,53,54,55,56,57,58,59,60,61,62,63,64,77,78,79,80,81,82,83,84,85,86]	[86,89,90,93,94,97,100,101,104,108,121,123,170,171,174,175,176,179,180,183,187,191]
P02786_Q8AZ57	-1	-1	-1	0.017857139668367914	0.023809518140590916	0.0	0.0	0.03703702331962099	0.055555524691375174	29	27	24	18	[179,180,181,182,183,314,316,318,319,394,396,397,398,399,400,469,470,471,472,473,475,476,477,668,669,672,673,676,680]	[87,102,104,105,106,133,134,137,138,139,140,143,167,168,220,221,223,227,229,230,231,232,234,235,236,238,239]	[193,197,204,207,208,209,210,211,212,213,214,215,217,293,294,340,343,344,347,348,350,362,370,371]	[97,111,113,114,115,116,117,119,122,123,169,170,171,211,212,223,226,228]
P18139_P30685	-1	-1	-1	0.0	0.0	0.0	0.0	0.0	0.0	4	9	17	18	[485,486,488,493]	[36,39,41,114,115,116,118,143,256]	[113,114,115,116,117,118,119,120,121,178,179,180,181,182,183,184,185]	[86,90,93,94,97,100,101,104,108,121,170,171,174,176,179,183,187,191]
Q13637_Q6EAT3	-1	-1	-1	-1	-1	-1	-1	[]	[]	[]	[]
L7MTK7_P01854	-1	-1	-1	-1	-1	-1	-1	[]	[]	[]	[]
P19893_P55854	-1	-1	-1	0.6923071597637233	0.3913041776938358	0.9999975000062501	0.44444395061783265	0.5555549382722909	0.35714260204099857	4	9	9	14	[197,199,200,201]	[24,25,26,27,28,29,49,50,88]	[195,196,197,198,199,200,201,202,204]	[16,26,27,28,29,30,32,34,36,37,38,41,45,49]
A3EX94_P27487	-1	-1	-1	-1	-1	-1	-1	[]	[]	[]	[]
O00459_Q99AU3	-1	-1	-1	0.03571427295918823	0.015873013353489944	0.0	0.0	0.08333326388894677	0.029411756055365862	16	12	29	34	[462,463,465,466,469,473,476,477,541,542,544,545,548,549,552,559]	[103,104,105,106,107,122,123,124,126,152,153,155]	[438,442,445,449,450,452,562,564,565,566,568,569,571,572,573,575,576,577,578,579,580,582,583,584,587,588,589,592,595]	[87,88,89,91,95,96,98,99,100,101,102,103,113,118,135,137,138,140,142,143,145,161,162,163,164,165,166,167,168,169,170,171,172,173]
P68036_Q8ZNR3	-1	-1	-1	0.11627904272580401	0.09615382766272544	0.2631577562327599	0.199999920000032	0.0	0.0	19	24	25	27	[6,10,12,13,16,17,21,43,63,89,96,98,100,102,103,106,110,114,116]	[167,168,169,170,171,172,201,203,204,209,235,252,254,255,272,274,277,278,316,317,318,319,751,752]	[1,2,5,6,9,60,63,64,80,92,93,94,96,97,98,100,117,118,120,121,122,123,124,127,130]	[510,512,513,516,517,522,525,527,529,548,549,563,564,566,573,574,575,576,577,578,680,728,729,732,733,767,768]
P15144_Q1HVL8	-1	-1	-1	-1	-1	-1	-1	[]	[]	[]	[]
P31345_P52294	-1	-1	-1	0.1139240362121473	0.12328765434415694	0.0	0.0	0.2093022769064472	0.19148932095971893	36	43	26	47	[249,250,251,252,253,302,331,342,358,359,375,377,378,379,380,382,383,408,451,452,453,455,456,457,458,459,460,476,483,485,489,490,491,492,493,526]	[113,114,115,116,119,153,156,157,158,159,160,163,164,166,167,198,199,200,201,202,205,241,243,244,245,350,351,352,353,356,393,394,395,397,430,433,434,435,480,483,486,487,488]	[692,693,695,696,697,699,703,704,718,721,735,737,738,739,740,741,748,749,750,751,752,753,754,755,756,757]	[111,113,116,145,149,153,156,157,187,191,195,198,199,234,241,243,273,276,280,283,284,285,286,318,325,327,328,360,364,367,368,369,370,398,399,402,406,409,410,438,441,445,494,506,507,508,509]
P01892_Q9Q0U7	-1	-1	-1	0.0	0.0	0.0	0.0	0.0	0.0	15	8	16	9	[34,36,45,47,49,51,54,56,59,72,115,116,118,120,259]	[449,450,452,453,454,455,456,457]	[90,93,94,97,100,101,104,108,170,171,176,179,180,183,187,191]	[233,234,235,236,237,238,239,240,241]
P52630_Q32ZE1	-1	-1	-1	0.2162161577794168	0.12499998046875305	0.29411747404854466	0.16129027055152564	0.1499999250000375	0.09090906336088989	17	20	31	33	[154,157,158,161,162,164,167,168,171,172,174,175,178,179,182,281,285]	[2913,2914,2917,2918,2920,2922,2923,2937,2938,2940,2941,2944,2945,3262,3263,3264,3265,3266,3267,3268]	[53,54,57,58,61,62,64,65,68,91,92,95,96,98,99,100,165,168,169,171,172,175,176,179,180,183,185,195,202,205,209]	[2830,2831,2832,2833,2834,2835,2836,2837,2838,2840,2843,2844,2851,2852,2853,2856,2860,3248,3250,3261,3264,3265,3266,3360,3363,3364,3368,3369,3370,3371,3373,3387,3391]
A7UPX0_Q6GMX4	-1	-1	-1	0.0	0.0	0.0	0.0	0.0	0.0	36	31	9	5	[34,35,36,37,39,47,49,91,127,129,185,186,187,188,252,253,274,275,304,305,306,307,308,318,319,321,323,325,327,328,329,330,331,332,333,334]	[-1,52,55,57,60,61,62,63,64,65,67,70,71,73,74,75,76,77,78,112,120,142,143,145,146,147,149,192,210,231,232]	[137,138,141,142,170,176,178,179,180]	[50,114,116,117,118]
O60502_Q0TR53	-1	-1	-1	0.038759686917853725	0.31249980468762206	0.0	0.0	0.0746268545333053	0.5555549382722909	62	67	7	9	[71,74,75,76,79,115,118,121,395,396,537,538,547,548,549,550,594,595,596,597,604,608,632,633,634,635,638,641,645,648,663,665,666,667,668,669,670,672,673,674,675,676,677,678,680,681,684,685,688,691,704,705,706,707,708,709,710,711,712,713,714,715]	[219,224,225,226,261,262,264,297,298,300,301,302,333,335,339,342,343,344,345,347,348,402,487,488,489,490,526,553,570,573,575,577,579,580,581,582,583,584,585,587,588,591,595,598,599,600,601,603,607,610,611,614,615,617,618,619,620,651,653,686,691,721,723,724,725,726,728]	[402,403,404,405,406,407,408]	[189,219,335,370,401,402,404,489,490]
B0B9A0_P0CG47	-1	-1	-1	0.22641505161980158	0.2553190946129586	0.0	0.0	0.4799998080000768	0.5714282993198575	28	25	26	21	[138,139,141,143,145,148,149,152,153,156,196,197,249,250,251,253,261,272,273,294,295,296,297,299,300,335,336,339]	[84,125,146,147,148,149,154,156,158,160,161,162,194,196,198,199,200,201,215,216,220,222,223,224,225]	[165,167,168,169,170,191,192,225,226,227,228,259,260,262,263,265,266,267,269,270,271,274,343,395,396,397]	[159,160,161,163,186,187,188,189,192,194,196,199,200,201,220,222,223,224,225,226,227]
P26664_Q7Z434	-1	-1	-1	0.0	0.0	0.0	0.0	0.0	0.0	36	33	13	7	[2453,2456,2471,2567,2568,2569,2570,2571,2575,2632,2633,2634,2640,2739,2747,2748,2749,2750,2751,2772,2773,2775,2776,2777,2778,2779,2782,2784,2787,2807,2900,2903,2904,2907,2910,2911]	[-1,1,2,29,33,34,35,36,37,39,40,41,43,44,47,48,49,53,56,57,60,63,64,65,66,67,70,71,92,96,97,98,99]	[1067,1083,1149,1158,1162,1163,1181,1182,1183,1184,1186,1187,1188]	[502,503,504,505,506,507,508]
P20963_P31818	-1	-1	-1	-1	-1	-1	-1	[]	[]	[]	[]
P08603_Q9JXV4	-1	-1	-1	0.39622634033465276	0.2560975297442037	0.0	0.0	0.7499997321429528	0.4565216398866	25	28	36	46	[92,93,94,95,115,116,118,121,122,140,142,143,145,160,161,162,163,164,166,167,169,170,171,172,173]	[102,103,106,107,108,147,148,149,150,152,153,155,156,179,180,181,182,183,184,185,186,187,191,193,195,304,311,313]	[336,337,338,339,340,341,343,344,350,351,352,353,356,358,359,360,365,366,367,368,369,371,373,388,390,392,393,395,396,402,403,404,405,407,417,441]	[103,106,108,147,148,149,150,156,157,179,180,181,182,183,184,185,191,193,195,199,203,262,264,265,266,267,268,272,274,275,276,283,284,285,286,288,302,304,306,307,308,309,310,311,312,313]
P03300_P15151	-1	-1	-1	0.0	0.0	0.0	0.0	0.0	0.0	11	14	49	36	[2131,2132,2133,2134,2199,2200,2202,2203,2206,2207,2209]	[148,152,162,165,169,188,190,191,192,193,194,195,203,205]	[208,209,210,211,239,241,399,400,401,403,404,434,438,521,522,523,524,525,570,571,573,670,681,683,684,686,688,690,693,745,747,748,793,802,803,805,806,807,813,814,861,871,872,873,874,875,876,877,880]	[30,31,57,61,63,68,70,71,72,73,79,81,82,83,84,85,86,87,88,90,91,99,100,101,114,116,124,126,128,129,130,132,133,134,135,136]
P62820_Q7BU69	-1	-1	-1	0.3220338437230773	0.26760559611188783	0.593749814453183	0.5757574012856359	0.0	0.0	32	27	33	38	[20,21,23,25,29,33,37,39,41,42,43,44,45,46,47,49,66,68,69,71,72,92,94,95,125,126,127,128,129,130,155,156]	[171,203,233,235,236,240,244,255,259,260,262,263,266,268,325,326,339,340,341,368,370,371,372,382,385,387,388]	[20,21,33,38,39,40,41,42,43,44,45,46,47,48,49,50,61,63,65,70,71,72,73,75,76,80,94,95,97,125,128,131,156]	[148,172,173,175,177,180,181,184,188,189,191,192,194,195,196,223,224,227,228,280,281,284,290,293,294,297,298,301,304,305,309,310,312,314,315,316,348,350]
Q06124_Q9RF15	-1	-1	-1	-1	-1	-1	-1	[]	[]	[]	[]
P12497_P62937	-1	-1	-1	0.24528297258811838	0.38235282871975623	0.0	0.0	0.5199997920000832	0.6842101662051757	28	25	15	19	[672,673,674,675,676,677,678,679,682,752,753,756,759,760,763,766,768,769,960,961,964,965,967,968,969,971,972,973]	[54,55,58,59,60,71,73,95,102,103,104,105,117,118,120,121,125,147,148,149,151,152,153,154,155]	[136,217,218,219,220,221,222,223,224,225,226,227,252,253,254]	[55,57,59,60,69,71,72,73,82,102,103,104,107,121,125,126,148,149,151]
P01857_P04488	-1	-1	-1	0.04799999616000031	0.13333330370371027	0.0	0.0	0.19354832466183075	0.27272714876038695	94	31	23	22	[-1,-1B,-1,-1A,-1B,-1,-1D,-1B,-1A,-1B,-1,-1C,-1,-1C,-1B,-1I,-1,-1,-1,-1D,-1,-1D,-1,-1A,-1,-1,-1J,-1,-1,-1I,-1,-1,-1J,-1,-1J,-1A,-1A,-1,-1,-1C,-1D,-1,-1D,-1,-1,-1E,-1,-1E,-1,-1E,-1,-1E,-1F,-1F,-1F,-1,-1,115,117,118,122,124,126,127,130,147,148,178,179,180,182,217,218,219,220,222,232,234,237,249,251,253,258,259,275,276,277,278,280,281,282,288,290,292]	[-1,219,220,221,223,225,227,233,247,249,251,269,270,272,273,275,296,297,316,366,368,378,379,381,382,383,385,386,387,388,390]	[131,135,136,137,138,139,141,171,190,192,193,194,197,198,265,268,269,313,316,317,318,319,321]	[225,227,243,245,246,247,248,249,251,316,318,319,320,321,322,324,338,339,340,341,342,347]
P23827_P48740	-1	-1	-1	0.18181812672177977	0.11320752580990079	0.3749997656251465	0.13043475425331427	0.0	0.0	16	17	46	7	[59,61,72,74,118,120,122,123,148,150,151,152,153,154,155,162]	[59,84,85,104,105,106,108,136,137,138,141,144,158,159,160,161,165]	[29,30,51,52,53,54,57,59,69,70,72,73,74,76,77,78,79,83,85,86,87,88,89,90,96,98,99,100,101,102,103,104,105,106,107,108,115,120,121,122,123,124,128,130,132,133]	[644,646,668,669,672,689,690]
P01130_P0C2X0	-1	-1	-1	0.0	0.0	0.0	0.0	0.0	0.0	24	24	17	20	[-1,146,147,149,150,151,164,319,320,321,322,323,324,351,513,514,538,539,553,554,558,700,701,703]	[67,69,71,72,73,77,79,119,150,199,201,202,214,216,217,254,255,268,269,270,271,273,274,281]	[111,112,120,123,124,125,126,127,128,129,130,131,132,133,140,143,144]	[8,9,10,11,47,48,51,179,182,183,184,209,342,344,347,350,352,353,354,355]
P63000_P74873	-1	-1	-1	0.2222221604938443	0.16326527280300554	0.4444441975310014	0.3636361983471826	0.0	0.0	18	18	22	27	[3,5,34,35,36,37,38,39,40,41,52,56,64,66,67,70,71,74]	[310,311,313,314,377,379,380,382,383,384,385,440,441,442,443,519,522,523]	[11,12,13,31,32,33,34,35,36,37,38,61,62,63,64,67,70,116,119,128,131,132]	[167,170,171,174,181,196,197,199,200,203,204,205,209,210,212,213,216,217,220,243,245,246,249,250,251,255,259]
O00571_P68466	-1	-1	-1	0.0	0.0	0.0	0.0	0.0	0.0	14	16	8	23	[423,424,425,428,452,453,456,547,548,550,569,570,573,576]	[1,46,47,48,61,62,65,66,70,71,74,78,107,110,111,114]	[82,83,84,85,86,87,88,89]	[10,11,12,13,15,16,17,27,28,31,35,45,86,118,121,122,123,124,125,126,127,128,129]
O57173_Q16611	-1	-1	-1	0.024390237953600496	0.0270270197224271	0.04545452479339782	0.04761902494332146	0.0	0.0	22	19	21	16	[34,35,36,37,38,39,40,41,42,43,44,45,46,47,48,49,50,53,114,116,117,155]	[93,96,100,101,102,103,104,105,108,114,118,130,145,146,147,148,149,153,157]	[96,99,100,103,104,107,110,111,114,115,118,120,124,128,132,136,138,139,140,141,144]	[70,71,72,73,74,75,77,78,81,82,83,84,85,86,88,89]
P30685_Q1HVF7	-1	-1	-1	0.40909072314058037	0.310344720570786	0.0	0.0	0.9999988888901234	0.8181810743808415	13	9	18	11	[214,215,216,226,228,250,251,253,254,255,256,258,272]	[407,408,409,410,411,412,415,416,417]	[86,90,93,94,97,100,101,104,108,170,171,174,176,179,180,183,187,191]	[407,408,409,410,411,412,413,414,415,416,417]
Q14653_Q99FX5	-1	-1	-1	0.33333320987658893	0.4285712244898931	0.0	0.0	0.8999991000009	0.9999988888901234	17	10	12	9	[213,216,218,230,231,232,233,234,235,244,246,247,249,250,251,253,262]	[482,483,484,485,486,487,488,489,490,491]	[211,257,260,263,267,288,290,292,349,350,351,360]	[482,483,484,485,486,487,488,490,491]
P00747_P49054	-1	-1	-1	0.32222218641975703	0.47540975812954783	0.10714283801020749	0.2399999040000384	0.6764703892734149	0.6388887114198023	56	34	25	36	[22,23,26,27,80,81,85,97,100,101,102,103,115,117,179,188,191,192,194,224,225,226,227,228,230,231,238,239,267,268,269,270,271,272,281,282,316,317,318,357,358,362,363,364,365,366,400,402,403,404,405,406,408,440,442,443]	[-1,85,86,88,90,91,94,95,97,98,100,101,102,103,104,105,107,108,109,111,112,113,114,119,120,123,124,127,128,129,130,131,132,133]	[210,212,214,215,216,217,218,219,220,222,223,224,225,226,227,237,238,239,240,241,250,251,252,253,254]	[85,86,87,88,90,91,92,93,94,95,96,97,98,99,100,101,102,103,104,105,106,107,108,109,110,111,112,113,114,115,117,118,119,121,122,125]
P30480_Q90VG9	-1	-1	-1	0.4374997265626709	0.2333332555555815	0.0	0.0	0.9999985714306123	0.7777769135812072	9	7	21	9	[246,247,249,250,252,253,254,255,256]	[69,70,71,72,73,74,75]	[86,87,90,93,94,97,100,101,104,108,123,140,170,171,174,176,179,180,183,187,191]	[69,70,71,72,73,74,75,76,77]
C5MK56_P03211	-1	-1	-1	0.0	0.0	0.0	0.0	0.0	0.0	46	45	21	11	[34,36,41,45,47,51,54,55,56,59,72,74,77,78,118,120,143,144,197,198,200,201,202,204,205,212,214,216,217,218,226,228,230,253,254,255,256,257,258,259,260,261,262,263,266,272]	[461,495,504,508,510,513,538,539,540,541,542,543,544,545,546,547,548,549,550,551,552,553,555,556,558,559,561,569,570,573,576,577,580,587,588,589,591,592,594,596,597,598,599,600,601]	[86,89,90,93,94,97,100,101,104,108,121,140,170,171,174,176,179,180,183,187,191]	[407,408,409,410,411,412,413,414,415,416,417]
P01892_Q3KSU1	-1	-1	-1	-1	-1	-1	-1	[]	[]	[]	[]
P02751_Q53971	-1	-1	-1	-1	-1	-1	-1	[]	[]	[]	[]
Q30154_Q8NKX2	-1	-1	-1	0.09230767810651105	0.21428563775512938	0.030303021120296626	0.07692301775152481	0.15624995117189025	0.3333331111112593	33	32	13	15	[35,37,39,40,41,42,62,63,64,107,111,114,129,131,133,134,135,149,172,173,174,175,176,177,178,179,180,181,182,183,185,187,189]	[30,42,85,89,103,104,105,106,107,112,190,191,192,193,194,195,196,198,201,205,207,209,210,213,214,216,217,219,220,222,224,225]	[50,51,98,99,102,105,106,109,110,112,113,114,116]	[130,132,134,142,144,145,189,190,191,192,193,194,227,228,232]
P62805_P75960	-1	-1	-1	0.16842103490304894	0.7619043990931433	0.10416664496528229	0.7142846938790088	0.23404250339521201	0.7857137244901968	48	47	7	14	[14,16,17,18,19,20,21,22,23,24,25,26,29,30,31,33,34,36,37,38,39,40,41,42,43,44,45,51,55,58,59,62,63,67,71,80,81,82,83,84,87,96,97,98,99,100,101,102]	[42,72,73,78,79,83,122,123,125,129,141,142,149,152,154,157,158,159,160,161,162,163,175,176,177,178,179,190,191,192,193,195,196,197,198,199,201,202,206,218,220,221,224,227,228,245,249]	[13,14,15,16,18,19,20]	[190,191,192,193,194,197,201,218,219,220,221,228,232,245]
P12977_P30464	-1	-1	-1	0.0	0.0	0.0	0.0	0.0	0.0	6	12	9	17	[325,327,329,331,332,333]	[34,36,111,112,115,116,117,118,120,143,144,256]	[406,407,408,409,410,411,412,413,414]	[86,89,90,93,97,100,101,104,108,170,171,174,176,179,183,187,191]
B1EF49_P0CG48	-1	-1	-1	-1	-1	-1	-1	[]	[]	[]	[]
P18465_Q1KW74	-1	-1	-1	-1	-1	-1	-1	[]	[]	[]	[]
P32455_Q8VSC3	-1	-1	-1	0.016393441279226123	0.04878047590720099	0.03124999511718826	0.099999950000025	0.0	0.0	64	58	20	21	[32,33,35,149,150,151,153,155,156,157,165,166,167,168,169,170,173,212,214,217,218,221,224,228,302,303,305,306,307,308,309,314,329,333,336,337,340,345,377,379,382,383,386,387,389,390,391,393,394,395,397,398,400,401,520,567,568,570,571,574,575,578,581,582]	[263,265,266,289,292,293,294,295,296,297,298,302,303,304,305,306,307,308,311,312,314,315,326,329,332,333,336,337,340,347,348,350,351,354,355,387,390,398,399,458,461,465,466,469,470,472,473,474,476,477,479,480,483,484,505,508,515,519]	[46,47,48,102,103,104,105,109,110,131,132,135,136,137,140,141,143,147,150,151]	[40,42,62,64,65,67,81,83,86,88,103,106,108,123,125,126,146,163,166,187,190]
P03406_P06241	-1	-1	-1	0.19354832466183075	0.1874999414062683	0.46153810650914884	0.3749997656251465	0.0	0.0	13	18	16	16	[74,90,94,105,108,109,112,113,115,116,117,118,121]	[276,279,280,281,282,284,392,423,426,427,429,465,468,469,470,471,472,473]	[70,71,72,73,74,75,76,77,82,86,90,93,94,113,117,118]	[91,92,93,94,95,96,97,98,99,100,118,119,132,135,136,137]
P01024_Q89859	-1	-1	-1	-1	-1	-1	-1	[]	[]	[]	[]
P03182_Q16611	-1	-1	-1	0.021276591217746547	0.026315782548478276	0.043478241965981754	0.0499999750000125	0.0	0.0	23	24	20	18	[14,15,18,19,22,23,24,25,41,43,44,45,46,48,49,52,55,56,59,113,117,155,157]	[24,25,26,29,32,33,36,66,104,105,108,147,148,149,151,152,153,156,157,159,160,163,164,169]	[53,56,57,60,61,64,68,71,75,76,82,85,86,89,90,97,98,99,100,103]	[70,71,72,73,74,75,76,77,78,79,81,82,83,84,85,86,88,89]
P01834_Q51918	-1	-1	-1	0.037735841936633596	0.1333332444445037	0.0	0.0	0.0799999680000128	0.1428570408163994	28	25	1	14	[4,6,8,10,11,13,14,15,16,18,19,23,25,27,29,30,54,55,56,57,58,59,60,61,62,66,68,70]	[-1,476,477,499,500,501,503,504,507,508,511,515,516,518,519,521,523,524,525,526,527,528,536,537,538]	[35]	[480,489,491,492,493,494,495,496,505,508,509,512,513,516]
P02751_Q711B0	-1	-1	-1	-1	-1	-1	-1	[]	[]	[]	[]
P12504_Q15369	-1	-1	-1	0.3090908528925722	0.288135544383806	0.0	0.0	0.5862066944114847	0.4594593352812607	26	29	22	37	[1,2,3,5,6,7,8,22,41,43,46,47,48,49,50,70,71,72,73,74,75,81,83,90,95,97]	[6,8,9,10,34,38,76,79,80,81,82,83,84,85,86,87,88,89,90,91,92,93,94,95,104,107,108,111,112]	[140,141,142,143,144,145,146,148,149,150,151,152,153,154,155,157,159,162,167,168,169,171]	[25,42,43,44,45,66,68,69,73,76,77,79,80,83,84,85,86,89,90,92,93,95,96,97,98,99,100,101,102,103,104,105,107,108,109,111,112]
P0DP23_Q5ZTK6	-1	-1	-1	0.44444434567903424	0.18691587038169435	0.49999975000012503	0.15873013353489943	0.399999840000064	0.22727267561984643	20	25	63	44	[2,3,4,5,95,96,98,99,100,102,103,104,105,108,109,132,134,136,140,141]	[211,212,214,215,218,219,226,285,803,814,822,823,826,827,830,831,833,834,835,836,837,838,840,841,844]	[3,4,5,6,8,9,11,12,14,15,18,19,20,22,23,24,25,26,27,28,32,35,38,39,40,41,43,53,54,55,58,59,60,61,75,76,77,78,79,81,82,83,84,85,86,97,98,100,101,102,104,105,106,107,109,110,112,113,114,115,120,141,142]	[99,100,101,102,103,105,106,107,108,321,479,651,654,655,657,660,756,759,763,770,796,798,800,801,804,805,808,812,830,833,834,835,836,837,838,839,840,841,842,843,844,845,847,848]
P61006_Q5ZWZ3	-1	-1	-1	-1	-1	-1	-1	[]	[]	[]	[]
O95484_P01558	-1	-1	-1	0.14285712018140947	0.12857141020408425	0.21874993164064635	0.1891891380569897	0.06451610822061025	0.06060604224059325	32	31	37	33	[6,115,116,119,123,126,130,133,134,137,138,141,144,145,147,148,149,150,151,152,153,168,172,175,176,179,180,182,183,184,185,186]	[48,102,104,105,106,107,112,113,115,116,137,157,159,197,210,213,243,245,246,247,248,249,267,268,269,270,292,293,294,295,318]	[35,38,39,40,41,42,44,46,48,53,55,57,61,63,64,65,67,68,69,70,71,72,74,75,76,145,146,148,149,150,151,152,153,154,155,156,158]	[213,216,217,218,219,220,222,223,224,225,227,229,230,231,252,254,256,257,258,282,283,284,286,302,306,309,310,311,313,315,317,318,319]
O60563_P04608	-1	-1	-1	0.41463404521120845	0.25373130541323796	0.0	0.0	0.8947363711913836	0.4857141469388151	22	19	32	35	[11,14,72,77,78,100,101,102,121,122,126,127,130,134,135,138,139,141,142,143,145,146]	[1,4,6,7,8,9,10,11,13,16,22,35,36,39,40,45,46,47,48]	[39,40,43,46,47,50,51,53,55,56,57,81,95,96,97,111,112,155,158,159,171,172,175,176,180,184,245,248,249,250,251,261]	[1,2,3,4,5,6,7,10,11,13,14,15,16,17,18,22,23,25,26,27,29,30,32,35,36,38,39,40,42,43,44,45,46,47,48]
M4STU1_P05161	-1	-1	-1	0.2499999218750244	0.09302324499729708	0.2857140816327988	0.07547168387326719	0.2222220987655007	0.1212120844811865	14	18	53	33	[1550,1555,1661,1662,1663,1665,1678,1679,1680,1681,1683,1686,1719,1721]	[-1,10,44,51,53,54,55,56,72,74,75,76,77,80,127,143,147,149]	[1508,1519,1520,1521,1523,1524,1525,1529,1555,1557,1566,1569,1570,1572,1573,1587,1588,1589,1590,1636,1638,1641,1642,1644,1645,1646,1649,1652,1653,1656,1657,1678,1680,1682,1686,1689,1690,1691,1692,1704,1705,1706,1708,1710,1713,1715,1730,1731,1754,1755,1756,1757,1758]	[80,81,82,83,85,87,89,90,91,92,93,95,97,123,127,128,129,130,132,133,134,135,140,143,144,145,147,151,152,153,154,155,156]
O19626_P03211	-1	-1	-1	0.010416665581597335	0.03225805411030513	0.019230765532545088	0.0499999750000125	0.0	0.0	52	44	20	11	[32,34,36,38,41,45,47,49,51,53,54,56,59,61,64,65,66,68,70,71,72,77,116,118,120,121,122,135,137,139,145,146,212,214,216,218,226,228,230,236,253,255,256,257,258,259,260,261,262,263,266,272]	[461,462,463,464,469,470,502,504,508,512,513,514,515,518,533,534,535,536,537,538,539,540,541,544,545,554,555,556,558,559,561,587,588,589,598,599,600,601,602,603,604,605,606,607]	[86,90,93,94,97,100,101,104,108,121,123,170,171,174,176,179,180,183,187,191]	[407,408,409,410,411,412,413,414,415,416,417]
E5D8F2_Q6ZTQ4	-1	-1	-1	-1	-1	-1	-1	[]	[]	[]	[]
P01730_Q49DS8	-1	-1	-1	-1	-1	-1	-1	[]	[]	[]	[]
P00588_Q99075	-1	-1	-1	0.20512815253124292	0.1428571173469433	0.34782593572785403	0.2499999218750244	0.0	0.0	23	16	32	24	[218,219,232,233,235,350,351,352,354,356,357,407,408,409,410,411,412,413,414,416,421,539,562]	[185,188,189,192,193,194,195,197,198,199,201,202,204,205,207,208]	[350,351,413,414,416,421,423,462,465,492,494,496,497,499,500,502,504,536,537,538,539,540,547,548,550,551,553,554,555,556,558,562]	[112,115,120,122,123,124,125,126,127,128,129,130,131,133,134,135,136,137,138,139,140,141,142,147]
P02787_Q9K0U9	-1	-1	-1	-1	-1	-1	-1	[]	[]	[]	[]
P01892_Q692E0	-1	-1	-1	-1	-1	-1	-1	[]	[]	[]	[]
P13747_P16780	-1	-1	-1	-1	-1	-1	-1	[]	[]	[]	[]
P30466_Q3KSS8	-1	-1	-1	0.0	0.0	0.0	0.0	0.0	0.0	12	6	21	8	[34,36,38,41,45,47,51,116,118,256,257,259]	[58,60,61,62,63,64]	[86,87,89,90,93,94,97,100,101,104,108,121,123,170,171,174,176,179,183,187,191]	[173,174,175,176,177,178,179,180]
P61077_Q99PZ6	-1	-1	-1	-1	-1	-1	-1	[]	[]	[]	[]
P03077_P08575	-1	-1	-1	-1	-1	-1	-1	[]	[]	[]	[]
G9HS63_Q6N089	-1	-1	-1	0.1891891380569897	0.5384611242606736	0.49999964285739795	0.9999985714306123	0.0	0.0	14	23	7	6	[170,171,172,173,174,175,176,177,178,179,180,181,182,183]	[-1,59,60,61,62,110,136,137,139,177,178,180,194,195,196,197,198,199,206,228,230,231,233]	[173,174,175,177,178,179,180]	[50,52,66,71,72,78]
P04936_P98155	-1	-1	-1	0.057142848979593	0.2666664888890074	0.0	0.0	0.1081080788897084	0.4999993750007813	33	37	7	8	[584,587,600,612,613,614,617,618,619,620,621,623,627,629,631,632,637,673,676,677,680,817,819,840,841,842,843,844,846,847,848,849,850]	[78,80,101,106,109,119,123,134,135,136,137,139,141,142,144,145,153,155,156,157,158,165,166,167,168,169,170,171,172,173,174,175,176,187,188,189,190]	[653,654,655,657,791,792,793]	[129,131,132,135,136,137,138,139]
P51681_Q70145	-1	-1	-1	-1	-1	-1	-1	[]	[]	[]	[]
O75843_Q67953	-1	-1	-1	-1	-1	-1	-1	[]	[]	[]	[]
O43521_Q9DHU6	-1	-1	-1	0.7222218209878772	0.37142846530615276	0.4999993750007813	0.24999984375009765	0.8999991000009	0.4736839612189678	8	10	16	19	[156,159,160,161,162,163,164,165]	[56,59,60,63,80,83,84,87,88,93]	[144,145,147,148,149,151,152,153,154,155,156,157,158,159,160,162]	[48,49,52,53,56,59,60,63,76,80,83,84,87,90,91,92,93,96,138]
A0A0E8IWL6_P69905	-1	-1	-1	-1	-1	-1	-1	[]	[]	[]	[]
P01903_P0A0M0	-1	-1	-1	0.0	0.0	0.0	0.0	0.0	0.0	14	14	4	3	[-1,27,28,110,111,113,136,165,167,169,195,199,201,209]	[35,36,42,51,69,73,74,112,113,175,178,179,180,208]	[79,80,82,83]	[142,143,144]
